-368.39036687859004,144.58164864900223,-500.0,-162.35881786263363,-37.24819900551142,-0.08392708001099447
-361.63734371965216,137.11186449697001,-500.0,-161.09215029769547,-35.99935606622106,-0.08026552277252645
-354.89081700023957,129.97612304267105,-500.0,-159.8044585794605,-34.76403896641153,-0.07695364155080124
-348.1501023045897,123.15747962309612,-500.0,-158.4951030298973,-33.54198275797345,-0.07392031262741658
-341.4145451734037,116.64001419734043,-500.0,-157.16346713786652,-32.33293980625164,-0.07111350924155571
-334.6835306632533,110.40874751133725,-500.0,-155.80896283949346,-31.136680781745028,-0.06849507187931263
-327.95649091476633,104.44956674891948,-500.0,-154.43103428739613,-29.952995479268864,-0.06603685545824414
-321.23291078992344,98.74915891956198,-500.0,-153.0291599205169,-28.78169345782915,-0.06371790217178358
-314.5123320115989,93.29495089308563,-500.0,-151.60285343035042,-27.622604498747044,-0.06152237643626068
-307.7954447895931,88.0751162388046,-500.0,-150.1516288491181,-26.49241381797115,-0.05943244674186672
-301.08494308162835,83.07843319158968,-500.0,-148.67521087008538,-25.42435333358393,-0.0574256542025472
-294.3825108885462,78.29393757616175,-500.0,-147.17387317318864,-24.41475792974508,-0.05549423949411884
-287.6898407144454,73.71108138591013,-500.0,-145.64805628396124,-23.46022196125213,-0.05363225823407761
-281.00862445692206,69.31972533251056,-500.0,-144.0983387876774,-22.557586182253694,-0.05183509642710951
-274.3405452708459,65.11013052833937,-500.0,-142.52541213709299,-21.703924853573675,-0.05009911832860574
-267.68727042619093,61.0729495606535,-500.0,-140.93005861378705,-20.896533093261183,-0.04842141199783583
-261.05044513914515,57.19921717000313,-500.0,-139.31313204835683,-20.132914523747424,-0.04679960661543775
-254.43168732680547,53.4803407046424,-500.0,-137.6755409475694,-19.410769258531644,-0.04523174224631051
-247.83258321639352,49.90809048760795,-500.0,-136.0182337164875,-18.72798226179322,-0.04371617768409288
-241.25468372786003,46.47459020324821,-500.0,-134.34218570029975,-18.082612105796308,-0.042251525726779274
-234.6995015421771,43.17230738483825,-500.0,-132.64838780403505,-17.47288014343685,-0.04083660801264424
-228.16850876513703,39.99404406397099,-500.0,-130.93783647857228,-16.89716010674618,-0.03947042362326343
-221.66313542414198,36.9329280374825,-497.53083448553815,-129.21152604473062,-16.35396795887263,-0.03815213030618096
-215.18476666248674,33.982402203584876,-489.97498713305635,-127.47043601711397,-15.841953099074056,-0.03688101399357985
-208.73474389987788,31.136218705244126,-482.3448354702941,-125.71553187361441,-15.359888084744968,-0.035656504656240914
-202.31436241238202,28.388428536382342,-474.64269687107037,-123.9477534665511,-14.90666075679415,-0.0344781461574933
-195.92487113240574,25.733373942944567,-466.8708372966504,-122.16801095994629,-14.48126574963868,-0.033345595479709896
-189.56747213450961,23.16568054702782,-459.03146011066394,-120.37717990215799,-14.082796614742977,-0.0322586162519886
-183.24332017909614,20.68024972099044,-451.12669595264487,-118.57609679840166,-13.710438331806373,-0.031217072428560536
-176.95352225912586,18.27225119965297,-443.15859350334887,-116.76555512086973,-13.363460193366283,-0.030220921765466428
-170.69913710060987,15.937115916042252,-435.1291110062189,-114.94630170418507,-13.041209047788815,-0.029270208873868272
-164.48117457306122,13.670529044173371,-427.04010843663264,-113.1190334829056,-12.743102885090362,-0.02836505772278186
-158.30059497125885,11.468423230903436,-418.89334023421367,-111.2843945356695,-12.468624749756014,-0.02750566353107786
-152.15830813459434,9.326971997795866,-410.690448534023,-109.44297340746954,-12.217316964651411,-0.026692284035723848
-146.0551723749234,7.242583293123229,-402.4329568502584,-107.59530068757364,-11.98877565022591,-0.02592523015594656
-140.15506596292374,5.2351787919598465,-394.12926130645343,-105.74288376558195,-11.77873647495338,-0.025217757056348118
-134.53794516000585,3.3154948458604885,-385.78228052410617,-103.88561536733005,-11.585084373320962,-0.024573400030196677
-129.19071522680474,1.4814600771340203,-377.3908882236791,-102.02263791431261,-11.408001616643535,-0.023986553836271563
-124.10072117316876,-0.2691445631781235,-368.9543076072181,-100.15323910493399,-11.247494851183212,-0.02345175340701201
-119.255744159452,-1.9386526376310016,-360.47206104341916,-98.2768324567005,-11.103418341460259,-0.022963694518123304
-114.64399740834807,-3.529483673279234,-351.9439274054292,-96.39294055868314,-10.975494619846984,-0.022517250375003996
-110.25412155677863,-5.044118667235313,-343.3699058906327,-94.50118063778135,-10.86333285804206,-0.0221074845962136
-106.07517941728291,-6.4850791555961,-334.75018532547233,-92.60125209916362,-10.76644523280498,-0.02172966102706995
-102.0966501483473,-7.854909409583399,-326.08511810666585,-90.69292575083504,-10.684261521506786,-0.02137925078025564
-98.30842285501122,-9.156161371788656,-317.37519805588033,-88.77603446434425,-10.616142131893765,-0.02105193686483291
-94.70078965658666,-10.391381989044735,-308.6210415716799,-86.85046505941946,-10.561389743981517,-0.020743616730998064
-91.26443826878642,-11.56310263725936,-299.8233715533781,-84.9161512308111,-10.519259719397354,-0.020450403025676942
-87.99044415407322,-12.673830368056027,-290.9830036488029,-82.9730673616518,-10.488969414119325,-0.020168622823934695
-84.87026229749975,-13.726040737763256,-282.10083444403705,-81.0212230899232,-10.469706513888365,-0.019894815573267586
-81.89571866641832,-14.7221720065939,-273.1778312696512,-79.06065851370748,-10.460636497161127,-0.019625729962191637
-79.05900141177486,-15.664620520126052,-264.215023346292,-77.09143993729852,-10.460909317970257,-0.019358319901110935
-76.35265186672223,-16.555737106795362,-255.2134940339382,-75.11365607434935,-10.469665390170848,-0.019089739782155175
-73.76955539535925,-17.397824344310198,-246.17437398474146,-73.12741463638447,-10.48604094503748,-0.018817339165407045
-71.30293214082279,-18.193134564995702,-237.09883502999702,-71.13283924549486,-10.509172825836,-0.018538657021563935
-68.94632771795918,-18.943868485276,-227.9880846581745,-69.13006661910445,-10.538202775661006,-0.018251415645457243
-66.69360389156358,-19.652174358050104,-218.8433609637172,-67.11924398255253,-10.572281268369887,-0.01795351434083068
-64.53892927685197,-20.320147558774877,-209.66592796600372,-65.10052667205285,-10.61057092673986,-0.017643022964217787
-62.476770094519665,-20.94983052681899,-200.45707121491216,-63.07407589651515,-10.652249566932355,-0.01731817540450589
-60.50188100854637,-21.543212993235795,-191.2180936142099,-61.04005663187075,-10.696512903886934,-0.016977363064697094
-58.60929607087961,-22.102232434659587,-181.95031140683818,-58.998635626041946,-10.742576948319343,-0.016619128403340833
-56.7943197933249,-22.628774700667158,-172.6550502773216,-56.94997949661787,-10.78968012250404,-0.016242158584999306
-55.05251836342212,-23.12467476878063,-163.33364153626513,-54.894252906732795,-10.837085118935214,-0.015845279281798484
-53.37971101781641,-23.591717587396978,-153.98741836037536,-52.831616807643755,-10.88408052323702,-0.01542744866151514
-51.77196158365593,-24.0316389724087,-144.6177120688355,-50.762226739131556,-10.929982220296218,-0.014987751591659194
-50.21556832654709,-24.45457253057576,-135.47808665036027,-48.68922634545928,-10.976583610965443,-0.014488288049655088
-48.70188597564495,-24.8704106952239,-126.7505921610938,-46.61504420194274,-11.025202433620207,-0.013902541584112263
-47.230654958277626,-25.28386170069,-118.42432380209644,-44.5398001401612,-11.075334591884893,-0.013233369968267105
-45.80154881382043,-25.699622302079725,-110.48873500631584,-42.46354634384517,-11.126520348887652,-0.01248389111009912
-44.414185067135016,-26.122329054138454,-102.93359793591142,-40.38628290392235,-11.178342330461053,-0.01165743952813361
-43.06813388151729,-26.556518202251198,-95.7489687448499,-38.3079717042183,-11.230423546144042,-0.010757526103349704
-41.762924777652884,-27.006593366484893,-88.92515726543205,-36.2285487926777,-11.282425401471981,-0.009787801469819378
-40.49805168772504,-27.476800237372235,-82.45270073445775,-34.14793534323508,-11.33404570265897,-0.008752022941543019
-39.27297658884001,-27.971207525062894,-76.322341172851,-32.066047310261034,-11.385016657643407,-0.007654024847792793
-38.08713193498127,-28.493693435190732,-70.52500603685742,-29.98280387390963,-11.43510287951949,-0.006497692128533932
-36.93992208235812,-29.047936982976537,-65.0517917683774,-27.898134770726713,-11.484099399716136,-0.005286937025025017
-35.830510894037424,-29.63722243799765,-59.89308732877633,-25.816468714907252,-11.531276213163906,-0.004029574845159211
-34.75402043323091,-30.25855916247804,-55.02065608233336,-23.824866808522845,-11.565909960584008,-0.0028057546720380543
-33.7095157319836,-30.90706646218236,-50.41830762515802,-21.919523547057295,-11.58886750445776,-0.0016172969672110303
-32.696029520617216,-31.578339771745163,-46.070856306178136,-20.096805633194347,-11.600958033770024,-0.00046563874259800326
-31.712573369446616,-32.268407406425396,-41.96405614421812,-18.35324348250139,-11.602936961171672,0.0006481232397892638
-30.75814708777157,-32.97369123814224,-38.0845398015846,-16.68552327863352,-11.595509517143205,0.0017231924749236114
-29.831746639527243,-33.69097100629458,-34.419761345899,-15.09047941406715,-11.579334127429583,0.0027590368406828747
-28.932370774928213,-34.41735191279605,-30.95794261957346,-13.56508730261008,-11.555025581684916,0.0037553564255741654
-28.05902655212837,-35.15023518559549,-27.68802303443114,-12.106456549395846,-11.523158001958153,0.004712054684469291
-27.21073390070398,-35.88729132635956,-24.59961260955651,-10.711824463751737,-11.484267620106577,0.005629212587274123
-26.386529359278676,-36.626435786258995,-21.682948072967484,-9.37854990020412,-11.438855373478676,0.0065070654599903984
-25.58546910253173,-37.365806839233905,-18.928851851711244,-8.104107412917763,-11.387389328301815,0.007345982248437774
-24.806631357873364,-38.10374544498726,-16.328693780121064,-6.88608170902705,-11.33030694017538,0.008146446962430135
-24.049118298988724,-38.838776914523635,-13.874355361942737,-5.72216238657834,-11.268017160936614,0.008909042082786246
-23.312057492006534,-39.56959420953291,-11.558196428589259,-4.610138943142936,-11.200902400952891,0.009634433735549867
-22.594602960052498,-40.29504272353459,-9.37302404272437,-3.5478960415609837,-11.129320355624317,0.010323358457469211
-21.895935923219923,-41.01410640762452,-7.312063503534674,-2.5334090197216628,-11.053605704566316,0.010976611394408274
-21.21526526337014,-41.72589511707894,-5.3689313173097375,-1.5647396317622388,-10.974071691596933,0.011595035790148858
-20.551827756536476,-42.42963306712595,-3.537610004198445,-0.6400320085668922,-10.891011593289821,0.012179513637201284
-19.904888109916254,-43.1246482970215,-1.812424619168663,0.24249117404355136,-10.804700083476884,0.012730957373941795
-19.273738835396433,-43.810363051303355,-0.18802087220787556,1.0845323305235994,-10.715394500704077,0.013250302523798798
-18.65769998717044,-44.48628499584382,1.3406552603900757,1.8877224147954441,-10.623336025262741,0.013738501182455377
-18.056118787191014,-45.15199919418849,2.778376535228908,2.6536241934898266,-10.528750772043326,0.014196516268244861
-17.468369158885885,-45.807160776743665,4.129652146764787,3.3837353528040373,-10.431850805089946,0.014625316459199674
-16.893851186685314,-46.45148824173653,5.398744227230207,4.079491448056842,-10.33283507937735,0.01502587174767073
-16.331990516409903,-47.0847573326013,6.589683224986413,4.742268704546191,-10.231890314986378,0.015399149550146471
-15.782237709398743,-47.706795441599255,7.7062822392983925,5.373386677857731,-10.129191808522958,0.01574611131595228
-15.24406756138033,-48.317476494126545,8.752150384345676,5.974110781330653,-10.024904186308778,0.016067709583962704
-14.716978395459948,-48.916716272344594,9.73070525039499,6.545654687964735,-9.919182103570314,0.01636488544138035
-14.20049133718998,-49.504468140547594,10.645184525445146,7.0891826136471465,-9.812170893566371,0.01663856634307059
-13.694149578471587,-50.08071913807902,11.498656836323725,7.605811488191642,-9.704007170323855,0.016889664253952556
-13.197517635985383,-50.64548640868756,12.294031864136194,8.096613020314555,-9.594819388395619,0.017119074080563696
-12.710180608939133,-51.19881393798468,13.034069785155822,8.562615662323134,-9.484728362813799,0.01732767236118703
-12.231743440140443,-51.74076957317712,13.721390084660111,9.00480647995926,-9.373847752185894,0.017516316186887107
-11.761830183726472,-52.271442301515535,14.358479787881954,9.424132932528588,-9.262284507668934,0.017685842328471906
-11.300083282303996,-52.790939765957035,14.947701149113591,9.821504568147327,-9.150139290358617,0.017837066546819387
-10.846162855754885,-53.29938599839561,15.491298837091534,10.197794638658687,-9.037506859444882,0.017970783066193055
-10.399746003534474,-53.79691935250757,15.991406652067173,10.553841638506102,-8.92447643331197,0.018087764192150885
-9.9605261219258,-54.28369061978389,16.45005380743804,10.890450771600475,-8.811132025600172,0.018188760057448822
-9.528212237396845,-54.75986131371498,16.869170806456673,11.208395349984041,-8.697552758095384,0.018274498480957902
-9.102528356943944,-55.22560210835435,17.25059494233822,11.508418127871419,-8.583813152173459,0.01834568492608931
-8.683212836075782,-55.68109141863789,17.596075448049326,11.791232574440434,-8.46998340039607,0.01840300254655043
-8.270017764898581,-56.12651411087978,17.90727832016458,12.057524088549425,-8.356129619734222,0.0184471123084639
-7.862708372600269,-56.562060332820316,18.185790839415503,12.30795115837356,-8.242314087783427,0.018478653178972165
-7.461062450492448,-56.98792445346855,18.43312580892266,12.54314646878017,-8.128595463231218,0.018498242372443158
-7.064869793653981,-57.40430410377724,18.65072552958198,12.763717959100108,-8.015028991741078,0.018506475646289898
-6.673931661120256,-57.81139930990902,18.839965530669616,12.970249833800146,-7.901666698328017,0.01850392763922622
-6.288060254483095,-58.20941171151915,19.002158072422986,13.16330352841821,-7.788557567218833,0.01849115224552505
-5.90707821469748,-58.59854385808163,19.138555436143893,13.343418632988778,-7.675747710113428,0.018468683019504856
-5.530818136837645,-58.97899857684397,19.25035301624727,13.511113775060034,-7.563280523693965,0.018437033605080862
-5.159122102495507,-59.35097840650158,19.338692227638493,13.666887464285914,-7.451196837162338,0.01839669818576204
-4.791841229485783,-59.71468509115173,19.404663240834935,13.811218900464752,-7.3395350505277595,0.018348151950971253
-4.428835238484043,-60.07031912951153,19.449307556359397,13.944568746793392,-7.228331264309583,0.018291851575015755
-4.0699720362085845,-60.41807937478279,19.473620429097657,14.067379870006237,-7.11761940126997,0.018228235705441364
-3.715127314736269,-60.75816268090191,19.47855315255179,14.180078048978334,-7.007431320743502,0.0181577254578685
-3.3641841665305328,-61.09076359125048,19.4650152122067,14.283072653284785,-6.897796926087217,0.018080724914746098
-3.017032714752426,-61.416074066205205,19.433876316570306,14.376757293128119,-6.7887442657346435,0.01799762162575408
-2.6735697584182616,-61.73428324618946,19.38596831383836,14.46151044196947,-6.680299628299949,0.017908787107859737
-2.3336984319661385,-62.04557724714655,19.322087001571,14.537696033127986,-6.572487632144375,0.0178145773432772
-1.9973284983705788,-62.35013993840961,19.242994431201737,14.60566489645883,-6.465331914447817,0.01771533814010597
-1.6643734626752138,-62.648148827383906,19.14941807742865,14.665751719216278,-6.3588527009717515,0.017611385440510368
-1.334754286763151,-62.939781141514565,19.042056143268233,14.71828116015601,-6.253070794366139,0.01750303729018009
-1.0083963138907748,-63.22520940443536,18.921576410015092,14.763564475719866,-6.1480049280538775,0.01739059239845318
-0.6852297216785469,-63.50460248740984,18.788618276058322,14.80190101486841,-6.043672542565489,0.017274336354898192
-0.36518925901724614,-63.77812554680921,18.643794052986742,14.833578682501853,-5.940089848896006,0.017154542088280537
-0.04821399440843545,-64.04593997823719,18.48769019375412,14.858874384045404,-5.837271888461247,0.017031470316398973
0.2657529246588179,-64.30820338569536,18.320868457037292,14.87805445202418,-5.735232589871868,0.01690536998628316
0.5767645016905578,-64.56506956430782,18.143867011647366,14.891375055414478,-5.633984822727502,0.01677647870433225
0.8848701109079199,-64.81668849524185,17.957201484580743,14.89908259251682,-5.533540448618931,0.01664502315607159
1.1901157070804385,-65.06320635157167,17.761365956063308,14.90141406806275,-5.433910369512192,0.016511219515275732
1.492544025835545,-65.30476551393203,17.556833904707673,14.898597455230975,-5.335104573675791,0.016375273842276394
1.7921947747979456,-65.54150459490276,17.344059105698534,14.890852043217045,-5.237132179300956,0.016237382471338026
2.0891048159031493,-65.77355847114958,17.12347648472688,14.878388770970187,-5.1400014759538895,0.016097732387033388
2.3833083392199836,-66.00105832243014,16.895502930210718,14.861410547681329,-5.043719963989044,0.015956501589600245
2.674837028607266,-66.22413167664362,16.660538066177814,14.840112560579927,-4.948294392043433,0.015813859449303868
2.963720219518593,-66.44290246017462,16.418964988025273,14.814682570570117,-4.8537307927235105,0.01566996704986382
3.249985049263132,-66.65749105284279,16.17115096323279,14.785301196213561,-4.76003451658843,0.015524977521035047
3.5336566000177023,-66.8680143468301,15.917448098967235,14.752142186542011,-4.66721026452611,0.01537903636046423
3.8147580348772436,-67.07458580900973,15.658193978396113,14.715372683161107,-4.5752621186123275,0.015232281744961107
4.0933107272219855,-67.27731554615252,15.393712267410756,14.675153472086352,-4.484193571536612,0.015084844831350131
4.369334383671211,-67.47631037253258,15.124313293351179,14.631639225731554,-4.394007554672993,0.014936850047079751
4.642847160883728,-67.67167387949638,14.85029459722918,14.584978735452646,-4.304706464868857,0.014788415370784559
4.913865776455288,-67.86350650659944,14.571941460847384,14.535315135030261,-4.216292190020104,0.014639652603008703
5.182405614159336,-68.05190561395048,14.289527410133367,14.48278611545942,-4.128766133496147,0.014490667627303333
5.448480823763907,-68.23696555543927,14.00331469591896,14.427524131396943,-4.042129237474635,0.014341560661925939
5.712104415651934,-68.41877775255105,13.7135547533288,14.369656599603106,-3.9563820052416463,0.014192426502370289
5.9732883504664,-68.59743076850478,13.420488640864974,14.309306089698847,-3.871524522509584,0.014043354754961485
6.232043623989519,-68.77301038247293,13.124347460216356,14.246590507546706,-3.7875564778019455,0.013894430061756443
6.488380347460871,-68.94559966367136,12.825352757754551,14.181623271549617,-3.7044771819510722,0.013745732316988994
6.742307823532431,-69.11527904512454,12.523716908627385,14.114513482150143,-3.6222855867518637,0.01359733687530105
6.993834618048702,-69.28212639693531,12.219643484304456,14.04536608480003,-3.5409803028124185,0.013449314752001285
7.242968627836629,-69.44621709890839,11.913327604381784,13.974282026659209,-3.4605596166395474,0.013301732815591591
7.489717144679968,-69.60762411238996,11.604956273406835,13.901358407272024,-3.3810215069954075,0.013154653972800866
7.734086915648456,-69.76641805120691,11.294708703441124,13.82668862345859,-3.3023636605590725,0.013008137346361309
7.976084199946673,-69.9226672516007,10.982756623039464,13.750362508649124,-3.2245834869249226,0.012862238445762765
8.215714822436599,-70.07643784106516,10.669264573284465,13.672466466879474,-3.1476781329684482,0.01271700933121432
8.452984223989045,-70.227793806011,10.354390191483276,13.593083601657657,-3.071644496607418,0.012572498771039867
8.687897508806739,-70.37679705818906,10.03828448309838,13.512293839902108,-2.9964792399859244,0.012428752392731538
8.920459488860303,-70.52350749981669,9.721092082453595,13.430174051144379,-2.9221788021065134,0.0122858128278784
9.150674725572172,-70.66798308736148,9.40295150272835,13.346798162181209,-2.84873941093462,0.012143719851183957
9.378547568875703,-70.81027989394049,9.083995375726609,13.262237267353363,-2.7761570949983776,0.012002510513783144
9.604082193776508,-70.9504521703085,8.764350681879264,13.176559734621396,-2.7044276945052155,0.011862219271060133
9.827282634533397,-71.08855240440832,8.444138970918786,13.089831307602,-2.63354687199611,0.011722878105169204
10.048152816573609,-71.22463137946971,8.123476573636779,13.002115203721262,-2.5635101225570085,0.011584516642449583
10.266696586253776,-71.35873823064168,7.802474805121953,12.91347220863618,-2.494312783605909,0.011447162265924415
10.482917738569968,-71.49092050015653,7.4812401598465925,12.82396076706806,-2.425950044273449,0.011310840223067525
10.696820042919663,-71.6212241910209,7.159874498960562,12.73363707018742,-2.358416954393778,0.011175573729014837
10.908407267012167,-71.74969381923887,6.838475230127415,12.642555139683289,-2.2917084331216926,0.011041384065394337
11.11768319902015,-71.87637246457285,6.517135480224127,12.550766908645063,-2.2258192771914063,0.01090829067494185
11.324651668061696,-72.00130181985494,6.195944261207451,12.45832229937963,-2.1607441688315183,0.01077631125206478
11.529316563098911,-72.12452223885764,5.874986629441139,12.3652692982825,-2.0964776833500003,0.010645461829511359
11.731681850333171,-72.24607278274419,5.554343838755479,12.271654027875568,-2.0330142964025932,0.010515756861298499
11.931751589177626,-72.36599126511462,5.234093487506492,12.177520816121387,-1.9703483909571298,0.010387209302043152
12.129529946879291,-72.48431429566824,4.914309659882747,12.082912263117883,-1.9084742639661612,0.010259830682842142
12.325021211865227,-72.60107732250472,4.595063061700813,11.987869305274835,-1.8473861327591035,0.010133631183835506
12.518229805878983,-72.71631467308768,4.276421150916903,11.892431277068443,-1.7870781411653394,0.01000861970358883
12.709160294973842,-72.83005959389507,3.958448263072029,11.796635970466978,-1.727544365378696,0.009884803925419607
12.897817399426573,-72.942344288784,3.6412057318785074,11.700519692116906,-1.6687788195733835,0.009762190380793397
13.084206002629157,-73.05319995609432,3.3247520051469337,11.604117318375252,-1.6107754612813805,0.009640784509908334
13.2683311590184,-73.16265682452203,3.009142756241708,11.507462348270705,-1.5535281965402814,0.009520590719582262
13.450198101096465,-73.27074418778827,2.6944309912473585,11.410586954472855,-1.4970308848207283,0.009401612438554332
13.629812245594588,-73.37749043813332,2.3806671520183826,11.313522032345627,-1.4412773437419486,0.00928385217030612
13.807179198830235,-73.4829230986665,2.0678992152766256,11.216297247158195,-1.3862613535836705,0.00916731154350659
13.9823047613051,-73.58706885459807,1.7561727879165971,11.118941079523895,-1.3319766616021,0.009051991360178101
14.155194931589469,-73.68995358338603,1.4455311986686397,11.02148086913491,-1.2784169861577852,0.008937891641679815
14.325855909535235,-73.79160238382434,1.1360155862646764,10.923942856857469,-1.2255760206624675,0.00882501167259828
14.494294098859799,-73.89203960410396,0.8276649842458141,10.826352225250508,-1.173447437351986,0.008713350042635279
14.660516109139484,-73.99128886887532,0.5205164025434783,10.728733137567673,-1.1220248908918642,0.008602904686575449
14.824528757249716,-74.08937310534108,0.21460490596214754,10.631108775300635,-1.0713020218220817,0.008493672922416044
14.986339068288453,-74.18631456840744,-0.09003631031490045,10.533501374319398,-1.0212724598471896,0.008385651487736068
15.145954276015056,-74.28213486492425,-0.3933758480811491,10.435932259662753,-0.9719298269777306,0.008278836574380914
15.303381822838464,-74.37685497703953,-0.6953840362107471,10.33842187903057,-0.9232677405287071,0.00817322386153292
15.458629359384403,-74.4704952846984,-0.9960328634045723,10.240989835027246,-0.8752798159805003,0.008068808547238153
15.611704743670378,-74.56307558731109,-1.2952959134749449,10.143654916203802,-0.8279596697077558,0.007965585378455474
15.76261603991737,-74.65461512461981,-1.5931483030719562,10.046435126944324,-0.7813009215810048,0.007863548679691497
15.911371517022824,-74.74513259678734,-1.8895666217553213,9.949347716240688,-0.7352971974462595,0.007762692380282554
16.05797964672173,-74.83464618373608,-2.184528874322382,9.85240920539789,-0.6899421314869703,0.007663010040381872
16.202449101457777,-74.92317356376032,-2.478014425305254,9.755635414710396,-0.6452293684731385,0.007564494875708984
16.34478875198747,-75.01073193143748,-2.7700039455530927,9.659041489148814,-0.6011525659018742,0.007467139781115332
16.485007664739523,-75.09733801486223,-3.0604793608202314,9.562641923094265,-0.5577053960334714,0.007370937353016542
16.623115098948276,-75.18300809222723,-3.3494238022831695,9.466450584156686,-0.5148815478271949,0.00727587991074244
16.759120503580835,-75.26775800777163,-3.636821558912551,9.370480736111661,-0.47267472878067773,0.007181959516851295
16.893033514076343,-75.35160318712188,-3.92265803162919,9.27474506098936,-0.43107866667649775,0.007089167996454395
17.024863948913417,-75.43455865204515,-4.2069196891770915,9.179255680347515,-0.3900871112398224,0.006997496955595256
17.154621806024014,-75.51663903463647,-4.48959402564703,9.084024175759428,-0.3496938357102527,0.0069069377987230635
17.28231725906563,-75.59785859096023,-4.770669519588498,8.989061608546761,-0.3098926383315862,0.00681748174530283
17.407960653569997,-75.67823121416598,-5.050135594650108,8.894378538785418,-0.2706773437624247,0.00672911984560012
17.53156250297934,-75.75777044709805,-5.3279825816903355,8.799985043612304,-0.23204180441084588,0.006641842995675713
17.653133484584195,-75.83648949441691,-5.604201682302662,8.70589073485917,-0.19397990169612145,0.006555641951627075
17.772684435374437,-75.91440123425166,-5.878784933702548,8.61210477603895,-0.156485547240372,0.006470507343109642
17.890226347815084,-75.99151822939967,-6.151725174924014,8.518635898709142,-0.11955268399292271,0.006386429686170363
18.005770365557964,-76.06785273809118,-6.423016014276513,8.425492418235645,-0.08317528728995474,0.006303399395424391
18.119327779098636,-76.14341672433694,-6.692651798016392,8.33268224897952,-0.04734736585218405,0.00622140679560435
18.230910021388695,-76.21822186787045,-6.960627580184276,8.24021291892866,-0.012062962722841714,0.0061404421325106885
18.34052866341242,-76.29227957370613,-7.2269390935678075,8.148091583795038,0.022683843851498492,0.006060495583390621
18.44819540973526,-76.36560098132276,-7.491582721745079,8.05632504059777,0.05689893959496822,0.005981557266770875
18.553922094033716,-76.43819697349059,-7.754555472169873,7.964919740751176,0.090588173429316,0.005903617251768919
18.657720674611646,-76.51007818475293,-8.01585495025833,7.873881802676683,0.12375735675115929,0.0058266655669080404
18.759603229912116,-76.5812550095793,-8.275479334441865,7.783217023955974,0.1564122627579602,0.005750692208457335
18.859581954030073,-76.65173761019928,-8.53342735214753,7.692930893043144,0.1885586258204517,0.005675687148318484
18.957669152231972,-76.7215359241318,-8.789698256672782,7.603028600552078,0.22020214089975637,0.005601640341481185
19.053877236487786,-76.79065967142115,-9.044291804921695,7.513515050134766,0.25134846300725383,0.005528541733066528
19.14821872102118,-76.85911836159197,-9.297208235969045,7.4243948689663775,0.28200320670555334,0.005456381264976675
19.240706217882753,-76.92692130033421,-9.548448250423192,7.3356724178513195,0.312171945648846,0.005385148882170619
19.331352432549465,-76.99407759592776,-9.798012990556654,7.247351800964619,0.3418602121608808,0.005314834538581608
19.420170159556207,-77.06059616541859,-10.045904021176522,7.1594368752423065,0.37107349684915153,0.005245428202694361
19.50717227816242,-77.12648574055578,-10.292123311207135,7.071931259433756,0.3998172482536867,0.005176919862797235
19.592371748057417,-77.19175487349936,-10.536673215959226,6.984838342828551,0.4280968725290266,0.00510929953192486
19.67578160510766,-77.25641194230757,-10.779556460058647,6.898161293670171,0.45591773315791984,0.005042557252505229
19.757414957149216,-77.32046515621307,-11.020776121011775,6.811903067267936,0.4832851506954351,0.004976683100726263
19.83728497982799,-77.38392256069673,-11.260335613383265,6.726066413818514,0.5102044025421982,0.004911667190633732
19.915404912490505,-77.44679204236628,-11.498238673563236,6.6406538859478195,0.5366807227454945,0.004847499677974557
19.991788054126626,-77.50908133364925,-11.734489345103274,6.555667845983455,0.5627193018269226,0.004784170763796418
20.06644775936816,-77.57079801730745,-11.969091964599489,6.471110472967871,0.5883252866356825,0.0047216706978164364
20.139397434542435,-77.63194953077759,-12.202051148101301,6.386983769421878,0.613503780226023,0.004659989781569083
20.210650533785856,-77.69254317035052,-12.433371778029613,6.303289567867374,0.6382598417581862,0.00459911837134458
20.28022055521572,-77.75258609519064,-12.663058990582403,6.2200295371186485,0.6625984864214222,0.004539046880927096
20.348121037164166,-77.81208533120457,-12.891118163611804,6.137205188350408,0.6865246853783766,0.0044797657841436
20.414365554474244,-77.87104777476452,-13.117554904954051,6.05481788095104,0.7100433657297566,0.004421265617231232
20.478967714858403,-77.9294801962937,-13.342375041197595,5.972868828168594,0.7331594104982595,0.0043635369810333495
20.541941155322725,-77.98738924371693,-13.565584606870594,5.891359102557653,0.7558776586311748,0.0043065705430315685
20.603299538654475,-78.04478144578405,-13.787189834034244,5.810289641233938,0.7782029050204128,0.0042503570392222485
20.663056549976552,-78.10166321527146,-14.007197142267295,5.729661250943828,0.800139900539508,0.004194887275845834
20.721225893367105,-78.1580408520653,-14.225613129025898,5.6494746129556095,0.8216933520965387,0.004140152130974731
20.777821288546136,-78.21392054613206,-14.44244456036595,5.569730287779009,0.842867922702345,0.004086142555968521
20.832856467628613,-78.26930838038213,-14.657698362015267,5.490428719719036,0.8636682315532727,0.0040328495768021735
20.8863451719447,-78.32421033342858,-14.871381610781128,5.411570241270512,0.8840988541277259,0.003980264295273595
20.93830114892683,-78.37863228224816,-15.083501526282852,5.333155077358734,0.9041643222958742,0.003928377890097362
20.988738149064467,-78.43258000474613,-15.294065462995786,5.255183349432148,0.923869124441906,0.003877181617889488
21.03766992292464,-78.48605918223039,-15.503080902596764,5.1776550794122,0.9432177055980181,0.0038266668140497324
21.085110218241134,-78.53907540179844,-15.710555446598917,5.100570193505662,0.96221446758988,0.003776824893546162
21.131072777068663,-78.5916341586402,-15.916496809266178,5.023928525884269,0.9808637691926148,0.0037276473516070063
21.17557133300451,-78.64374085826071,-16.120912810796565,4.9477298222366315,0.9991699262969986,0.003679125764324843
21.218619608476153,-78.69540081862608,-16.323811370764993,4.8719737431968735,1.0171372120853137,0.003631251789177964
21.260231312094188,-78.74661927223542,-16.52520050181581,4.796659867654492,1.0347698572161916,0.003584017165472646
21.300420136070763,-78.79740136812157,-16.725088303595882,4.721787695949784,1.0520720500181333,0.003537413714711358
21.33919975370302,-78.84775217378541,-16.923482956920573,4.647356652958647,1.069047936691152,0.0034914333408901004
21.376583816920544,-78.89767667706325,-17.12039271816184,4.573366091071255,1.0857016215160762,0.0034460680307288943
21.412585953896404,-78.9471797879338,-17.31582591385347,4.499815293067729,1.1020371670710798,0.0034013098538401084
21.44721976672174,-78.99626634026335,-17.509790935502327,4.426703474895113,1.1180585944550705,0.003357150962836079
21.480498829142473,-79.04494109349532,-17.702296234601064,4.354029788348663,1.1337698835174799,0.003313583593381356
21.512436684357844,-79.09320873428375,-17.89335031783282,4.281793323661207,1.1491749730940766,0.0032706000641912186
21.543046842880553,-79.14107387807438,-18.082961742462107,4.209993112003629,1.1642777612484871,0.0032281927769804396
21.572342780456072,-79.18854107063503,-18.271139111904734,4.138628127899734,1.179082105518893,0.0031863542163650645
21.600337936043243,-79.23561478953766,-18.45789107147062,4.06769729155842,1.1935918231698965,0.0031450769497189464
21.627045709852183,-79.28229944559321,-18.643226304272535,3.9971994711261987,1.207810691448817,0.003104353626989282
21.652479461441505,-79.32859938424228,-18.82715352729565,3.9271334848627752,1.2217424478464627,0.0030641769804719077
21.676652507872173,-79.37451888690293,-19.009681487621318,3.857498103242473,1.2353907903618364,0.0030245398245502425
21.699578121917757,-79.42006217227646,-19.190818958800214,3.7882920509839293,1.248759377770599,0.0029854350553991877
21.721269530330957,-79.46523339761481,-19.370574737368774,3.719514009010857,1.2618518298970007,0.002946855650656253
21.741739912164217,-79.51003665994917,-19.548957639504255,3.651162616346008,1.2746717278889654,0.0029087946690624384
21.76100239714475,-79.55447599728217,-19.725976497813036,3.583236471940822,1.2872226144961434,0.0028712452500738207
21.779070064102616,-79.59855538974544,-19.9016401582478,3.515734136443001,1.2995079943506258,0.0028342006134475226
21.795955939450778,-79.64227876072297,-20.07595747714829,3.4486541339040664,1.3115313342501296,0.0027976540588011867
21.81167299571682,-79.68564997794249,-20.24893731840197,3.3819949534290505,1.3232960634433897,0.002761598965150679
21.826234150125273,-79.72867285453617,-20.420588550719835,3.3157550507703375,1.3348055739176221,0.0027260287904245385
21.839652263229084,-79.77135115007054,-20.590920045023104,3.2499328498675237,1.346063220687717,0.002690937070959151
21.851940137590077,-79.81368857154796,-20.75994067193694,3.1845267443351712,1.3570723220870768,0.0026563174209751784
21.86311051650781,-79.85568877438132,-20.92765929938757,3.1195350989003874,1.3678361600599391,0.0026221635320361303
21.873176082794405,-79.89735536334116,-21.09408479029888,3.0549562507916335,1.3783579804548196,0.0025884691724908926
21.88214945759654,-79.93869189347726,-21.259226000384448,2.9907885110808055,1.388640993319142,0.002555228186901991
21.890043199261925,-79.97970187101647,-21.423091776032784,2.927030165979872,1.3986883731946962,0.002522434495459206
21.89686980225092,-80.02038875423665,-21.58569095228124,2.8636794780938173,1.4085032594139109,0.002490082093381669
21.902641696090605,-80.06075595431695,-21.74703235087587,2.8007346876312678,1.4180887563966253,0.002458165050308087
21.90737124437284,-80.1008068361671,-21.907124778414143,2.738194013574324,1.427447933947429,0.002426677509676006
21.91107074379302,-80.1405447192356,-22.06597702456765,2.6760556548088896,1.4365838275532212,0.0023956136880924155
21.913752423230402,-80.17997287829687,-22.22359786038157,2.614317791216892,1.445499438680998,0.0023649678746954215
21.915428442868482,-80.2190945442194,-22.379996036648713,2.552978584731596,1.4541977350757085,0.0023347344305080352
21.916110893354478,-80.25791290471449,-22.5351802823544,2.492036180357501,1.4626816510580165,0.0023049077877852955
21.915811794997644,-80.29643110506733,-22.689159303191133,2.431488707155605,1.4709540878219172,0.0022754824493550364
21.914543097004525,-80.33465224885016,-22.84194178013948,2.371334279195483,1.4790179137320165,0.0022464529879539976
21.912316676751868,-80.37257939861867,-22.99353636811283,2.3115709964752975,1.4868759646204972,0.002217814045558225
21.909144339094944,-80.41021557659164,-23.143951694664068,2.2521969458106623,1.4945310440835102,0.0021895603327099587
21.905037815711616,-80.44756376531521,-23.293196358751917,2.1932102016935033,1.5019859237770792,0.002161686627841745
21.900008764480216,-80.4846269083119,-23.441278929564916,2.134608827121748,1.5092433437122448,0.0021341877765965736
21.89406876889178,-80.5214079107142,-23.58820794539991,2.0763908744011914,1.516306012549507,0.0021070586911467034
21.887229337494745,-80.55790963988541,-23.733991912595236,2.018554385919889,1.5231766078924105,0.002080294349510637
21.879501903371427,-80.59413492602425,-23.878639304513825,1.9610973948965755,1.5298577765801715,0.0020538897948688202
21.870897823647212,-80.63008656275979,-24.022158560577605,1.90401792610343,1.5363521349794333,0.0020278401348782595
21.861428379028954,-80.66576730772914,-24.164558085347878,1.8473139965645187,1.5426622692748453,0.002002140540987819
21.85110477337392,-80.70117988314685,-24.305846247653434,1.7909836162302657,1.5487907357585489,0.0019767862477528234
21.839938133288207,-80.73632697635921,-24.44603137976191,1.7350247886290724,1.5547400611185296,0.0019517725521506794
21.827939507753037,-80.77121124038806,-24.58512177659427,1.6794355114967,1.5605127427256398,0.0019270948128971817
21.815119867779565,-80.8058352944644,-24.72312569498142,1.624213777383953,1.5661112489194091,0.0019027484497645421
21.80149010608997,-80.84020172454844,-24.860051352958983,1.5693575742438393,1.5715380192924038,0.0018787289429006023
21.787061036825875,-80.8743130838415,-24.995906929101565,1.514864885998417,1.5767954649732694,0.0018550318321504085
21.77184339528183,-80.90817189328631,-25.130700561893846,1.4607336930860706,1.5818859689082712,0.0018316527163795178
21.755847837664657,-80.94178064205774,-25.264440349136784,1.4069619729901603,1.5868118861413723,0.0018085872528004654
21.73908494087623,-80.97514178804389,-25.397134347388704,1.3535477007491554,1.5915755440927208,0.0017858311563017162
21.72156520232104,-81.00825775831757,-25.52879057143894,1.3004888494493079,1.5961792428356014,0.0017633801987793137
21.703299039736905,-81.04113094959844,-25.659416993813362,1.2477833907001399,1.600625255371794,0.001741230208472442
21.684296791047444,-81.07376372870775,-25.789021544311545,1.1954292950932537,1.6049158279052202,0.0017193770693023078
21.664568714237774,-81.10615843301183,-25.91761210957178,1.1434245326453514,1.6090531801139714,0.001697816720214187
21.644124987250656,-81.1383173708596,-26.045196532665948,1.0917670732255988,1.6130395054205735,0.0016765451545240919
21.622975707903986,-81.1702428220116,-26.171782612721813,1.040454886967856,1.6168769712605597,0.0016555584192687405
21.60113089382833,-81.20193703805933,-26.297378104570715,0.98948594466858,1.6205677193492336,0.0016348526145604214
21.578600482424356,-81.23340224283876,-26.421990718421522,0.9388582181705356,1.6241138659466703,0.0016144238929457551
21.555394330839494,-81.26464063283623,-26.545628119559346,0.888569680732747,1.6275175021209303,0.0015942684587689157
21.53152221596285,-81.2956543775859,-26.668297928067,0.8386183073874678,1.6307806940093665,0.001574382567540131
21.506993834438468,-81.3264456200612,-26.79000771857001,0.7890020752841291,1.6339054830781359,0.0015547625253078806
21.48181880269614,-81.35701647705865,-26.91076502000311,0.7397189640209927,1.6368938863798213,0.0015354046880366667
21.456006656999655,-81.38736903957545,-27.03057731539776,0.6907669559648664,1.6397478968092074,0.0015163054609898833
21.42956685351071,-81.41750537317989,-27.149452041690132,0.6421440365590323,1.6424694833570592,0.001497461298116819
21.402508768369902,-81.4474275183764,-27.26739658954898,0.593848194619957,1.6450605913621081,0.0014788687014460208
21.37484169779266,-81.47713749096326,-27.38441830322153,0.5458774226231693,1.6475231427610135,0.0014605242204824447
21.34657485818065,-81.50663728238416,-27.500524480397804,0.49822971697849283,1.6498590363364363,0.0014424244516113892
21.317717386247544,-81.53592886007611,-27.615722372093447,0.450903078294866,1.6520701479631443,0.0014245660375065523
21.288278339159504,-81.5650141678071,-27.730019182546762,0.4038955116356524,1.6541583308522019,0.0014069456665440118
21.258266694689034,-81.59389512601261,-27.84342206913459,0.35720502676385557,1.6561254157931586,0.0013895600722214957
21.227691351382205,-81.62257363212443,-27.955938142302323,0.3108296383782623,1.6579732113942671,0.0013724060325833443
21.196561128739145,-81.65105156089311,-28.067574465508393,0.2647673663405934,1.6597035043207742,0.0013554803696505758
21.164884767406573,-81.67933076470756,-28.17833805518458,0.2190162358936627,1.6613180595311892,0.0013387799488569887
21.13267092938284,-81.70741307390774,-28.288235880708697,0.17357427787127833,1.6628186205115778,0.0013223016784903972
21.099928198234615,-81.73530029709266,-28.397274864391356,0.1284395288997766,1.6642069095079344,0.00130604250913957
21.06666507932439,-81.7629942214232,-28.50546188147488,0.08361003159167169,1.6654846277564477,0.0012899994331470046
21.032890000049864,-81.7904966129211,-28.612803760145233,0.03908383473144195,1.6666534557119395,0.0012741694840672291
20.998611310092986,-81.8178092167618,-28.719307281554826,-0.00514100654600913,1.6677150532741767,0.0012585497361304683
20.963837281679805,-81.8449337575636,-28.82497917985731,-0.049066430584317366,1.668671060012302,0.0012431373037121271
20.928576109849924,-81.87187193967176,-28.929826142252566,-0.09269436904147987,1.6695230953872384,0.0012279293408081612
20.892835912735425,-81.89862544743856,-29.033854809042868,-0.1360267467327354,1.6702727589721118,0.0012129230405155465
20.856624731848974,-81.92519594549859,-29.137071773698374,-0.17906548147985735,1.6709216306707104,0.0011981156345191488
20.819950532381004,-81.95158507903999,-29.239483582932507,-0.22181248396698372,1.6714712709339923,0.001183504392583072
20.782821203505065,-81.9777944740715,-29.34109673678657,-0.26426965760261467,1.6719232209746013,0.0011690866220489477
20.74524455869162,-82.00382573768483,-29.441917688722643,-0.3064388983876052,1.6722790029794143,0.0011548596673386737
20.707228336029402,-82.0296804583141,-29.541952845725987,-0.3483220947891619,1.6725401203201538,0.001140820909463425
20.668780198554778,-82.0553602059903,-29.641208568414427,-0.3899211276202861,1.6727080577620348,0.0011269677655380362
20.62990773458803,-82.08086653259235,-29.73969117115622,-0.4312378699248862,1.6727842816704825,0.0011132976883008057
20.5906184580767,-82.10620097209437,-29.83740692219513,-0.47227418686817746,1.6727702402158835,0.0010998081656392559
20.55091980894607,-82.13136504080897,-29.934362043782514,-0.5130319356321662,1.6726673635764622,0.0010864967201203563
20.510819153455095,-82.15636023762686,-30.030562712316254,-0.5535129653162434,1.6724770641391506,0.0010733609085276272
20.470323784559806,-82.18118804425293,-30.126015058486264,-0.593719116842566,1.6722007366986338,0.001060398321402506
20.429440922281337,-82.20584992543918,-30.22072516742636,-0.6336522228662274,1.6718397586544218,0.0010476065825916348
20.388177714080623,-82.23034732921339,-30.314699078871683,-0.673314107689893,1.6713954902060681,0.001034983348799714
20.34654123523766,-82.25468168710519,-30.40794278732228,-0.7127065871829403,1.6708692745464462,0.0010225263091470601
20.304538489236513,-82.27885441436788,-30.500462242211576,-0.7518314687048324,1.670262438053212,0.0010102331847332464
20.262176408155185,-82.302866910198,-30.592263348080586,-0.7906905510327196,1.66957629047838,0.0009981017282050203
20.219461853059617,-82.3267205579506,-30.683351964756596,-0.8292856242929965,1.6688121251359789,0.000986129723330961
20.176401614402778,-82.35041672535226,-30.773733907536787,-0.8676184698968212,1.6679712190879412,0.0009743149845792961
20.13300241242779,-82.37395676471027,-30.863414947376327,-0.9056908604794325,1.6670548333281254,0.0009626553567030805
20.089270897575012,-82.39734201311897,-30.95240081108055,-0.943504559843074,1.6660642129645036,0.0009511487143285104
20.045213650892613,-82.42057379266322,-31.040697181501375,-0.9810613229035816,1.665000587399496,0.0009397929615498827
20.00083718445153,-82.44365341061884,-31.128309697737524,-1.01836289564032,1.663865170508589,0.0009285860315285361
19.956147941762982,-82.4665821596499,-31.215243955338444,-1.0554110150495912,1.6626591608170718,0.0009175258860974659
19.91115229819988,-82.48936131800329,-31.301505506511347,-1.0922074091011007,1.6613837416750499,0.0009066105153702162
19.865856561420753,-82.51199214970069,-31.387099860332178,-1.1287537966978016,1.6600400814306555,0.0008958379373552416
19.82026697179693,-82.53447590472682,-31.47203248295887,-1.1650518876385711,1.6586293336015174,0.0008852061975752203
19.774389702841802,-82.55681381921656,-31.556308797848374,-1.201103382583974,1.6571526370444511,0.0008747133686904392
19.728230861643432,-82.57900711563774,-31.639934185975807,-1.2369099730248618,1.6556111161234757,0.000864357550127747
19.681796489298414,-82.60105700297237,-31.72291398605667,-1.2724733412537184,1.6540058808760272,0.0008541368677139716
19.6350925613488,-82.6229646768948,-31.805253494771225,-1.3077951603387294,1.652338027177532,0.000844049473313642
19.58812498822051,-82.64473131994724,-31.886957966991204,-1.3428770941003894,1.650608636904254,0.0008340935444720736
19.540899615663648,-82.66635810171302,-31.968032616008948,-1.3777207970907392,1.648818778094438,0.0008242672840624881
19.493422225194674,-82.68784617898721,-32.048482613768215,-1.4123279145749343,1.6469695051078264,0.000814568919937713
19.44569853453989,-82.70919669594466,-32.12831309109707,-1.4467000825152283,1.645061858783468,0.0008049967045866713
19.397734198080265,-82.73041078430612,-32.20752913794277,-1.4808389275573175,1.6430968665959027,0.0007955489147953277
19.34953480729765,-82.75148956350105,-32.28613580360771,-1.5147460670187618,1.641075542809708,0.0007862238513116034
19.301105891222434,-82.77243414082935,-32.36413809698758,-1.5484231088796756,1.6389988886324565,0.0007770198385152757
19.252452916881147,-82.7932456116195,-32.441540986810296,-1.5818716517754554,1.6368678923659825,0.000767935224091603
19.203581289746097,-82.81392505938562,-32.518349401876876,-1.6150932849915351,1.6346835295561444,0.0007589683787096337
19.15449635418484,-82.8344735559813,-32.594568231302915,-1.648089588460071,1.632446763140939,0.0007501176957045656
19.105203393910877,-82.85489216175166,-32.67020232476136,-1.68086213275852,1.6301585435971075,0.0007413815907642289
19.055707632433993,-82.87518192568346,-32.74525649272662,-1.7134124791101066,1.6278198090850724,0.0007327585016201506
19.006014233512353,-82.89534388555259,-32.8197355067188,-1.7457421793859131,1.625431485592521,0.0007242468877419376
18.956128301603194,-82.91537906806995,-32.893644099549626,-1.777852776108881,1.6229944870762445,0.0007158452300363951
18.90605488231479,-82.93528848902481,-32.96698696556839,-1.8097458024593016,1.6205097156026054,0.0007075520305501932
18.855798962858085,-82.95507315342655,-33.039768760908785,-1.8414227822819496,1.6179780614864405,0.0006993658121767945
18.80536547249837,-82.97473405564388,-33.11199410373632,-1.8728852300948393,1.6154004034285088,0.0006912851183669588
18.754759283006447,-82.99427217954268,-33.183667574496155,-1.904134651099398,1.6127776086514052,0.0006833085128438199
18.703985209110012,-83.01368849862146,-33.2547937161612,-1.935172541192098,1.6101105330340575,0.0006754345793205306
18.653048008944573,-83.03298397614492,-33.325377034480546,-1.966000386977493,1.607400021244782,0.0006676619212230213
18.601952384503566,-83.0521595652758,-33.39542199822831,-1.9966196657826325,1.6046469068728415,0.0006599891614155385
18.550702982088445,-83.07121620920515,-33.4649330394526,-2.027031845672762,1.6018520125586249,0.0006524149419303651
18.49930439275743,-83.09015484127978,-33.53391455372429,-2.057238385468297,1.5990161501223668,0.0006449379237011245
18.447761152774806,-83.10897638512891,-33.6023709003861,-2.087240734762956,1.5961401206915686,0.0006375567862993457
18.39607774405779,-83.1276817547883,-33.67030640280144,-2.117040333943127,1.5932247148268643,0.000630270227674962
18.344258594624325,-83.14627185482384,-33.7377253486038,-2.1466386142084426,1.5902707126467142,0.0006230769639001954
18.292308079038214,-83.16474758045133,-33.80463198994473,-2.1760369975932154,1.587278883950535,0.0006159757289167499
18.24023051885457,-83.18310981765673,-33.87103054374298,-2.2052368969892178,1.5842499883406271,0.0006089652742869937
18.18803018306376,-83.20135944331315,-33.93692519193235,-2.2342397161692373,1.58118477534272,0.0006020443689474315
18.135711288533802,-83.21949732529703,-34.00232008170986,-2.2630468498117766,1.57808398452515,0.000595211798966767
18.08327800045233,-83.23752432260275,-34.06721932578344,-2.2916596835266567,1.5749483456168112,0.0005884663673065044
18.030734432766565,-83.25544128545492,-34.13162700261895,-2.320079593881474,1.571778578623705,0.0005818068935849349
17.97808464862244,-83.27324905541941,-34.19554715668672,-2.348307948428956,1.568575393944301,0.0005752322138446655
17.92533266080216,-83.29094846551335,-34.258983798708265,-2.37634610573527,1.5653394924835613,0.0005687411803227834
17.872482432160393,-83.30854034031304,-34.32194090590177,-2.404195415409028,1.562071565765729,0.0005623326612245338
17.819537876058963,-83.32602549605977,-34.384422422226805,-2.4318572181310136,1.5587722960458592,0.0005560055405000647
17.766502856799924,-83.34340474076598,-34.44643225862948,-2.4593328456848944,1.5554423564201194,0.0005497587176239565
17.713381190056815,-83.36067887431794,-34.507974293285955,-2.4866236209884494,1.5520824109348192,0.0005435911073785223
17.660176643304997,-83.37784868857811,-34.56905237184554,-2.513730858125553,1.5486931146943204,0.000537501639639023
17.606892936249658,-83.39491496748576,-34.6296703076732,-2.540655862378855,1.545275113967672,0.000531489259162635
17.553533741251915,-83.41187848715623,-34.6898318820913,-2.567399930263082,1.5418290462940387,0.0005255529253798969
17.500102683754175,-83.42874001597875,-34.749540844620206,-2.593964349558908,1.5383555405870522,0.0005196916121894407
17.44660334270229,-83.44550031471294,-34.80880091321874,-2.6203503993475348,1.5348552172378687,0.0005139043077551824
17.39303925096708,-83.46216013658395,-34.867615774522875,-2.646559350045647,1.531328688217188,0.0005081900143063098
17.339413895762956,-83.47872022737621,-34.925989084084506,-2.6725924634411244,1.5277765571760245,0.00050254774794021
17.28573071906559,-83.49518132552595,-34.98392446660858,-2.698450992729089,1.524199419545459,0.0004969765384281391
17.231993118026466,-83.5115441622124,-35.04142551618973,-2.7241361825485795,1.5205978626351457,0.0004914754290235947
17.17820444538685,-83.52780946144784,-35.098495796547766,-2.7496492690195846,1.5169724657308503,0.00048604347627284063
17.124368009888247,-83.5439779401659,-35.155138841262065,-2.774991479780595,1.513323800190757,0.00048067974982901384
17.070487076681736,-83.56005030830931,-35.211358154005296,-2.800164034026567,1.509652429540767,0.00047538333226787295
17.01656486773512,-83.57602726891615,-35.26715720877594,-2.825168142547321,1.505958909568731,0.00047015331890661895
16.962604562237676,-83.59190951820474,-35.3225394501297,-2.850005007766263,1.5022437884175686,0.0004649888176249536
16.90860929700255,-83.60769774565718,-35.377508293409875,-2.874675823779545,1.498507606677343,0.0004598889486891829
16.85458216686787,-83.62339263410269,-35.43206712497691,-2.8991817763955536,1.4947508974763564,0.0004548528445778189
16.800526225094696,-83.6389948597985,-35.48621930243646,-2.9235240431747047,1.4909741865711328,0.0004498796498103961
16.74644448376314,-83.65450509251066,-35.53996815486664,-2.9477037934695973,1.4871779924354178,0.0004449685207786008
16.69233991416644,-83.6699239955929,-35.59331698304381,-2.971722188465392,1.4833628263481784,0.000440118625579114
16.63821544720248,-83.68525222606503,-35.64626905966766,-2.995580381220559,1.4795291924805953,0.0004353291438496982
16.584073973763026,-83.70049043469001,-35.698827629584905,-3.0192795167078903,1.4756775879820454,0.0004305992666067279
16.529918345120823,-83.71563926605006,-35.7509959100118,-3.0428207318556604,1.4718085030651324,0.00042592819608564615
16.47575137331432,-83.73069935862115,-35.80277709075528,-3.0662051555890795,1.4679224210897488,0.0004213151455831708
16.42157583152991,-83.7456713448477,-35.854174334433544,-3.089433908872064,1.4640198186461537,0.00041675933930216595
16.367394454482238,-83.7605558512147,-35.90519077669465,-3.1125081047489944,1.460101165637146,0.00041226001219792823
16.313209938791505,-83.77535349832009,-35.95582952643444,-3.1354288483868817,1.4561669253592564,0.00040781640982757696
16.25902494335884,-83.79006490094517,-36.0060936660128,-3.1581972371175486,1.4522175545830203,0.0004034277882008784
16.204842089739365,-83.80469066812515,-36.055986251469314,-3.1808143604800843,1.4482535036323796,0.0003990934136332275
16.15066396251254,-83.81923140321744,-36.10551031273697,-3.203281300263397,1.4442752164631099,0.0003948125626011736
16.09649310965011,-83.83368770397038,-36.15466885385529,-3.225599130548932,1.4402831307403847,0.00039058452159945034
16.042332042882016,-83.84806016258949,-36.203464853181494,-3.247768917753463,1.4362776779154574,0.0003864085869997828
15.988183238059285,-83.86234936580398,-36.25190126360087,-3.269791720672033,1.4322592833014223,0.00038228406491278276
15.934049135514986,-83.87655589493218,-36.29998101273593,-3.2916685905210397,1.4282283661481592,0.00037821027105058456
15.879932140422722,-83.89068032594565,-36.34770700315403,-3.31340057098135,1.4241853397164106,0.00037418653059195534
15.825834623152154,-83.9047232295325,-36.39508211257372,-3.3349886982415016,1.4201306113509513,0.00037021217804915796
15.771758919622531,-83.91868517115991,-36.442109194069815,-3.356434001040972,1.4160645825529639,0.00036628655713693057
15.71770733165378,-83.9325667111362,-36.48879107627757,-3.3777375007135877,1.411987649051599,0.0003624090206430433
15.66368212731503,-83.94636840467162,-36.535130563595004,-3.398900211230874,1.4079002008746822,0.0003585789303007758
15.609685541270078,-83.96009080193804,-36.58113043638424,-3.4199231392455145,1.4038026224185491,0.000354795656662994
15.555719775121702,-83.97373444812827,-36.626793451171295,-3.4408072841347748,1.3996952925172317,0.00035105857897844246
15.501786997752221,-83.98729988351486,-36.67212234084504,-3.4615536380440606,1.3955785845106772,0.0003473670850694373
15.447889345662151,-84.0007876435069,-36.717119814854115,-3.48216318593032,1.3914528663122747,0.0003437205712111829
15.394028923306244,-84.01419825870784,-36.761788559403634,-3.5026369056057103,1.3873185004755717,0.00034011844201292906
15.340207803427319,-84.02753225497051,-36.8061312376491,-3.5229757677809195,1.383175844260239,0.0003365601103012207
15.286428027387224,-84.04079015345297,-36.85015048989048,-3.543180736108792,1.3790252496972535,0.00033304499700382125
15.232691605495486,-84.05397247067299,-36.893848933764026,-3.563252767227767,1.374867063653321,0.0003295725310363377
15.17900051733555,-84.06707971856173,-36.93722916443316,-3.583192810805296,1.3707016278945763,0.000326142149189588
15.12535671208848,-84.08011240451683,-36.98029375477798,-3.6030018095813108,1.3665292791495336,0.0003227532960189297
15.0717621088541,-84.0930710314544,-37.02304525558328,-3.6226806994115464,1.3623503491712978,0.0003194054237355039
15.018218596969723,-84.10595609786117,-37.06548619572557,-3.6422304093108933,1.3581651647990536,0.0003160979920983891
14.964728036326637,-84.11876809784496,-37.107619082358575,-3.6616518614966527,1.3539740480188742,0.00031283046830821274
14.911292257683531,-84.13150752118513,-37.14944640109757,-3.6809459714317736,1.349777316023764,0.00030960232690326473
14.857913062978264,-84.14417485338205,-37.19097061620224,-3.7001136478679895,1.3455752812730732,0.00030641304965567807
14.804592225636448,-84.15677057570578,-37.23219417075823,-3.7191557928888415,1.3413682515511502,0.0003032621254701606
14.75133149087783,-84.16929516524463,-37.273119486857695,-3.7380733019527534,1.3371565300253514,0.00030014905028399896
14.698132576020837,-84.18174909495264,-37.31374896577828,-3.7568670639358954,1.3329404153034252,0.00029707332696744625
14.644997170783254,-84.19413283369607,-37.3540849881607,-3.7755379611749906,1.328720201490079,0.0002940344652273814
14.591926937582045,-84.2064468463002,-37.39412991418528,-3.794086869510046,1.3244961782430549,0.00029103198151043404
14.538923511829715,-84.21869159359449,-37.433886083747,-3.812514658326986,1.3202686308284524,0.00028806539890853983
14.485988502228565,-84.23086753245835,-37.47335581662971,-3.8308221906001956,1.3160378401754167,0.0002851342470659903
14.433123491062632,-84.24297511586467,-37.51254141267816,-3.849010322934869,1.3118040829302304,0.00028223806208667557
14.380330034486906,-84.25501479292434,-37.551445151969666,-3.867079905609347,1.307567631509703,0.00027937638644412845
14.327609662814625,-84.26698700892916,-37.59006929498394,-3.885031782617281,1.3033287541540242,0.00027654876889161183
14.27496388080165,-84.27889220539475,-37.628416082771984,-3.902866791709707,1.299087714978915,0.000273754764374057
14.222394167928876,-84.29073082010252,-37.66648773712342,-3.9205857644369555,1.2948447740272342,0.00027099393394108454
14.169901978682038,-84.30250328714095,-37.704286460732455,-3.9381895261903948,1.2906001873199318,0.000268265844661323
14.117488742829186,-84.31421003694695,-37.74181443736326,-3.9556788962441978,1.286354206906445,0.00026557006953824107
14.065155865695779,-84.3258514963462,-37.779073832013296,-3.9730546877967754,1.2821070809144672,0.00026290618742628985
14.012904728437563,-84.3374280885929,-37.816066791075784,-3.990317708012198,1.2778590535991625,0.00026027378294913266
13.960736688310973,-84.34894023340948,-37.852795442501105,-4.007468758061448,1.2736103653918,0.0002576724464187041
13.908653078941295,-84.36038834702502,-37.889261895956224,-4.024508633163434,1.2693612529478009,0.0002551017737551485
13.85665521058832,-84.37177284221374,-37.9254682429838,-4.041438122626002,1.2651119491942275,0.0002525613664085412
13.804744370409841,-84.38309412833298,-37.96141655715948,-4.0582580098867025,1.260862683376713,0.0002500508312810625
13.752921822723035,-84.39435261136006,-37.997108894247795,-4.074969072553321,1.2566136811058684,0.00024756978065036445
13.701188809263181,-84.40554869392984,-38.032547292357705,-4.091572082444476,1.2523651644031013,0.00024511783209440785
13.649546549440142,-84.41668277537033,-38.06773377209592,-4.108067805629835,1.2481173517459048,0.00024269460841740695
13.597996240593005,-84.42775525173887,-38.10267033671955,-4.124457002470253,1.2438704581126507,0.00024029973757597924
13.546539058241894,-84.43876651585775,-38.137358972287615,-4.140740427657778,1.239624695026802,0.00023793285260732084
13.495176156338056,-84.44971695734843,-38.17180164781075,-4.156918830255362,1.2353802706006523,0.00023559359155764413
13.44390866751129,-84.46060696266667,-38.20600031540055,-4.172992953736556,1.2311373895785207,0.00023328159741252248
13.392737751348614,-84.47143691235834,-38.239956923302735,-4.188963545261727,1.2268962690488676,0.0002309965159204149
13.341664394685123,-84.48220719271228,-38.273673362438494,-4.204831317270354,1.222657073248018,0.00022873799750373206
13.290689724405283,-84.49291817753894,-38.307151550290115,-4.220597007615275,1.2184200155987752,0.0002265057047555883
13.23981479019904,-84.50357024097296,-38.34039337281543,-4.236261337788154,1.2141852877668935,0.00022429929964243919
13.189040621639181,-84.51416375414813,-38.373400699799525,-4.251825023886559,1.2099530782584862,0.00022211844874215651
13.138368228425247,-84.5246990852294,-38.406175384999685,-4.2672887766543885,1.2057235724633597,0.00021996282317979875
13.087798600614773,-84.5351765994436,-38.4387192662853,-4.282653301519977,1.2014969526944475,0.000217832098562928
13.037332708852684,-84.5455966591114,-38.471034165777716,-4.297919298634163,1.1972733982268446,0.00021572595491838568
12.98697150459898,-84.55595962367731,-38.50312188998823,-4.313087462908101,1.1930530853364258,0.00021364407662953676
12.936715920353466,-84.56626584974018,-38.53498422995514,-4.3281584840508955,1.1888361873379336,0.00021158615237491148
12.886566869879251,-84.57651569108332,-38.56662296138007,-4.343133046607143,1.184622874622726,0.00020955187506768808
12.836525248423932,-84.58670949870347,-38.598039844762425,-4.358011829994161,1.1804133146960567,0.00020754094179577926
12.786591932938743,-84.59684762084053,-38.62923662553364,-4.372795508539145,1.1762076722139334,0.0002055530537631249
12.736767782295598,-84.60693040300544,-38.66021503418942,-4.387484751516083,1.172006109019544,0.00020358791623172604
12.6870536375027,-84.61695818800948,-38.69097678642177,-4.402080223182499,1.1678087841793137,0.00020164523846461372
12.63745032191705,-84.62693131599148,-38.7215235832492,-4.416582582815999,1.1636158540184443,0.00019972473366961695
12.587958641455916,-84.63685012444586,-38.75185711114628,-4.430992484750626,1.1594274721561297,0.00019782611894418484
12.538579384806066,-84.64671494824972,-38.781979042172075,-4.445310578413055,1.1552437895403433,0.00019594911522044945
12.48931332363101,-84.65652611969,-38.81189103409746,-4.459537508358561,1.1510649544822165,0.0001940934472115292
12.44016121277615,-84.66628396848971,-38.84159473053117,-4.473673914306777,1.1468911126900012,0.00019225884335877052
12.391123790472015,-84.67598882183417,-38.871091761045015,-4.487720431177249,1.1427224073026316,0.00019044503577920674
12.34220177853575,-84.68564100439711,-38.90038374129817,-4.501677689124904,1.1385589789229287,0.00018865176021414795
12.293395882570584,-84.69524083836636,-38.929472273160215,-4.515546313575177,1.1344009656503913,0.0001868787559787758
12.244706792163274,-84.70478864346839,-38.958358944832916,-4.52932692525898,1.1302485031135996,0.000185125765911735
12.196135181079883,-84.71428473699405,-38.987045330971625,-4.54302014024755,1.126101724502251,0.00018339253632598362
12.147681707459267,-84.72372943382265,-39.01553299280503,-4.556626569986983,1.1219607605987856,0.00018167881696039208
12.099347014005133,-84.73312304644641,-39.04382347825409,-4.570146821332626,1.1178257398096871,0.0001799843609317128
12.051131728176088,-84.74246588499456,-39.0719183220503,-4.583581496583308,1.1136967881963908,0.00017830892468744645
12.003036462373403,-84.75175825725664,-39.09981904585221,-4.596931193515234,1.1095740295057794,0.000176652267959258
11.955061814127783,-84.76100046870624,-39.127527158361694,-4.6101965054158365,1.1054575852004256,0.00017501415371737433
11.907208366283516,-84.77019282252395,-39.155044155438844,-4.623378021117333,1.1013475744883623,0.000173394348125008
11.859476687181367,-84.77933561962003,-39.18237152021575,-4.636476325030038,1.0972441143525835,0.00017179262049427937
11.811867330839178,-84.78842915865722,-39.20951072320994,-4.649491997175637,1.0931473195801413,0.0001702087432420253
11.76438083713103,-84.79747373607266,-39.236463222435944,-4.662425613220078,1.0890573027909092,0.00016864249184645562
11.717017731964619,-84.80646964609979,-39.263230463516486,-4.675277744506311,1.0849741744660346,0.00016709364480472168
11.66977852745654,-84.81541718079042,-39.28981387979278,-4.688048958086915,1.0808980429760005,0.0001655619835909517
11.62266372210652,-84.82431663003585,-39.31621489243351,-4.700739816756403,1.0768290146084254,0.0001640472926143548
11.575673800968717,-84.83316828158776,-39.34243491054289,-4.713350879083359,1.0727671935954144,0.00016254935917870173
11.528809235822667,-84.84197242107996,-39.36847533126852,-4.725882699442478,1.068712682140722,0.00016106797344211956
11.482070485341602,-84.85072933204779,-39.39433753990682,-4.738335828046142,1.064665580446498,0.0001596029283770201
11.435457995259293,-84.85943929594949,-39.42002291000925,-4.75071081097611,1.0606259867397285,0.00015815401973123604
11.38897219853535,-84.8681025921856,-39.44553280348626,-4.763008190214758,1.056593997298394,0.00015672104598943778
11.342613515518625,-84.87671949811946,-39.47086857071126,-4.7752285036762805,1.052569706477269,0.00015530380833492105
11.29638235410926,-84.88529028909647,-39.496031550623144,-4.787372285237578,1.0485532067334633,0.00015390211061231358
11.25027910991878,-84.8938152384637,-39.5210230708281,-4.799440064769008,1.0445445886516136,0.0001525157592905071
11.204304166428745,-84.90229461758837,-39.545844447700226,-4.81143236816485,1.0405439409687975,0.0001511445634260013
11.158457895147412,-84.91072869587742,-39.57049698648184,-4.823349717373691,1.036551350599105,0.00014978833462729927
11.112740655765677,-84.91911774079627,-39.59498198138267,-4.835192630428543,1.0325669026580258,0.0001484468870193376
11.067152796310173,-84.92746201788665,-39.6193007156778,-4.846961621476737,1.0285906804863854,0.00014712003720878481
11.021694653295782,-84.93576179078556,-39.64345446180538,-4.858657200809672,1.0246227656741205,0.0001458076042491697
10.976366551876243,-84.94401732124254,-39.66744448146284,-4.87027987489229,1.0206632380837277,0.0001445094096072412
10.93116880599303,-84.95222886913804,-39.691272025702865,-4.881830146392463,1.0167121758734052,0.0001432252771295129
10.886101718523138,-84.96039669250057,-39.71493833502794,-4.893308514210043,1.0127696555199717,0.00014195503300928007
10.841165581424802,-84.96852104752429,-39.73844463948452,-4.904715473505819,1.0088357518414472,0.00014069850575404978
10.796360675881822,-84.97660218858627,-39.76179215875632,-4.916051515730281,1.0049105380193861,0.00013945552615350388
10.751687272446668,-84.98464036826357,-39.7849821022566,-4.927317128652122,1.0009940856209538,0.00013822592724792448
10.707145631182076,-84.99263583734911,-39.80801566921931,-4.938512796386528,0.997086464620753,0.00013700954429688182
10.662736001800624,-85.00058884486909,-39.83089404879019,-4.94963899942335,0.9931877434223187,0.0001358062147487768
10.618458623803653,-85.00849963809915,-39.85361842011668,-4.960696214655061,0.989297988879438,0.00013461577821030456
10.574313726618042,-85.01636846258025,-39.87618995243669,-4.971684915404448,0.9854172663171545,0.00013343807641690256
10.530301529731618,-85.02419556213506,-39.89860980516742,-4.982605571452266,0.9815456395525137,0.00013227295320297378
10.486422242827796,-85.03198117888326,-39.92087912799234,-4.993458649064468,0.9776831709151297,0.00013112025447310243
10.44267606591773,-85.03972555325743,-39.94299906094835,-5.004244611019471,0.9738299212673968,0.0001299798281733057
10.399063189472248,-85.04742892401832,-39.964970734511496,-5.014963916635088,0.9699859500245707,0.00012885152426316202
10.355583794551297,-85.05509152827014,-39.98679526968223,-5.025617021795295,0.9661513151745063,0.00012773519468754242
10.312238052932743,-85.06271360147556,-40.00847377806999,-5.036204378976883,0.9623260732972251,0.0001266306933494983
10.269026129724274,-85.07029537738157,-40.030007362602475,-5.0467264377146694,0.9585102803705864,0.0001255378760058002
10.2259482114678,-85.07783708704105,-40.05139712464778,-5.057183649562118,0.9547040006389365,0.0001244565991392113
10.183004401582345,-85.08533896258751,-40.072644137765565,-5.067576449645706,0.9509072735068315,0.0001233867202585016
10.14019483663794,-85.09280123303331,-40.09374947699597,-5.077905277194269,0.9471201503261716,0.00012232810128193724
10.097519644482546,-85.10022412582522,-40.1147142083835,-5.088170568148286,0.9433426811151201,0.00012128060590591976
10.054978944361688,-85.10760786685802,-40.1355393890564,-5.098372755185144,0.93957491457599,0.00012024409958499898
10.012572847044137,-85.11495268048846,-40.15622606730783,-5.108512267745647,0.9358168981152851,0.00011921844951130972
9.970301454945549,-85.12225878954844,-40.17677528267586,-5.118589532060156,0.9320686778632856,0.00011820352459401541
9.92816486225007,-85.12952641535844,-40.197188066022726,-5.128604971174475,0.9283302986932133,0.00011719919543942918
9.88616315503079,-85.13675577774012,-40.21746543961276,-5.138559004975374,0.9246018042400879,0.00011620533433019968
9.844296411367791,-85.1439470950301,-40.23760841719044,-5.148452050215994,0.9208832369191361,0.00011522181520494978
9.802564701464686,-85.15110058409198,-40.257618004056646,-5.15828452054082,0.9171746379438886,0.00011424851363765729
9.760968087764047,-85.15821646033005,-40.2774951971451,-5.168056826510591,0.9134760473439827,0.0001132853068175168
9.719506625060564,-85.16529493770099,-40.29724098509703,-5.17776937562677,0.9097875039825857,0.00011233207352830449
9.678180360613139,-85.1723362287269,-40.31685634833589,-5.187422572355936,0.9061090455735654,0.00011138869412810722
9.636989334255263,-85.17934054450784,-40.33634225914123,-5.197016818153921,0.902440708698349,0.00011045505052958847
9.595933578504265,-85.18630809473309,-40.35569968172102,-5.206552511489589,0.8987825288225214,0.0001095310261795528
9.555013118668716,-85.19323908769462,-40.37492957228466,-5.216030047868616,0.8951345403121319,0.00010861650603933888
9.514227972954824,-85.20013373029794,-40.394032879114036,-5.2254498198569,0.8914967764497709,0.00010771137656482807
9.473578152571521,-85.20699222807451,-40.4130105426345,-5.2348122171038,0.8878692694503955,0.00010681552568710101
9.433063661833847,-85.21381478519336,-40.431863495485146,-5.244117626365209,0.8842520504768826,0.00010592884279316313
9.392684498265272,-85.22060160447269,-40.45059266258827,-5.253366431526436,0.8806451496553752,0.00010505121870648117
9.352440652699125,-85.22735288739133,-40.46919896121815,-5.262559013624781,0.8770485960904246,0.00010418254566830538
9.312332109378191,-85.23406883409996,-40.48768330106925,-5.271695750872072,0.8734624178798702,0.00010332271731859646
9.272358846053413,-85.24074964343278,-40.50604658432395,-5.280777018676929,0.8698866421295234,0.00010247162867758443
9.232520834081487,-85.24739551291796,-40.52428970571919,-5.289803189666849,0.8663212949676651,0.00010162917612722859
9.192818038520846,-85.2540066387892,-40.54241355261293,-5.29877463371011,0.8627664015592803,0.00010079525739304847
9.153250418227225,-85.26058321599677,-40.56041900505002,-5.30769171793757,0.8592219861201896,9.996977152643583e-05
9.113817925947384,-85.26712543821728,-40.57830693582669,-5.316554806764103,0.8556880719308945,9.915261888652207e-05
9.074520508412137,-85.27363349786519,-40.59607821055539,-5.325364261910061,0.852164681350286,9.834370112274663e-05
9.03535810642822,-85.28010758610344,-40.61373368772878,-5.334120442422511,0.8486518358291713,9.754292115755695e-05
8.996330654968716,-85.28654789285318,-40.63127421878264,-5.342823704696199,0.8451495559235672,9.675018316926896e-05
8.957438083263213,-85.29295460680451,-40.64870064815859,-5.351474402494423,0.8416578613079031,9.596539257516234e-05
8.918680314885938,-85.29932791542669,-40.66601381336641,-5.360072886969819,0.8381767707879596,9.518845601465907e-05
8.88005726784359,-85.30566800497802,-40.68321454504528,-5.368619506684783,0.834706302313697,9.441928133310539e-05
8.841568854661848,-85.311975060516,-40.70030366702488,-5.3771146076319205,0.8312464729918958,9.36577775650409e-05
8.803214982470823,-85.31824926590716,-40.71728199638575,-5.385558533254242,0.8277972990986323,9.290385491879587e-05
8.764995553089795,-85.32449080383667,-40.734150343519026,-5.393951624465187,0.8243587960916029,9.215742476001705e-05
8.726910463110457,-85.33069985581834,-40.750909512185885,-5.402294219668559,0.8209309786222626,9.141839959630941e-05
8.688959603979642,-85.33687660220389,-40.767560299576076,-5.41058665477822,0.8175138605478276,9.068669306181996e-05
8.651142862081107,-85.34302122219232,-40.7841034963661,-5.41882926323765,0.8141074549431514,8.996221990188628e-05
8.613460118816013,-85.3491338938396,-40.80053988677701,-5.427022376039433,0.8107117741123937,8.924489595816359e-05
8.575911250682458,-85.35521479406778,-40.81687024863154,-5.435166321744497,0.8073268296005509,8.85346381535989e-05
8.538496129354513,-85.36126409867406,-40.83309535341043,-5.4432614265011985,0.8039526322048761,8.783136447801925e-05
8.501214621760335,-85.36728198233973,-40.84921596630867,-5.451308014064296,0.8005891919861624,8.713499397343517e-05
8.464066590158323,-85.37326861863957,-40.865232846291164,-5.459306405813824,0.7972365182797666,8.644544672011926e-05
8.427051892213958,-85.37922418005047,-40.88114674614762,-5.467256920773698,0.7938946197066659,8.576264382231878e-05
8.390170381074627,-85.38514883795992,-40.89695841254699,-5.47515987563022,0.7905635041842454,8.508650739461784e-05
8.353421905444042,-85.39104276267541,-40.912668586091826,-5.483015584750524,0.7872431789370102,8.44169605480323e-05
8.316806309655313,-85.39690612343225,-40.92827800137154,-5.490824360200746,0.7839336505071108,8.375392737689522e-05
8.280323433743881,-85.40273908840261,-40.943787387015504,-5.498586511764102,0.7806349247648027,8.309733294510665e-05
8.243973113519084,-85.40854182470378,-40.9591974657457,-5.506302346958854,0.7773470069187264,8.244710327330853e-05
8.207755180634962,-85.41431449840614,-40.97450895442861,-5.513972171056086,0.7740699015260724,8.180316532610033e-05
8.171669462660448,-85.42005727454199,-40.98972256412696,-5.521596287097358,0.770803612502625,8.116544699894743e-05
8.135715783148227,-85.42577031711355,-41.004839000150966,-5.5291749959122765,0.7675481431326471,8.053387710584006e-05
8.09989396170335,-85.43145378910076,-41.019858962108714,-5.536708596135789,0.7643034960786754,7.990838536684611e-05
8.06420381405086,-85.43710785246952,-41.034783143956496,-5.54419738422547,0.7610696733912032,7.928890239577924e-05
8.028645152102438,-85.44273266817947,-41.04961223404856,-5.551641654478639,0.7578466765181926,7.867535968849537e-05
7.993217784022272,-85.44832839619178,-41.06434691518619,-5.559041699049259,0.7546345063144889,7.806768961043885e-05
7.957921514292522,-85.45389519547713,-41.07898786466683,-5.56639780796484,0.7514331630511489,7.746582538532564e-05
7.922756143777596,-85.45943322402317,-41.09353575433215,-5.573710269143087,0.7482426464246065,7.686970108354175e-05
7.88772146978757,-85.46494263884206,-41.10799125061611,-5.580979368408475,0.7450629555657144,7.627925161064328e-05
7.8528172861416285,-85.47042359597832,-41.12235501459262,-5.588205389508732,0.7418940890487613,7.569441269616766e-05
7.818043383229628,-85.47587625051591,-41.13662770202227,-5.595388614131064,0.7387360449002431,7.511512088262975e-05
7.783399548073908,-85.48130075658557,-41.150809963398984,-5.602529321918347,0.73558882060764,7.454131351423434e-05
7.748885564389667,-85.48669726737263,-41.16490244399661,-5.609627790485221,0.7324524131280002,7.39729287264331e-05
7.7145012126450405,-85.49206593512349,-41.17890578391409,-5.616684295433925,0.7293268188964671,7.340990543526832e-05
7.68024627012028,-85.49740691115325,-41.19282061812126,-5.623699110370144,0.7262120338346774,7.285218332681693e-05
7.646120510966332,-85.50272034585264,-41.206647576503514,-5.630672506918623,0.723108053359063,7.2299702846809e-05
7.612123706262383,-85.50800638869478,-41.220387283906305,-5.637604754738717,0.7200148723890145,7.175240519047887e-05
7.578255624073302,-85.51326518824305,-41.234040360179826,-5.644496121539879,0.7169324853550073,7.121023229246204e-05
7.5445160295056395,-85.5184968921564,-41.247607420221655,-5.651346873096775,0.7138608862065423,7.067312681696316e-05
7.510904684763798,-85.52370164719747,-41.26108907402097,-5.6581572732646155,0.7108000684200735,7.014103214793826e-05
7.4774213492047235,-85.52887959923885,-41.27448592670112,-5.664927583994114,0.7077500250067572,6.961389237945442e-05
7.44406577939237,-85.53403089326986,-41.28779857856217,-5.671658065346447,0.704710748520144,6.909165230616636e-05
7.410837729151503,-85.53915567340242,-41.301027625122735,-5.6783489755079914,0.7016822310637765,6.85742574137807e-05
7.377736949620666,-85.54425408287881,-41.31417365716216,-5.685000570805063,0.6986644642986638,6.806165387016621e-05
7.344763189304575,-85.54932626407705,-41.32723726076154,-5.691613105718469,0.6956574394506864,6.755378851601555e-05
7.311916194125901,-85.5543723585181,-41.340219017344964,-5.698186832897972,0.6926611473178909,6.705060885570736e-05
7.27919570747636,-85.5593925068716,-41.3531195037198,-5.704722003176581,0.6896755782776927,6.655206304882707e-05
7.24660147026743,-85.5643868489627,-41.3659392921172,-5.711218865584794,0.6867007222940181,6.605809990101993e-05
7.214133220979851,-85.56935552377757,-41.37867895023165,-5.717677667364686,0.6837365689242876,6.556866885573496e-05
7.18179069571314,-85.57429866947017,-41.391339041260665,-5.724098653983894,0.6807831073263804,6.508371998536684e-05
7.149573628234291,-85.57921642336825,-41.40392012394394,-5.730482069149521,0.6778403262654791,6.46032039830534e-05
7.117481750025598,-85.58410892197917,-41.41642275260195,-5.736828154821855,0.6749082141208141,6.412707215448541e-05
7.085514790332282,-85.58897630099587,-41.42884747717436,-5.743137151228027,0.6719867588923432,6.365527640966741e-05
7.053672476209223,-85.59381869530297,-41.4411948432582,-5.749409296875577,0.6690759482073356,6.318776925454748e-05
7.021954532567353,-85.59863623898279,-41.4534653921456,-5.755644828565879,0.6661757693268768,6.272450378377998e-05
6.990360682219442,-85.60342906532091,-41.46565966086102,-5.761843981407449,0.6632862091523011,6.226543367227673e-05
6.958890645924843,-85.60819730681175,-41.477778182198236,-5.76800698882915,0.6604072542314868,6.181051316775505e-05
6.927544142434477,-85.6129410951645,-41.48982148475701,-5.774134082593294,0.6575388907651508,6.135969708332323e-05
6.89632088853471,-85.61766056130915,-41.501790092979775,-5.780225492808721,0.6546811046130164,6.091294078936262e-05
6.865220599090581,-85.62235583540117,-41.513684527187,-5.786281447943558,0.6518338812998776,6.0470200206915494e-05
6.834242987089077,-85.62702704682809,-41.525505303613606,-5.792302174838154,0.6489972060216581,6.0031431799846e-05
6.8033877636811555,-85.6316743242141,-41.53725293444364,-5.79828789871765,0.6461710636513097,5.9596592567595236e-05
6.772654638223768,-85.63629779542607,-41.54892792784575,-5.80423884320464,0.6433554387447008,5.916564003864075e-05
6.742043318321152,-85.64089758757873,-41.560530788007654,-5.8101552303316,0.6405503155463926,5.8738532262949094e-05
6.711553509865476,-85.64547382703992,-41.5720620151706,-5.816037280553296,0.6377556779953417,5.831522780526757e-05
6.681184917077139,-85.65002663943595,-41.58352210566341,-5.8218852127590655,0.634971509730543,5.789568573838379e-05
6.65093724254462,-85.65455614965711,-41.59491155193636,-5.827699244284983,0.6321977940965973,5.74798656362592e-05
6.620810187263495,-85.65906248186266,-41.60623084259454,-5.833479590925975,0.629434514149188,5.706772756755097e-05
6.5908034506754145,-85.66354575948537,-41.61748046243065,-5.839226466947707,0.6266816526605221,5.6659232088905204e-05
6.560916730706079,-85.6680061052378,-41.62866089245853,-5.844940085098592,0.6239391921246493,5.6254340238815265e-05
6.5311497238031855,-85.67244364111649,-41.63977260994518,-5.850620656621525,0.6212071147627708,5.5853013531123727e-05
6.50150212497359,-85.67685848840732,-41.650816088443214,-5.856268391265553,0.6184854025284329,5.54552139485589e-05
6.471973627819989,-85.68125076769017,-41.6617917978226,-5.861883497297491,0.6157740371126588,5.506090393664616e-05
6.442563924577395,-85.6856205988442,-41.67270020430256,-5.8674661815134295,0.6130729999490497,5.467004639795098e-05
6.4132727061488195,-85.68996810105244,-41.683541770482755,-5.873016649250143,0.6103822722187692,5.428260468582884e-05
6.3840996621407005,-85.69429339280673,-41.69431695537433,-5.878535104396377,0.6077018348554963,5.3898542598164666e-05
6.35504448089775,-85.69859659191268,-41.70502621443101,-5.884021749404131,0.6050316685502963,5.351782437211206e-05
6.326106849537437,-85.7028778154939,-41.71566999957914,-5.889476785299724,0.6023717537564451,5.314041467800438e-05
6.297286453983967,-85.70713717999725,-41.7262487592483,-5.894900411694887,0.5997220706941666,5.276627861363087e-05
6.268582979001799,-85.71137480119734,-41.73676293840114,-5.900292826797697,0.5970825993553264,5.2395381698913446e-05
6.239996108228747,-85.7155907942009,-41.74721297856297,-5.905654227423427,0.5944533195080498,5.202768987015612e-05
6.2115255242087235,-85.71978527345146,-41.7575993178511,-5.910984809005298,0.5918342107012965,5.1663169474391846e-05
6.183170908423976,-85.72395835273426,-41.76792239100436,-5.916284765605247,0.5892252522693658,5.130178726450777e-05
6.1549319413266685,-85.72811014518008,-41.77818262941149,-5.921554289924425,0.5866264233363137,5.094351039361478e-05
6.126808302370634,-85.73224076327021,-41.788380461140065,-5.926793573313773,0.5840377028203781,5.0588306409661096e-05
6.098799670041985,-85.73635031884065,-41.798516310964736,-5.932002805784436,0.5814590694382678,5.023614325080357e-05
6.0709057218900275,-85.74043892308669,-41.80859060039539,-5.937182176018089,0.5788905017094671,4.988698923970743e-05
6.0431261345570055,-85.74450668656675,-41.81860374770477,-5.942331871377178,0.5763319779604068,4.9540813079017116e-05
6.01546058380826,-85.7485537192072,-41.828556167956215,-5.947452077915125,0.5737834763286641,4.91975838460615e-05
5.98790874456126,-85.75258013030648,-41.83844827303113,-5.952542980386428,0.5712449747670301,4.8857270988259566e-05
5.9604702909148,-85.75658602853939,-41.84828047165585,-5.95760476225664,0.5687164510475792,4.851984431780282e-05
5.933144896177266,-85.76057152196084,-41.858053169428395,-5.962637605712265,0.5661978827656295,4.8185274007746086e-05
5.905932232895103,-85.76453671801073,-41.867766768845385,-5.967641691670683,0.5636892473437155,4.785353058631596e-05
5.878831972880502,-85.76848172351724,-41.877421669327916,-5.972617199789809,0.5611905220354566,4.7524584933201445e-05
5.851843787238677,-85.7724066447015,-41.887018267248095,-5.977564308477877,0.5587016839293801,4.719840827435144e-05
5.824967346395186,-85.77631158718165,-41.89655695595474,-5.982483194902984,0.5562227099527263,4.687497217762887e-05
5.798202320122377,-85.78019665597651,-41.906038125798965,-5.987374035002628,0.5537535768751596,4.655424854876194e-05
5.771548377565735,-85.78406195550961,-41.91546216415957,-5.9922370034931705,0.5512942613124499,4.623620962652393e-05
5.745005187269977,-85.78790758961341,-41.92482945546824,-5.997072273879168,0.548844739730114,4.592082797836376e-05
5.718572417204411,-85.79173366153302,-41.934140381234606,-6.00188001846273,0.5464049884469826,4.560807649663329e-05
5.69224973478836,-85.79554027392994,-41.94339532007067,-6.00666040835267,0.543974983638741,4.529792839391208e-05
5.666036806915931,-85.79932752888634,-41.952594647715614,-6.011413613473698,0.5415547013414059,4.499035719903046e-05
5.639933299980763,-85.80309552790824,-41.96173873705978,-6.016139802575469,0.5391441174547835,4.468533675313805e-05
5.613938879899885,-85.80684437193008,-41.970827958168954,-6.020839143241569,0.5367432077458186,4.4382841205385815e-05
5.588053212137809,-85.81057416131748,-41.97986267830784,-6.02551180189842,0.534351947851969,4.408284500922985e-05
5.56227596173018,-85.81428499587189,-41.988843261964064,-6.030157943824176,0.5319703132845071,4.378532291828106e-05
5.536606793306646,-85.81797697483394,-41.99777007087147,-6.034777733157486,0.5295982794317479,4.349024998252455e-05
5.51104537111401,-85.82165019688672,-42.00664346403302,-6.039371332906157,0.5272358215622783,4.3197601544594084e-05
5.485591359038595,-85.82530476016014,-42.015463797744175,-6.043938904955832,0.5248829148281026,4.290735323583659e-05
5.460244420628657,-85.8289407622336,-42.0242314256152,-6.048480610078499,0.5225395342677803,4.261948097281603e-05
5.435004219116217,-85.83255830014036,-42.032946698594074,-6.052996607941026,0.5202056548094973,4.233396095334531e-05
5.409870417438546,-85.83615747037085,-42.041609964988815,-6.057487057113591,0.5178812512740862,4.205076965322837e-05
5.3848426782596865,-85.839738368876,-42.05022157048945,-6.061952115078013,0.5155662983780377,4.1769883822413645e-05
5.3599206639913115,-85.84330109107086,-42.05878185819009,-6.066391938236025,0.5132607707364454,4.149128048160415e-05
5.335104036813363,-85.84684573183796,-42.06729116861063,-6.070806681917521,0.510964642865906,4.121493691890077e-05
5.310392458694706,-85.85037238553082,-42.07574983971829,-6.075196500388682,0.508677889187413,4.09408306859245e-05
5.285785591412958,-85.85388114597737,-42.08415820694907,-6.079561546860081,0.5064004840291599,4.066893959509083e-05
5.261283096574375,-85.85737210648323,-42.09251660322873,-6.083901973494667,0.5041324016293397,4.0399241715771785e-05
5.236884635633356,-85.86084535983501,-42.10082535899398,-6.088217931415772,0.5018736161388925,4.013171537122682e-05
5.212589869911858,-85.86430099830365,-42.10908480221297,-6.092509570714922,0.4996241016242321,3.986633913531181e-05
5.18839846061806,-85.8677391136479,-42.11729525840632,-6.096777040459759,0.4973838320698998,3.960309182950104e-05
5.1643100688653325,-85.87115979711731,-42.12545705066709,-6.101020488701698,0.4951527813812194,3.9341952519236556e-05
5.140324355690409,-85.8745631394555,-42.13357049968113,-6.105240062483668,0.4929309233868771,3.908290051122406e-05
5.1164409820716745,-85.87794923090361,-42.14163592374736,-6.109435907847776,0.4907182318415014,3.882591535039205e-05
5.09265960894692,-85.88131816120327,-42.149653638797425,-6.11360816984285,0.48851468042817825,3.8570976816567796e-05
5.068979897230984,-85.88467001959971,-42.157623958415286,-6.117756992531904,0.4863202427609393,3.831806492172289e-05
5.045401507833174,-85.88800489484501,-42.16554719385689,-6.12188251899965,0.4841348923872319,3.8067159907004596e-05
5.02192410167424,-85.8913228752014,-42.17342365406958,-6.125984891359892,0.4819586027903281,3.781824223957503e-05
4.998547339703191,-85.89462404844367,-42.18125364571086,-6.130064250762756,0.4797913473917043,3.7571292610230123e-05
4.975270882913946,-85.89790850186301,-42.189037473167865,-6.13412073740208,0.47763309955340655,3.732629192999137e-05
4.952094392361589,-85.90117632226962,-42.19677543857582,-6.138154490522532,0.47548383258035715,3.70832213278645e-05
4.929017529178407,-85.90442759599578,-42.20446784183687,-6.1421656484268095,0.4733435197226376,3.684206214771661e-05
4.906039954589822,-85.90766240889904,-42.21211498063855,-6.146154348482719,0.47121213417775076,3.660279594565537e-05
4.88316132992993,-85.91088084636466,-42.21971715047181,-6.150120727130156,0.46908964909282974,3.636540448732217e-05
4.8603813166567225,-85.91408299330912,-42.227274644649555,-6.1540649198881665,0.4669760375668225,3.612986974541318e-05
4.83769957636746,-85.91726893418281,-42.234787754324444,-6.157987061361816,0.4648712726526607,3.589617389699945e-05
4.815115770813361,-85.92043875297308,-42.24225676850678,-6.161887285249076,0.462775327359373,3.566429932072946e-05
4.792629561914151,-85.92359253320647,-42.24968197408185,-6.165765724347567,0.4606881746541642,3.543422859461368e-05
4.770240611772817,-85.92673035795258,-42.25706365582804,-6.169622510561426,0.45860978746451597,3.5205944493352377e-05
4.7479485826894,-85.92985230982613,-42.26440209643357,-6.173457774907882,0.456540138680168,3.497942998569392e-05
4.725753137175283,-85.93295847099017,-42.27169757651417,-6.177271647523999,0.45447920115516,3.475466823256632e-05
4.703653937966806,-85.93604892315825,-42.278950374629524,-6.1810642576731505,0.45242694770979147,3.4531642583902773e-05
4.681650648038846,-85.93912374759822,-42.28616076730088,-6.184835733751682,0.45038335113256506,3.431033657675202e-05
4.659742930617975,-85.9421830251341,-42.29332902902726,-6.188586203295307,0.448348384182085,3.409073393307157e-05
4.637930449195801,-85.94522683614906,-42.30045543230222,-6.192315792985557,0.44632201958897183,3.38728185570001e-05
4.616212867541795,-85.94825526058823,-42.307540247630236,-6.196024628656153,0.44430423005770747,3.365657453268394e-05
4.594589849715842,-85.95126837796123,-42.31458374354302,-6.199712835299348,0.4422949882684574,3.34419861221769e-05
4.573061060080824,-85.95426626734499,-42.32158618661565,-6.203380537072172,0.4402942668788786,3.322903776329412e-05
4.551626163314961,-85.95724900738647,-42.328547841482774,-6.207027857302723,0.4383020385259072,3.3017714067057314e-05
4.530284824423855,-85.96021667630457,-42.33546897085391,-6.210654918496213,0.4363182758274994,3.280799981583092e-05
4.509036708752279,-85.96316935189384,-42.342349835529795,-6.21426184234121,0.4343429513843435,3.2599879961160075e-05
4.487881481995978,-85.96610711152631,-42.349190694417615,-6.217848749715657,0.43237603778157635,3.239333962162047e-05
4.466818810213097,-85.96903003215418,-42.35599180454646,-6.221415760692898,0.4304175075904389,3.218836408070352e-05
4.445848359835635,-85.97193819031231,-42.362753421082616,-6.224962994547643,0.42846733336994247,3.198493878472726e-05
4.424969797680288,-85.97483166212119,-42.36947579734493,-6.228490569761942,0.4265254876684592,3.178304934099008e-05
4.404182790959601,-85.97771052328896,-42.37615918481966,-6.231998604031009,0.42459194302534314,3.1582681515826876e-05
4.383487007292685,-85.98057484911396,-42.38280383317528,-6.235487214269069,0.42266667197249314,3.1383821232184274e-05
4.362882114715744,-85.9834247144875,-42.38940999027746,-6.238956516615155,0.4207496470359043,3.11864545680774e-05
4.342367781692389,-85.98626019389594,-42.3959779022035,-6.242406626438816,0.4188408407371747,3.099056775467384e-05
4.321943677124003,-85.9890813614232,-42.402507813256896,-6.245837658345825,0.4169402255950326,3.079614717443457e-05
4.301609470359666,-85.99188829075347,-42.408999965981856,-6.249249726183846,0.4150477741267927,3.060317935880673e-05
4.281364831206089,-85.99468105517329,-42.415454601177316,-6.252642943047994,0.4131634588498219,3.0411650986884892e-05
4.261209429937229,-85.99745972757412,-42.42187195791117,-6.256017421286393,0.4112872522829613,3.022154888341008e-05
4.241142937303834,-86.00022438045458,-42.42825227353431,-6.259373272505716,0.4094191269479351,3.0032860016889978e-05
4.221165024542776,-86.00297508592288,-42.43459578369441,-6.26271060757663,0.4075590553707415,2.9845571498066027e-05
4.201275363386296,-86.00571191569901,-42.44090272234965,-6.2660295366391905,0.40570701008301646,2.9659670577908057e-05
4.181473626071115,-86.00843494111726,-42.44717332178238,-6.269330169108247,0.40386296362338514,2.9475144646075667e-05
4.16175948534697,-86.01114423312839,-42.45340781261273,-6.272612613678791,0.4020268885387568,2.929198122903974e-05
4.142132614485706,-86.01383986230174,-42.459606423811714,-6.275876978331192,0.4001987573856584,2.911016798864998e-05
4.122592687289654,-86.01652189882788,-42.46576938271482,-6.279123370336505,0.39837854273150053,2.892969272023152e-05
4.1031393780999545,-86.01919041252079,-42.47189691503502,-6.282351896261649,0.39656621715582496,2.875054335113695e-05
4.083772361804939,-86.02184547281962,-42.477989244875694,-6.285562661974548,0.3947617532515621,2.857270793892873e-05
4.0644913138481,-86.02448714879132,-42.48404659474363,-6.288755772649279,0.3929651236262367,2.839617467012367e-05
4.045295910236183,-86.02711550913284,-42.49006918556189,-6.29193133277115,0.39117630090318367,2.822093185824651e-05
4.026185827546784,-86.02973062217326,-42.49605723668247,-6.295089446141739,0.38939525772270256,2.8046967942550902e-05
4.007160742936224,-86.03233255587595,-42.50201096589891,-6.298230215883909,0.38762196674324756,2.7874271486264717e-05
3.9882203341468068,-86.03492137784042,-42.50793058945859,-6.30135374444672,0.38585640064254245,2.7702831175340933e-05
3.9693642795143753,-86.0374971553052,-42.51381632207535,-6.304460133610407,0.3840985321187185,2.7532635816828064e-05
3.950592257975504,-86.04005995514919,-42.519668376941524,-6.307549484491208,0.38234833389142,2.736367433729781e-05
3.931903949074455,-86.0426098438939,-42.52548696574003,-6.310621897546203,0.3806057787028755,2.719593578158615e-05
3.9132990329703254,-86.04514688770614,-42.53127229865677,-6.313677472578204,0.3788708393189883,2.7029409311161457e-05
3.894777190443628,-86.04767115239937,-42.53702458439221,-6.316716308740409,0.37714348853035884,2.6864084203069812e-05
3.8763381029031527,-86.05018270343635,-42.54274403017343,-6.319738504541203,0.37542369915333873,2.669994984811843e-05
3.857981452392434,-86.05268160593063,-42.54843084176558,-6.322744157848777,0.37371144403103357,2.653699574964751e-05
3.839706921596189,-86.055167924649,-42.55408522348374,-6.325733365895852,0.37200669603431136,2.6375211522354706e-05
3.821514193846528,-86.05764172401321,-42.559707378204315,-6.328706225284225,0.3703094280627634,2.6214586890728182e-05
3.803402953129287,-86.06010306810244,-42.56529750737657,-6.3316628319894015,0.36861961304569313,2.6055111687713582e-05
3.785372884089948,-86.0625520206548,-42.570855811033844,-6.334603281365098,0.36693722394305284,2.58967758537228e-05
3.76742367203951,-86.06498864506936,-42.57638248780467,-6.3375276681477475,0.3652622337463667,2.5739569434879165e-05
3.7495550029603257,-86.06741300440866,-42.581877734924255,-6.340436086461006,0.3635946154796517,2.5583482582011944e-05
3.7317665635118393,-86.0698251613997,-42.58734174824495,-6.343328629820096,0.36193434220032417,2.5428505549571743e-05
3.7140580410360418,-86.07222517843681,-42.592774722247704,-6.346205391136305,0.3602813870000707,2.5274628693886812e-05
3.6964291235628677,-86.07461311758331,-42.59817685005277,-6.349066462721307,0.3586357230057172,2.5121842472566358e-05
3.678879499815639,-86.07698904057287,-42.60354832343003,-6.3519119362914385,0.35699732338009,2.4970137442815138e-05
3.661408859216147,-86.07935300881233,-42.60888933281036,-6.3547419029720915,0.35536616132284454,2.481950426036878e-05
3.644016891889832,-86.08170508338272,-42.61420006729544,-6.357556453301869,0.3537422100712904,2.4669933678413014e-05
3.6267032886706914,-86.0840453250417,-42.61948071466876,-6.360355677236876,0.35212544290120185,2.452141654632919e-05
3.609467741106267,-86.08637379422528,-42.62473146140572,-6.36313966415489,0.3505158331276154,2.4373943808569837e-05
3.592309941462128,-86.08869055104941,-42.62995249268393,-6.3659085028594955,0.34891335410558144,2.4227506503573424e-05
3.575229582726891,-86.09099565531235,-42.635143992393544,-6.368662281584259,0.34731797923097063,2.40820957624105e-05
3.5582263586163676,-86.0932891664959,-42.640306143147185,-6.371401087996771,0.34572968194117953,2.393770280827451e-05
3.5412999635784237,-86.09557114376764,-42.6454391262901,-6.374125009202746,0.3441484357159152,2.3794318954647087e-05
3.5244500927968927,-86.09784164598238,-42.65054312190982,-6.376834131749972,0.34257421407786565,2.365193560476947e-05
3.507676442196159,-86.1001007316844,-42.65561830884645,-6.3795285416324266,0.34100699059345774,2.3510544250348558e-05
3.4909787084450254,-86.10234845910878,-42.66066486470205,-6.382208324294142,0.33944673887351656,2.33701364705253e-05
3.4743565889609758,-86.1045848861834,-42.66568296585042,-6.384873564633174,0.337893432573977,2.323070393073827e-05
3.457809781913864,-86.10681007053064,-42.67067278744671,-6.3875243470054945,0.33634704539652693,2.3092238382090047e-05
3.4413379862299953,-86.10902406946917,-42.67563450343689,-6.390160755228857,0.33480755108928584,2.295473165996744e-05
3.424940901595753,-86.11122694001537,-42.680568286567166,-6.392782872586655,0.3332749234474493,2.2818175683206814e-05
3.4086182284611057,-86.11341873888568,-42.685474308393395,-6.395390781831712,0.33174913631389097,2.26825624529411e-05
3.3923696680434445,-86.1155995224976,-42.69035273929028,-6.397984565190072,0.3302301635798284,2.254788405204817e-05
3.376194922330773,-86.11776934697208,-42.69520374846065,-6.400564304364762,0.32871797918538737,2.2414132643518523e-05
3.3600936940853496,-86.11992826813432,-42.70002750394424,-6.403130080539445,0.32721255712023545,2.228130047015878e-05
3.3440656868466867,-86.12207634151648,-42.704824172627234,-6.405681974382217,0.3257138714241348,2.21493798533827e-05
3.328110604934992,-86.12421362235824,-42.70959392025063,-6.408220066049147,0.3242218961875384,2.2018363192249318e-05
3.312228153454084,-86.1263401656095,-42.714336911419565,-6.410744435187999,0.3227366055521306,2.1888242962767612e-05
3.296418038294534,-86.12845602593148,-42.71905330961203,-6.413255160941839,0.32125797371139264,2.175901171661075e-05
3.280679966136552,-86.13056125769818,-42.723743277187324,-6.415752321952531,0.3197859749111352,2.1630662080792563e-05
3.2650136444528144,-86.13265591499825,-42.72840697539491,-6.418235996364348,0.31832058345001846,2.1503186756203473e-05
3.249418781511344,-86.13474005163684,-42.73304456438307,-6.420706261827498,0.31686177368008545,2.1376578517024613e-05
3.2338950863779696,-86.13681372113673,-42.737656203207166,-6.4231631955015684,0.31540952000724015,2.1250830210030397e-05
3.2184422689192114,-86.13887697674005,-42.74224204983815,-6.42560687405902,0.31396379689177395,2.1125934753546738e-05
3.203060039804684,-86.1409298714102,-42.74680226117108,-6.428037373688638,0.31252457884883594,2.1001885136567192e-05
3.18774811050935,-86.14297245783256,-42.75133699303291,-6.4304547700988675,0.3110918404488849,2.0878674418184207e-05
3.1725061933162904,-86.14500478841722,-42.755846400191395,-6.432859138521314,0.30966555631819825,2.0756295726638082e-05
3.1573340013187208,-86.14702691529979,-42.760330636362845,-6.435250553714041,0.3082457011392956,2.0634742258298068e-05
3.1422312484221893,-86.1490388903427,-42.76478985421989,-6.437629089964833,0.3068322496513753,2.051400727717265e-05
3.1271976493469635,-86.15104076513767,-42.76922420540023,-6.439994821094643,0.3054251766507801,2.0394084114126727e-05
3.112232919629795,-86.15303259100617,-42.77363384051386,-6.4423478204607525,0.3040244569913848,2.0274966165947814e-05
3.097336775626144,-86.15501441900177,-42.77801890915136,-6.4446881609600855,0.30263006558503786,2.0156646894812983e-05
3.082508934512131,-86.15698629991101,-42.78237955989149,-6.447015915032411,0.30124197740196734,2.003911982730387e-05
3.0677491142861046,-86.15894828425515,-42.786715940308916,-6.449331154663543,0.29986016747114524,1.9922378553662165e-05
3.05305703377082,-86.16090042229182,-42.79102819698205,-6.451633951388551,0.2984846108807134,1.980641672723874e-05
3.038432412614837,-86.16284276401609,-42.79531647550038,-6.453924376294854,0.2971152827783317,1.9691228063650954e-05
3.02387497129439,-86.16477535916249,-42.7995809204724,-6.456202500025436,0.2957521583715684,1.9576806340211334e-05
3.0093844311148765,-86.16669825720585,-42.80382167553267,-6.458468392781878,0.2943952129282458,1.9463145395073507e-05
2.99496051421233,-86.16861150736307,-42.808038883349404,-6.460722124327444,0.2930444217767926,1.9350239126534288e-05
2.980602943555069,-86.17051515859453,-42.81223268563183,-6.462963763990167,0.29169976030659955,1.9238081492441207e-05
2.9663114429448845,-86.17240925960546,-42.81640322313744,-6.465193380665872,0.29036120396833637,1.912666650960417e-05
2.9520857370184745,-86.1742938588474,-42.82055063567922,-6.467411042821166,0.2890287282742897,1.9015988252708288e-05
2.9379255512486564,-86.17616900451961,-42.824675062132876,-6.4696168184964735,0.28770230879867076,1.8906040854155774e-05
2.923830611945647,-86.17803474457006,-42.828776640443586,-6.4718107753088905,0.286381921177934,1.8796818503240396e-05
2.9098006462582346,-86.17989112669774,-42.83285550763372,-6.473992980455282,0.2850675411110828,1.8688315445408267e-05
2.895835382174684,-86.18173819835314,-42.83691179980909,-6.476163500715053,0.28375914435994004,1.858052598156774e-05
2.8819345485239536,-86.18357600674018,-42.84094565216644,-6.478322402453153,0.2824567067494581,1.84734444676492e-05
2.8680978749766166,-86.18540459881712,-42.844957198999886,-6.480469751622847,0.28116020416798604,1.8367065313946026e-05
2.8543250920457535,-86.18722402129826,-42.84894657370797,-6.482605613768653,0.2798696125675445,1.8261382984483977e-05
2.840615931087771,-86.18903432065521,-42.85291390880037,-6.484730054029124,0.2785849079640787,1.8156391996268233e-05
2.8269701243033314,-86.1908355431179,-42.856859335904375,-6.486843137139641,0.2773060664377294,1.8052086919100727e-05
2.813387404737968,-86.19262773467665,-42.86078298577202,-6.488944927435261,0.27603306413306866,1.7948462374319874e-05
2.79986750628285,-86.19441094108282,-42.86468498828613,-6.491035488853408,0.27476587725934404,1.7845513034983222e-05
2.7864101636754963,-86.19618520785023,-42.86856547246713,-6.493114884936662,0.2735044820907252,1.7743233624713412e-05
2.7730151125001488,-86.19795058025674,-42.87242456647946,-6.495183178835452,0.2722488549665049,1.7641618917318454e-05
2.7596820891885607,-86.19970710334523,-42.87626239763791,-6.497240433310766,0.2709989722913451,1.7540663736349677e-05
2.746410831020343,-86.20145482192507,-42.88007909241405,-6.499286710736811,0.2697548105354768,1.7440362954303032e-05
2.7332010761234025,-86.20319378057339,-42.88387477644266,-6.501322073103738,0.26851634623490855,1.7340711492425428e-05
2.720052563474366,-86.20492402363611,-42.88764957452764,-6.5033465820201695,0.26728355599162607,1.7241704319781865e-05
2.706965032898959,-86.20664559522982,-42.891403610648695,-6.505360298715942,0.2660564164737928,1.7143336453095783e-05
2.693938225072262,-86.20835853924228,-42.89513700796709,-6.507363284044601,0.26483490441593327,1.7045602955714478e-05
2.6809718815188757,-86.21006289933409,-42.89884988883184,-6.509355598486029,0.2636189966191033,1.6948498937830674e-05
2.6680657446132554,-86.21175871893988,-42.90254237478587,-6.511337302148982,0.26240866995108014,1.6852019555133907e-05
2.6552195575797644,-86.21344604126946,-42.90621458657193,-6.513308454773649,0.2612039013465211,1.6756160008922602e-05
2.64243306449294,-86.21512490930931,-42.909866644138646,-6.515269115734182,0.2600046678071405,1.666091554540203e-05
2.6297060102773426,-86.21679536582323,-42.91349866664619,-6.517219344041138,0.25881094640184904,1.656628145511656e-05
2.6170381407076446,-86.21845745335425,-42.91711077247237,-6.51915919834401,0.2576227142669002,1.6472253072715186e-05
2.6044292024087583,-86.22011121422517,-42.92070307921825,-6.521088736933662,0.25643994860606245,1.637882577591967e-05
2.591878942855569,-86.22175669054032,-42.92427570371413,-6.523008017744823,0.2552626266907323,1.6285994985673874e-05
2.579387110372984,-86.22339392418651,-42.927828762025065,-6.52491709835845,0.2540907258600821,1.619375616529797e-05
2.5669534541356964,-86.22502295683388,-42.931362369456366,-6.526816036004117,0.2529242235211804,1.6102104820327425e-05
2.5545777241679586,-86.22664382993779,-42.93487664055976,-6.528704887562526,0.2517630971491134,1.6011036497464278e-05
2.54225967134346,-86.22825658473927,-42.938371689138314,-6.530583709567717,0.25060732428710536,1.592054678498929e-05
2.5299990473850587,-86.22986126226685,-42.94184762825251,-6.532452558209556,0.24945688254663795,1.5830631311415755e-05
2.517795604864384,-86.2314579033372,-42.945304570225325,-6.534311489335985,0.2483117496075401,1.5741285745852575e-05
2.5056490972016,-86.23304654855617,-42.94874262664768,-6.53616055845533,0.24717190321810756,1.565250579680251e-05
2.493559278664921,-86.23462723832054,-42.95216190838411,-6.5379998207386745,0.24603732119518185,1.556428721240187e-05
2.4815259043701685,-86.23620001281877,-42.95556252557794,-6.539829331022091,0.24490798142424056,1.5476625779697645e-05
2.4695487302805192,-86.23776491203213,-42.95894458765649,-6.5416491438089075,0.24378386185950685,1.5389517323987953e-05
2.4576275132058973,-86.23932197573583,-42.96230820333644,-6.54345931327195,0.2426649405240159,1.530295770887339e-05
2.445762010802385,-86.24087124350001,-42.96565348062891,-6.545259893255762,0.24155119550968504,1.5216942835503213e-05
2.433951981571683,-86.24241275469113,-42.96898052684483,-6.547050937278878,0.24044260497738862,1.5131468642485061e-05
2.4221971848606345,-86.24394654847313,-42.97228944860001,-6.548832498535963,0.23933914715703394,1.5046531104976238e-05
2.4104973808604777,-86.245472663808,-42.97558035182006,-6.550604629899996,0.23824080034761982,1.4962126234793818e-05
2.398852330606197,-86.24699113945738,-42.978853341745555,-6.552367383924447,0.23714754291728002,1.4878250079810295e-05
2.387261795975929,-86.24850201398331,-42.98210852293702,-6.55412081284542,0.23605935330336425,1.4794898723610434e-05
2.375725539690083,-86.25000532574961,-42.9853459992799,-6.555864968583788,0.23497621001245972,1.4712068285087734e-05
2.3642433253107664,-86.25150111292268,-42.9885658739895,-6.557599902747319,0.23389809162045858,1.4629754917930383e-05
2.352814917240898,-86.25298941347279,-42.99176824961584,-6.5593256666327555,0.23282497677258987,1.4547954810406288e-05
2.341440080723359,-86.25447026517466,-42.99495322804826,-6.561042311227871,0.23175684418344503,1.4466664185033942e-05
2.3301185818401047,-86.25594370560906,-42.99812091052062,-6.562749887213595,0.2306936726370153,1.4385879298204742e-05
2.318850187511589,-86.25740977216367,-43.00127139761581,-6.564448444966039,0.2296354409867441,1.4305596439530348e-05
2.307634665495392,-86.25886850203418,-43.00440478927061,-6.566138034558539,0.22858212815550594,1.4225811931993883e-05
2.2964717843857705,-86.26031993222522,-43.00752118478027,-6.567818705763677,0.22753371313567416,1.4146522131237356e-05
2.2853613136122344,-86.26176409955094,-43.010620682803,-6.569490508055241,0.22649017498909157,1.4067723425187457e-05
2.274303023438978,-86.2632010406371,-43.01370338136498,-6.571153490610315,0.2254514928471253,1.3989412234068197e-05
2.263296684963574,-86.26463079192102,-43.016769377864534,-6.57280770231115,0.22441764591064503,1.391158500955246e-05
2.252342070116022,-86.26605338965315,-43.01981876907685,-6.5744531917471924,0.2233886134500388,1.3834238234891065e-05
2.2414389516577296,-86.26746886989804,-43.022851651158525,-6.576090007217023,0.2223643748052161,1.375736842437594e-05
2.230587103180374,-86.26887726853496,-43.02586811965177,-6.577718196730244,0.2213449093856043,1.3680972122807736e-05
2.219786299104818,-86.27027862125973,-43.028868269489365,-6.579337808009502,0.22033019667014458,1.360504590569984e-05
2.209036314679789,-86.27167296358431,-43.031852194998145,-6.580948888492224,0.21932021620726497,1.3529586378622293e-05
2.198336925981083,-86.2730603308395,-43.034819989904456,-6.58255148533271,0.21831494761490564,1.345459017660175e-05
2.1876879099098865,-86.27444075817434,-43.037771747337494,-6.584145645403827,0.21731437058045097,1.3380053964417837e-05
2.1770890441920527,-86.27581428055781,-43.040707559834075,-6.58573141529896,0.21631846486076334,1.3305974435974226e-05
2.16654010737644,-86.27718093277987,-43.043627519342806,-6.587308841333863,0.2153272102821161,1.3232348313841657e-05
2.156040878833984,-86.27854074945262,-43.04653171722857,-6.5888779695485145,0.21434058674020037,1.3159172349419186e-05
2.1455911387562088,-86.27989376501027,-43.04942024427601,-6.590438845708833,0.21335857420007545,1.3086443321967818e-05
2.1351906681539727,-86.2812400137112,-43.05229319069438,-6.591991515308612,0.21238115269614374,1.3014158039131445e-05
2.124839248856189,-86.28257952963797,-43.05515064612112,-6.593536023571201,0.21140830233211555,1.29423133358974e-05
2.1145366635084164,-86.28391234669914,-43.05799269962645,-6.595072415451411,0.2104400032809699,1.2870906074860811e-05
2.104282695571437,-86.28523849862941,-43.060819439716916,-6.596600735637148,0.20947623578490265,1.2799933145509259e-05
2.0940771293200346,-86.28655801899107,-43.063630954339764,-6.59812102855127,0.2085169801553021,1.272939146439574e-05
2.0839197498415176,-86.28787094117462,-43.06642733088665,-6.599633338353258,0.2075622167726929,1.265927797429293e-05
2.0738103430342014,-86.28917729839979,-43.069208656197844,-6.601137708941017,0.2066119260866808,1.2589589644435486e-05
2.063748695606037,-86.29047712371661,-43.07197501656602,-6.602634183952531,0.20566608861590274,1.252032347003419e-05
2.053734595073146,-86.29177045000576,-43.07472649774001,-6.604122806767572,0.20472468494797535,1.245147647208078e-05
2.043767829758306,-86.29305730998018,-43.07746318492893,-6.6056036205094335,0.20378769573943145,1.2383045696867077e-05
2.0338481887894475,-86.29433773618545,-43.080185162805776,-6.60707666804657,0.20285510171565835,1.2315028216056748e-05
2.023975462098195,-86.29561176100107,-43.082892515511446,-6.608541991994292,0.20192688367084266,1.2247421126211658e-05
2.014149440418215,-86.29687941664092,-43.0855853266583,-6.60999963471639,0.20100302246789298,1.2180221548543122e-05
2.0043699152837964,-86.29814073515425,-43.08826367933377,-6.611449638326764,0.20008349903838013,1.2113426628723045e-05
1.9946366790282062,-86.2993957484269,-43.090927656104554,-6.612892044691129,0.19916829438246653,1.2047033536625368e-05
1.984949524782031,-86.30064448818176,-43.09357733901981,-6.614326895428548,0.19825738956881786,1.1981039465999934e-05
1.9753082464716654,-86.30188698597972,-43.09621280961503,-6.615754231913102,0.19735076573454519,1.1915441634326596e-05
1.9657126388177322,-86.30312327322082,-43.09883414891568,-6.617174095275443,0.19644840408512182,1.1850237282580091e-05
1.9561624973333378,-86.30435338114435,-43.101441437440485,-6.618586526404375,0.19555028589429713,1.1785423675117794e-05
1.946657618322404,-86.30557734083074,-43.104034755205426,-6.619991565948453,0.19465639250400796,1.1720998099010777e-05
1.9371977988781757,-86.30679518320143,-43.10661418172691,-6.621389254317526,0.19376670532431853,1.1656957864140629e-05
1.9277828368813756,-86.30800693902059,-43.10917979602565,-6.622779631684318,0.19288120583330906,1.159330030298849e-05
1.918412530998487,-86.30921263889495,-43.11173167662961,-6.624162737985885,0.19199987557698617,1.1530022770456464e-05
1.9090866806802234,-86.31041231327565,-43.11426990157797,-6.625538612925237,0.19112269616921093,1.1467122643265236e-05
1.8998050861596436,-86.31160599245831,-43.11679454842424,-6.626907295972786,0.19024964929158725,1.1404597320101273e-05
1.890567548450498,-86.31279370658417,-43.119305694239735,-6.628268826367873,0.18938071669337309,1.1342444221420633e-05
1.8813738693454256,-86.31397548564111,-43.121803415617094,-6.629623243120293,0.18851588019138063,1.1280660788845933e-05
1.8722238514142466,-86.31515135946373,-43.12428778867324,-6.630970585011699,0.18765512166988185,1.1219244485397226e-05
1.8631172980022204,-86.31632135773498,-43.126758889053086,-6.632310890597142,0.18679842308050598,1.1158192795117479e-05
1.8540540132279948,-86.31748550998644,-43.12921679193259,-6.633644198206508,0.18594576644211205,1.1097503222633606e-05
1.8450338019822463,-86.31864384559931,-43.131661572022175,-6.634970545945977,0.18509713384073234,1.1037173293393983e-05
1.836056469925425,-86.31979639380518,-43.13409330356976,-6.636289971699445,0.18425250742940844,1.0977200552962843e-05
1.827121823486342,-86.32094318368682,-43.13651206036423,-6.637602513129966,0.18341186942813498,1.0917582567232989e-05
1.8182296698599845,-86.32208424417895,-43.13891791573843,-6.638908207681184,0.18257520212370829,1.0858316922112367e-05
1.8093798170058777,-86.32321960406894,-43.1413109425723,-6.640207092578698,0.18174248786963348,1.0799401223316958e-05
1.800572073646251,-86.3243492919978,-43.143691213296236,-6.641499204831525,0.18091370908601712,1.0740833095941381e-05
1.7918062492639626,-86.32547333646059,-43.14605879989396,-6.642784581233434,0.18008884825942348,1.068261018460973e-05
1.783082154100884,-86.32659176580748,-43.1484137739057,-6.644063258364341,0.17926788794278933,1.0624730152997293e-05
1.774399599155749,-86.32770460824453,-43.15075620643137,-6.6453352725917085,0.1784508107552726,1.056719068407743e-05
1.765758396182536,-86.32881189183416,-43.15308616813334,-6.646600660071852,0.1776375993821644,1.0509989479455723e-05
1.7571583576884124,-86.3299136444962,-43.15540372923971,-6.647859456751321,0.1768282365747454,1.0453124259289866e-05
1.7485992969318178,-86.33100989400839,-43.157708959547115,-6.64911169836822,0.17602270515016916,1.0396592762400445e-05
1.7400810279205448,-86.33210066800744,-43.16000192842395,-6.6503574204536,0.17522098799133168,1.034039274565486e-05
1.73160336540979,-86.33318599398949,-43.16228270481301,-6.65159665833268,0.17442306804674124,1.028452198435186e-05
1.7231661249003214,-86.33426589931075,-43.16455135723454,-6.6528294471262335,0.17362892833041005,1.022897827141562e-05
1.7147691226364707,-86.33534041118864,-43.16680795378917,-6.654055821751855,0.17283855192170744,1.0173759417597741e-05
1.7064121756041395,-86.3364095567022,-43.1690525621608,-6.655275816925263,0.17205192196523067,1.0118863251261573e-05
1.6980951015288854,-86.33747336279266,-43.17128524961928,-6.656489467161572,0.1712690216706792,1.0064287618088379e-05
1.689817718873923,-86.3385318562651,-43.173506083023746,-6.65769680677664,0.17048983431271483,1.0010030381115581e-05
1.681579846838113,-86.33958506378774,-43.175715128824734,-6.658897869888208,0.16971434323082651,9.956089420422333e-06
1.6733813053540825,-86.34063301189352,-43.17791245306735,-6.660092690417226,0.1689425318291996,9.902462632953532e-06
1.6652219150861394,-86.34167572698095,-43.180098121394124,-6.661281302089125,0.1681743835765729,9.849147932470656e-06
1.657101497428296,-86.34271323531438,-43.18227219904767,-6.662463738435022,0.16740988200610524,9.796143249238922e-06
1.6490198745023126,-86.34374556302451,-43.184434750873045,-6.663640032792893,0.16664901071523314,9.743446529891645e-06
1.6409768691555593,-86.34477273610989,-43.18658584132115,-6.664810218308935,0.16589175336552534,9.69105573753991e-06
1.6329723049591331,-86.34579478043685,-43.18872553445089,-6.665974327938645,0.16513809368254795,9.63896885128869e-06
1.6250060062058027,-86.34681172174037,-43.19085389393188,-6.667132394448076,0.16438801545571796,9.58718386614178e-06
1.6170777979080213,-86.34782358562539,-43.19297098304752,-6.668284450415069,0.16364150253817056,9.535698792969101e-06
1.609187505795636,-86.34883039756645,-43.19507686469702,-6.669430528230365,0.16289853884658106,9.48451165823964e-06
1.601334956314201,-86.34983218290878,-43.19717160139828,-6.67057066009882,0.16215910836105618,9.433620504016212e-06
1.5935199766227057,-86.35082896686964,-43.1992552552907,-6.671704878040609,0.1614231951249651,9.383023387677899e-06
1.5857423945915774,-86.35182077453788,-43.20132788813728,-6.6728332138923045,0.16069078324479383,9.332718381913035e-06
1.5780020388007259,-86.35280763087553,-43.203389561327604,-6.6739556993081335,0.15996185689000972,9.282703574323914e-06
1.5702987385372866,-86.3537895607178,-43.205440335880034,-6.675072365761033,0.15923640029288905,9.232977067450524e-06
1.5626323237937854,-86.35476658877404,-43.2074802724443,-6.676183244543817,0.1585143977483887,9.183536978739814e-06
1.5550026252658127,-86.35573873962832,-43.20950943130406,-6.67728836677032,0.15779583361396862,9.134381440218662e-06
1.5474094743501479,-86.3567060377406,-43.2115278723796,-6.67838776337656,0.15708069230945976,9.085508598459587e-06
1.5398527031426223,-86.3576685074461,-43.21353565522958,-6.679481465121721,0.15636895831690417,9.036916614298448e-06
1.5323321444359974,-86.35862617295739,-43.21553283905418,-6.680569502589383,0.15566061618039267,8.988603662944626e-06
1.5248476317178983,-86.35957905836408,-43.2175194826972,-6.681651906188595,0.15495565050591817,8.94056793364821e-06
1.5173989991688899,-86.36052718763385,-43.2194956446484,-6.682728706154902,0.15425404596122852,8.892807629705067e-06
1.5099860816600228,-86.36147058461282,-43.221461383045984,-6.683799932551508,0.15355578727563854,8.845320968172893e-06
1.5026087147512048,-86.36240927302667,-43.223416755679004,-6.68486561527031,0.15286085923991757,8.798106179765724e-06
1.4952667346885606,-86.36334327648076,-43.22536181998963,-6.685925784032975,0.1521692467060733,8.751161508979128e-06
1.4879599784028945,-86.36427261846072,-43.22729663307527,-6.686980468391967,0.15148093458725495,8.704485213492278e-06
1.480688283507126,-86.36519732233373,-43.22922125169137,-6.688029697731695,0.15079590785754338,8.658075564669406e-06
1.4734514882944183,-86.36611741134837,-43.23113573225319,-6.689073501269442,0.1501141515518123,8.611930846811216e-06
1.4662494317360697,-86.36703290863574,-43.23304013083839,-6.690111908056472,0.14943565076557036,8.566049357533015e-06
1.459081953479339,-86.36794383720968,-43.234934503189095,-6.691144946979046,0.14876039065479324,8.52042940716351e-06
1.4519488938453236,-86.36885021996778,-43.236818904714326,-6.692172646759455,0.1480883564357595,8.475069319080965e-06
1.444850093826881,-86.36975207969154,-43.238693390491925,-6.6931950359569985,0.14741953338488759,8.429967429331423e-06
1.437785395086552,-86.37064943904758,-43.240558015271176,-6.694212142969064,0.14675390683857925,8.38512208658994e-06
1.4307546399542128,-86.37154232058737,-43.242412833474496,-6.695223996032041,0.14609146219303315,8.340531652094241e-06
1.4237576714253601,-86.37243074674878,-43.244257899200036,-6.696230623222403,0.14543218490412085,8.296194499334183e-06
1.4167943331586281,-86.37331473985587,-43.24609326622359,-6.697232052457642,0.14477606048718197,8.252109014088624e-06
1.4098644694738507,-86.37419432212,-43.24791898800077,-6.69822831149726,0.14412307451687828,8.208273594404407e-06
1.402967925349846,-86.37506951564005,-43.24973511766915,-6.699219427943751,0.14347321262702117,8.164686650396498e-06
1.3961045464223307,-86.37594034240337,-43.25154170805043,-6.700205429243592,0.1428264605104051,8.121346603870973e-06
1.3892741789817709,-86.37680682428606,-43.25333881165249,-6.701186342688169,0.1421828039186401,8.078251888809513e-06
1.3824766699713629,-86.37766898305378,-43.2551264806714,-6.702162195414751,0.14154222866199334,8.035400950784042e-06
1.375711866984731,-86.37852684036199,-43.256904766993486,-6.703133014407426,0.1409047206092044,7.992792246812095e-06
1.3689796182639111,-86.37938041775661,-43.258673722197344,-6.704098826498036,0.14027026568732825,7.950424245751536e-06
1.3622797726971805,-86.38022973667503,-43.26043339755607,-6.705059658367158,0.13963884988155859,7.90829542761627e-06
1.355612179816974,-86.38107481844611,-43.262183844039065,-6.706015536544984,0.1390104592350688,7.866404283798117e-06
1.3489766897977278,-86.38191568429092,-43.26392511231403,-6.706966487412262,0.13838507984883774,7.824749316903292e-06
1.3423731534536438,-86.38275235532342,-43.265657252749115,-6.707912537201228,0.13776269788146409,7.783329040787994e-06
1.3358014222368337,-86.38358485255092,-43.26738031541475,-6.708853711996504,0.13714329954903043,7.742141980122107e-06
1.329261348234787,-86.38441319687466,-43.26909435008566,-6.709790037735984,0.13652687112488468,7.701186670457005e-06
1.3227527841686955,-86.38523740909027,-43.27079940624269,-6.710721540211751,0.13591339893952223,7.660461658269037e-06
1.3162755833908992,-86.38605750988839,-43.27249553307493,-6.711648245070985,0.13530286938036623,7.619965500798999e-06
1.3098295998830922,-86.38687351985507,-43.27418277948139,-6.712570177816799,0.1346952688916329,7.5796967657764646e-06
1.303414688253969,-86.3876854594726,-43.27586119407314,-6.7134873638091905,0.13409058397413579,7.539654031611446e-06
1.2970307037372393,-86.3884933491199,-43.27753082517499,-6.714399828265835,0.13348880118512296,7.499835887082039e-06
1.290677502189432,-86.38929720907271,-43.279191720827356,-6.715307596263001,0.13288990713810567,7.460240931134931e-06
1.284354940087712,-86.39009705950491,-43.28084392878845,-6.716210692736436,0.13229388850267532,7.420867773161811e-06
1.278062874527856,-86.39089292048811,-43.2824874965356,-6.717109142482159,0.13170073200434304,7.3817150326869195e-06
1.271801163222118,-86.3916848119928,-43.28412247126741,-6.718002970157335,0.13111042442436102,7.342781339262866e-06
1.2655696644970602,-86.392472753889,-43.28574889990566,-6.718892200281173,0.13052295259954766,7.304065332421224e-06
1.259368237291437,-86.39325676594603,-43.28736682909682,-6.719776857235683,0.12993830342211626,7.265565661662035e-06
1.253196741154125,-86.3940368678337,-43.288976305213914,-6.720656965266544,0.12935646383950344,7.227280986170171e-06
1.2470550362418442,-86.39481307912241,-43.29057737435837,-6.721532548483927,0.12877742085417818,7.1892099750643194e-06
1.2409429833173033,-86.39558541928422,-43.292170082361935,-6.722403630863362,0.12820116152350075,7.151351306842735e-06
1.2348604437468584,-86.39635390769253,-43.29375447478799,-6.723270236246458,0.12762767295951488,7.113703669599716e-06
1.2288072794984057,-86.39711856362348,-43.29533059693379,-6.724132388341833,0.12705694232878853,7.07626576104423e-06
1.2227833531394645,-86.39787940625574,-43.29689849383182,-6.724990110725814,0.1264889568522433,7.039036288237259e-06
1.2167885278347883,-86.39863645467115,-43.29845821025151,-6.725843426843274,0.12592370380496476,7.002013967339904e-06
1.2108226673445073,-86.3993897278557,-43.300009790701274,-6.726692360008462,0.12536117051604628,6.965197524003964e-06
1.2048856360219016,-86.40013924469937,-43.301553279429804,-6.727536933405742,0.12480134436840458,6.928585692857172e-06
1.198977298811227,-86.40088502399708,-43.30308872042799,-6.728377170090406,0.1242442127985964,6.892177217750022e-06
1.1930975212457633,-86.40162708444892,-43.30461615743046,-6.729213092989437,0.12368976329666329,6.8559708514142935e-06
1.187246169445562,-86.40236544466062,-43.30613563391718,-6.730044724902269,0.12313798340593465,6.8199653555062645e-06
1.1814231101154502,-86.40310012314436,-43.307647193115315,-6.730872088501612,0.12258886072286848,6.784159500352413e-06
1.1756282105429663,-86.40383113831918,-43.30915087800082,-6.7316952063341855,0.12204238289687866,6.748552065322107e-06
1.1698613385960162,-86.40455850851095,-43.31064673129975,-6.732514100821442,0.12149853763013216,6.713141838287764e-06
1.1641223627211406,-86.40528225195334,-43.31213479549012,-6.733328794260349,0.12095731267741286,6.677927615846632e-06
1.1584111519411124,-86.40600238678832,-43.31361511280352,-6.734139308824152,0.1204186958459118,6.642908203022632e-06
1.1527275758530708,-86.40671893106604,-43.31508772522635,-6.734945666563051,0.11988267499507958,6.608082413324628e-06
1.1470715046262452,-86.40743190274617,-43.31655267450197,-6.73574788940505,0.11934923803642557,6.573449068745976e-06
1.141442808999992,-86.40814131969773,-43.3180100021318,-6.7365459991566095,0.1188183729333618,6.539006999489148e-06
1.135841360281773,-86.40884719969985,-43.31945974937702,-6.737340017503371,0.11829006770102601,6.504755044013931e-06
1.1302670303449391,-86.40954956044177,-43.32090195725991,-6.738129966010903,0.11776431040609915,6.470692048875623e-06
1.1247196916265814,-86.41024841952427,-43.32233666656587,-6.73891586612545,0.11724108916661785,6.436816869006971e-06
1.1191992171257366,-86.41094379445907,-43.32376391784445,-6.739697739174616,0.11672039215183191,6.403128367098131e-06
1.1137054804011537,-86.41163570266977,-43.32518375141095,-6.740475606368026,0.11620220758200756,6.3696254139988565e-06
1.1082383555692252,-86.41232416149224,-43.32659620734794,-6.741249488798104,0.11568652372825608,6.336306888359349e-06
1.1027977173018628,-86.41300918817514,-43.328001325506904,-6.742019407440735,0.11517332891235127,6.303171676789926e-06
1.0973834408245966,-86.41369079988027,-43.32939914550944,-6.74278538315598,0.1146626115065699,6.27021867352659e-06
1.0919954019143594,-86.41436901368326,-43.33078970674901,-6.743547436688756,0.11415435993350183,6.237446780701608e-06
1.0866334768975738,-86.4150438465733,-43.33217304839199,-6.744305588669501,0.1136485626658909,6.204854907777154e-06
1.081297542648078,-86.41571531545482,-43.33354920937975,-6.745059859614938,0.11314520822645649,6.17244197200774e-06
1.075987476584883,-86.41638343714645,-43.33491822842918,-6.745810269928605,0.11264428518769633,6.140206898176969e-06
1.0707031566703682,-86.41704822838255,-43.33628014403493,-6.746556839901665,0.11214578217174276,6.1081486185984135e-06
1.0654444614081766,-86.41770970581345,-43.3376349944705,-6.747299589713523,0.11164968785017447,6.076266072773703e-06
1.0602112698411714,-86.41836788600529,-43.33898281778941,-6.74803853943245,0.11115599094384929,6.044558207658298e-06
1.0550034615492911,-86.419022785441,-43.340323651826886,-6.748773709016293,0.11066468022271268,6.013023977387595e-06
1.0498209166477104,-86.41967442052083,-43.341657534201275,-6.749505118313135,0.11017574450564714,5.981662343291123e-06
1.0446635157846194,-86.42032280756219,-43.342984502315105,-6.750232787061899,0.10968917266027693,5.9504722741329054e-06
1.0395311401394653,-86.4209679628009,-43.34430459335695,-6.750956734893073,0.10920495360282088,5.919452745424414e-06
1.0344236714205632,-86.4216099023906,-43.345617844302076,-6.751676981329232,0.1087230762978828,5.88860273995162e-06
1.0293409918634524,-86.42224864240404,-43.346924291914455,-6.752393545785799,0.10824352975831601,5.857921247257004e-06
1.0242829842287149,-86.42288419883295,-43.3482239727476,-6.753106447571585,0.10776630304503024,5.8274072639118675e-06
1.0192495317998786,-86.42351658758885,-43.349516923146254,-6.753815705889492,0.10729138526681394,5.797059793452026e-06
1.0142405183815766,-86.42414582450301,-43.350803179247386,-6.7545213398370665,0.10681876558017481,5.7668778460312124e-06
1.0092558282974267,-86.42477192532719,-43.35208277698164,-6.755223368407166,0.1063484331891531,5.736860438748044e-06
1.0042953463881834,-86.42539490573407,-43.3533557520748,-6.755921810488601,0.10588037734517411,5.707006595080825e-06
0.9993589580096437,-86.42601478131753,-43.35462214004877,-6.756616684866683,0.10541458734685077,5.6773153455484275e-06
0.9944465490306416,-86.42663156759308,-43.35588197622304,-6.757308010223875,0.1049510525398245,5.647785726956816e-06
0.9895580058310577,-86.4272452799978,-43.35713529571565,-6.757995805140359,0.10448976231658189,5.618416782830404e-06
0.9846932152999353,-86.42785593389205,-43.35838213344515,-6.758680088094736,0.10403070611629867,5.589207563097032e-06
0.9798520648334875,-86.42846354455817,-43.359622524130955,-6.759360877464486,0.103573873424666,5.5601571240122545e-06
0.9750344423330034,-86.42906812720219,-43.360856502295235,-6.760038191526655,0.10311925377370554,5.531264528435129e-06
0.9702402362030248,-86.42966969695341,-43.36208410226376,-6.760712048458401,0.10266683674161209,5.502528845305482e-06
0.965469335349326,-86.43026826886543,-43.36330535816746,-6.761382466337616,0.10221661195257986,5.473949150095133e-06
0.9607216291769384,-86.43086385791602,-43.364520303943365,-6.76204946314349,0.10176856907663306,5.445524524263281e-06
0.9559970075882953,-86.43145647900778,-43.36572897333593,-6.762713056757068,0.10132269782945637,5.4172540554429005e-06
0.9512953609810648,-86.4320461469684,-43.36693139989823,-6.763373264961868,0.10087898797221262,5.389136837576449e-06
0.9466165802465193,-86.43263287655114,-43.36812761699306,-6.764030105444413,0.100437429311401,5.361171970684345e-06
0.941960556767313,-86.43321668243505,-43.36931765779418,-6.76468359579481,0.0999980116986584,5.33335856063015e-06
0.937327182415717,-86.43379757922546,-43.37050155528748,-6.765333753507308,0.09956072503060928,5.305695719266476e-06
0.9327163495515709,-86.43437558145442,-43.37167934227221,-6.765980595980896,0.0991255592486863,5.278182564540918e-06
0.9281279510204439,-86.43495070358091,-43.372851051362,-6.7666241405198,0.0986925043389682,5.250818220110998e-06
0.9235618801517916,-86.43552295999146,-43.37401671498615,-6.767264404334082,0.098261550332021,5.22360181561957e-06
0.9190180307567766,-86.4360923650001,-43.37517636539056,-6.767901404540152,0.09783268730270281,5.196532486455398e-06
0.9144962971266487,-86.43665893284917,-43.37633003463915,-6.768535158161357,0.09740590537002974,5.169609373721153e-06
0.9099965740305936,-86.43722267770968,-43.37747775461488,-6.769165682128505,0.09698119469697516,5.142831624221266e-06
0.9055187567140699,-86.43778361368103,-43.378619557020556,-6.76979299328036,0.09655854549033878,5.116198390354185e-06
0.9010627408966658,-86.4383417547921,-43.379755473380385,-6.770417108364235,0.09613794800054534,5.089708830285299e-06
0.8966284227703767,-86.43889711500142,-43.3808855350409,-6.771038044036517,0.09571939252150008,5.063362107618248e-06
0.892215698997661,-86.43944970819733,-43.38200977317201,-6.771655816863175,0.0953028693904201,5.0371573916094046e-06
0.8878244667095276,-86.43999954819856,-43.38312821876811,-6.772270443320282,0.09488836898765957,5.011093856787263e-06
0.8834546235037805,-86.4405466487542,-43.38424090264904,-6.772881939794532,0.09447588173655795,4.985170683297918e-06
0.8791060674429522,-86.44109102354464,-43.3853478554615,-6.773490322583798,0.09406539810326131,4.9593870566351756e-06
0.8747786970525355,-86.44163268618148,-43.38644910767975,-6.774095607897619,0.09365690859656252,4.9337421674896385e-06
0.8704724113192082,-86.44217165020815,-43.38754468960694,-6.774697811857723,0.09325040376774833,4.908235212184568e-06
0.8661871096888317,-86.44270792909978,-43.38863463137575,-6.775296950498464,0.09284587421041698,4.882865392023417e-06
0.8619226920646346,-86.44324153626441,-43.3897189629501,-6.775893039767485,0.09244331056032673,4.857631913675025e-06
0.8576790588054276,-86.44377248504222,-43.390797714125426,-6.776486095526038,0.09204270349522842,4.832533988968477e-06
0.8534561107236366,-86.44430078870695,-43.39187091453036,-6.77707613354963,0.09164404373469932,4.807570834764395e-06
0.8492537490835698,-86.44482646046534,-43.39293859362719,-6.7776631695284095,0.09124732203998652,4.782741673263484e-06
0.8450718755995914,-86.44534951345821,-43.394000780713405,-6.778247219067744,0.09085252921384745,4.75804573158077e-06
0.8409103924342634,-86.44586996076025,-43.39505750492226,-6.778828297688643,0.09045965610038369,4.733482241862279e-06
0.8367692021963365,-86.44638781538059,-43.39610879522401,-6.779406420828282,0.09006869358486003,4.709050441247601e-06
0.8326482079393331,-86.44690309026318,-43.39715468042686,-6.779981603840483,0.0896796325935878,4.68474957192683e-06
0.828547313159332,-86.44741579828703,-43.39819518917795,-6.780553861996181,0.08929246409371937,4.660578880938534e-06
0.8244664217934662,-86.44792595226652,-43.39923034996432,-6.781123210483915,0.08890717909312082,4.636537620124754e-06
0.8204054382178201,-86.44843356495186,-43.4002601911139,-6.781689664410291,0.08852376864018295,4.612625046137482e-06
0.8163642672459508,-86.44893864902907,-43.40128474079634,-6.7822532388004335,0.0881422238236903,4.588840420730361e-06
0.8123428141268024,-86.44944121712086,-43.40230402702425,-6.782813948598509,0.08776253577263379,4.565183010036327e-06
0.8083409845430963,-86.4499412817864,-43.40331807765389,-6.783371808668147,0.08738469565607293,4.541652085288033e-06
0.8043586846095456,-86.45043885552207,-43.404326920386325,-6.783926833792921,0.08700869468297531,4.518246922074902e-06
0.8003958208709936,-86.4509339507614,-43.405330582768094,-6.784479038676774,0.08663452410204549,4.494966800725528e-06
0.7964523003006683,-86.45142657987567,-43.406329092192415,-6.7850284379445185,0.08626217520157646,4.471811006473779e-06
0.7925280302984559,-86.4519167551745,-43.407322475900145,-6.785575046142304,0.08589163930929279,4.448778828701937e-06
0.7886229186890311,-86.45240448890505,-43.40831076098025,-6.786118877737974,0.08552290779218553,4.425869561654016e-06
0.7847368737202909,-86.45288979325375,-43.409293974371245,-6.786659947121614,0.08515597205636924,4.403082504091411e-06
0.7808698040613162,-86.45337268034552,-43.41027214286181,-6.7871982686059456,0.0847908235469037,4.380416959092309e-06
0.7770216188009699,-86.45385316224467,-43.41124529309174,-6.7877338564267795,0.08442745374767191,4.35787223417511e-06
0.7731922274458332,-86.45433125095519,-43.41221345155304,-6.788266724743478,0.08406585418118517,4.335447641568727e-06
0.7693815399187217,-86.45480695842056,-43.41317664459044,-6.788796887639344,0.0837060164084647,4.313142497530831e-06
0.7655894665567833,-86.45528029652459,-43.414134898402516,-6.789324359122073,0.08334793202885711,4.290956122808655e-06
0.7618159181097804,-86.45575127709182,-43.415088239042824,-6.789849153124257,0.082991592679894,4.268887842614654e-06
0.7580608057385166,-86.45621991188693,-43.41603669242002,-6.790371283503657,0.08263699003714198,4.2469369861851174e-06
0.7543240410130085,-86.45668621261603,-43.41698028429955,-6.790890764043782,0.08228411581404552,4.225102887299903e-06
0.7506055359106895,-86.45715019092684,-43.417919040304156,-6.791407608454263,0.0819329617617598,4.203384883617689e-06
0.7469052028149641,-86.4576118584079,-43.41885298591438,-6.79192183037118,0.0815835196690278,4.181782317325993e-06
0.743222954513201,-86.45807122659039,-43.41978214647012,-6.792433443357645,0.08123578136199647,4.16029453456732e-06
0.7395587041952022,-86.45852830694749,-43.420706547170994,-6.792942460904089,0.08088973870407898,4.138920885707048e-06
0.7359123654515756,-86.458983110895,-43.42162621307736,-6.793448896428741,0.08054538359581305,4.1176607251834565e-06
0.7322838522719913,-86.45943564979129,-43.42254116911091,-6.793952763277987,0.0802027079747021,4.096513411428683e-06
0.7286730790433674,-86.45988593493809,-43.4234514400559,-6.79445407472684,0.07986170381505128,4.075478306944574e-06
0.7250799605482756,-86.46033397758016,-43.42435705055956,-6.79495284397929,0.07952236312782465,4.054554778238776e-06
0.7215044119634718,-86.46077978890632,-43.42525802513316,-6.795449084168714,0.0791846779605155,4.0337421960446295e-06
0.7179463488579715,-86.46122338004928,-43.42615438815292,-6.795942808358349,0.0788486403969742,4.013039934616699e-06
0.7144056871914869,-86.46166476208576,-43.427046163860396,-6.79643402954156,0.07851424255726222,3.992447372459222e-06
0.7108823433128005,-86.46210394603725,-43.42793337636372,-6.7969227606423575,0.07818147659751107,3.9719638919062395e-06
0.7073762339580643,-86.46254094287005,-43.42881604963826,-6.797409014515738,0.07785033470976825,3.951588879061476e-06
0.7038872762491742,-86.46297576349525,-43.4296942075271,-6.797892803948033,0.07752080912184878,3.931321723848822e-06
0.7004153876921698,-86.46340841876969,-43.43056787374238,-6.798374141657382,0.07719289209719339,3.911161820275481e-06
0.6969604861755753,-86.46383891949526,-43.43143707186545,-6.7988530402940235,0.07686657593472067,3.8911085656572895e-06
0.6935224899688366,-86.46426727642034,-43.43230182534829,-6.7993295124407895,0.0765418529686842,3.871161361495926e-06
0.690101317720483,-86.46469350023943,-43.433162157513905,-6.799803570613405,0.07621871556850326,3.851319612809796e-06
0.6866968884568745,-86.46511760159326,-43.434018091557064,-6.800275227260884,0.07589715613865951,3.831582728386732e-06
0.6833091215801929,-86.46553959106906,-43.434869650545,-6.800744494765878,0.07557716711850478,3.811950120635677e-06
0.6799379368671051,-86.4659594792017,-43.43571685741868,-6.80121138544515,0.07525874098214874,3.792421205638165e-06
0.6765832544671805,-86.46637727647301,-43.436559734992976,-6.801675911549834,0.07494187023831476,3.772995402929269e-06
0.6732449949010618,-86.46679299331197,-43.43739830595743,-6.802138085265822,0.07462654743016806,3.7536721359870725e-06
0.6699230790591124,-86.46720664009582,-43.43823259287745,-6.802597918714208,0.07431276513520348,3.734450831588339e-06
0.6666174281996478,-86.46761822714987,-43.439062618194754,-6.803055423951593,0.07400051596508007,3.715330920159539e-06
0.6633279639475127,-86.46802776474743,-43.43988840422799,-6.803510612970436,0.07368979256549252,3.6963118356642635e-06
0.66005460829245,-86.46843526311046,-43.440709973173554,-6.803963497699423,0.0733805876160257,3.6773930153696447e-06
0.6567972835875363,-86.46884073241013,-43.4415273471066,-6.804414090003886,0.0730728938300124,3.658573900232602e-06
0.6535559125475827,-86.46924418276615,-43.44234054798115,-6.804862401686048,0.07276670395438894,3.63985393456845e-06
0.6503304182476762,-86.46964562424785,-43.44314959763137,-6.805308444485473,0.07246201076956234,3.6212325661640833e-06
0.6471207241214642,-86.4700450668743,-43.44395451777209,-6.805752230079396,0.07215880708925729,3.6027092460276668e-06
0.643926753959722,-86.47044252061433,-43.44475532999935,-6.806193770083022,0.07185708576038091,3.584283428668787e-06
0.6407484319088208,-86.47083799538682,-43.4455520557913,-6.8066330760499385,0.07155683966289186,3.565954572006953e-06
0.6375856824691223,-86.47123150106081,-43.44634471650865,-6.807070159472389,0.07125806170964855,3.547722136995435e-06
0.6344384304936059,-86.4716230474565,-43.44713333339579,-6.807505031781721,0.07096074484628975,3.5295855882687854e-06
0.63130660118615,-86.47201264434439,-43.4479179275809,-6.8079377043486025,0.07066488205107445,3.5115443935389245e-06
0.6281901201000333,-86.47240030144638,-43.44869852007718,-6.808368188483469,0.07037046633474758,3.4935980237351433e-06
0.6250889131366083,-86.47278602843565,-43.449475131783096,-6.8087964954367886,0.07007749074042094,3.4757459529417866e-06
0.62200290654357,-86.47316983493714,-43.45024778348341,-6.809222636399441,0.06978594834341552,3.457987658786137e-06
0.6189320269135528,-86.47355173052763,-43.451016495849636,-6.809646622503044,0.06949583225113257,3.440322621675718e-06
0.61587620118266,-86.47393172473562,-43.45178128944053,-6.810068464820225,0.06920713560292244,3.4227503254741836e-06
0.6128353566289307,-86.47430982704228,-43.4525421847031,-6.810488174365026,0.0689198515699439,3.405270256974195e-06
0.6098094208707555,-86.4746860468814,-43.453299201973216,-6.810905762093229,0.06863397335501906,3.3878819063135657e-06
0.6067983218657387,-86.47506039363944,-43.45405236147595,-6.811321238902606,0.06834949419253503,3.3705847664342263e-06
0.6038019879087406,-86.4754328766557,-43.45480168332643,-6.811734615633293,0.0680664073482593,3.353378333612507e-06
0.6008203476307031,-86.47580350522307,-43.455547187530556,-6.812145903068127,0.06778470611923956,3.3362621070965707e-06
0.5978533299972215,-86.47617228858789,-43.45628889398555,-6.812555111932945,0.06750438383366561,3.3192355889800716e-06
0.5949008643069251,-86.47653923595033,-43.45702682248058,-6.812962252896896,0.0672254338507322,3.302298284582882e-06
0.5919628801899763,-86.47690435646427,-43.457760992697345,-6.813367336572752,0.06694784956049256,3.2854497022182664e-06
0.5890393076068404,-86.47726765923807,-43.45849142421078,-6.8137703735172375,0.06667162438375518,3.2686893530842675e-06
0.5861300768467371,-86.47762915333448,-43.45921813648969,-6.81417137423134,0.06639675177193577,3.252016751243286e-06
0.5832351185262026,-86.4779888477708,-43.459941148897215,-6.8145703491605945,0.06612322520693333,3.235431413873965e-06
0.5803543635875352,-86.4783467515194,-43.460660480691644,-6.814967308695423,0.06585103820097919,3.2189328608665223e-06
0.5774877432974715,-86.47870287350776,-43.46137615102699,-6.815362263171445,0.06558018429652493,3.2025206152227525e-06
0.5746351892458249,-86.47905722261852,-43.46208817895328,-6.815755222869712,0.06531065706611319,3.1861942026518202e-06
0.571796633343972,-86.47940980769019,-43.46279658341766,-6.8161461980171065,0.06504245011224484,3.1699531517701907e-06
0.5689720078234876,-86.47976063751689,-43.46350138326468,-6.816535198786589,0.06477555706725015,3.153796993867328e-06
0.5661612452346821,-86.48010972084896,-43.464202597236905,-6.816922235297495,0.06450997159315527,3.137725263289643e-06
0.5633642784452733,-86.4804570663927,-43.46490024397554,-6.817307317615841,0.06424568738156494,3.121737496925821e-06
0.5605810406388939,-86.48080268281115,-43.465594342021056,-6.817690455754615,0.06398269815351934,3.1058332346507712e-06
0.5578114653138176,-86.48114657872395,-43.46628490981374,-6.818071659674088,0.06372099765938831,3.090012018848906e-06
0.5550554862814107,-86.48148876270758,-43.466971965694235,-6.8184509392820845,0.06346057967871879,3.074273394878602e-06
0.5523130376648591,-86.48182924329572,-43.46765552790415,-6.818828304434274,0.06320143802012676,3.0586169107919063e-06
0.5495840538978699,-86.48216802897953,-43.468335614586756,-6.81920376493448,0.0629435665211737,3.043042117051468e-06
0.5468684697230157,-86.48250512820726,-43.46901224378716,-6.819577330534918,0.06268695904821839,3.027548567104898e-06
0.5441662201906847,-86.48284054938537,-43.469685433453314,-6.819949010936527,0.062431609496319346,3.0121358169415633e-06
0.5414772406575704,-86.48317430087802,-43.470355201436384,-6.820318815789252,0.06217751178909852,2.996803425211391e-06
0.5388014667852594,-86.48350639100804,-43.4710215654914,-6.820686754692316,0.06192465987860969,2.9815509532114434e-06
0.5361388345390306,-86.48383682805606,-43.47168454327752,-6.821052837194459,0.06167304774522902,2.966377964672746e-06
0.5334892801863667,-86.48416562026155,-43.47234415235891,-6.821417072794276,0.06142266939752446,2.9512840260985475e-06
0.5308527402956498,-86.48449277582294,-43.473000410205195,-6.8217794709404735,0.06117351887212712,2.9362687065994824e-06
0.5282291517349093,-86.48481830289748,-43.47365333419183,-6.822140041032097,0.06092559023362024,2.921331577630174e-06
0.5256184516703518,-86.48514220960196,-43.47430294160103,-6.822498792418916,0.06067887757440889,2.9064722133470564e-06
0.5230205775651875,-86.48546450401217,-43.47494924962178,-6.822855734401557,0.06043337501461116,2.891690190212749e-06
0.5204354671780921,-86.48578519416401,-43.47559227535089,-6.8232108762319,0.060189076701911426,2.876985087553057e-06
0.5178630585621825,-86.48610428805272,-43.47623203579304,-6.823564227113225,0.05994597681147234,2.8623564867045076e-06
0.5153032900633842,-86.48642179363397,-43.4768685478617,-6.823915796200587,0.059704069545781654,2.8478039719435644e-06
0.5127561003193861,-86.48673771882343,-43.477501828379374,-6.824265592601009,0.059463349134562936,2.833327129666409e-06
0.510221428258225,-86.48705207149757,-43.478131894078466,-6.824613625373812,0.05922380983463787,2.818925548861863e-06
0.5076992130969532,-86.48736485949311,-43.478758761601334,-6.824959903530785,0.05898544592980765,2.804598820972065e-06
0.5051893943404634,-86.48767609060795,-43.47938244750122,-6.8253044360365465,0.058748251730746985,2.7903465396144535e-06
0.5026919117800733,-86.48798577260054,-43.480002968242324,-6.825647231808689,0.05851222157487047,2.7761683011053047e-06
0.500206705492322,-86.48829391319111,-43.480620340200794,-6.825988299718153,0.058277349826224706,2.7620637037569454e-06
0.497733715837642,-86.48860052006097,-43.48123457966488,-6.826327648589407,0.05804363087536617,2.7480323485544472e-06
0.4952728834591583,-86.48890560085336,-43.48184570283574,-6.826665287200759,0.05781105913925061,2.7340738387930477e-06
0.49282414928137064,-86.48920916317293,-43.48245372582748,-6.827001224284532,0.057579629061112664,2.7201877797707907e-06
0.49038745450893984,-86.48951121458671,-43.48305866466805,-6.827335468527362,0.057349335110351875,2.706373779480255e-06
0.487962740625272,-86.48981176262362,-43.48366053529963,-6.82766802857048,0.05712017178241047,2.6926314480466825e-06
0.48554994939145074,-86.49011081477518,-43.48425935357898,-6.827998913009881,0.056892133598663026,2.6789603978604147e-06
0.4831490228449914,-86.4904083784956,-43.48485513527823,-6.828328130396655,0.05666521510631156,2.6653602435707954e-06
0.4807599032984084,-86.49070446120153,-43.48544789608496,-6.82865568923716,0.05643941087825271,2.6518306020501503e-06
0.4783825333381811,-86.49099907027272,-43.486037651602906,-6.828981597993297,0.056214715512976174,2.63837109253527e-06
0.47601685582344105,-86.49129221305218,-43.48662441735257,-6.82930586508278,0.055991123634454854,2.624981336421257e-06
0.4736628138847084,-86.4915838968461,-43.487208208771406,-6.829628498879338,0.055768629892020985,2.6116609570652762e-06
0.47132035092267166,-86.49187412892404,-43.48778904121436,-6.829949507712942,0.05554722896025237,2.598409580335782e-06
0.4689894106070697,-86.49216291651955,-43.48836692995449,-6.830268899870095,0.055326915538876684,2.585226834237549e-06
0.4666699368753387,-86.49245026682998,-43.488941890183405,-6.83058668359405,0.05510768435264188,2.5721123488049437e-06
0.46436187393155093,-86.49273618701645,-43.4895139370114,-6.8309028670849905,0.05488953015121989,2.5590657561974985e-06
0.4620651662450719,-86.49302068420477,-43.49008308546848,-6.831217458500367,0.05467244770908261,2.546086690899546e-06
0.45977975854936,-86.4933037654848,-43.4906493505043,-6.8315304659550495,0.05445643182539468,2.533174789298372e-06
0.4575055958409611,-86.49358543791122,-43.491212746988914,-6.83184189752158,0.05424147732391295,2.520329689983229e-06
0.4552426233781708,-86.49386570850332,-43.49177328971306,-6.832151761230408,0.05402757905287415,2.5075510335448278e-06
0.45299078667985454,-86.49414458424546,-43.49233099338873,-6.832460065070117,0.05381473188487812,2.4948384627773922e-06
0.4507500315241724,-86.49442207208703,-43.49288587264955,-6.832766816987659,0.05360293071677226,2.482191622641908e-06
0.44852030394761844,-86.49469817894291,-43.493437942051344,-6.833072024888593,0.05339217046956664,2.469610159885442e-06
0.44630155024374235,-86.49497291169301,-43.493987216072156,-6.833375696637228,0.05318244608830844,2.457093723307337e-06
0.44409371696198774,-86.49524627718334,-43.49453370911333,-6.833677840056975,0.0529737525419863,2.444641963906345e-06
0.44189675090644165,-86.49551828222559,-43.49507743549944,-6.8339784629304665,0.0527660848234025,2.432254534732512e-06
0.43971059913490623,-86.4957889335974,-43.4956184094789,-6.834277572999828,0.052559437949096816,2.419931090549357e-06
0.4375352089574768,-86.49605823804244,-43.496156645224346,-6.834575177966861,0.052353806959211505,2.4076712883704336e-06
0.43537052793558667,-86.49632620227092,-43.49669215683319,-6.834871285493322,0.052149186917403216,2.39547478698583e-06
0.4332165038807848,-86.49659283295962,-43.497224958327955,-6.835165903201092,0.051945572910731215,2.383341247211091e-06
0.4310730848535916,-86.49685813675181,-43.497755063656626,-6.835459038672388,0.05174296004955266,2.3712703319243837e-06
0.4289402191623822,-86.4971221202575,-43.49828248669305,-6.8357506994499735,0.051541343467416255,2.359261705708349e-06
0.4268178553622864,-86.49738479005391,-43.49880724123756,-6.836040893037424,0.051340718320962264,2.347315035370314e-06
0.4247059422540387,-86.49764615268532,-43.499329341017216,-6.8363296268992935,0.051141079789822644,2.335429989324101e-06
0.42260442888286553,-86.49790621466336,-43.49984879968625,-6.8366169084613375,0.05094242307650717,2.3236062381322223e-06
0.42051326453724835,-86.49816498246727,-43.500365630826536,-6.836902745110725,0.05074474340629444,2.31184345408835e-06
0.4184323987481213,-86.49842246254367,-43.50087984794781,-6.837187144196224,0.05054803602716282,2.3001413112864486e-06
0.4163617812874477,-86.49867866130722,-43.501391464488286,-6.837470113028442,0.05035229620965141,2.2884994858655223e-06
0.41430136216728175,-86.49893358514055,-43.50190049381499,-6.837751658880025,0.05015751924677644,2.2769176556681997e-06
0.41225109163855445,-86.49918724039445,-43.50240694922422,-6.838031788985873,0.04996370045392121,2.265395500615878e-06
0.4102109201900989,-86.49943963338788,-43.50291084394167,-6.838310510543281,0.04977083516874027,2.253932702150034e-06
0.4081807985475919,-86.49969077040822,-43.50341219112302,-6.838587830712198,0.049578918751068256,2.2425289435796558e-06
0.40616067767229913,-86.49994065771168,-43.50391100385449,-6.838863756615438,0.049387946582799304,2.2311839101759984e-06
0.4041505087601581,-86.50018930152314,-43.50440729515297,-6.839138295338853,0.04919791406780386,2.2198972889457614e-06
0.40215024324053966,-86.50043670803646,-43.50490107796654,-6.8394114539315485,0.049008816631816346,2.208668768622622e-06
0.40015983277542677,-86.50068288341458,-43.505392365174785,-6.83968323940606,0.04882064972235638,2.197498039719315e-06
0.3981792292580948,-86.50092783378942,-43.50588116958904,-6.839953658738526,0.0486334088086045,2.186384794410554e-06
0.39620838481217563,-86.50117156526271,-43.5063675039532,-6.840222718868988,0.048447089381323465,2.1753287268015595e-06
0.3942472517906377,-86.50141408390543,-43.50685138094362,-6.840490426701464,0.04826168695275697,2.1643295327695923e-06
0.39229578277456195,-86.50165539575855,-43.50733281316986,-6.84075678910422,0.04807719705651667,2.1533869095785924e-06
0.3903539305722625,-86.50189550683244,-43.50781181317465,-6.841021812909901,0.04789361524750424,2.1425005566094183e-06
0.3884216482181617,-86.50213442310799,-43.50828839343483,-6.841285504915824,0.047710937101807606,2.1316701746691995e-06
4.433761672811837,-87.35040739123228,-42.83049777808122,-6.548727460239945,0.4109345178113144,6.572535165039576e-06
4.24555357955792,-87.310105265463,-42.86218975597903,-6.562238083905033,0.3940891640318389,6.4921885786045775e-06
4.064121074999728,-87.27135632376276,-42.89267575418054,-6.575241101330901,0.37783887021218604,6.416983547179981e-06
3.889842390628144,-87.23399621358602,-42.92187227431121,-6.587722179647788,0.36222881383715105,6.3426325993532155e-06
3.7218680977812886,-87.19765160408822,-42.9499905330876,-6.599776647903641,0.3471906077342592,6.269119077974395e-06
3.560511957849334,-87.16268030122417,-42.976874315319485,-6.611330663545464,0.33273983675903573,6.196349926422734e-06
3.4051784503127642,-87.12866499991831,-43.00256047335155,-6.622427531003754,0.31882907740589395,6.12441331236585e-06
3.2555895007118014,-87.09568948690665,-43.02742289496383,-6.6331744826502606,0.30544275275020577,6.053221007524038e-06
3.111947605809616,-87.063780930835,-43.0510671180141,-6.6434530842668575,0.29258332320891517,5.982626055937993e-06
2.9738370804762373,-87.03286810371881,-43.073754176973154,-6.653344213212568,0.2802231648530845,5.913010659315639e-06
2.8409498623304774,-87.00288596985948,-43.09553220292023,-6.662871857263652,0.26833302735154013,5.843989589228866e-06
2.713210416588094,-86.97391168329449,-43.11637989803945,-6.672022078564335,0.2569031527731316,5.775899209527184e-06
2.5904716844043225,-86.9456523693871,-43.13626042738043,-6.6808069658741545,0.24592442562765723,5.708496512576585e-06
2.4723068606366607,-86.91828216517568,-43.15531110884755,-6.689256083051029,0.23535453342995663,5.64183997629811e-06
2.3589734391317325,-86.89161779241532,-43.17343462759451,-6.6973553111107975,0.22521955095186752,5.575828535232735e-06
2.2498292485023113,-86.86587488332776,-43.19094329685917,-6.705180739570835,0.21546308203676184,5.510661045237974e-06
2.1450043678259827,-86.84072396289122,-43.207606276381256,-6.712690251224768,0.2060960672845819,5.446174881579108e-06
2.0444777249735613,-86.81626327521731,-43.22339678656143,-6.719868884959325,0.19711250480561163,5.382292248987827e-06
1.9477820120668627,-86.79248462918548,-43.23853764352539,-6.726782907478252,0.18847559066029168,5.319320438332713e-06
1.8548529213553604,-86.7693014133269,-43.253076680410004,-6.7334575791995395,0.18018127523212166,5.2567747095126e-06
1.7657680264065232,-86.7468064893538,-43.26678443836463,-6.739813273683115,0.17222686739704465,5.195151779121847e-06
1.680090090167605,-86.72499390840636,-43.27987899637864,-6.745917699257292,0.16457699982256183,5.134211893487925e-06
1.5977000236981067,-86.7035938525123,-43.29249615729111,-6.75183472588124,0.15723137015078995,5.0738245091639994e-06
1.5189288483345167,-86.6828531703701,-43.30432652539652,-6.757450637107951,0.1502046855445471,5.014072340429586e-06
1.4431261693154254,-86.66262446423914,-43.31565833483246,-6.762863527259459,0.14344740875863926,4.955228116539525e-06
1.3704964212171273,-86.64278803342854,-43.326356373028794,-6.768045424536683,0.1369759814478865,4.896845975710102e-06
1.3006335495797978,-86.62316826932523,-43.336526172259994,-6.77304028550679,0.13075907063745476,4.839062116036448e-06
1.2336811987946474,-86.60443517682691,-43.34624428161771,-6.777816772844203,0.1247984968494202,4.7822251436739375e-06
1.169400837427447,-86.58598022836077,-43.35541003605376,-6.782397630545758,0.11907886015478912,4.7257491645830055e-06
1.1080057182889524,-86.5678773657863,-43.36400077036535,-6.786766249760455,0.1136206355428432,4.669944065179279e-06
1.0488189808945498,-86.55022054779555,-43.37218518294018,-6.7909685868977885,0.10835933100366231,4.614860346056222e-06
0.9923779190304964,-86.53281196637555,-43.37986004338002,-6.794988432824074,0.10334994855579846,4.560366510529814e-06
0.938088763864188,-86.51611707790984,-43.38720739292579,-6.798844596997772,0.09852857044838012,4.506510941811208e-06
0.8861185797731593,-86.49945229638045,-43.39396483341955,-6.802512838376816,0.09391754411122677,4.453226859957014e-06
0.8361158577692275,-86.48303307592218,-43.40044232187493,-6.806068779398676,0.08948951836333155,4.4005902865190825e-06
0.7884157725846918,-86.46712035528438,-43.40650998456835,-6.809453360240383,0.08526609664900542,4.348475204809806e-06
0.7428878391312134,-86.45167603278291,-43.41218788785345,-6.81267600896648,0.0812357705110903,4.297027001885138e-06
0.6989606486254731,-86.43619555171371,-43.41753324591517,-6.815794503601218,0.0773555936368068,4.246110851443648e-06
0.6569876941586311,-86.42095482660397,-43.422420556389476,-6.818748143105798,0.07364958070852234,4.195842042109721e-06
0.6168639126624472,-86.4063009616478,-43.42707972076885,-6.821579867110484,0.07010779736706768,4.146149506228524e-06
0.5786253741201977,-86.39159755006628,-43.43122598135027,-6.82425463845353,0.066737430529462,4.096927011159458e-06
0.5417997923267693,-86.37728954108934,-43.435251749916056,-6.826854827455251,0.06349676798777756,4.048328579246288e-06
0.5065265119619439,-86.36311844114933,-43.438881389678436,-6.829318854663306,0.06039419393834647,4.000407716937298e-06
0.4730909222311111,-86.34935447536982,-43.442183831509304,-6.8316465439977305,0.05745453544936987,3.952868846248899e-06
0.4409375783631325,-86.33549557194713,-43.44521447617639,-6.833892806771782,0.05463722973997249,3.905989031009297e-06
0.41007815939667275,-86.32209139670184,-43.44810274843767,-6.836056515559046,0.051933901192523405,3.859537274279486e-06
0.3809456761419602,-86.30879684204251,-43.450613054487214,-6.838088974873891,0.04938897351794182,3.81382498040637e-06
0.35278412017231026,-86.29557793805617,-43.452779265361066,-6.840009269865878,0.04692589237786611,3.7684627233463242e-06
0.32597968772749947,-86.28266862468746,-43.45488023144899,-6.841878498060049,0.04459144944198411,3.7237848685910126e-06
0.3005291711018682,-86.26985633681376,-43.45661910100377,-6.843626494808786,0.04237703763028497,3.679535749845032e-06
0.2761347328663307,-86.25716942247305,-43.458188507325744,-6.845309149047743,0.04026003344080406,3.6357698122750415e-06
0.2527358445653913,-86.24459183025374,-43.459595383337636,-6.846929667167382,0.03823511889002183,3.592577005141223e-06
0.23057117091984608,-86.23224742784566,-43.460583333647484,-6.8484005531824925,0.03631272605528773,3.549880048043496e-06
0.20942439040020383,-86.22012007384032,-43.46155726294695,-6.8498452229475015,0.03448843191322906,3.5077044781430772e-06
0.18908663307659632,-86.2078598540269,-43.46228959753144,-6.851223969256035,0.03273976025670461,3.4660484270495916e-06
0.17010578110664454,-86.19589362692435,-43.462771007296304,-6.8524986721413725,0.031111679255628633,3.4248642753563706e-06
0.15166901415180037,-86.18417820108907,-43.46322290024922,-6.853742264751695,0.029531494141783268,3.384147289721088e-06
0.13425573658886686,-86.17238225858821,-43.463401244552585,-6.854905059123818,0.02804644374580245,3.3438894044179264e-06
0.11766348881268655,-86.16072699039266,-43.463404862244744,-6.856000339484641,0.026634420146100325,3.3041820666315164e-06
0.10184604651306767,-86.14919627752516,-43.46324052928373,-6.857031925041246,0.025291249768429988,3.2649154462652147e-06
0.08668303549100216,-86.13759249373517,-43.4630036003097,-6.8580437101413665,0.02401390449435055,3.2261218520959235e-06
0.07243733425766323,-86.12623609197837,-43.4625351153638,-6.858963728814782,0.02281375228186077,3.1876959056846214e-06
0.058829411989998186,-86.11496091870848,-43.46191887615617,-6.859827591940249,0.021671482576160087,3.1499144017643775e-06
0.0459754534491173,-86.1037164844332,-43.46117483079145,-6.860648812618903,0.020599370292689146,3.1124206625921754e-06
0.033828122681562614,-86.09249091504877,-43.460309887132176,-6.8614274400978745,0.019594535283571926,3.0756272052692486e-06
0.02228061754128417,-86.08168297458708,-43.45932483117373,-6.862134780424625,0.018635313718198605,3.0390718164504077e-06
0.011143917904919025,-86.07052807384724,-43.4581920591099,-6.862823491350353,0.017720140308160943,3.0029428730755266e-06
0.0008402088785615865,-86.05968900914355,-43.45698543285974,-6.863459862200759,0.01687988569189978,2.9674277704779768e-06
-0.009045455068001104,-86.04885547867585,-43.45565359859617,-6.864057074918174,0.01607644718123154,2.9321324457754643e-06
-0.018170354869757255,-86.03811954479242,-43.45414912354665,-6.864590663307714,0.015341372358971532,2.897405994940349e-06
-0.02716593207289271,-86.02740988345144,-43.45270625578242,-6.865139496635941,0.014621519552587984,2.8631074688336733e-06
-0.03559920248307602,-86.01663123030607,-43.450969401230225,-6.865603246208545,0.013948230867342643,2.8290448861430625e-06
-0.04320609691150708,-86.00606773529962,-43.4491964507895,-6.866034468354707,0.013353129802941885,2.795659115551514e-06
-0.05069458409366359,-85.99567929547044,-43.44740388297115,-6.866445272059322,0.012764865701939384,2.762522732725344e-06
-0.05763353705598493,-85.98514282245876,-43.44553895056094,-6.866843357173378,0.012233474188791919,2.72992388494016e-06
-0.06427283170318357,-85.97472117588129,-43.44347999013744,-6.867172497735522,0.01172168903319769,2.6975918259865068e-06
-0.07041162696581822,-85.96413781764247,-43.44135873574184,-6.867492867924532,0.011262694187024743,2.6657216067317835e-06
-0.0765146749490585,-85.95388431389802,-43.439331355310316,-6.867814470512445,0.01080336481853659,2.6342366871464383e-06
-0.081705635074293,-85.94354303179361,-43.436989329314066,-6.8680445209994865,0.010426283766878973,2.6032284128261583e-06
-0.08699117046802413,-85.93313692680445,-43.43473198423617,-6.86830548879278,0.010044553985683954,2.572404269113738e-06
-0.09170233843271428,-85.92308574109623,-43.432341518057,-6.868494673118993,0.009707776133934715,2.5421421859873027e-06
-0.09616907040396465,-85.91285501320908,-43.429876383758405,-6.868674654132356,0.009397170249315709,2.5123381165551795e-06
-0.10040350231091455,-85.90263207716494,-43.42744229785996,-6.868862236063301,0.009111458296090325,2.4826668514149264e-06
-0.10434963950985236,-85.89240459051875,-43.42484495152849,-6.868997381871867,0.008849512987696859,2.4536666684376074e-06
-0.1078671726530366,-85.88249713930703,-43.4223132905774,-6.869126610734666,0.008625699169092756,2.424850262807957e-06
-0.11113348056599244,-85.87255446771924,-43.41961663308345,-6.869208198983653,0.008421359274991689,2.3963131774905334e-06
-0.11423976851787385,-85.8623889295121,-43.41685073248089,-6.869284951287681,0.008236357875039084,2.3682359088386887e-06
-0.11733819654400036,-85.85241534671947,-43.41420753578838,-6.869382130881567,0.008053123619576155,2.340616257265643e-06
-0.1198397589458887,-85.84249054499111,-43.41134444684059,-6.869408063441672,0.007920023992944189,2.31319230340664e-06
-0.1223725436893792,-85.83254418136542,-43.408501882652814,-6.869439232291376,0.007786312136672712,2.2863095729529883e-06
-0.12456053406029717,-85.82267418632675,-43.40562008409846,-6.869452447308362,0.007683830398676191,2.2596423410789012e-06
-0.12657545034689327,-85.81272344545309,-43.40257899730179,-6.86942266677377,0.007594684668334496,2.233281401430306e-06
-0.12849681399810514,-85.80287778019036,-43.39968037539154,-6.869427037615901,0.00751857583875293,2.207224112351059e-06
-0.1302587479027824,-85.79312063285364,-43.39672260692202,-6.869404997126031,0.007454578466449824,2.181752851739214e-06
-0.13172430224242146,-85.78321589976582,-43.39361935510757,-6.869349823792098,0.007418425614641073,2.1564722146610108e-06
-0.1330542829923813,-85.77357404621074,-43.390567498985895,-6.869287929422184,0.007392278551574956,2.1314777463218588e-06
-0.13433182629231497,-85.76380795043626,-43.38754470807786,-6.869244985049878,0.007375596198714458,2.106767336556649e-06
-0.1352668379857633,-85.75423932459205,-43.38439047547118,-6.869143557880754,0.007384528599086784,2.0825882200139805e-06
-0.13617316595463422,-85.74434467077987,-43.38116173141968,-6.86904692076836,0.007400696207407511,2.0584882088412357e-06
-0.13697454447051224,-85.73486989819892,-43.37808598666052,-6.868961648361192,0.007424294329421015,2.034846878704058e-06
-0.137682394186812,-85.72523111553396,-43.37483976733861,-6.868837699128337,0.007454418394747496,2.011434464137831e-06
-0.13837711126274838,-85.71543314674628,-43.371623407307105,-6.8687338469511525,0.0074918108502255625,1.9884746212837817e-06
-0.13875755126520034,-85.7059874939933,-43.36837666296917,-6.868592392146288,0.007551292706447825,1.9657931652615146e-06
-0.13914084257385403,-85.69635996110699,-43.36515349819501,-6.8684730942516,0.007615810830324108,1.9432924187494513e-06
-0.13923224493892086,-85.68687644756476,-43.3617929601773,-6.868299065930447,0.007701416910677299,1.92106959090975e-06
-0.13949153578153586,-85.67742356550579,-43.35854620043222,-6.8681557229128725,0.00777481430727028,1.899405428335043e-06
-0.13953830083083327,-85.66791172068422,-43.35524508929346,-6.8680012825471355,0.007868690835772806,1.8778124187713188e-06
-0.13953195943967014,-85.65856167834625,-43.35197819102781,-6.867843768757581,0.007965819695570496,1.8565452805381434e-06
-0.13948055067177514,-85.64898837581558,-43.34853371908906,-6.867649739758793,0.00806601514997719,1.8356301976974956e-06
-0.13945392495935297,-85.63957121719864,-43.34531845517484,-6.8675127122314095,0.00816957883545593,1.8149353328099448e-06
-0.1393070962337552,-85.6302881473304,-43.34193438008613,-6.867312893641877,0.008275657904705294,1.7946464272688297e-06
-0.13882510289158367,-85.62086478982917,-43.33851005217288,-6.867112050490904,0.008417480345368199,1.774505772620732e-06
-0.13846911640555198,-85.61160663146615,-43.335098858929186,-6.866901427837977,0.008543631331403418,1.7546664878471824e-06
-0.13815740852422745,-85.60227770229532,-43.331801728717096,-6.866731814252763,0.008671648315404117,1.7350321132026616e-06
-0.1375962879849251,-85.59301276956172,-43.328349432388364,-6.866508082620704,0.008817969044979673,1.7157878160217677e-06
-0.13723964662568383,-85.58370493881333,-43.324992338088364,-6.866317285616453,0.008948641147152077,1.6968651680786265e-06
-0.1366311948087038,-85.57463394548313,-43.32158126756162,-6.866091358400541,0.009096923882863914,1.6780687018157797e-06
-0.13608651199801114,-85.56527182957763,-43.31817280186443,-6.865888970435725,0.009246467593886608,1.6596191543048543e-06
-0.13530103589055925,-85.55613772761411,-43.31470892657231,-6.865651782013573,0.00941265616618458,1.6413838449788206e-06
-0.1347354908694807,-85.5469286945481,-43.311333312586434,-6.865446699946412,0.00956273943465379,1.6234216899633323e-06
-0.1339317739032163,-85.53792682741249,-43.30789670681742,-6.865206150973357,0.009729786077513677,1.605794182464172e-06
-0.1333479921893611,-85.52883153357566,-43.304541761788315,-6.864998262886457,0.009880455167104722,1.588402679143611e-06
-0.13252595013627697,-85.51992605176494,-43.30111958293312,-6.864755463119061,0.010047807897690969,1.5711435694914113e-06
-0.13178044400511166,-85.51068534829191,-43.2976875620353,-6.8645364263660875,0.01021554115256751,1.5541739608446878e-06
-0.1309529403759798,-85.501855272623,-43.29427596997717,-6.864290588693167,0.010382865494770941,1.5374296140272776e-06
-0.12998073752312375,-85.49281576933993,-43.29077924931006,-6.8640350908299945,0.010566959387914446,1.5210327816990397e-06
-0.1292370462360986,-85.48384111204705,-43.28746117395437,-6.863828790897264,0.010734109193487006,1.5048182571359181e-06
-0.1284138019496517,-85.47506059585197,-43.28404681341542,-6.863578000915862,0.010900908081032152,1.4888485299572184e-06
-0.12744520455404965,-85.46605155077694,-43.280540762095214,-6.863317825175455,0.011084428435989785,1.473118032335962e-06
-0.12648202419368154,-85.45723111303613,-43.27713636312824,-6.863074111107404,0.011267122885581344,1.4575620918758783e-06
-0.1255295224036887,-85.44839703672989,-43.27372368608037,-6.862827629134855,0.011449745276990355,1.4423344590626335e-06
-0.12458485784689603,-85.4395457371749,-43.27029985156101,-6.8625795382603885,0.011631786723912766,1.4274015734433173e-06
-0.12379002102596623,-85.43089881034257,-43.26694851306416,-6.862339726570843,0.011796060208875853,1.412435595820086e-06
-0.12285019601879398,-85.422172014842,-43.26359749509189,-6.862104227962284,0.01197827760414363,1.3979503439157197e-06
-0.1216940624105451,-85.41354819988692,-43.26015418813418,-6.861833756063738,0.012175900061283542,1.3834930552854453e-06
-0.12092910049801388,-85.40477182502941,-43.25674770518317,-6.861586800538516,0.01233974219382278,1.3693477174273014e-06
-0.12001116869731074,-85.39609388141457,-43.253440083483866,-6.861362955451312,0.012520702644092802,1.3553204422177438e-06
-0.11902733704479994,-85.3875388247665,-43.250016606683374,-6.8610931785665,0.012701477757665565,1.341631057020001e-06
-0.11790429845325816,-85.37905890329341,-43.246689616128926,-6.860847023319608,0.012898747453180905,1.3281480778104742e-06
-0.1169478391535195,-85.37053965918665,-43.243313724847084,-6.860589865862973,0.013078387742650164,1.314867382121008e-06
-0.1160005486573815,-85.36193861715505,-43.23990659259011,-6.8603306452152575,0.013257932363996482,1.3016914411491663e-06
-0.1150606457037014,-85.35343975989078,-43.236572401083784,-6.860085585377921,0.013437687233577767,1.2888095521665652e-06
-0.11412789519703123,-85.34503231357282,-43.23330512590413,-6.85985373987748,0.013617689025882602,1.276121242534744e-06
-0.11312917683354214,-85.33670299400023,-43.22990711936806,-6.859576495385039,0.01379738724701047,1.2637194147654808e-06
-0.11221660806748526,-85.32826396073459,-43.22666405822363,-6.8593550059096,0.013977987916635973,1.2513440848790021e-06
-0.11123628078022217,-85.31989547442119,-43.22328459588148,-6.859087726629779,0.014158113664289814,1.2392511196026343e-06
-0.11026558500217322,-85.31159167343768,-43.21996681765017,-6.858834613753037,0.01433853741911438,1.2272755148436308e-06
-0.1094523103855727,-85.30338371853543,-43.21668856745605,-6.858586266325152,0.014502793910452784,1.2156091767199677e-06
-0.10827037269653274,-85.29532307993632,-43.21340943037113,-6.858325446126078,0.01470132777664854,1.2040218321289695e-06
-0.10748258967588505,-85.2870088494867,-43.210130730611006,-6.858086095243179,0.014866466134877583,1.1927373133058352e-06
-0.10647123058973866,-85.27887902938717,-43.20682960223878,-6.857825986297779,0.015048975334345238,1.1815587665584854e-06
-0.10547358358530355,-85.27077609690151,-43.203577411773175,-6.857578242189699,0.015232214862881073,1.1707073223846078e-06
-0.10463427953437189,-85.2627348510949,-43.20035113923149,-6.857334990098425,0.015399020326437632,1.1598606133247603e-06
-0.1037972882997379,-85.25470717560225,-43.19716488533076,-6.857103841741027,0.015567069467777823,1.1492415822800825e-06
-0.10288930420345277,-85.24686852356744,-43.19392750301763,-6.856842029789347,0.015736237210850688,1.1387810535506752e-06
-0.10206759399852411,-85.2386555997441,-43.19071273949443,-6.8566164395113605,0.015907600974765033,1.1286698441366186e-06
-0.10131571391068023,-85.2308596166796,-43.18752946599463,-6.856369985211555,0.01606250283308395,1.1185183735162355e-06
-0.10019361367950153,-85.2231462548684,-43.18432409193867,-6.856109554964717,0.016252716144169285,1.1086175875258828e-06
-0.09946272683626702,-85.21511927808798,-43.18109843077729,-6.855869893165128,0.016410153574354488,1.0988342592496816e-06
-0.09850602515967365,-85.20740392938033,-43.17793628971335,-6.855624115935604,0.01658627008821192,1.0892295624561984e-06
-0.0977071088601789,-85.19969258316779,-43.1747812219844,-6.855381471958785,0.016746807841045028,1.0798366096518598e-06
-0.0969114843948719,-85.19194002122553,-43.17164931354253,-6.855148931324264,0.016909747612847737,1.0707079594741611e-06
-0.09626386298848107,-85.18418547476904,-43.168518833760864,-6.854918991852625,0.017057707529563922,1.0615599707786714e-06
-0.09538534392069979,-85.17671054578284,-43.16543914817809,-6.854682364123713,0.01722482067413063,1.052709718315423e-06
-0.09466368923378006,-85.16902407374492,-43.16225158981795,-6.854430917618473,0.01737710903493552,1.0439609415831597e-06
-0.09393815635258707,-85.16146353637015,-43.15918555388076,-6.854206778534504,0.01753222710905284,1.03534401886617e-06
-0.09298849848626545,-85.15397461485901,-43.156057613074466,-6.8539587832731055,0.01770607468997712,1.026951554527096e-06
-0.09219485224803244,-85.1466325924983,-43.15302687106603,-6.853729924036857,0.017864777047838582,1.0185920121562622e-06
-0.09155245224812972,-85.13923963499356,-43.14998322440002,-6.8535015754084725,0.018009549340213482,1.0105820591837375e-06
-0.0906821727950022,-85.13189651616331,-43.1468717955916,-6.853249005152186,0.018173871655140943,1.0026284192106613e-06
-0.09018834317341345,-85.12435394318007,-43.14381854943174,-6.853032017750282,0.01830740943336195,9.947323910012884e-07
-0.08945457483368847,-85.11704735698234,-43.14079778191456,-6.852807388915673,0.018460886493099946,9.869869100104846e-07
-0.08864475383988508,-85.10999828670276,-43.13779032137736,-6.852566035402898,0.018617180136977926,9.79422867714122e-07
-0.08798734012329619,-85.10286237202357,-43.13476036923656,-6.852325551657628,0.0187597619771659,9.720388065800218e-07
-0.0873241426924511,-85.09560176857384,-43.13172362659124,-6.8520949543085985,0.01890558720826456,9.647962810818874e-07
-0.08665424263151068,-85.08858799220354,-43.12888839009484,-6.851905348196923,0.019055361764014345,9.57695721346786e-07
-0.08605586724975749,-85.08147096907229,-43.125823947224745,-6.851655863264938,0.01919121351563361,9.508311474814905e-07
-0.08544736657383582,-85.07440143947404,-43.122854353951396,-6.851432673476688,0.019331057828990778,9.439428899679366e-07
-0.08483041924826669,-85.06737264281045,-43.11997324238318,-6.851233719957543,0.019474932262463218,9.372229246763994e-07
-0.08427756597458506,-85.06060023768232,-43.11706848042886,-6.851008530643104,0.01960537909621666,9.307331120671785e-07
-0.08371430186147638,-85.05366034295673,-43.11414088961071,-6.850791481313433,0.01974008445573193,9.242130756540217e-07
-0.08306657820619122,-85.04692398323708,-43.11120744747484,-6.850556291110643,0.01987900432716092,9.179525660836046e-07
-0.08241318437280389,-85.0401952557541,-43.108354429941535,-6.8503455821616015,0.020022157353916777,9.118194468601465e-07
-0.08190421364218398,-85.0333254043754,-43.10545464063619,-6.850133163047314,0.0201525907159952,9.058428797345008e-07
-0.08130566500416386,-85.02664576219857,-43.10254163446531,-6.849903194460809,0.020287022512729215,8.99862085958572e-07
-0.08084385726858741,-85.02018518296909,-43.09978987234198,-6.849705843600667,0.02040935073614548,8.94036164836058e-07
-0.08014809559520594,-85.01347484268143,-43.09682367445404,-6.849464218657606,0.020552970914949675,8.883930271042242e-07
-0.07981891001192855,-85.00683650643458,-43.09409051218654,-6.84928797844135,0.020668225653015973,8.829017833425591e-07
-0.07916741810403724,-85.000503518997,-43.091257794431044,-6.8490589368519394,0.020804522826225667,8.774966918026345e-07
-0.07888115573438181,-84.99403040929585,-43.088543099802806,-6.848878375678262,0.020912555988284273,8.722023841400703e-07
-0.07827477843446193,-84.98766103557915,-43.08562225774033,-6.848627411534446,0.021042534925101684,8.670223562752997e-07
-0.07788068321190296,-84.98129247840059,-43.08294225151928,-6.848451130165959,0.021161190194060563,8.619221553371202e-07
-0.07739246287460536,-84.9750590938,-43.08022569777742,-6.848253995980601,0.021285003251462837,8.569958998356215e-07
-0.0768174686815608,-84.96876541473347,-43.077369224033816,-6.8480206192483974,0.021413569872176196,8.521433406279871e-07
-0.07637948717979134,-84.96263974259257,-43.07465835576582,-6.847818931723257,0.021530776820537143,8.473666255631844e-07
-0.07607383431606998,-84.9564843810814,-43.07197999530676,-6.847630082339011,0.02163739394012084,8.429184796293811e-07
-0.07552181602902724,-84.95039999876093,-43.0692766661391,-6.847428904755648,0.021766592648780957,8.383813263022521e-07
-0.07525408522177426,-84.9443184979929,-43.066584244133345,-6.847233314514432,0.02186740753707191,8.340061743566371e-07
-0.07473902784997193,-84.93829744985328,-43.063865494241554,-6.847025138286643,0.021991417420848227,8.29732508400347e-07
-0.07435860728216906,-84.93223002982971,-43.06117297488775,-6.846830988838993,0.022103994198086282,8.254911550042438e-07
-0.07403057314176159,-84.92648104233014,-43.05852103633151,-6.846624269187441,0.022205984445095424,8.214443008256197e-07
-0.07368007538451264,-84.92062432651787,-43.055906605496105,-6.846439053348892,0.022314686151486466,8.174927873655975e-07
-0.07323462895419577,-84.91484392433343,-43.05323880626425,-6.846232321170264,0.02242953718511371,8.136632937095207e-07
-0.0729189572855967,-84.9091767505653,-43.05069349484596,-6.846055410822485,0.02253386488428869,8.098647922576199e-07
-0.07273111083956035,-84.90324355140045,-43.048055173276616,-6.845872884752789,0.02262833756229545,8.062200221108942e-07
-0.07221394012502037,-84.89770928251667,-43.0453936357847,-6.845652347499895,0.022745939542440193,8.026325047361041e-07
-0.07205402195021134,-84.89212464339657,-43.0429215989941,-6.845494940449059,0.022836891630273713,7.992600541014092e-07
-0.07178794049623795,-84.88658781795003,-43.040381264078576,-6.845314480802746,0.02293492001884105,7.95875021330148e-07
-0.07142278600649969,-84.8810930537346,-43.03777581061366,-6.845111711006906,0.02303987930067564,7.925761045122876e-07
-0.0711835020195211,-84.87567945342333,-43.03528182581925,-6.844938018096805,0.023135042645915243,7.894269796838732e-07
-0.07084434872708985,-84.8702956159343,-43.03271792965396,-6.844741226926769,0.023237476402496033,7.863544999882194e-07
-0.07062882412203313,-84.86498206666195,-43.03026019193506,-6.8445734752772465,0.023330085795335777,7.833333397436137e-07
-0.07031126880554738,-84.85968808464304,-43.027727530395886,-6.844382608347542,0.02342992916623427,7.804559030359118e-07
-0.06989462810977853,-84.85459531373415,-43.025226503880866,-6.844186804056777,0.02353653415410307,7.776216467346523e-07
-0.06961167508759902,-84.8493628169745,-43.022722358601854,-6.8440016230251235,0.023633819836268773,7.749615827210054e-07
-0.06945007075015573,-84.84418217638299,-43.0203165339639,-6.843844264165393,0.023721794967423056,7.723440384884265e-07
-0.06918328450101245,-84.83900424357195,-43.0178278815164,-6.843663115714692,0.023817260773927217,7.69702800467306e-07
-0.0689613547838835,-84.83423589522675,-43.015450928601815,-6.843484166766358,0.02390350583551938,7.673621972414597e-07
-0.06871560937775703,-84.82907605957251,-43.01297177087083,-6.843306781100457,0.023997916265615243,7.649612804676802e-07
-0.06851223978268225,-84.82432093703677,-43.01060067950663,-6.8431319404712845,0.024082876241465854,7.626932916914483e-07
-0.06843009146628497,-84.81939372697587,-43.00821172107101,-6.8429665376706215,0.02415966457744312,7.60463166398118e-07
-0.06823533328771318,-84.81462913221323,-43.00583656564615,-6.842794600407389,0.024244504132852437,7.582683818433556e-07
-0.06794080451062588,-84.80982907450495,-43.003371743482234,-6.842597810698405,0.024337854145805523,7.5633647901017e-07
-0.06776566203484166,-84.80522416470356,-43.00109725566292,-6.842446076882699,0.024422128061636055,7.543343489536528e-07
-0.06748731857547449,-84.8005716675622,-42.99872386113754,-6.84226938942556,0.024514415192349488,7.524323267121279e-07
-0.06710929535333052,-84.79605725410141,-42.996359855286485,-6.842085803374758,0.024614320912843577,7.505618167277746e-07
-0.06700684373261283,-84.79157009952343,-42.994056886004486,-6.841920918152191,0.024688436235469118,7.488159160863922e-07
-0.06701811380940356,-84.787066259628,-42.99182839379956,-6.841781113124697,0.024755187307751492,7.471317834287452e-07
-0.06669483523178045,-84.78264170876983,-42.989424065606826,-6.841581641954553,0.024847564614193837,7.456369204227743e-07
-0.06671579216207577,-84.77823798335781,-42.98727123145494,-6.841459971885681,0.024914893145946266,7.441328052145167e-07
-0.06654814170794128,-84.7739445254576,-42.9849182517498,-6.841269969630732,0.02499090445833064,7.426872781349929e-07
-0.06634989925832359,-84.76957632258322,-42.98265533029956,-6.841114645553992,0.0250760275330643,7.412962542432179e-07
-0.06619350112354964,-84.76554160218753,-42.98047494165652,-6.84095920723388,0.025152769343839722,7.40026982763153e-07
-0.06593261469623571,-84.76141028310286,-42.978180466961966,-6.840778867151495,0.02523793382880607,7.387481690710808e-07
-0.0659433947240819,-84.75726886624592,-42.9759360329216,-6.840615536622165,0.02529878865251977,7.37587707881762e-07
-0.06569062965569958,-84.75317847284553,-42.97370035313662,-6.840452307039643,0.02538576238920116,7.365726817543225e-07
-0.06570483281459472,-84.74925821172069,-42.971612118959946,-6.840322646267218,0.025447935078014773,7.354819454485282e-07
-0.06560669901563573,-84.74522743680436,-42.969401491035555,-6.840165658216175,0.025519786815913305,7.345360886032866e-07
-0.0655442327378692,-84.74150132456131,-42.967264045743356,-6.8400087257099464,0.025583903035496132,7.336092935421253e-07
-0.06537443123963697,-84.73765028711836,-42.96500538591837,-6.839825639728803,0.025657750005510342,7.328268041654355e-07
-0.06531886539264595,-84.73390992551315,-42.962908563545845,-6.839685448313608,0.02572411300146057,7.319945867368506e-07
-0.06515176470768731,-84.73022809967061,-42.960789304590506,-6.839535466120909,0.02579979213966556,7.312759940499523e-07
-0.06525216565243003,-84.726497792488,-42.95870287249065,-6.839400036516448,0.025851977134580408,7.306968161665999e-07
-0.06486125610760989,-84.7229240461069,-42.956537535325815,-6.83922983486121,0.025946988396726406,7.300331369979576e-07
-0.06489417320743256,-84.71951855434851,-42.95449138233125,-6.839084641392346,0.02600042230031082,7.295757131985752e-07
-0.0646668709834687,-84.7159213630492,-42.9523305424706,-6.8389204803113275,0.026080909809381433,7.291295270985838e-07
-0.06470541539538481,-84.71245167295125,-42.95030346834692,-6.838789556891105,0.026137056716323475,7.286902440416428e-07
-0.06477546959002163,-84.70905650195832,-42.94822753189849,-6.838639726862149,0.026186620055280885,7.283563442305678e-07
-0.06457856129427138,-84.70583528100906,-42.94624351825876,-6.838504446508494,0.0262635708060178,7.281284423622827e-07
-0.06442562055894473,-84.70267238111379,-42.944205962237405,-6.8383508608924215,0.026332571302378253,7.277798788667332e-07
-0.06453950390433631,-84.69942113321937,-42.94218938248732,-6.838211794729826,0.026378495349925604,7.276958227683838e-07
-0.06453201927501521,-84.69618769603235,-42.94013657703053,-6.83806274416518,0.026434868753187957,7.275844904445847e-07
-0.06440810313718213,-84.69315482378568,-42.93815278490809,-6.837920718157528,0.02650124601840542,7.27410860781453e-07
-0.06432876056863912,-84.69016290503639,-42.93611458334652,-6.837758414423121,0.026561373635344963,7.275003684617481e-07
-0.06435806829681366,-84.6872154479264,-42.934212884829265,-6.837637716452038,0.0266147172381549,7.274629959773224e-07
-0.0642729703376485,-84.68426325785798,-42.932266294650404,-6.837504850140778,0.026678609881005882,7.274955814450726e-07
-0.06422645665898377,-84.68134593461903,-42.93025860541698,-6.837352934516547,0.02673552439113395,7.276570905637551e-07
-0.0640685309482813,-84.67860481101026,-42.92831478513708,-6.837206738933208,0.026803079205509853,7.278836033231424e-07
-0.06417479579685527,-84.67574425037996,-42.92637834784199,-6.837075874375143,0.02684697666794844,7.281127975559303e-07
-0.064160096814797,-84.67305518333043,-42.92449965106951,-6.836949927057331,0.026902044668400592,7.282749682540845e-07
-0.06417984199381646,-84.6705664970347,-42.922657826800354,-6.836820086788764,0.026951191768198393,7.28725863949143e-07
-0.06408411261383148,-84.66804211122545,-42.92076208992759,-6.836679214576524,0.02701076868995792,7.290487801418214e-07
-0.06388094399054238,-84.6654825500517,-42.91881554504611,-6.836527201125998,0.027080542069269204,7.294628114612083e-07
-0.06394437170772385,-84.66297314636705,-42.91697768509462,-6.836406371524371,0.027127088461091062,7.299372243141587e-07
-0.06389097137269571,-84.66042627934138,-42.915084031593864,-6.836273402336848,0.027184481984343326,7.303791010408986e-07
-0.06387154933656257,-84.65825298561182,-42.913327953681076,-6.836153651658869,0.027235807963165177,7.309758620889904e-07
-0.0638920409870541,-84.65587555405962,-42.91138999462235,-6.835995936010331,0.027281464671172567,7.31662932729312e-07
-0.06401238016207951,-84.65368217365123,-42.909676181646546,-6.835896367092112,0.027321039899153715,7.321516913171082e-07
-0.06379241259080234,-84.65157036569212,-42.907827117812616,-6.835749082937848,0.027388639837779415,7.327973450524982e-07
-0.06384325858725029,-84.64929363260643,-42.90597359603349,-6.83561549652953,0.027433309082747534,7.335617300403349e-07
-0.06392199609092737,-84.64737199585903,-42.90425172224371,-6.83549516307014,0.027472594612300658,7.34415549389438e-07
-0.06388341567944819,-84.64537481551982,-42.902462774402515,-6.835362331776888,0.02752324346258167,7.351990177144936e-07
-0.06395653114670714,-84.64316515224228,-42.90068063249348,-6.8352509468882525,0.027568327181937316,7.359704069383512e-07
-0.06383449862168171,-84.64144553432399,-42.89895366967955,-6.835117935804477,0.02762444045001807,7.369260019497058e-07
-0.06397656409215843,-84.63953663259598,-42.897211339591806,-6.834998297537429,0.027658000440124807,7.378398432631085e-07
-0.0639944444007506,-84.63773506325795,-42.89550375074458,-6.834883163102284,0.027703087023350045,7.386798405767569e-07
-0.06367674760123238,-84.63617318621642,-42.89375976447082,-6.834737066204944,0.02777626262904137,7.397980161441493e-07
-0.06400385658494817,-84.6343113122042,-42.89205261252826,-6.834630474790949,0.027792845801920887,7.408058215387724e-07
-0.06397159177347041,-84.63287870914401,-42.89040940132314,-6.834510971369605,0.027838262672858407,7.417710894736474e-07
-0.06383153809586439,-84.63133789360151,-42.88869138636891,-6.8343771985393005,0.02789547092582382,7.429477517410088e-07
-0.06395347709410558,-84.62978097652235,-42.88705715057336,-6.834273786362365,0.027929930686648678,7.44048121570932e-07
-0.06373507868737661,-84.62826342123749,-42.88527486728148,-6.834122558006456,0.027992775107531002,7.452005517543703e-07
-0.06392885883938573,-84.62695289895055,-42.88366545744778,-6.83401109752325,0.028016005274245276,7.46431016602355e-07
-0.06384971947335562,-84.62567254092262,-42.88209692319082,-6.833910646914205,0.02806848881625685,7.47649624499307e-07
-0.06395882840682479,-84.62435465042475,-42.880410595336755,-6.833779634721291,0.028098534473178997,7.489151236522834e-07
-0.06380039037910024,-84.62306671040679,-42.87876871608462,-6.83366041813411,0.02815759309006522,7.502299536087752e-07
-0.06405243866624136,-84.62197141875242,-42.877290456081866,-6.833578294447416,0.02817763926371114,7.515924787594749e-07
-0.06395449343518796,-84.62088914865377,-42.875650754835604,-6.8334481149338355,0.028226373400547865,7.529396801736452e-07
-0.06411846700929778,-84.61976247022048,-42.87408721905178,-6.833346881291541,0.028253370074866148,7.543333086879419e-07
-0.06393552088245022,-84.61883551525898,-42.87247006711585,-6.833215094841662,0.028308818987636156,7.556767216412376e-07
-0.06402037841168949,-84.61785484438774,-42.87092737578968,-6.833111806259728,0.02834240155511441,7.571978666406857e-07
-0.06413397843082282,-84.61696456950284,-42.869382836683016,-6.83300280393205,0.028371311524989784,7.586630653082097e-07
-0.0641250883972888,-84.616120559277,-42.86785243414566,-6.832897330845606,0.028412073724952327,7.601127860539427e-07
-0.06415173180217122,-84.61535864571373,-42.866319351602,-6.832785517609781,0.028448104378182012,7.616072150091443e-07
-0.06421050273269155,-84.61467488332775,-42.86478249139421,-6.832668388065721,0.028479350024524366,7.6314691710114e-07
-0.06415346869792658,-84.61402440135497,-42.863259912669854,-6.832553480086893,0.028523150025061235,7.64890374502105e-07
-0.06412897950525463,-84.613632213031,-42.8618347550163,-6.832451014347149,0.02856132115209705,7.664504754813068e-07
-0.06414198617021162,-84.6131122546315,-42.86029465805764,-6.8323259163250665,0.028594572309668102,7.68085827996795e-07
-0.0642623492246979,-84.61247728114438,-42.85883744992016,-6.832237648878141,0.028623527597599837,7.696695687227649e-07
-0.0641856718730296,-84.61223937350331,-42.85740347330964,-6.8321255664909115,0.028664674401603557,7.713283771168061e-07
-0.06437261516249924,-84.61172500576343,-42.85592494265665,-6.83202433476052,0.028684590907012197,7.730620759642426e-07
-0.06420864596563636,-84.61156254201224,-42.854486163128094,-6.831909131441121,0.02873336707062322,7.747735696004764e-07
-0.06431183860737436,-84.61130492048807,-42.85310660699676,-6.83182114808376,0.02876074708876343,7.76589470509183e-07
-0.06444398996545864,-84.61091399726402,-42.85160632081196,-6.831710259240222,0.028783517739094988,7.7834927127479e-07
-0.06445200954124326,-84.6109126022878,-42.85032236631926,-6.831634193089407,0.02881955231611691,7.80151578998791e-07
-0.06441754646486758,-84.61094513211812,-42.84882214931652,-6.831494187309258,0.028849617405610626,7.818977576910886e-07
-0.06449780310780469,-84.61083203132343,-42.8474020152741,-6.831389524165987,0.028876649506668958,7.838418050095537e-07
-0.06445487917252048,-84.61091043041118,-42.84608645038453,-6.831304668223454,0.028915664575935963,7.856652385497836e-07
-0.064448822506602,-84.61102311350457,-42.84474960260672,-6.831212381378091,0.028949924367638956,7.875295250580015e-07
-0.06447658871859537,-84.61116904854426,-42.84339180591377,-6.831113536159621,0.02897947604743517,7.893997783403458e-07
-0.06453829197885162,-84.61134600491029,-42.842015027977375,-6.831007527225243,0.02900505309582098,7.913729851202318e-07
-0.06462956735582737,-84.61155380908708,-42.840618686104094,-6.830895910186184,0.029026313220702503,7.933205750332974e-07
-0.06459905825318178,-84.61193672724757,-42.839325046711984,-6.8308034641425595,0.029060358063907023,7.952409996494808e-07
-0.06460532653568113,-84.61233916300012,-42.838007620293936,-6.830703667545372,0.029090070995154885,7.972340259000959e-07
-0.06486747731404958,-84.61262109085297,-42.83673752850309,-6.830630894676996,0.02909906589469399,7.992293659906049e-07
-0.06477605073625554,-84.61321576098338,-42.83549152296839,-6.830541524515559,0.02913795542973409,8.012626729685075e-07
-0.06487068059621058,-84.61386060557598,-42.83419963443245,-6.830437533579644,0.029155078526766694,8.032061391075186e-07
-0.0648457711816624,-84.6144735981467,-42.832899407403794,-6.830335499727638,0.029185202041295828,8.051863222901299e-07
-0.0647115794783067,-84.61505574953928,-42.831592989222656,-6.830233613498205,0.029228402895980873,8.073625130575135e-07
-0.06498573227748003,-84.615736562339,-42.83041772289655,-6.830167949966777,0.029233236855454103,8.094442268181987e-07
-0.06490654088868952,-84.61652624513356,-42.82915534204483,-6.830069214123582,0.029267839324411946,8.11466603435406e-07
-0.06486503873259679,-84.61750347595972,-42.827969347764295,-6.829979824884905,0.029298243673714093,8.136209476586651e-07
-0.0648620002770223,-84.61828817653566,-42.826646660935545,-6.829866758600937,0.029324181726864584,8.157807142815622e-07
-0.06511117999220668,-84.6193085559464,-42.82557716712486,-6.829814502111324,0.02932980791227951,8.178411378191365e-07
-0.06501183179230995,-84.62023591244986,-42.824310517545186,-6.829711173980801,0.029365370559322007,8.199412919114494e-07
-0.06509720650578366,-84.62138719931315,-42.823101078137775,-6.829610352882824,0.02937952051915718,8.221080311760551e-07
-0.06506559895757599,-84.62248459412885,-42.82187777639838,-6.829510209726675,0.029407319739067187,8.243395538028165e-07
-0.06491873239866118,-84.62371875708104,-42.820743589905334,-6.82942857174459,0.02944746274290446,8.26509614473703e-07
-0.06518547816074481,-84.62483635601302,-42.81962632829063,-6.8293642552748945,0.029449844083423996,8.28713715985728e-07
-0.06524418624405376,-84.62627182829505,-42.818502841087486,-6.829275623733964,0.029465349930116267,8.308554959800407e-07
-0.06518738631386663,-84.62764135739404,-42.817359941872475,-6.829186952450773,0.029494428798863215,8.330951674388999e-07
-0.06516953647470658,-84.62898950309605,-42.81618111853588,-6.829090204735656,0.02951961583769762,8.353990042506541e-07
-0.0651820446509855,-84.63050590297355,-42.81506980455835,-6.829004431863309,0.029540243792594165,8.375408635630836e-07
-0.0653044439126472,-84.63181511646381,-42.81400892784375,-6.828951684337631,0.029557865298160867,8.398793377718658e-07
-0.06537533467231174,-84.63347633673578,-42.81292069436789,-6.828865671068924,0.029571156951062487,8.420260842805667e-07
-0.06533104310301578,-84.63506397645014,-42.811810968470965,-6.828778926777605,0.02959838690976903,8.44460623729041e-07
-0.06546451233803355,-84.63685160927375,-42.81074575892439,-6.828695518250423,0.029603765500878402,8.46574530507778e-07
-0.06548068729781004,-84.63856031090977,-42.80965833916729,-6.8286105315586285,0.029623858695175018,8.488800191151505e-07
-0.0653773518348867,-84.64038418917917,-42.80865008035849,-6.828543800384229,0.029656387419221917,8.512190130660667e-07
-0.06546398360301241,-84.64220998368744,-42.807580131003,-6.828459467676604,0.029668217447695336,8.53556951847836e-07
-0.06557556409454948,-84.64418649483261,-42.80657095593278,-6.828385117597478,0.029676353805783887,8.557983082685338e-07
-0.06534422057643345,-84.64621997864631,-42.80546292783305,-6.8282772683121085,0.02971442439603293,8.58168343727659e-07
-0.06538157637542114,-84.64825405281604,-42.80449032294815,-6.828212578461262,0.02973169582190316,8.604057845189535e-07
-0.06545052571356856,-84.65024471856941,-42.803469894747806,-6.82813932606581,0.029745265568922652,8.627417354674561e-07
-0.06554735731933557,-84.65238137116417,-42.80250828394683,-6.828074468317292,0.029755487653210996,8.651090501075301e-07
-0.06545053650796967,-84.6546109363141,-42.80142769468701,-6.82796730760694,0.029778933212987323,8.675047382199329e-07
-0.06561285840264519,-84.65683652899911,-42.800479746840985,-6.827904188877675,0.029781940366939586,8.698662199284376e-07
-0.06565115796206021,-84.65897404721122,-42.799499659062036,-6.827840661490123,0.029798632359166473,8.721636347480378e-07
-0.06564368442343427,-84.66161948762769,-42.79859227301057,-6.8277594618775534,0.029811860447096022,8.745222855571751e-07
-0.0657476511907135,-84.66383041043187,-42.79761806564454,-6.827695174102332,0.02982198879059915,8.769439724432261e-07
-0.06565304370131408,-84.66632404185792,-42.7966281028626,-6.827606198840689,0.029844900709603443,8.792690441263869e-07
-0.0655959535023896,-84.66894547561111,-42.79569540696527,-6.827526266770479,0.02986401987074778,8.816848337971892e-07
-0.06579774192284386,-84.67154923875965,-42.794888065235035,-6.827487888580493,0.029863386676614912,8.840677897461256e-07
-0.0657972889157885,-84.6742326147351,-42.79395158118218,-6.827406890054325,0.02987598541997864,8.863523025107292e-07
-0.06568437405509986,-84.67681190429762,-42.79298376387299,-6.827325301905349,0.02990227725478603,8.887626669151623e-07
-0.06575656737325003,-84.67956101626415,-42.79205373387929,-6.827245037627971,0.029907526303167786,8.911720354743646e-07
-0.06570976501763655,-84.68239152035095,-42.7911958175566,-6.827180837297262,0.029926912420942493,8.936737621154252e-07
-0.06569474479448953,-84.6853419425789,-42.79038627493096,-6.82712569225937,0.029942001821419574,8.95945314402496e-07
-0.06586466488571867,-84.68825921892953,-42.78950363947839,-6.827052269103889,0.029937317746438305,8.983758290399109e-07
-0.06590701252537173,-84.6912548535449,-42.788688988594515,-6.826995951763925,0.02994662716518931,9.007711397679771e-07
-0.06598246989916347,-84.69417878123448,-42.787818937035546,-6.8269296586211246,0.029953084616474834,9.032272858012891e-07
-0.06571261228739647,-84.6973237563977,-42.78694525474389,-6.826846795432932,0.029989198118838892,9.056165535166722e-07
-0.06586117706310819,-84.70047878365943,-42.78617640291501,-6.8267979159943994,0.029987718816924316,9.080347350599219e-07
-0.06603479312923666,-84.70355939304314,-42.78534874283808,-6.826739601499322,0.02998351484421262,9.104476628383713e-07
-0.06585892462330492,-84.70685710974077,-42.784516138593226,-6.826663587012316,0.030009895794445993,9.12826770132612e-07
-0.0658720975674513,-84.71030175248663,-42.78371474167086,-6.826588387077443,0.03001528232716031,9.152324676086324e-07
-0.06599534579182259,-84.71348111980105,-42.78294673933497,-6.8265453402719976,0.03001852869098258,9.177301231182363e-07
-0.06591752465396941,-84.71691847065334,-42.7821518773772,-6.826476915104697,0.030034640994865094,9.201305386567977e-07
-0.06587497534269082,-84.72046100505466,-42.78140398584605,-6.826416912377121,0.030047026667110482,9.223980435568301e-07
-0.06601930159739822,-84.72395721623293,-42.780580963525686,-6.826338722765986,0.030039841822967015,9.249160863330149e-07
-0.06603672533910825,-84.7275201953097,-42.779823563046165,-6.8262782040881,0.030046619743524385,9.2733714412386e-07
-0.06593577441855315,-84.73114760510337,-42.779129012848074,-6.826233678545505,0.030066886524413354,9.297200733883334e-07
-0.06602354333959935,-84.73491557290525,-42.7784610311266,-6.82618633310246,0.030067385157008887,9.322868491437033e-07
-0.06591353009367318,-84.73873469673995,-42.777657230819315,-6.826097659310882,0.03008061391538805,9.346287530665292e-07
-0.0660631052038987,-84.7425106689506,-42.776972749468,-6.826052115811223,0.030073813759908544,9.369674899766882e-07
-0.06586848519494252,-84.74629959794986,-42.77617423366404,-6.82597060377671,0.0300980918982157,9.394604006128445e-07
-0.06608404708426624,-84.75027711243692,-42.775581289256536,-6.825940513331654,0.030085031634949196,9.418201254674778e-07
-0.06594962267220868,-84.75426130490388,-42.77486844428753,-6.825874541279873,0.030102931235085652,9.44209220814495e-07
-0.06585393584640274,-84.75834050942377,-42.77419999410104,-6.825816695782103,0.030117049084510412,9.465618263732283e-07
-0.06594496671433973,-84.76236536571274,-42.77345211485528,-6.825742067650077,0.030110736443967574,9.490374673740952e-07
-0.06613888630104638,-84.76630774234883,-42.77284086439504,-6.825716399766272,0.030102857146027985,9.515060773655986e-07
-0.06590453166364328,-84.7706333193599,-42.77212551671596,-6.825630997779049,0.030124785204946842,9.538744992693008e-07
-0.0659366518312622,-84.77490493220016,-42.77152624589058,-6.825588628796522,0.030126129287348407,9.56207241251559e-07
-0.06599943877694708,-84.77926604213657,-42.770966899402,-6.825552417506247,0.03012492443969783,9.585998841267585e-07
-0.06609208749045996,-84.78352837879805,-42.77034098702855,-6.825506016707782,0.03012093522802234,9.610189581352618e-07
-0.06598620412743099,-84.78802550494257,-42.769684492942766,-6.82543392580532,0.030130416215579027,9.634315240425028e-07
-0.06599455643191085,-84.79224218999455,-42.76905621328862,-6.825394993899163,0.030136890106019068,9.657457472261033e-07
-0.06595692452376303,-84.79692596748508,-42.7684852142529,-6.825337729049733,0.03013999817915184,9.682104402800779e-07
-0.0659522073971893,-84.80150328121039,-42.767848048352015,-6.825272719656031,0.030139465925062905,9.704837684317395e-07
-0.06583217513346262,-84.80612729497724,-42.767272433907756,-6.825223009461924,0.030153253679963556,9.728779456513916e-07
-0.06589705085699249,-84.8108783118508,-42.76671842210759,-6.825173139844443,0.03014643821328349,9.752358368078358e-07
-0.06584354975755369,-84.8154855621104,-42.76611736521432,-6.825121746413723,0.03015390831668626,9.776500161217929e-07
-0.06596921884644263,-84.82041177711011,-42.765643908004435,-6.825086789532547,0.030141256531440397,9.799973272548818e-07
-0.06597095424744163,-84.8251901840615,-42.765118379414034,-6.825050457624204,0.03014272758918233,9.82243857133281e-07
-0.06578526543720543,-84.83000832031892,-42.76445769926026,-6.8249694293401335,0.030158152551141515,9.84737564191795e-07
-0.06600752097090222,-84.83500310434033,-42.763999129475586,-6.824940777551768,0.03013621300213685,9.870382557963766e-07
-0.06587838350793065,-84.83999214266748,-42.76341822082064,-6.8248764719457915,0.030145542346390893,9.893951285088429e-07
-0.06601138475670135,-84.8449261157288,-42.7629513862719,-6.824853300048593,0.030135296417398462,9.916828120033853e-07
-0.06594193490170709,-84.85008968578724,-42.762448370766556,-6.824803835440157,0.030138501707099835,9.93935164915964e-07
-0.06590878353523683,-84.85533206951101,-42.761985032126425,-6.824760969548685,0.030138988909577225,9.96274528524221e-07
-0.06590883223942956,-84.86046659664284,-42.76145391846533,-6.8247092929597875,0.03013608155413714,9.986778953945014e-07
-0.06593674661540377,-84.86587410933979,-42.76106738858082,-6.824682029709813,0.030130347162553875,1.0008823808040277e-06
-0.0658477986909254,-84.87112943968549,-42.76062815800099,-6.824652187662684,0.03013870168265404,1.0032078050739278e-06
-0.06571915409898853,-84.87664834919845,-42.760136549769435,-6.824587570741377,0.03014314694926591,1.0054637255171695e-06
-0.06585337669225819,-84.88191553852545,-42.75965213892885,-6.824548266939986,0.030127841232159065,1.0077816384533922e-06
-0.06578873401505303,-84.88741073060729,-42.759137382219194,-6.824481821410777,0.0301271109537401,1.0102181777684987e-06
-0.0656024231205593,-84.89313464698904,-42.75878343060331,-6.824450859054137,0.030139051709472744,1.012362225247514e-06
-0.06583598919716604,-84.89845565629777,-42.75831044714302,-6.82441727726919,0.030114707863863163,1.0145663191857964e-06
-0.0657114141048726,-84.90415792533912,-42.757927581521706,-6.824382203766763,0.030121567876644783,1.0168620723704581e-06
-0.06577288152108098,-84.90997646209657,-42.757563157030326,-6.824345836980534,0.030108327960309444,1.0191485755608322e-06
-0.06571266968981454,-84.91564305346148,-42.75714673897531,-6.824308780250078,0.030108921489937573,1.0213374195627286e-06
-0.06546314433248099,-84.92153252168879,-42.75669807348858,-6.824245105073702,0.030122866011912865,1.0235519321481557e-06
-0.06563015295796537,-84.92739783654332,-42.75634422866468,-6.824215105846391,0.030099958306960405,1.0258257161538202e-06
-0.06567136403659042,-84.93311648759685,-42.75594023560904,-6.8241831765515935,0.03009185115535625,1.028061576738933e-06
-0.06551195118041049,-84.93925155461774,-42.75560667467984,-6.824142524437272,0.030096889449790262,1.0302285488663651e-06
-0.0653940951900513,-84.94527001294225,-42.755205402429624,-6.824092385683673,0.030098515002820417,1.0323878463757955e-06
-0.06553858991367881,-84.9512286425337,-42.754916850767515,-6.824082312740113,0.030081087615433363,1.0346734228032085e-06
-0.0654779235331391,-84.95741300723184,-42.75458940725555,-6.824046124771313,0.030077041530793693,1.0368240523244974e-06
-0.06545359712093426,-84.96348680758226,-42.75419563179985,-6.824000031809182,0.030070167042055677,1.0390312907594315e-06
-0.06545666826539616,-84.96983324840271,-42.75394600810201,-6.823978958827676,0.030060214069519562,1.041171497450613e-06
-0.06526927510540843,-84.97620426734004,-42.75355557333979,-6.823913662446466,0.030064171180481516,1.0434020312689343e-06
-0.06534397749505332,-84.98251261109668,-42.753277584700996,-6.8238913341476035,0.030047951584806276,1.0454985432007435e-06
-0.06544667274843571,-84.98871592080103,-42.75293221134917,-6.823858664189554,0.030029414991805482,1.0476230862020231e-06
-0.06519700190999178,-84.99529586891343,-42.7526765323533,-6.823825107534542,0.030041414584818894,1.0497415714254335e-06
-0.0651422363172763,-85.0018012319004,-42.75233564935505,-6.823773901150767,0.030032768590915658,1.0518882105710116e-06
-0.06534489785998275,-85.00824781799055,-42.75210816048908,-6.823763562887574,0.03000527837896666,1.0540905517121609e-06
-0.06518876661207137,-85.01488142534171,-42.7518599921961,-6.823735888721527,0.030008067764298256,1.0560365363450682e-06
-0.06522507536166487,-85.02144576906144,-42.75152943335668,-6.823688913839086,0.029991358299129568,1.0581968699184555e-06
-0.06513514442056936,-85.02824453801894,-42.751361313123354,-6.82367575235461,0.029988464188949716,1.060260053571334e-06
-0.06485785828114168,-85.03507130401874,-42.75105170791473,-6.823618922129908,0.02999858835547753,1.0623151611351975e-06
-0.06499756648080561,-85.04187755621565,-42.75083806825039,-6.823596154507761,0.029971664245267392,1.0643360012204032e-06
-0.06501130563520635,-85.04854048056099,-42.750575438093115,-6.82357185108922,0.0299593554943458,1.0663838574222756e-06
-0.0648277538894575,-85.05562187717781,-42.750386218700726,-6.823537518790492,0.02996083167105032,1.0685207797139024e-06
-0.06490844729577964,-85.06245260508376,-42.75020135538894,-6.823527860855755,0.02994215058047603,1.0704290398624523e-06
-0.06479037045454154,-85.06951226920754,-42.74998302244,-6.823490713935954,0.029937552406220362,1.0724921618689213e-06
-0.06470895556287953,-85.07646728467374,-42.74970045466018,-6.823445188624786,0.029929427134966838,1.0745522625129215e-06
-0.06465714217830512,-85.0837004850192,-42.749565161395154,-6.823425203766393,0.02991799823898863,1.0765403944112747e-06
-0.06464059270836145,-85.0908250286622,-42.7493635025137,-6.823394771041773,0.029903957149677973,1.0785265301418605e-06
-0.06465385223116234,-85.09803764135675,-42.749202969053364,-6.8233716645775875,0.0298872389676998,1.080600204656026e-06
-0.06469114224416778,-85.10533843013164,-42.74907965707931,-6.823357418186414,0.029867050073897422,1.0824175882770141e-06
-0.06461155625383073,-85.1124968221232,-42.74890990547307,-6.82333958339626,0.029861845543899403,1.0844819675369264e-06
-0.06448765573361383,-85.11993014034307,-42.748690845057304,-6.8232883696406414,0.02985245407661443,1.0863819502278352e-06
-0.06447381234757905,-85.12727089104185,-42.74860531230061,-6.823287350206995,0.029840306830694115,1.0883444110116644e-06
-0.0644137617023775,-85.13488246888745,-42.74846805210074,-6.82325114995439,0.029824773858138223,1.0901706879609394e-06
-0.06423806103361163,-85.14234971296258,-42.74828560593609,-6.823214636927042,0.029822972277602527,1.0920920330656286e-06
-0.06410065520149962,-85.14991022959066,-42.74814768837287,-6.8231860792786305,0.02981766486815133,1.0940379800077446e-06
-0.06437121327784212,-85.15746434500937,-42.748105753681415,-6.8231907942122225,0.02977576779633368,1.0958846498132173e-06
-0.064282842369297,-85.16521197999444,-42.74804843437388,-6.823175460763598,0.02976584563237506,1.097853930520901e-06
-0.06422659044350527,-85.17286232538022,-42.74792505672017,-6.823151955700675,0.02975198698911473,1.0996286829644403e-06
-0.06397911803303055,-85.1807471728336,-42.74777486047276,-6.8231018486520165,0.029751884337869267,1.1014919916962753e-06
-0.06399668015121195,-85.18858246202656,-42.747741818403185,-6.8230943955025465,0.029731529134614992,1.1033524309941225e-06
-0.0640411469602529,-85.19632603935861,-42.74764394660701,-6.823077989794485,0.029707989083316195,1.1051455839487587e-06
-0.06373941461190893,-85.20427039716226,-42.74753756805143,-6.82304271389385,0.029715390153059767,1.1069655024451693e-06
-0.06385463585941299,-85.2122123664238,-42.74753029113549,-6.823041369354023,0.02968535238848801,1.1087805134947346e-06
-0.06376758833213406,-85.22039107857987,-42.74749260432139,-6.823012823573778,0.029669660217807193,1.1106523347752822e-06
-0.06356355042059847,-85.22843428048978,-42.747410686548236,-6.822984918059429,0.029667034662007062,1.1123626640780655e-06
-0.06377226193913174,-85.23648020779714,-42.74742946627261,-6.822989959560384,0.029627803024904843,1.1140388603880817e-06
-0.06362305961279871,-85.24472925392816,-42.747435655467555,-6.822976068046235,0.029619843627755937,1.1158682044549042e-06
-0.06351118808694897,-85.25288868852219,-42.74738072783841,-6.82295315906436,0.029608201073464242,1.1175674452663665e-06
-0.06343251553129303,-85.26115424979051,-42.747372777866076,-6.822938247554515,0.029593201810174184,1.1192950659612996e-06
-0.06338509741753669,-85.26952378003699,-42.747409903029066,-6.8229309266187075,0.029575014022187398,1.1209506176727932e-06
-0.06336852415119279,-85.27780854059613,-42.747386147926356,-6.822914589503867,0.029553533326584714,1.1226406260261405e-06
-0.06315639889947765,-85.28634092425047,-42.74733881737146,-6.82287227104386,0.02954574408920697,1.1243535277754719e-06
-0.06320703464465353,-85.29483637701652,-42.7474127565593,-6.822872491103135,0.02951796910117059,1.1260326956359555e-06
-0.06328379663607842,-85.30325114415925,-42.74742660518298,-6.822862921311215,0.02948761558315915,1.1277079129184716e-06
-0.06300727922377035,-85.31187965802391,-42.747433138356,-6.822836553031997,0.029487401074721073,1.1293164744952288e-06
-0.06292635267931371,-85.32046631767386,-42.74736836836395,-6.8227930410238935,0.029466753841635086,1.1309521025397e-06
-0.06294788338250651,-85.32917703784165,-42.74754979391343,-6.822817506589817,0.029443260600069236,1.1325820408760265e-06
-0.06277158973253665,-85.33794830304124,-42.74759600483878,-6.822798209248045,0.029432949453683153,1.13414756161517e-06
-0.06263581624100274,-85.34664217110824,-42.7475887886348,-6.822769518855206,0.029419413987847476,1.135804179427041e-06
-0.0627565370472167,-85.35531838218868,-42.74770534932409,-6.822783628192468,0.029385713556336925,1.1373612793566976e-06
-0.0626726272632119,-85.36425561154238,-42.74779722654145,-6.822770676150709,0.029366074915548115,1.1389439919525108e-06
-0.0626218216057986,-85.37311886295035,-42.74783447799012,-6.822749052985428,0.02934321723113336,1.1404947583710006e-06
-0.06259871268662592,-85.38210403109157,-42.74792407564747,-6.822736473720583,0.029317094474882836,1.1420089632185422e-06
-0.06245383982952336,-85.39116841323136,-42.748082436677514,-6.822739785071213,0.02930490844625875,1.1435520142529915e-06
-0.06226869695824393,-85.4003407781336,-42.74809466735576,-6.822693081851237,0.029288287362647547,1.1449976293966037e-06
-0.06219661485513289,-85.40945230335313,-42.74825427940108,-6.82269687428194,0.029269035101854652,1.1465630723379253e-06
-0.06215503908348096,-85.41850092551967,-42.748358814622975,-6.822692006284962,0.029246077231066973,1.147966262043217e-06
-0.06214271955601017,-85.42768048547126,-42.7485174930692,-6.8226942879477,0.029220311549958234,1.1494647543284572e-06
-0.06193095334760164,-85.4369393370837,-42.748550063656474,-6.8226557760360445,0.029207025095482776,1.1508668230169111e-06
-0.06198579194855799,-85.44618721580447,-42.748716247786575,-6.822658051787265,0.02917480451314212,1.1524160536390767e-06
-0.061684437314250405,-85.45566729886131,-42.748878461308855,-6.822644793055398,0.029171898292276566,1.1537794156187182e-06
-0.06180341194221483,-85.46498537392564,-42.7490457313491,-6.822647716126235,0.029131999454524056,1.1551987400967378e-06
-0.061565308399096755,-85.47453889217935,-42.74921234497378,-6.82263377494669,0.029122474820328204,1.1565533056714513e-06
-0.06159393878402354,-85.48389563323558,-42.749403049272274,-6.822644397764716,0.02909287007905173,1.1580018187912014e-06
-0.06141928333464736,-85.49353349747476,-42.74957552513187,-6.822630043050869,0.029076191236542794,1.15931658026144e-06
-0.061507139120695276,-85.50297855538591,-42.749773295900084,-6.8226406322453705,0.029039670973053638,1.1606621354063354e-06
-0.061390682460993426,-85.51270723883935,-42.74995562392888,-6.822625157007114,0.029016989325837267,1.162004999953485e-06
-0.06115735140416224,-85.52234487583507,-42.750109440461436,-6.8226104722872005,0.029007343315082406,1.1633122713284138e-06
-0.06111113081794036,-85.53216647841575,-42.75030590326591,-6.822596762499765,0.028976812259057107,1.1646160278142363e-06
-0.06116849241630518,-85.54195024104816,-42.75065166673937,-6.82263262761514,0.028943973159748747,1.1659504804135842e-06
-0.061024230543217636,-85.5516419053828,-42.75076818358772,-6.822609496628212,0.028923807404927046,1.1671545682859574e-06
-0.060911851243592996,-85.56167506665469,-42.751054688272816,-6.822611753636017,0.028900460042051247,1.1684188123915517e-06
-0.06083538288052066,-85.5714726282299,-42.75119095749776,-6.822588633142742,0.02887367522286218,1.1698089494439443e-06
-0.060632757392345575,-85.58157702504147,-42.75151331411803,-6.822601149275988,0.02885970742221123,1.1709712888429934e-06
-0.06062043862408896,-85.59148973651892,-42.75166750410789,-6.822579830323052,0.028825000470067273,1.17213279398959e-06
-0.06048265571644399,-85.60170987526122,-42.75201115492072,-6.822592023221507,0.0288045349167796,1.173449609307764e-06
-0.06037780966545104,-85.61170291258291,-42.752202971785934,-6.822580410897689,0.028779440686783772,1.1745113089885087e-06
-0.06030552972447355,-85.62185888622786,-42.75246322039349,-6.82257670617399,0.028751485424986373,1.1757270565613238e-06
-0.06025842676231797,-85.63217518664162,-42.75278603007402,-6.822583108421329,0.02871955433287328,1.1768173827918499e-06
-0.060095223600210496,-85.64223071904378,-42.75298217833935,-6.822571389188698,0.028701628932201885,1.1780600246144062e-06
-0.05996018905069896,-85.65264870377905,-42.7533503373019,-6.82258678291421,0.028679252045620603,1.1792087153375842e-06
-0.059861465692941714,-85.66284905759623,-42.7535723771535,-6.822576590124757,0.028653131097373667,1.180287740486451e-06
-0.059789591018749866,-85.6734117777214,-42.75396832135868,-6.822592364015051,0.028623535890941194,1.1814291562340288e-06
-0.05974828641301829,-85.68375844187628,-42.75421751449776,-6.822583583405268,0.02859008841333038,1.182409360776959e-06
-0.0595831210101191,-85.6942414042057,-42.7545552816732,-6.822592162347097,0.028570194527238402,1.1835177606730905e-06
-0.05960185668394927,-85.70474840352057,-42.7548379323391,-6.822584907916089,0.028529399674074904,1.1845265780418876e-06
-0.05949416503140709,-85.71539140053125,-42.75520987462162,-6.822594562044453,0.028502750543496682,1.1856273627082719e-06
-0.059416257651803674,-85.72601976153452,-42.75554408390713,-6.82259692549477,0.028472006301597255,1.1866315094675783e-06
-0.05921857220425504,-85.7365990008963,-42.75586260066883,-6.822599559892178,0.028454523572006434,1.187633995404331e-06
-0.0592038623494052,-85.747402987507,-42.75623478062652,-6.822603614807517,0.028415923591388233,1.1886338571156823e-06
-0.05906562081380248,-85.75815716898474,-42.75659121981685,-6.822607966691615,0.02839097651085626,1.189600277743642e-06
-0.05895949216399518,-85.7689084726767,-42.75691550431828,-6.82260510014642,0.028361952014681058,1.1905642338314793e-06
-0.058734239377383805,-85.77962239958528,-42.75722857836756,-6.822603278059852,0.028345865728881706,1.1914941390954659e-06
-0.05869215752351369,-85.79057243467746,-42.75759926261488,-6.822603850228999,0.028308234023633787,1.1923643400755154e-06
-0.058528610492481946,-85.8014826586977,-42.757959051876355,-6.822604706681118,0.02828430734254846,1.1933232104151419e-06
-0.05839678420646983,-85.81258741875764,-42.75839486686291,-6.822614995137168,0.028256391215896397,1.1942478230230953e-06
-0.05852069174721847,-85.82355707285902,-42.7588710686538,-6.822651548877751,0.028207960406475843,1.1951086420716463e-06
-0.05828797625312787,-85.83463604832308,-42.75926136951907,-6.822653471437753,0.02818999582822334,1.1959972406132313e-06
-0.058241451049903956,-85.84576585128866,-42.759607016200725,-6.82264094611832,0.028150548279808875,1.1968868226534042e-06
-0.05807014541975638,-85.85687040887616,-42.759946974782714,-6.822631172895931,0.028124073374085467,1.1976485913499885e-06
-0.05800755583439,-85.86800655140742,-42.760460389790026,-6.82267212547596,0.02809440864911174,1.1984675180972732e-06
-0.0578962595709174,-85.87934037783418,-42.7608534229073,-6.822663327062453,0.028060183013591724,1.1992885476181491e-06
-0.05766401538461755,-85.89065155503583,-42.76124168403039,-6.822657016172092,0.028038666537044066,1.2000786443967242e-06
-0.05769558124586177,-85.901848274848,-42.76168237171046,-6.822676938850758,0.02799675132739054,1.200891921274297e-06
-0.057369372958310356,-85.91336393293696,-42.762148770868684,-6.822681714726759,0.02798407380530351,1.2016140720726645e-06
-0.05746110791427396,-85.92480271033997,-42.76264704911558,-6.82270467624484,0.027933509088621397,1.2023955781087814e-06
-0.05719639779846893,-85.93636730078943,-42.76306784881495,-6.82269458080095,0.027913157090258853,1.203143377391109e-06
-0.0571929830396621,-85.94782406651264,-42.763541589369524,-6.822713084519866,0.027871302776718974,1.2037952915311746e-06
-0.05706228482909427,-85.95928005118665,-42.76401294915742,-6.8227327015392465,0.027842514482358863,1.2044508185542848e-06
-0.05696446626256769,-85.9707780383403,-42.76446701368464,-6.8227439670233325,0.02781001902910992,1.20519533986081e-06
-0.05666697880456232,-85.98264545608258,-42.7649358015528,-6.822732217646405,0.02778969500738214,1.2059045769462945e-06
-0.05663230486796797,-85.99440758901245,-42.76545943233379,-6.822749431581432,0.027747745439410942,1.2065221255485166e-06
-0.056475624251377594,-86.00598245547118,-42.765879757102404,-6.822750700445276,0.027719064832870285,1.2071039015655284e-06
-0.05634843094976989,-86.0178012390521,-42.76639276646114,-6.822762541118677,0.02768611728128692,1.207748605291223e-06
-0.056249932960501375,-86.0296674234159,-42.76689002405046,-6.822768459735801,0.02764874823794014,1.208327985413727e-06
-0.0562555034393607,-86.04140809189902,-42.76746464396779,-6.822809217367507,0.0276079719792892,1.2089099182567547e-06
-0.05605725688713544,-86.05334568492158,-42.767950498453075,-6.822809024595857,0.02757961638701821,1.2094863201737107e-06
-0.055891897359073864,-86.06533865401273,-42.76842594933796,-6.822803554926807,0.02754659883728153,1.2100012344126904e-06
-0.05583305163954411,-86.07721435399846,-42.76898301712012,-6.82283425710663,0.027509602253545623,1.2105150571573975e-06
-0.05557271708671415,-86.08948203984474,-42.769560212640606,-6.822840759996371,0.02748509298881787,1.211056766366448e-06
-0.05557578160211528,-86.10147797173973,-42.770093750365284,-6.822858641237819,0.027439118483915507,1.2116008958376541e-06
-0.05545067925203649,-86.1135066642748,-42.77063733429369,-6.822878053147876,0.02740626971585449,1.2120466254648748e-06
-0.055352255194301724,-86.12561121379895,-42.771172349116576,-6.822892140892771,0.027368504427287,1.21246351998736e-06
-0.05528199894242433,-86.13797876767208,-42.7718070509446,-6.822915347569904,0.02732735696530593,1.2130011796272078e-06
-0.05508735511842208,-86.15018573203145,-42.77234485551692,-6.822924479348457,0.027298382576568213,1.2134438669510988e-06
-0.054924513125458055,-86.16247309097724,-42.772878905431654,-6.822928360179663,0.027264521571289967,1.2138567935562709e-06
-0.054792599774166624,-86.17484102468974,-42.77341118592428,-6.822926892990682,0.027226250950617394,1.214265805177567e-06
-0.054764388384911884,-86.18711625748313,-42.77403282940093,-6.822961994291094,0.027184011149696798,1.2146098117465692e-06
-0.05453328578078143,-86.19961817211797,-42.77457771770334,-6.822957061277,0.027154008996038606,1.2150204458017918e-06
-0.05441126858579051,-86.2120301168325,-42.77521375383824,-6.8229890344567705,0.027119507403627126,1.2153977538290206e-06
-0.05431589001352644,-86.22453661712268,-42.77584633278184,-6.823015058830725,0.02708015112173881,1.2156454474722046e-06
-0.0542475815487088,-86.23713673964208,-42.776478002073894,-6.8230346000750535,0.027036644893841798,1.2160542856262538e-06
-0.05405432215050894,-86.24979143934866,-42.777127988444846,-6.823056115929919,0.02700589419675837,1.2164253827132008e-06
-0.05389288277994333,-86.26235417508232,-42.777673457993124,-6.823056265959526,0.026969728869023997,1.2166411565302205e-06
-0.05375844157085351,-86.27521188053684,-42.77832969343019,-6.823068780223822,0.02692893046216946,1.2168862787533282e-06
-0.05373042957760153,-86.28780167716465,-42.778975366571984,-6.823100499994394,0.02688423545373965,1.2171304240385366e-06
-0.05349904858011458,-86.30064124728354,-42.779553164414246,-6.823092713976305,0.026851784636937638,1.2174708941590403e-06
-0.05337541127869182,-86.3134136180162,-42.78023012427575,-6.823122802553905,0.026814590489782728,1.2176804656725333e-06
-0.05328164118765506,-86.32611235529968,-42.78080873118139,-6.823130221080791,0.026772757263782938,1.2179535244340567e-06
-0.05305845873300052,-86.33908619992644,-42.781519682243854,-6.823158678731119,0.02674279795275062,1.2181001709573757e-06
-0.05286947955782986,-86.35198588330562,-42.78213236634063,-6.823165212965808,0.026707485925389254,1.2182475901716558e-06
-0.052787881663088614,-86.36483515874131,-42.78284873103234,-6.823207936390652,0.026668021543790346,1.218394402953554e-06
-0.05265369116780287,-86.37799040422313,-42.783481862192026,-6.823203885601931,0.0266231424826008,1.218604368124523e-06
-0.05247149618012683,-86.39105317361322,-42.78423725705957,-6.823245535266082,0.0265909393097837,1.218749484496478e-06
-0.052320734127649704,-86.40405776035806,-42.784897058038155,-6.823264794310309,0.02655337268834116,1.2187690103663702e-06
-0.052199627157104384,-86.41720065491548,-42.78557287692433,-6.82327849659906,0.026511319410438973,1.218973544703071e-06
-0.05195275613388737,-86.43044163558221,-42.786281444611504,-6.823296475873309,0.026481012154570292,1.2190833207658774e-06
-0.05196649352718396,-86.44349578505337,-42.7869733715766,-6.823326908488476,0.026428775166283097,1.2191286124348067e-06
-0.05177138475633011,-86.45683696129416,-42.787609448723806,-6.823319530530729,0.02638844794717122,1.2191453717465488e-06
-0.05168314394549355,-86.47014555951421,-42.78835847692914,-6.823349740669838,0.02634397719591859,1.219221835780314e-06
-0.05146918594183373,-86.48337531532368,-42.78903788234734,-6.8233669276402065,0.02631121756753947,1.2192364164876192e-06
-0.05151316195741175,-86.49662853885413,-42.78981221885861,-6.8234126417579235,0.026257017214462858,1.2193113966339033e-06
-0.05119329255843488,-86.510140800932,-42.790548186852725,-6.823428960521255,0.02623093933613249,1.2192643245018462e-06
-0.05114054987037573,-86.52348205291446,-42.7912756386414,-6.823456880602284,0.026183160343796707,1.2192407056501385e-06
-0.05088247969217851,-86.53712595290848,-42.79195351420432,-6.8234473332217345,0.02614696456627799,1.2191887837602546e-06
-0.050956567046563324,-86.55061977113141,-42.79282055696607,-6.823510898065837,0.026089004314481218,1.2190763430459142e-06
-0.05067148097876735,-86.56418984605203,-42.79354830146251,-6.823525574781772,0.02606024063401391,1.219023498365256e-06
-0.05041972405386277,-86.57793166394609,-42.794302908650174,-6.823537059900544,0.026025505117225102,1.2189380285972787e-06
-0.05027691734151868,-86.5914790002347,-42.795071092677645,-6.82357026892239,0.025985390525498683,1.2188239148200588e-06
-0.05016363593222011,-86.60502038626942,-42.79576414298663,-6.823581769458783,0.025940301007730482,1.218704835974372e-06
-0.049920320304763253,-86.61890186381252,-42.79661156096086,-6.82361520515578,0.02590677774146266,1.2185534454974767e-06
-0.04993746958025307,-86.63244734479862,-42.7973494410778,-6.8236451081627125,0.02585074768593766,1.2183776496726507e-06
-0.049593346538306673,-86.64647677574334,-42.79817079391862,-6.823661619052723,0.025823765979281946,1.2182252214665218e-06
-0.049516748751116654,-86.66017224297185,-42.79888773900191,-6.823674987422398,0.02577419276326353,1.2181038938458743e-06
-0.04930647497174834,-86.67422149815415,-42.79976268225553,-6.82371098125429,0.025736057910311104,1.2178924729507392e-06
-0.049357964309940335,-86.68794595361777,-42.80053402832363,-6.823741960356303,0.025676340664537688,1.2177367933378016e-06
-0.049271283184920474,-86.70184418422731,-42.801359858559955,-6.823777801830455,0.025628659741055666,1.2174597764071147e-06
-0.048827836279832164,-86.71604576202405,-42.80216601479249,-6.823785057550843,0.025608661064419905,1.2171787796582216e-06
-0.04888222475926453,-86.7299861813195,-42.80305241744249,-6.823839362771287,0.025549480999229112,1.216897360439573e-06
-0.04872409405823257,-86.74408833227531,-42.80379650081353,-6.823839944364343,0.025501615754198355,1.2165600541462388e-06
-0.04852072232602228,-86.7580019246352,-42.80459146007886,-6.8238702197995185,0.025466170276208008,1.2163378487144485e-06
-0.04834392191244539,-86.77214502868252,-42.80542865136864,-6.823897744039909,0.025424519463140772,1.216121678127058e-06
-0.04819154389146962,-86.78651049046549,-42.80630683454055,-6.823923028931926,0.025376851110894872,1.215616656748327e-06
-0.04814473095109566,-86.80053934074783,-42.80711004519442,-6.823953086513926,0.025324299868045866,1.2152730376319945e-06
-0.04796669682838815,-86.8147683937426,-42.80797863135854,-6.823987533045256,0.025283659484851624,1.2149881276137504e-06
-0.04781281678911634,-86.82923170760199,-42.808890729365494,-6.824019571275806,0.025236840976618616,1.2145779085620664e-06
-0.047536367583365435,-86.84350375307643,-42.80965691592549,-6.8240236701195025,0.025201017342034518,1.214171280224226e-06
-0.04751876604145508,-86.85788427807165,-42.81054947321015,-6.824059123486648,0.025142973876949182,1.2137917282698604e-06
-0.047217006571839616,-86.87224022568664,-42.81142157031331,-6.824091316657751,0.025113210571594803,1.2133795462196041e-06
-0.04709858610778273,-86.88688386054805,-42.81232555857001,-6.824112810314621,0.02506015547906424,1.2129342335038989e-06
-0.04693128985672568,-86.90117603395117,-42.81318103585477,-6.824148140365886,0.02501884398253823,1.2124557218401942e-06
-0.04678780553312929,-86.91573232693302,-42.8140899524337,-6.8241810398505205,0.024971400838672685,1.2119816938154464e-06
-0.046517848022694326,-86.930315310992,-42.81496531355557,-6.824203120988337,0.024934787076322577,1.2115383821762856e-06
-0.04650822263074408,-86.9448337231456,-42.81586616939862,-6.8242393583262855,0.024875748125751957,1.211028751817769e-06
-0.04636434910822052,-86.95939227848737,-42.81673685468974,-6.82426474346767,0.024828130664893346,1.2104835856163583e-06
-0.04609013238564082,-86.9741843900762,-42.81768346773122,-6.8242971342910845,0.024791038976332867,1.2099144217195773e-06
-0.046076144632658314,-86.98891725826351,-42.81865596917211,-6.824343368760087,0.024731427056142986,1.209340206342062e-06
-0.04593275369758578,-87.00350463541069,-42.81949660411322,-6.824360573454991,0.024683709000497156,1.208920147011593e-06
-0.0456570910094746,-87.01834158336085,-42.820418510592795,-6.8243861871571525,0.024646073362524154,1.2082827195118989e-06
-0.0454900458377999,-87.03309534445573,-42.8213901980119,-6.824434327297627,0.024602527184624613,1.207704403658513e-06
-0.04534711299064498,-87.04794907552377,-42.822318014546596,-6.824463882693727,0.024552372594616623,1.2069383276386491e-06
-0.04507947700640424,-87.06286285996987,-42.82322618556087,-6.824482151663111,0.024513557338853707,1.2064233811731185e-06
-0.045068088704305724,-87.07774600607372,-42.82416979111278,-6.824516964849985,0.024451410396309003,1.205750866684043e-06
-0.04492227936201151,-87.09269973532068,-42.82509475659387,-6.824541313593606,0.024400743148382045,1.2051415362249694e-06
-0.044649490452525815,-87.10772579825705,-42.82600366966181,-6.824555869265794,0.024360872026403926,1.2044620938781236e-06
-0.04448244507723168,-87.12269331536244,-42.826971089783264,-6.824595025450657,0.024314535006164963,1.2037226524233634e-06
-0.04418929652547849,-87.1377439025437,-42.82792305079107,-6.8246237201315525,0.02427866947191433,1.2030458797284098e-06
-0.04415182100331028,-87.15297459806689,-42.82901950908354,-6.824685009532449,0.02421936409771792,1.2023366100043507e-06
-0.04398508245559958,-87.16790544654872,-42.82988908064203,-6.824701662591511,0.024171015826861555,1.2016294234859766e-06
-0.04368983975263919,-87.18312852245346,-42.83085701678754,-6.8247258262268495,0.02413327685911192,1.2008834470756036e-06
-0.043653606421356614,-87.19834916839221,-42.83187026731618,-6.824765946518904,0.024072302381403225,1.2001047598061934e-06
-0.04348119512834521,-87.21366826347271,-42.832872018294296,-6.824796935965842,0.0240219768479528,1.1993307168755262e-06
-0.043258580786692404,-87.2288191900838,-42.83390460191972,-6.824851468250227,0.02398239507384889,1.1984267068782397e-06
-0.043216276808672786,-87.24416005158653,-42.83489315708736,-6.82487868967412,0.02391948664622124,1.197677339212965e-06
-0.04288781507650624,-87.25947633502693,-42.83584286299566,-6.824897253470582,0.02388401547489108,1.1968952338434194e-06
-0.042818626361721984,-87.27481450714174,-42.836846072061476,-6.8249330125189624,0.0238247392380557,1.195958841611212e-06
-0.04246624296476428,-87.29023390521559,-42.83786602615402,-6.824966731648916,0.023793315487872755,1.1952369118719103e-06
-0.04237430334539575,-87.30568110612617,-42.838938630901346,-6.8250169408178545,0.023737791043526506,1.1942919195151391e-06
-0.04230177537852044,-87.32119803771413,-42.83993767323641,-6.825041440187083,0.023675750291184183,1.1934448633585227e-06
-0.04194596746845051,-87.33670897033309,-42.84090614262632,-6.825056944807748,0.023641349969135698,1.1925613207973952e-06
-0.04169817493586887,-87.35222193896021,-42.84195266382727,-6.825098555942552,0.02359946430370322,1.1915855040463343e-06
-0.041707733284428165,-87.36768523783782,-42.84300592931198,-6.825147312247196,0.023534349588244984,1.190700233989453e-06
-0.041577934931885455,-87.38329724726067,-42.844063036014816,-6.825186940919524,0.023479913796446227,1.1897206600277914e-06
-0.04131718971937815,-87.3989605441735,-42.8450733604558,-6.8252099741039265,0.023435383425374365,1.188645775537886e-06
-0.04116267931258224,-87.41463957645288,-42.84616787065661,-6.825257151233915,0.02338469925199225,1.1877546933936615e-06
-0.041029209128074,-87.43041664893532,-42.84719803521207,-6.825279869425772,0.02332672129050066,1.1867071158406672e-06
-0.04084293920560096,-87.4460817134825,-42.8482802758004,-6.825327130077778,0.023279723072430723,1.1858453444638883e-06
-0.04067868518899623,-87.46185756476946,-42.84930173753507,-6.825350346244602,0.02322501867247395,1.184733571814676e-06
-0.040461269654848475,-87.47762872907583,-42.85043036890973,-6.825406846300601,0.02318091306058457,1.1836484468479663e-06
-0.04027165935525603,-87.49342030202585,-42.851448693309024,-6.825429210126552,0.023129541685025116,1.1825930822780936e-06
-0.040179976244075405,-87.5092573273893,-42.85255840018507,-6.825477954670774,0.023071359929932884,1.1815058262445598e-06
-0.0399560709670446,-87.52517951342189,-42.853632155090345,-6.825509345248683,0.023023438195216274,1.1804143928192122e-06
-0.03960523205352007,-87.54118868413704,-42.85467253315594,-6.8255254047013265,0.02298470243247877,1.1793262332203171e-06
-0.03974410317581261,-87.55705933582989,-42.85581233331774,-6.825584180628905,0.02290579894667926,1.1782946777730786e-06
-0.039354436104619375,-87.5731258387984,-42.856862589851914,-6.825601744262662,0.022870485956567217,1.1771064272085423e-06
-0.039077085515378154,-87.58915613512438,-42.857960158665676,-6.825636913830146,0.022827813024984225,1.1760423948963844e-06
-0.03905563716290419,-87.60519731125453,-42.859084770380356,-6.825681648715328,0.02276100942241021,1.1748440069378253e-06
-0.03874249421737053,-87.62131037906708,-42.86019899457916,-6.825719063962783,0.022720820751050044,1.1736218254112925e-06
-0.038690086007897806,-87.63744063935702,-42.86134419787373,-6.825764692956543,0.022656966783179203,1.172481943038744e-06
-0.03834867251706768,-87.65355443281614,-42.86242942094642,-6.8257947825069065,0.022619478718627288,1.1712813876089293e-06
-0.03826455220889963,-87.669793907091,-42.863600314894825,-6.82584367544251,0.02255729423379315,1.1700834727649101e-06
-0.03827601187944267,-87.68592821671939,-42.86476974425323,-6.825900613931405,0.022489005603463535,1.168812159801437e-06
-0.038146516664158886,-87.7021021403943,-42.86586456196463,-6.825933597207527,0.022430520866044135,1.1675140091706061e-06
-0.03773222219053615,-87.71847074459218,-42.867013819696744,-6.82596739401873,0.02239863969308859,1.1663026914132783e-06
-0.03758191762652389,-87.73478396882982,-42.86814859195963,-6.826003237066025,0.022341682968857107,1.165024821226585e-06
-0.037528398362433185,-87.75101267388202,-42.869289456299214,-6.826049172242548,0.022277708607440758,1.1637809391430473e-06
-0.03733551498841377,-87.7674900702479,-42.870467846057835,-6.826088346935935,0.022223380087907946,1.1624065224441187e-06
-0.03686290556783374,-87.7838835831197,-42.871546629700596,-6.826104082548749,0.022194874155458105,1.1610940630991045e-06
-0.036886032926834254,-87.80020759752018,-42.87274756830013,-6.8261636972908,0.022125116370325146,1.1598356669199965e-06
-0.036765278828502605,-87.81669799632327,-42.87393534815858,-6.826208176187763,0.022064972889338154,1.158451743653089e-06
-0.036510827426412686,-87.83325571058624,-42.87506123895638,-6.826229694658586,0.02201407070904396,1.1570059895180472e-06
-0.0362061849926381,-87.84980813209087,-42.876274365162004,-6.82627838693468,0.021972600021718428,1.1557448148644638e-06
-0.03615917369408415,-87.86624799685242,-42.87743065724293,-6.826320939401111,0.02190613025126732,1.1542886888026136e-06
-0.03597189254661756,-87.88296687294749,-42.87863547894342,-6.8263573482223165,0.021849273094925546,1.1528301644442706e-06
-0.03573215700290634,-87.89949894250346,-42.87982443688052,-6.826403937212132,0.021801917459114493,1.1514671751977288e-06
-0.035517603658141016,-87.91616428395413,-42.88094188444905,-6.826419597954223,0.021746308638556824,1.1500000322873791e-06
-0.03524837561025214,-87.93284931004565,-42.88215462955857,-6.826463941461001,0.021699849667740856,1.1485997036696342e-06
-0.03508102208428304,-87.94950177908561,-42.88338907291232,-6.826519034941043,0.021645270343447057,1.1470994625511713e-06
-0.034934366313107715,-87.96629894443998,-42.88455444327558,-6.826543016774754,0.021582717731518757,1.1456282437298698e-06
-0.034730993005791945,-87.98303090556998,-42.885766319028576,-6.826586696373077,0.02152978816329925,1.14418369698164e-06
-0.03462543221832288,-87.99974601474,-42.88700501317299,-6.826641446394434,0.021468986416433994,1.1426083705003218e-06
-0.03438292049667534,-88.01667784267951,-42.88824930672107,-6.826681784368544,0.02141713483973837,1.1411259785702145e-06
-0.034242957789025724,-88.03349776013125,-42.8894711485835,-6.826724531040131,0.021357599942958553,1.1396042409842152e-06
-0.03419584756621231,-88.05031459836724,-42.89072380658713,-6.82677915643713,0.021290210907822245,1.1380505627118384e-06
-0.03385562464658309,-88.0672273403233,-42.891952283303155,-6.826819889833331,0.021248452736144223,1.1364027833755516e-06
-0.033777193220859855,-88.08408532608178,-42.89314692613778,-6.826854528329939,0.021181977599908183,1.134902795316648e-06
-0.033404862773021904,-88.10114503018197,-42.894375273170134,-6.826885381366752,0.02114078516417193,1.133276928741933e-06
-0.03314224436239693,-88.11811612177634,-42.89559087565862,-6.826919439523217,0.02109121433775251,1.1317366656966905e-06
-0.032977156164577935,-88.13510685752892,-42.89684537790624,-6.8269670713458375,0.021032659499257544,1.1300139264789045e-06
-0.032910106569431934,-88.15212030139537,-42.89814154299445,-6.827024776973484,0.020966968998829938,1.1284333423659158e-06
-0.03270126659860346,-88.16929397143974,-42.89940233916434,-6.8270616151368895,0.020909540233915017,1.1267329703122442e-06
-0.03244067415192371,-88.1863587434802,-42.90067416084837,-6.827109309567948,0.020861383462087293,1.1251744281302582e-06
-0.03243152047153818,-88.20340487543268,-42.90191897524278,-6.82715353986887,0.02078742591582385,1.1234167179096118e-06
-0.03212763788140408,-88.22058851388257,-42.90315657335909,-6.827184397426832,0.020739553395474168,1.1217129860994792e-06
-0.03192591065979809,-88.23781585383422,-42.90444382746231,-6.827228172844217,0.020683039595457538,1.1200201257449055e-06
-0.03182171284580742,-88.25499493779841,-42.9057279648512,-6.827275900231273,0.02061832325842487,1.1183226548098712e-06
-0.031427666844842495,-88.27232248657513,-42.90700787768537,-6.827310323187059,0.02057905571040147,1.1166965449187682e-06
-0.031140894173027216,-88.2895134284138,-42.90823581380729,-6.8273420340476605,0.020530052417581265,1.1149290146463557e-06
-0.03110694128015759,-88.30690611483892,-42.9095546202258,-6.827387030662046,0.020455746862393466,1.1131716661542052e-06
-0.030855456403478553,-88.32409420351969,-42.910859944538316,-6.827444369487437,0.0204073003467613,1.1113465236509837e-06
-0.03085527113357113,-88.34140103480776,-42.912203243255014,-6.82750563510037,0.02033330575572085,1.1095491909968306e-06
-0.030559720114501247,-88.35878425649122,-42.91349595129434,-6.827545000891568,0.020285050607589644,1.1077714198139502e-06
-0.030364519022741922,-88.37615427479986,-42.914796618499956,-6.827589961940396,0.02022748114829339,1.1059839453083149e-06
-0.030037036078358642,-88.39364772114405,-42.91603412119656,-6.827606320859972,0.0201778392554647,1.1041533085594203e-06
-0.030040633859506245,-88.41109918327963,-42.91741224572832,-6.827670456890604,0.02010291931412162,1.1023012126362045e-06
-0.029747134955819186,-88.42854846230128,-42.91869203293693,-6.8277055523155985,0.020053144515199326,1.100386022402511e-06
-0.029555163952863197,-88.4461005006983,-42.92004083783318,-6.8277538021749535,0.01999466766367289,1.098553929101627e-06
-0.029459316282251125,-88.46356473121014,-42.921352091862424,-6.827798829444016,0.019927451545881762,1.09670018606311e-06
-0.029069002452317205,-88.48123627414404,-42.92267743286952,-6.827832854197861,0.019884848364691246,1.0947675537428822e-06
-0.02901674688185187,-88.49869493992125,-42.92404472030379,-6.827896779198792,0.01981667221261713,1.0929644827365922e-06
-0.028819511059851366,-88.51631648542794,-42.925355414766464,-6.827933363613631,0.019755922745216238,1.0908678602509186e-06
-0.028567855898803497,-88.53392772524788,-42.92670986659835,-6.82798232364211,0.019703995371492956,1.0890516592822235e-06
-0.02841225439465868,-88.55157529197746,-42.92808614051607,-6.828037546991557,0.01964241348077022,1.0871253889900876e-06
-0.028120305738478287,-88.56929714739518,-42.92936005651041,-6.828056962723851,0.019588201848906944,1.085087915549759e-06
-0.02793050520575853,-88.58706029297805,-42.93066611487002,-6.828082661960402,0.01952528949048765,1.0831906506383552e-06
-0.027910897244468817,-88.60470139067324,-42.932095021123175,-6.82815643273447,0.019454045577115803,1.0812414516478585e-06
-0.027591837530609856,-88.622493815317,-42.93349353662134,-6.828210261511197,0.0194071684982722,1.0792261716195406e-06
-0.027528479317584047,-88.64028500555241,-42.934851436141784,-6.8282532483330804,0.01933389519515724,1.0771755851761086e-06
-0.027017802822736327,-88.65809692411713,-42.93615424536607,-6.828277070382117,0.019302142197516324,1.075193188629133e-06
-0.027001937495153748,-88.6758850311365,-42.93755100989822,-6.8283330807205385,0.019226875529712535,1.0732178694436363e-06
-0.02668416205674972,-88.69384158685004,-42.938925539974925,-6.828371287007493,0.019175674679913948,1.0710440979805901e-06
-0.026700567786274672,-88.71164402337591,-42.94036148663917,-6.828439668514507,0.019099197541125632,1.0690226951323543e-06
-0.026416228774134524,-88.72952990071295,-42.941725981302206,-6.828480449642841,0.01904723128794467,1.0669685315592546e-06
-0.02623055753345767,-88.74740911093451,-42.943080245396224,-6.828520288983606,0.018985342578744208,1.0648305405303826e-06
-0.02598528845883836,-88.76534572165096,-42.944497673491135,-6.828574806244154,0.01893120137575126,1.0627620854945508e-06
-0.02560738252210662,-88.78341468251024,-42.945832107772674,-6.828594508923401,0.01888360816304195,1.0606228293995386e-06
-0.025563458343179888,-88.80135563705106,-42.947237659387,-6.828647349086278,0.01880962837876705,1.05850837350034e-06
-0.025450488309704453,-88.81936968763769,-42.948708332666094,-6.8287148987290855,0.018743718355714176,1.0563862205660623e-06
-0.025198207679532434,-88.83743434855222,-42.95004671640929,-6.828738872738122,0.018684877933860713,1.0541967444453018e-06
-0.0248893457898357,-88.85557738284763,-42.951458241484275,-6.828778932201843,0.018633394811316675,1.0521042937252517e-06
-0.024910873908127087,-88.87351751896,-42.9528918272439,-6.828843272433987,0.01855544524100528,1.049940759113181e-06
-0.02462851657537607,-88.89168557833001,-42.954321945375625,-6.8288894942940415,0.018501700601912995,1.0476800516677327e-06
-0.024444552685994225,-88.90988718146009,-42.95575493484622,-6.828934914617598,0.01843796746737301,1.0454281845332108e-06
-0.024203575203356628,-88.92799186639104,-42.957160462246655,-6.828978237870754,0.018382017188103315,1.0433748460749383e-06
-0.024055366323307084,-88.94614716105183,-42.9585722693732,-6.829022508128344,0.018315435028857473,1.0411092600605086e-06
-0.02384448175282312,-88.96431752022875,-42.96001198501295,-6.829074244198967,0.018256248601256436,1.0388303313573544e-06
-0.023497310742123894,-88.98267569612216,-42.96138731100994,-6.82909245419377,0.018203412309309587,1.0365290733422558e-06
-0.02332854391211794,-89.00092084365697,-42.96287032166635,-6.829152627272733,0.018140902127117647,1.0343113504686007e-06
-0.023096973323917806,-89.01909930431601,-42.96432993498589,-6.829212275984149,0.018084953939443132,1.0319816846513763e-06
-0.02296258194991348,-89.03735390519537,-42.96580483868046,-6.829269872370884,0.018019413670963266,1.0297855421923135e-06
-0.0226849734092629,-89.05581721880965,-42.96721957086531,-6.8292949416201685,0.01795995701084912,1.027484626172683e-06
-0.022581520711294947,-89.07409102629946,-42.968694887670324,-6.829354156522958,0.017890773185044794,1.0250948047038017e-06
-0.022185376203821976,-89.0924492958319,-42.970083018303555,-6.8293783640942936,0.017845606163303232,1.0228700753675712e-06
-0.022119828750152035,-89.11077147967603,-42.9715689205672,-6.829438345655499,0.01777258702643761,1.0204604015856022e-06
-0.021985046241548987,-89.12915616991457,-42.973094733357925,-6.829506054299499,0.01770680854973211,1.0181055527068088e-06
-0.021711106163115244,-89.14767616275422,-42.97451686587908,-6.8295312117475655,0.017647701346540895,1.0157814254342701e-06
-0.021609987037286973,-89.16603523943965,-42.976008140968695,-6.829591231704787,0.01757851421370582,1.0134199212366545e-06
-0.021212072084660864,-89.18450622345173,-42.97741885103948,-6.829618139898509,0.01753243319870102,1.0110031922268444e-06
-0.021146815428963867,-89.20296568027734,-42.978936630453695,-6.829680021697652,0.017458886123052998,1.0085752597617972e-06
-0.02078449974791513,-89.22154328153921,-42.98037713753908,-6.829707942817714,0.01740907392470719,1.0062721410304998e-06
-0.020596322572047486,-89.2399830069829,-42.981891504330775,-6.8297724060548095,0.017347777827342113,1.003775150944413e-06
-0.02050126976294381,-89.25855979021614,-42.98344010895445,-6.829835800585151,0.017276651430920255,1.001346106034017e-06
-0.020263454037350758,-89.27720895283643,-42.984844183374356,-6.829849987204499,0.017211832955260235,9.988765488908673e-07
-0.020042023228071314,-89.29569635301027,-42.986350013816086,-6.829908251588456,0.017153731459576826,9.96476493816569e-07
-0.019912139027876703,-89.31433797882268,-42.98789451528399,-6.829967502701581,0.01708480049649571,9.940061797291507e-07
-0.019717466009849985,-89.33290074959814,-42.98939267354892,-6.830019014015808,0.01702237448459131,9.9150598888264e-07
-0.019614332772504055,-89.35152956012178,-42.99088229009241,-6.830063547163766,0.016949376217604256,9.88965734637739e-07
-0.0192882180048704,-89.37015180921667,-42.99240183325581,-6.830118278189052,0.016899471569368187,9.86419790682324e-07
-0.019061782688316216,-89.38884903897012,-42.99391587090448,-6.830165594451229,0.016838429613774478,9.839380829319254e-07
-0.018929342798075822,-89.40762332144257,-42.995426627021445,-6.830206003380607,0.016766838016560936,9.81530960149598e-07
-0.01857356061014484,-89.42640225992866,-42.99697092868755,-6.830257860414861,0.016717792561923423,9.788909993233793e-07
-0.018319430152653363,-89.44516995380073,-42.998462007326374,-6.83029470675269,0.016657291734056598,9.76330498560119e-07
-0.0183934612615832,-89.46380453376902,-42.99997974854077,-6.830349573798545,0.01657007404048675,9.738687977152616e-07
-0.01800002091643064,-89.48269533837083,-43.00151370908578,-6.8303908682349075,0.016522384513124273,9.712883606010262e-07
-0.017941298834095513,-89.50145907951945,-43.00307509489231,-6.83045063414183,0.01644693059048316,9.687006379418117e-07
-0.017581479036898724,-89.52032823290268,-43.00453369487724,-6.830470842992082,0.016394127856965098,9.660709309851632e-07
-0.017397752647158673,-89.5391433334445,-43.00609722381599,-6.830527807269051,0.0163302178539243,9.63538340211917e-07
-0.01714731480339079,-89.55794629658739,-43.00763409359437,-6.8305798339239905,0.016271296940990755,9.608077409196174e-07
-0.01699198533205785,-89.57687680355713,-43.00918369036506,-6.8306251853550615,0.016201519258186248,9.581312177375855e-07
-0.01661733472380885,-89.59576249360576,-43.01073148466238,-6.830672907236727,0.016154453972727075,9.555479251614312e-07
-0.016573643507403875,-89.614559993556,-43.012316089204674,-6.83074028613603,0.016078862636844875,9.529091408626761e-07
-0.01622672965870803,-89.63359485877635,-43.01385997683235,-6.830776153521341,0.016025905540019727,9.502826637800013e-07
-0.016209742309616013,-89.65244935126464,-43.01539279673997,-6.830824484099492,0.015944534935568216,9.475873332325684e-07
-0.015963183655074747,-89.67138531095317,-43.01698362387048,-6.830883996384389,0.01588624356561481,9.44926591554742e-07
-0.015810479238398407,-89.69038297719904,-43.01854295915307,-6.830929396756235,0.015816450360421903,9.422812090188288e-07
-0.015590722054839586,-89.70940783391872,-43.02009232878691,-6.8309701666053435,0.01575219829221554,9.395280469354823e-07
-0.015308042076990845,-89.72846449262201,-43.02163445870952,-6.831006443348335,0.015693244284301307,9.368255334197248e-07
-0.015195870074662509,-89.74743002075347,-43.023245328001956,-6.8310718778738355,0.015622783499234964,9.340670999728574e-07
-0.01478378663015305,-89.76657084516046,-43.02477523439774,-6.831098577990268,0.015574223245250424,9.31307629019759e-07
-0.014551329935306388,-89.78562784102397,-43.026379484980765,-6.831154239849706,0.015513946077556276,9.286530810978652e-07
-0.014408044901528928,-89.80477839594973,-43.02796118260449,-6.8311980526617235,0.01544131288989347,9.257926647348688e-07
-0.014275067280755605,-89.82372309000937,-43.029584512129155,-6.831270103240844,0.015374764606795271,9.230411727993305e-07
-0.013997804062459485,-89.84290672876709,-43.031115592348684,-6.831295108606096,0.015313166693563893,9.203160162353357e-07
-0.01389106789374796,-89.86202977406316,-43.03272800804525,-6.831350061041555,0.015240178264101348,9.175882828710919e-07
-0.013710710238060263,-89.88123038484888,-43.03434308663747,-6.831401974423976,0.015171924911061042,9.146775629998979e-07
-0.013312403577458594,-89.90037460641679,-43.03593204885061,-6.831448570215511,0.015125904720722057,9.118815880051027e-07
-0.013244638931689224,-89.91951732581315,-43.03758577341468,-6.831516574280769,0.015050562790012552,9.090404326512707e-07
-0.012874680926529214,-89.93878473595683,-43.039121763568545,-6.831538084227549,0.01499711085801319,9.062136055862864e-07
-0.012679980085508939,-89.95792198330496,-43.04069614331535,-6.83158243092766,0.014931329448325557,9.033579203954315e-07
-0.012647511420897173,-89.97713651015872,-43.04241156146713,-6.8316653019341675,0.01485376942777262,9.004801054035371e-07
-0.012312570719619872,-89.99639327256884,-43.04396033199826,-6.831692364042955,0.014798303693286267,8.976218031789338e-07
-0.012304140443586438,-90.01567381138841,-43.04558570880495,-6.831742472621452,0.014713828932728842,8.947664345601269e-07
-0.012064871511265078,-90.03493805008384,-43.04719664692807,-6.831789030671498,0.01465173411131961,8.918785205364796e-07
-0.011762435086080924,-90.05423070987494,-43.048777463301796,-6.83182423308315,0.01459404244682481,8.889772260919644e-07
-0.011629438208772366,-90.07352654025158,-43.0504571761692,-6.831890450160711,0.014523997278524426,8.86107625888203e-07
-0.011428551262917376,-90.09286110180412,-43.05210748236108,-6.831943691070805,0.014459063105689472,8.832585029636613e-07
-0.0111594758849044,-90.11214310270775,-43.05367761175896,-6.831978856239862,0.014397735087160302,8.802138472755988e-07
-0.011061172425384637,-90.13144677918632,-43.055354862821765,-6.832043714949696,0.014324921582912558,8.773346272808762e-07
-0.010657873451092746,-90.15093542846564,-43.056932590647065,-6.832064599719308,0.014272786798247582,8.743267115741304e-07
-0.010661352832351555,-90.17022410225718,-43.05864142521553,-6.832142605358737,0.014191379304857386,8.713569348153644e-07
-0.010358390526482204,-90.18970969207197,-43.06025517610431,-6.832173981838825,0.014132077876933583,8.684418067756364e-07
-0.010070432804636436,-90.20900066614925,-43.06189402240995,-6.832229267772212,0.014076618130780701,8.654419286926296e-07
-0.009874488229139857,-90.22850942755817,-43.063551507784695,-6.832273871076568,0.01400812121823503,8.624569737294328e-07
-0.009843321790437325,-90.24787205029587,-43.06521754293944,-6.832333279307755,0.013927445231231517,8.594443674641755e-07
-0.009580992744426297,-90.26728885679663,-43.06689000370215,-6.8323896550062075,0.013868502397714581,8.56439174220073e-07
-0.009254953625984956,-90.28680066608392,-43.0685517625576,-6.832435394383877,0.013813240479233616,8.534474383528978e-07
-0.009024538978211741,-90.3063489782132,-43.07013505105926,-6.832455022856358,0.01374461393913871,8.503958009994114e-07
-0.008804984648503723,-90.32583332120224,-43.07180940443964,-6.832507263270801,0.01368054516908022,8.473991214037761e-07
-0.008751951961155219,-90.34520396997375,-43.0735014831638,-6.83257391456209,0.013604058556701628,8.444111809185151e-07
-0.00838837451045793,-90.36482453597408,-43.07511362197296,-6.832598138248336,0.013547728649149321,8.411920597325199e-07
-0.008276609969783476,-90.38426882667717,-43.07689642943247,-6.8326869225947675,0.013479334662423124,8.382159344362251e-07
-0.008017087659685444,-90.40381393693436,-43.07847739676337,-6.832706516867362,0.013414333187410522,8.351334746270504e-07
-0.007768273555604975,-90.42332699744519,-43.08015862337539,-6.832759729305327,0.013353225751672044,8.320516642410673e-07
-0.007609094700764265,-90.44301705152641,-43.0818255513052,-6.832795233504981,0.0132788895732358,8.289181911701482e-07
-0.0074564407979377965,-90.46258218740289,-43.08354038376597,-6.832855118617305,0.013208985848260432,8.258135978413156e-07
-0.007078805915947401,-90.48216171338962,-43.08522839872399,-6.832904796173735,0.013159701966799968,8.227170191743024e-07
-0.007029896009817919,-90.50171001612927,-43.086929766138844,-6.832962250223573,0.013079900682512881,8.195721526833286e-07
-0.006749314011561702,-90.52128626362101,-43.088608650456834,-6.833010086383398,0.013021071169723293,8.164552683538972e-07
-0.006559722116087481,-90.54097020060804,-43.09023081279211,-6.833033208848568,0.012948421309965468,8.133131666062634e-07
-0.006377947584480947,-90.56065760759145,-43.0919655006776,-6.833089558549841,0.012880233271665983,8.101990328055193e-07
-0.006203789866189699,-90.58016071939085,-43.09370390730552,-6.83316164439915,0.012815737716393726,8.07019717572929e-07
-0.006114219199038869,-90.59979423897433,-43.09538793457864,-6.833207941577394,0.012737604547788387,8.038306510489124e-07
-0.005795988242627358,-90.61948154509344,-43.09706092964206,-6.8332450876410125,0.012680471989808623,8.006860393057524e-07
-0.005646917847498878,-90.63913787541688,-43.09878011691406,-6.833299578075284,0.012609613829709897,7.97539197808851e-07
-0.005267991840958558,-90.65886030688782,-43.10048793165356,-6.833346563351309,0.012558327510219769,7.94253355219305e-07
-0.0052221354332405105,-90.67859814616428,-43.10222806031339,-6.833400084065436,0.012477378416062354,7.911570808876777e-07
-0.0049394986753721875,-90.6983131994181,-43.10390683303096,-6.833438973786116,0.012416018278256367,7.878437615445946e-07
-0.004826586842512112,-90.71801977789164,-43.10564079562892,-6.833494147911901,0.01234166883471575,7.846458316595693e-07
-0.004482699488142639,-90.73781396637759,-43.10737110132131,-6.833541481912949,0.012287260644334068,7.814340322567643e-07
-0.004311440228781498,-90.75751078100306,-43.1091051306584,-6.833597209117654,0.012219033526256742,7.782040983877194e-07
-0.004069068644276853,-90.77724812538305,-43.110769273473586,-6.8336288357667225,0.012153637893103572,7.749950392219727e-07
-0.003990575617267976,-90.79700150451762,-43.11249555076797,-6.833678994281314,0.012074611840446784,7.716738727655041e-07
-0.0036800349070659666,-90.81686417208493,-43.11422714240601,-6.83372133213464,0.012015950493913291,7.684037854113013e-07
-0.00353925441503001,-90.83665056798249,-43.11596986591761,-6.833773012305797,0.011943414935494494,7.651544436502083e-07
-0.0031687448992429516,-90.85645993927548,-43.11766814158104,-6.833809620166395,0.01189031859134486,7.618176043596852e-07
-0.002971602459314619,-90.8762082770541,-43.119383550062,-6.833855885283087,0.011823052228618914,7.585266660218444e-07
-0.0029346367942487475,-90.89600319739345,-43.121167558331386,-6.833920613282253,0.011741917045206551,7.551754336310175e-07
-0.0026657850072313127,-90.91583790934328,-43.122912736281094,-6.833967953556479,0.011681503289524678,7.519661932585265e-07
-0.002328032851698981,-90.935755198415,-43.12460178105109,-6.833993466344636,0.01162265242428185,7.486027283282237e-07
-0.0022375100153735074,-90.95546754038503,-43.12640899083668,-6.834070886934049,0.01155006286535075,7.45255962363187e-07
-0.0018392950570268233,-90.97540586542718,-43.128087970554496,-6.834090275250623,0.011496824073077025,7.419897710425528e-07
-0.0018458745481620936,-90.99518817864316,-43.12987029783647,-6.834154696667184,0.011412432214721664,7.386096004071607e-07
-0.0016128746886372375,-91.01514006351402,-43.13167350919489,-6.8342120184528845,0.011348028141082154,7.352099789527671e-07
-0.0013143268728798214,-91.03500259084296,-43.133325634361334,-6.834229217475714,0.011285976198917871,7.318455185779795e-07
-0.0012574185800537224,-91.05479222429915,-43.135158518675944,-6.834308337879007,0.0112098000708265,7.285087275236555e-07
-0.000889014314348677,-91.07483423623775,-43.13687080528399,-6.834330349263729,0.01115272054013874,7.250552359213196e-07
-0.000771567878561354,-91.09460971953808,-43.13866278828492,-6.8343961769150345,0.011081823491221178,7.21823603521588e-07
-0.0005748396622969673,-91.114526377272,-43.14041303293133,-6.834440318824106,0.011012564965499398,7.183621116398818e-07
-0.0003088902749486022,-91.13458080118129,-43.14212886924102,-6.834461554191759,0.010946072884582119,7.149667281998204e-07
-0.00012729682019312153,-91.15444773154246,-43.1439984976585,-6.834544831685981,0.010882132901441795,7.115660071335794e-07
-3.236181294736629e-05,-91.17430988494718,-43.145708234954526,-6.834579113002867,0.010803550996323052,7.081667156942667e-07
0.0002995085549256332,-91.19439269687514,-43.14745959563388,-6.834609683844493,0.010743875064654237,7.046504164941962e-07
0.0003837547358748333,-91.21424383301077,-43.14929978597157,-6.834684481384474,0.010670129471327767,7.012633300684026e-07
0.0005451162941256269,-91.23416981506766,-43.15105739978554,-6.834727751911784,0.010598720664783075,6.978809507868008e-07
0.00093788531199586,-91.25423323207481,-43.15280867240573,-6.834758323409096,0.010545907954997385,6.944032193359009e-07
0.0009268662023652846,-91.27412256553758,-43.15463444709503,-6.834826730896926,0.010461143155609118,6.908767937627597e-07
0.0011545467224093168,-91.29406548074334,-43.156403023884835,-6.834872224201281,0.01039596772804647,6.873999430660155e-07
0.0016078173859337068,-91.31416238752152,-43.158171784265214,-6.83490403770016,0.010349477624659851,6.839740852136296e-07
0.001652912710227809,-91.3340039954148,-43.15996830166156,-6.834965596492689,0.01027054197804865,6.804683324278459e-07
0.0017804943772718209,-91.35405533976024,-43.16174734701529,-6.835005830345905,0.010193740325853982,6.76945920579147e-07
0.002137484744680284,-91.37417477528084,-43.163480764221454,-6.83502422245781,0.010136367715315503,6.735598361823342e-07
0.002251147681906704,-91.39411694866294,-43.16531908263964,-6.8350906014723085,0.010063354695157347,6.699962205955967e-07
0.002597504528585922,-91.4141460053892,-43.167111100232184,-6.83513481445249,0.010009000335955327,6.664961271109988e-07
0.0027745164274415963,-91.43417581399174,-43.16891726045222,-6.835183153015009,0.009939161669508928,6.629624637986924e-07
0.0029480858590801504,-91.45407776600712,-43.170705077801934,-6.835235777867678,0.009871086013872621,6.594372035027459e-07
0.0031961891824094256,-91.47422186714002,-43.172488341645476,-6.835267506021307,0.009804616536621479,6.559425292312487e-07
0.0034371074717118527,-91.49424377031158,-43.17425848586905,-6.83530468424149,0.009739629171854981,6.524067725844525e-07
0.0036731718207302583,-91.51425433785889,-43.176069455169376,-6.835355664487327,0.009675890120911117,6.487914480648985e-07
0.0037472636120419052,-91.53429709662089,-43.17790285070629,-6.835411169020252,0.009596844733219801,6.452114512739111e-07
0.003823547284799585,-91.55433872033015,-43.179778698546144,-6.835478462206288,0.009520328619621994,6.417120044214676e-07
0.00413571894191444,-91.57441219154732,-43.18156946452918,-6.835516533554856,0.009462081420146356,6.381068319685723e-07
0.004281750058813265,-91.59443482820515,-43.18333750434779,-6.835552332586446,0.009387854230120113,6.344858299380243e-07
0.004427561492642289,-91.61457341394886,-43.1852091187103,-6.835609668979709,0.009315759564088245,6.309446078736441e-07
0.004804586021917029,-91.63465843749233,-43.18695012275744,-6.835630361958348,0.009261545855154294,6.273617670497988e-07
0.004937154751306552,-91.654646734118,-43.1888215641169,-6.835699595068768,0.009191260231135992,6.237614236231917e-07
0.005145032000668871,-91.67473639657308,-43.19060005743614,-6.835731191964391,0.00912235640066261,6.201519140465029e-07
0.0053506227371721655,-91.69486497402967,-43.19243660022263,-6.835777620877687,0.009054635741026981,6.165300017128506e-07
0.005551681856281708,-91.71493838100312,-43.19427795798551,-6.835829738247729,0.008987790339877443,6.129006651883146e-07
0.005593565156215133,-91.73500241378241,-43.1961083143443,-6.835878927496176,0.008905687009350804,6.092813429331508e-07
0.0060327508992869,-91.7552115578647,-43.19794367016564,-6.835917342961467,0.008858432591195313,6.056360526232262e-07
0.006063829648345603,-91.77519387423663,-43.19979479447915,-6.835978466321617,0.008778111407614093,6.020018695140179e-07
0.0063351515343639375,-91.79527686794016,-43.201583415367296,-6.836011892597578,0.00871578435775225,5.983254704676853e-07
0.006444081437756965,-91.81547197035634,-43.20342278640361,-6.8360523156923465,0.008637457114924037,5.946499151205661e-07
0.006711162788954313,-91.83550871061632,-43.20524590329553,-6.836099102616836,0.008577280605474136,5.90957919816877e-07
0.006815803880280221,-91.8556719190599,-43.20712190865184,-6.836152090315592,0.008501014611459454,5.873409767782311e-07
0.0071559470912605115,-91.8758512425528,-43.20889016809971,-6.836169964191131,0.008442330136861265,5.836481679513914e-07
0.007252768646253297,-91.89590236197128,-43.210759472388624,-6.836229037129285,0.008367508928472713,5.800029883953103e-07
0.007586060812444634,-91.91608543065543,-43.2125773491071,-6.836260690064497,0.008310340481263436,5.763182648867207e-07
0.007678242749019764,-91.93615241802387,-43.2144964770261,-6.836333675789676,0.008236511408960917,5.725082117381995e-07
0.00784982280588662,-91.95630132397255,-43.21629473251358,-6.836362470389855,0.008163401053786318,5.687946474587403e-07
0.00817679557481665,-91.97643357419135,-43.218144950383504,-6.8364066379722255,0.008108197823210718,5.651558407920297e-07
0.008338587453340852,-91.99663057703557,-43.22000788257785,-6.836450049890466,0.00803607232051195,5.614555016203079e-07
0.00850097157527804,-92.0167596121636,-43.22185144086287,-6.836492942436476,0.007964464973272401,5.577034475919779e-07
0.008818534811098322,-92.03679266726826,-43.22369854770855,-6.836542407981333,0.007910538623209189,5.54025487724968e-07
0.008971800323568832,-92.05691370255391,-43.22556426791258,-6.836591123211285,0.007839489353847146,5.502861101328947e-07
0.008970633380090309,-92.07712380949302,-43.227449210200504,-6.836639492825753,0.007752120731119836,5.465430891784481e-07
0.009134146437941306,-92.09715310524658,-43.22928900383554,-6.836686613224698,0.007682942675566613,5.427748408880894e-07
0.009533060427104079,-92.11737444128059,-43.23109767422377,-6.8367085310402915,0.007630429798051787,5.390260056082664e-07
0.009685650336781067,-92.13753606158946,-43.23302872500996,-6.83677221712984,0.007561128746035887,5.352756275958808e-07
0.009838573517956703,-92.15757433667466,-43.23489862583296,-6.836826405577076,0.007491986665158721,5.315298480025844e-07
0.01007071286699704,-92.17785856739788,-43.23672285746853,-6.83684715702335,0.0074227236284159955,5.277544672954332e-07
0.010222116848250334,-92.19786403466117,-43.23858922182973,-6.836902068348536,0.007353884775856218,5.239432196949114e-07
0.01060935745668384,-92.21809164455249,-43.24043304481781,-6.836931380185808,0.0073017084235419815,5.201384794854841e-07
0.010595595031300796,-92.23822794054534,-43.242335307935306,-6.836987294270682,0.007215252276068269,5.163185359417838e-07
0.010981259068632412,-92.25845482756016,-43.244184927840394,-6.837016669280063,0.007163476807900098,5.125869845294726e-07
0.010965447596049772,-92.27850394221578,-43.24604464589819,-6.837064763098544,0.007077194369928081,5.087808470673715e-07
0.011352356307891052,-92.29875879446173,-43.247908710167074,-6.837095981705121,0.007025155112179516,5.049895024796289e-07
0.011495345236213839,-92.31880898275857,-43.24980443959634,-6.837154192085514,0.006955184300343535,5.011085811788907e-07
0.011481083449405429,-92.33892866168867,-43.25169281520109,-6.837202919510918,0.006869059612181977,4.97333307557942e-07
0.01187084642981606,-92.35916959659664,-43.253536996434704,-6.837227675366345,0.006816572292673462,4.935320941393052e-07
0.012015393922738092,-92.37932168321468,-43.2554726568354,-6.837287220962871,0.006746646070742733,4.896713758080168e-07
0.012162344811719905,-92.3994203385742,-43.25736983183723,-6.837338765366511,0.006676388640039256,4.858588553076334e-07
0.01254555856376481,-92.41959700714874,-43.25915809745769,-6.837349809940351,0.00662219278245735,4.8200083506961e-07
0.012685490238314634,-92.43980419077477,-43.26109830701952,-6.837405052023469,0.006550525562460243,4.782082856618337e-07
0.012827792783317415,-92.45987377625316,-43.262953639509554,-6.837444796309655,0.006478366964600215,4.743594768282817e-07
0.012972800767338366,-92.48001549075714,-43.264835035309126,-6.837485698028733,0.006406184170863601,4.704245798877868e-07
0.013280209671130312,-92.50019464624722,-43.26676044641326,-6.837536887273374,0.006350126878236049,4.6656336806557745e-07
0.0134219160656762,-92.52038949769792,-43.26864185817389,-6.837572094252533,0.0062765048594738745,4.627206358660121e-07
0.01349232422200376,-92.5404095643833,-43.270593497076135,-6.837643355868702,0.006202342709806024,4.588348370411437e-07
0.013644630639940475,-92.56058810758465,-43.272428848574975,-6.837664632075309,0.00612797432429381,4.54922636952743e-07
0.013957224005428183,-92.58072608879223,-43.274267432644905,-6.83768894630533,0.006069905604451765,4.51095783705357e-07
0.01403119270589861,-92.60084457330768,-43.27621816353257,-6.837749686042197,0.005993996686977426,4.4720558673185825e-07
0.01450485940977526,-92.62105969623664,-43.27809448900928,-6.8377785999767635,0.005950693709470846,4.432819208810865e-07
0.01456874435873462,-92.64110166522241,-43.27996394401259,-6.837818182713664,0.005872419857854604,4.3940751736091733e-07
0.014802941357108553,-92.66123275436529,-43.28189214197274,-6.837869900890542,0.005809806274211024,4.3545760994398864e-07
0.014874857722356737,-92.68142712968663,-43.28379210664014,-6.83790573710316,0.00572999784780541,4.315818934214421e-07
0.015112849039621052,-92.70151583216567,-43.28565058330015,-6.837936807758177,0.005666188252409912,4.276396189853187e-07
0.015116567210289774,-92.72162180626327,-43.28763166413924,-6.838004312243367,0.00558470654163278,4.237359719022491e-07
0.015522701231572546,-92.74175989667685,-43.28949689543094,-6.838031448807916,0.005536119641993353,4.198324505006367e-07
0.01552669783925781,-92.76186216769892,-43.29141768767239,-6.838079221324136,0.005452142592344609,4.159253251861633e-07
0.015697512754395033,-92.78188539100168,-43.293305209514074,-6.838120303966137,0.005385040671349088,4.1200995243135595e-07
0.015876255122889787,-92.80207515860546,-43.2952447701759,-6.838166228946405,0.005315905851496745,4.0804172722660663e-07
0.016213433478464045,-92.82219240229598,-43.29715320055954,-6.8382062892457425,0.00526247340071142,4.040658444827789e-07
0.016385344453559526,-92.84232066704801,-43.29899637942426,-6.83822506481922,0.005190283110434479,4.000772195264905e-07
0.016481504719765602,-92.86236727991223,-43.300944643986305,-6.838280359134191,0.005117826850361716,3.962488914457305e-07
0.016980341120459676,-92.88248919961205,-43.30278991490189,-6.8382985742534546,0.005076534435307914,3.9218997966598135e-07
0.017070309278522648,-92.90261489385752,-43.30470609881672,-6.838337728699266,0.004999598686948006,3.882737949393468e-07
0.017324916840533312,-92.92269953100539,-43.30660161390034,-6.838372123654816,0.004938490752956066,3.8432236833985747e-07
0.017344735015115176,-92.94276490040485,-43.30858646440085,-6.838435814824243,0.0048589699911250235,3.8028617527744376e-07
0.017375184794752262,-92.96274198885682,-43.31047970134144,-6.838477565380766,0.004778444483125104,3.7632884369511374e-07
0.0178098798664524,-92.98292340690318,-43.31233614823257,-6.838489951420177,0.00473025794502359,3.723333975455694e-07
0.0179994114312352,-93.00309662659802,-43.31429007995683,-6.838532967847697,0.0046629171085691866,3.683763643596565e-07
0.01811399613037676,-93.02303347581466,-43.31625298134975,-6.838596766554132,0.004593973941075401,3.6441109800389924e-07
0.01831150663153158,-93.0431682324949,-43.31809160050954,-6.838605860076699,0.004523169589123068,3.604036888114858e-07
0.018592242184474635,-93.06314152381074,-43.320020238689665,-6.838653865116895,0.004467762424755933,3.564214255037747e-07
0.018713342876797757,-93.08329872633178,-43.32195643015538,-6.838689631751771,0.004393222645688915,3.524576090852195e-07
0.01876434173651566,-93.10324255436264,-43.32390978881206,-6.838747241228381,0.004317205017532837,3.484016629896642e-07
0.019060691561396496,-93.12336880697434,-43.32576546344392,-6.838759072797731,0.004256199816288077,3.443483541394939e-07
0.019275883838840685,-93.14339250281179,-43.327699539947226,-6.8388014364128225,0.004193457466666869,3.403856615743786e-07
0.01925893793558679,-93.16336227434397,-43.32968938721334,-6.838865689261061,0.004111803892432002,3.3636127700001387e-07
0.01964873531452038,-93.18339356582649,-43.331552097828606,-6.838883941582157,0.004062008252172714,3.323387762976731e-07
0.019798018324076225,-93.20348027852845,-43.33352991579335,-6.838933985079367,0.003992486804185911,3.282369190111071e-07
0.019948412724904597,-93.22344862129339,-43.33539048222716,-6.8389547128058865,0.003921423150747487,3.24280779607292e-07
0.020031954518627763,-93.24345046789273,-43.33738778517892,-6.839016152202143,0.0038480578444295846,3.2015978257868707e-07
0.020121812020929244,-93.26344834310946,-43.3393219429412,-6.839056135701331,0.0037732879384957145,3.1614965380281957e-07
0.020380448412949642,-93.28341217375231,-43.34121488681773,-6.83908602860616,0.00371287587199327,3.1209501811105844e-07
0.02079496768059773,-93.30344694426614,-43.34312479883174,-6.839112688857248,0.003667022545992306,3.08061950675106e-07
0.02080553740366547,-93.3234078373287,-43.345037275806845,-6.839145752855317,0.003584671193868792,3.0408510968266616e-07
0.021150040660575388,-93.34341515666449,-43.346985237978515,-6.839186110618658,0.003533531100195872,3.000202667894489e-07
0.02109316510899153,-93.363360453466,-43.34893803727832,-6.839231610315567,0.0034464429214317504,2.9598592018535735e-07
0.02137315953931523,-93.38326473622223,-43.35087610673685,-6.8392756028923865,0.0033907393882316597,2.9188273838867893e-07
0.021494034690870818,-93.40334406553178,-43.35279908824072,-6.8393009215305565,0.003315235929293156,2.877474547509323e-07
0.021700481458111077,-93.42316407480055,-43.35473847081739,-6.839348517483459,0.003255086336862556,2.8374454490150123e-07
0.02191232986320253,-93.4431381298738,-43.35668418162579,-6.83938626373515,0.0031916258911501077,2.796215801733213e-07
0.0221255044443586,-93.46316316148443,-43.35858752494652,-6.839405361030202,0.0031255688400769234,2.7562613397864206e-07
0.022265019307827354,-93.4829855687398,-43.36049306757512,-6.839441099353655,0.0030566341089254346,2.715078117480953e-07
0.022411956878026853,-93.502977192194,-43.36241341185744,-6.839467044680968,0.0029852165707743806,2.6742849740678964e-07
0.022647043066007996,-93.52284045906407,-43.364409905681796,-6.839524967136887,0.002928263577240032,2.6333964576997334e-07
0.022724294710161193,-93.54271988401979,-43.36629735144427,-6.839547718316963,0.002851174520470505,2.5927178162146365e-07
0.023130912564581486,-93.56270783502045,-43.36824313298044,-6.8395782892534065,0.0028051258971272695,2.552018089130571e-07
0.0231349262528391,-93.58259457132178,-43.37016102575964,-6.839608538534803,0.00272179773772352,2.51059105333992e-07
0.02323571217842495,-93.60237987400558,-43.37216243401376,-6.839670924696131,0.002653436586322332,2.469522517240186e-07
0.023343320978844707,-93.62216927190248,-43.37408147114648,-6.839705497106345,0.002582540612509912,2.4294315084014585e-07
0.023623024303466907,-93.64213042557145,-43.3760442741355,-6.839740602191255,0.002524949421256263,2.3879925273907546e-07
0.023900122796187518,-93.66199738272994,-43.37787818618038,-6.8397421004391505,0.0024637675680860456,2.3465264905517035e-07
0.02386554142286868,-93.68179994653475,-43.37991543023678,-6.839810739873804,0.002383159513710561,2.3051574690028506e-07
0.024241310766015208,-93.70171045576015,-43.3818189915788,-6.839827183884212,0.002333415457056576,2.264474849632873e-07
0.024376744403380862,-93.72152401613515,-43.38372781084045,-6.839853438348159,0.002262731606786715,2.22273253771853e-07
0.024442467630455673,-93.7413130085572,-43.3857151780302,-6.83990410275193,0.0021896028681012425,2.1821256048756811e-07
0.024678955948681316,-93.76110574183832,-43.38765116417408,-6.839937433610698,0.002130107592467953,2.140743176591317e-07
0.024916606211602785,-93.78094348094604,-43.389522390701345,-6.839945876735319,0.0020670293809553607,2.0998753388962612e-07
0.02484785646426966,-93.80065134948758,-43.39155214599197,-6.840015002578506,0.0019835665939292573,2.057975275199193e-07
0.025189755953740425,-93.8205022629923,-43.39346071408266,-6.840031329675749,0.0019314605671534165,2.0168947766500383e-07
0.02545285170778355,-93.84025366552825,-43.395403653917946,-6.84006622278653,0.001874963667152403,1.975420197154966e-07
0.0254805001330227,-93.85995232864104,-43.397363161502234,-6.840109611372844,0.001798091242070166,1.934099636047976e-07
0.025680800768596093,-93.87968998115875,-43.39928412201315,-6.840136195235927,0.0017350626797220676,1.8931154100422534e-07
0.026046326690888993,-93.89946999549412,-43.40116944809927,-6.840147980644958,0.001684586990259332,1.8517025971411058e-07
0.02593466532334601,-93.91909047881985,-43.403154853041144,-6.840202720335449,0.0015969352016875077,1.8100304482092622e-07
0.026241932714965863,-93.93898923405858,-43.40508195935452,-6.840215995455753,0.0015398460861590253,1.768726860359658e-07
0.02623395435816972,-93.9585960905451,-43.40707718036156,-6.8402724505681345,0.0014623965170257247,1.7272411284784775e-07
0.026636443922192554,-93.97829307272609,-43.408914219798405,-6.840270701239452,0.0014149590477745607,1.6858462200807037e-07
0.026721465245740546,-93.99791843470287,-43.4109308532136,-6.840329991923165,0.0013464391994149252,1.6445569682368606e-07
0.026818010828192237,-94.01755950915805,-43.41284701604471,-6.840356490885487,0.0012740108875008123,1.603046789398445e-07
0.02708621325720152,-94.03738231966209,-43.41479254389712,-6.8403764778094285,0.0012147409986330874,1.560819682826377e-07
0.027277036964075397,-94.05696333756102,-43.416687493504774,-6.840398617120721,0.0011513641286076837,1.5190013888648991e-07
0.027396967667922996,-94.07661895875448,-43.418691936117646,-6.840447039497455,0.001084452789103292,1.4780974194001944e-07
0.027685730476333808,-94.09627156324254,-43.420622604667415,-6.840471603269499,0.0010301527120731785,1.436226603375135e-07
0.027739696156704303,-94.11584313749876,-43.422540853056006,-6.840499153543137,0.0009543677745202711,1.3944032116480493e-07
0.027889041016554858,-94.13536868223206,-43.42453960896594,-6.840552858455635,0.0008922622382830725,1.3528662951337144e-07
0.028045466266359627,-94.15494948785364,-43.426451998523795,-6.840574033390366,0.0008259688916957414,1.3114417468434526e-07
0.0281343747276797,-94.17453065949256,-43.42842901748868,-6.840614658994394,0.000755643577482327,1.270010598695476e-07
0.028396176641505948,-94.19413779498336,-43.430341720522904,-6.84063307397885,0.0006975702782340996,1.2276059429504292e-07
0.028580388681058635,-94.21365330745856,-43.432272555780145,-6.840661605563697,0.0006356020593739874,1.1858966243931712e-07
0.02869750100967879,-94.23318789805579,-43.43427134201522,-6.840710167063556,0.0005688861896937861,1.1440153380779631e-07
0.028821814909549822,-94.25270165733204,-43.436141425396464,-6.8407182246327265,0.0004982670760983283,1.1023539375585609e-07
0.029041102353713724,-94.2722075057206,-43.43810560512624,-6.840755385313687,0.0004401870972980627,1.0601541203568854e-07
0.02902763133438343,-94.2916837208343,-43.4400724108564,-6.840794483156846,0.00036106973310635285,1.0187668600309431e-07
0.02935161018531037,-94.31118372735695,-43.44200534201246,-6.840819484641136,0.000311468776133343,9.768962773775293e-08
0.0294381708987516,-94.33066429901864,-43.4439455990737,-6.840847774155984,0.00024004463005383638,9.349159765781678e-08
0.029857421068058793,-94.35017809601216,-43.445856662700365,-6.8408630260087095,0.0001975044338361591,8.926904973135445e-08
0.029796755332809444,-94.36956143045346,-43.44785487233672,-6.840914931028914,0.00011642639851408045,8.506502372211637e-08
0.029916038192399578,-94.38902907038094,-43.449806135334576,-6.84094373015147,4.8413689410576125e-05,8.091763278595815e-08
0.030205648308851005,-94.40848176911442,-43.45166251058737,-6.840943254365886,-7.66322646037626e-06,7.673066978754491e-08
0.030183084971969292,-94.42778539003086,-43.45363268286267,-6.840989022390944,-8.510340215204387e-05,7.252189846470994e-08
0.030497962458103822,-94.44715526767894,-43.455581552082236,-6.841020255878547,-0.00013303556815750552,6.83595780704007e-08
0.030577590778425437,-94.4665465163542,-43.45754825521659,-6.841055528314121,-0.0002033769279946203,6.418933029364026e-08
0.03082978981355456,-94.48594570883107,-43.45942625071531,-6.841061297826997,-0.0002616880029896809,5.993538869185755e-08
0.0310086773848335,-94.50533713546785,-43.46134900771186,-6.841080246791786,-0.00032491836278311474,5.5737320295096916e-08
0.031120097781382597,-94.52472629892951,-43.463314852178414,-6.84111242290136,-0.00039317591210647797,5.1533486864091163e-08
0.031324522772092266,-94.54398123698128,-43.465291187086635,-6.841156120576276,-0.0004491195305814724,4.732660368664637e-08
0.03153403929633033,-94.56330652886226,-43.46716686889654,-6.841161530888278,-0.0005103961069252887,4.314233074519248e-08
0.031437593967226396,-94.58252786350914,-43.46916825350627,-6.841214047248846,-0.0005932748257829858,3.897138578592956e-08
0.031684929010475635,-94.60175802915187,-43.471107432623754,-6.841245051986386,-0.0006471165952634363,3.4709132204050276e-08
0.031934309894022364,-94.62117294659595,-43.473005771593556,-6.8412461209332625,-0.0007060488881074642,3.054230897980469e-08
0.03203598911972191,-94.64025740410646,-43.47494779227298,-6.8412876087978445,-0.0007707847968632543,2.6295181722136278e-08
0.03214870785827345,-94.65954407374973,-43.47685182153854,-6.841298989966731,-0.0008401930600266585,2.2134279770624406e-08
0.0323567780225418,-94.67873491695894,-43.47878083001017,-6.841324411028557,-0.0008978225644053995,1.790547990720201e-08
0.032495622998931877,-94.69797603048843,-43.480768173005934,-6.841363028835369,-0.0009608974436521303,1.3693181535338321e-08
0.03256573087599519,-94.71706922183702,-43.48270962214411,-6.841397123122822,-0.001028921086386905,9.539376173299746e-09
0.03281342085391389,-94.73634680106782,-43.48463632818983,-6.841411955470209,-0.001085858890136471,5.283132576043147e-09
0.0329870195075867,-94.75548357964426,-43.486523656233636,-6.84142406548079,-0.0011482942033966851,1.0654533424966843e-09
0.03325214645059736,-94.77455533868813,-43.48844570255295,-6.841450163338332,-0.0011993043275918625,-3.1628296227179123e-09
0.03328516909934206,-94.79374316346549,-43.490416063013114,-6.841481679349757,-0.0012729493208188322,-7.358929008369506e-09
0.033417745375688174,-94.81277243696546,-43.49236762255231,-6.841518440627556,-0.001334848986104792,-1.1578292519859985e-08
0.033484883079405954,-94.83179275522883,-43.49433618952236,-6.841560099636117,-0.001402217030651306,-1.5798363184233607e-08
0.03372437328591573,-94.85082760408726,-43.496197116503325,-6.841564371074741,-0.0014579545452145775,-1.998835945649446e-08
0.03389425715404946,-94.86996212018191,-43.498134849534495,-6.8415840745610765,-0.0015196779576913755,-2.4151981159848998e-08
0.03399835691263286,-94.88899579886126,-43.50004244300865,-6.841602814910716,-0.0015875777056515456,-2.845652696315837e-08
0.034196625864098294,-94.90800089564283,-43.501996130552264,-6.8416348685720205,-0.0016435375001288182,-3.2641156091226895e-08
0.03432447018225954,-94.92692039303552,-43.50392362063365,-6.841663984364266,-0.001705362223051692,-3.682294207653922e-08
0.03439040706511382,-94.94586424124209,-43.505877937921994,-6.841700135709815,-0.001773453062975586,-4.109559222236007e-08
0.03462964839354421,-94.96495282227988,-43.5077872954407,-6.841707580851609,-0.0018298516720377323,-4.5298131968016554e-08
0.034797370615128935,-94.98386472953244,-43.50962525834974,-6.841706426695455,-0.0018926705600666484,-4.951826483827031e-08
0.03482310498228342,-95.00275878448291,-43.51164617137963,-6.841762706820683,-0.001961069279782693,-5.375722452747806e-08
0.03502454168335779,-95.02161377411431,-43.51351895669943,-6.841773751809047,-0.0020183415975422395,-5.7945891723846534e-08
0.03515662248110034,-95.040517532587,-43.51543165807545,-6.841791647632627,-0.0020814968067063696,-6.214553763398892e-08
0.03522603148282287,-95.05947226880612,-43.51738227711249,-6.841817273684919,-0.002150819781585725,-6.636341416429651e-08
0.03539236468217592,-95.0782423416037,-43.51928688141479,-6.841840967018957,-0.0022089174192958623,-7.05960108702911e-08
0.03549326838715146,-95.09707920174831,-43.52123353915186,-6.8418717693839275,-0.002273311048500111,-7.478972496609681e-08
0.03576741797617918,-95.11600147769677,-43.52309588846175,-6.841867519969681,-0.0023269700266234494,-7.90469239044633e-08
0.03589237529121387,-95.13473554580925,-43.525047634196945,-6.841905153432477,-0.0023871032626216144,-8.328126490378922e-08
0.03595172402005065,-95.15345065029888,-43.526992753809516,-6.841940361533539,-0.0024531819253458716,-8.747982493925854e-08
0.036187528879147626,-95.17227070453127,-43.52885812934259,-6.841940740741392,-0.002508641578693991,-9.168181388765261e-08
0.03611650015406157,-95.19095754247365,-43.530798510768065,-6.8419750284782115,-0.0025873303606242107,-9.591554734600877e-08
0.036389079985411694,-95.20972256710955,-43.53268177336324,-6.841982455073298,-0.0026378947294603793,-1.0011431587329336e-07
0.036749795847712124,-95.22844746540285,-43.53458681735382,-6.841998188016386,-0.0026786720698617414,-1.0430122096997057e-07
0.03663678105456137,-95.24709358236021,-43.5365503335968,-6.8420392476457605,-0.0027603684420597734,-1.0855780545369006e-07
0.036867882928871165,-95.26573210989538,-43.53840908943255,-6.842044560160665,-0.0028136461363742326,-1.1275361362917123e-07
0.03703071102786163,-95.28438683215512,-43.540276205213246,-6.842051063282075,-0.002874074314875431,-1.1696941691549118e-07
0.03728780534564467,-95.30302402556835,-43.54217250532019,-6.842066049253106,-0.002924187849282679,-1.2118681671570674e-07
0.037236884796688685,-95.32156724472507,-43.544153203175924,-6.842114475378449,-0.0029979643273952868,-1.2541603889990392e-07
0.037367449780461755,-95.34016155486138,-43.54601515220434,-6.8421193421636834,-0.003060771097356198,-1.2962804723791905e-07
0.0375954917191789,-95.35875421747225,-43.54791069957805,-6.842133498365205,-0.0031134594011290907,-1.3383453429515304e-07
0.03775430358735921,-95.37738563520452,-43.549821054997665,-6.842148068724585,-0.003173155063476398,-1.380646191271492e-07
0.03776944957342033,-95.39580280800773,-43.55178885128804,-6.8421958817234705,-0.003239245043111544,-1.4223544122913865e-07
0.03796499223302693,-95.41429467078652,-43.553643702100345,-6.842201441456044,-0.003295395339060524,-1.464862816763178e-07
0.038091234275841435,-95.4328424890217,-43.555521352958415,-6.842207205718851,-0.0033579912761766903,-1.5064786619025102e-07
0.0383161704564931,-95.45131145921081,-43.557387023728374,-6.842215045345799,-0.003411001668335278,-1.548837669079606e-07
0.03839355947754867,-95.46959122963514,-43.55931901358688,-6.842256614467448,-0.003470804293704966,-1.5908827093471875e-07
0.038488559543351925,-95.48810588170707,-43.56117907026508,-6.842256699114367,-0.0035377835020951468,-1.633090970165627e-07
0.038604998880164235,-95.50640045659364,-43.56312723567113,-6.842299570884847,-0.0035943214422084506,-1.6753448190116843e-07
0.038735309805481365,-95.52483643388877,-43.564954287571425,-6.842292536790172,-0.003658175953505879,-1.717411585322799e-07
0.03888538333594324,-95.54316471858529,-43.56692643756322,-6.842336669008312,-0.0037115888515024233,-1.759298129292673e-07
0.03904638674044329,-95.56153986616737,-43.568727602678734,-6.842322683076033,-0.0037725584674624373,-1.8013305368246776e-07
0.03922779024056444,-95.57981909675239,-43.57067726210531,-6.842361363140788,-0.0038237789834338802,-1.8431697953445352e-07
0.03918081754687464,-95.59803781845979,-43.57253470634958,-6.8423755108201325,-0.0038992528340625323,-1.8857964038717892e-07
0.039478535141932836,-95.61644857741564,-43.57437373077247,-6.842365552135177,-0.003947396381093861,-1.9274469009533929e-07
0.03962640923110946,-95.63470887622235,-43.576293629689886,-6.842391539782626,-0.004003131406692814,-1.969050477303062e-07
0.03971017121651994,-95.65288505476288,-43.578145639331005,-6.842402631638895,-0.00406655665323263,-2.0113605719317225e-07
0.03989316804072564,-95.67104905743027,-43.58000666240578,-6.8424150818515415,-0.004120053583295364,-2.0535496881184078e-07
0.039933654954404825,-95.68908805443499,-43.5819513649193,-6.842462683003482,-0.004181061482704911,-2.0952330910431483e-07
0.03999157046797809,-95.70732047727408,-43.583790844641776,-6.8424601979599915,-0.004249099689832838,-2.137288547950713e-07
0.04031326822435498,-95.7255128876878,-43.58566239878378,-6.842468993293651,-0.004290754382480742,-2.1791849308705878e-07
0.0403224746581694,-95.74352590263743,-43.58755121904742,-6.842496902011414,-0.004357324773292992,-2.2213836300693807e-07
0.040436206296669386,-95.76155477868024,-43.589453983218576,-6.8425258404317555,-0.004414063587665964,-2.2630380283194913e-07
0.040725936397150324,-95.77975635398019,-43.591277935688645,-6.842514758436512,-0.004461798924897481,-2.3049808573867556e-07
0.04070513748348099,-95.79778918046694,-43.59312626434567,-6.842524168694178,-0.0045342056241119985,-2.3469136140025388e-07
0.04095159393599228,-95.81581134868266,-43.59501417682831,-6.842543881087466,-0.0045797927474786155,-2.388749298437143e-07
0.0408912257340444,-95.83368243118788,-43.5969250896755,-6.842582948419343,-0.004650469667104032,-2.430820968364104e-07
0.04101319445965336,-95.85164844567166,-43.59871225204788,-6.84257226890905,-0.004710903138748688,-2.471899865780709e-07
0.04123778291240665,-95.86975616082101,-43.600578107883734,-6.842574744618636,-0.004762607150359819,-2.5138874430399565e-07
0.04131496824902912,-95.88758147635413,-43.60244074947077,-6.842596796299075,-0.004822058613777407,-2.555829075640228e-07
0.04149478518129139,-95.9054626410041,-43.6043297911176,-6.842621314891459,-0.004872564044432801,-2.5977870250615694e-07
0.04160675209457776,-95.92333531879748,-43.606176020340115,-6.842630795309036,-0.004930827944196893,-2.639130121850628e-07
0.04181889663682642,-95.94116785020725,-43.60800064519895,-6.842635557546633,-0.004980389739115417,-2.681020283985307e-07
0.04172438601127835,-95.95888466897784,-43.609862900267316,-6.842660128728262,-0.005054566742653183,-2.722698049019087e-07
0.04198189210599365,-95.97679519997922,-43.61168222154722,-6.842654711004091,-0.005102811014014818,-2.764616963220882e-07
0.04209074984720973,-95.99455611049034,-43.61356151918786,-6.842677600139189,-0.0051589485889186855,-2.8059519803888734e-07
0.042137692857216996,-96.01223287689112,-43.61535268012631,-6.842678828353363,-0.005223268731653082,-2.848157748651085e-07
0.042287479141619504,-96.02999803372967,-43.61718525604003,-6.8426833071590405,-0.005278113396420384,-2.889602208886752e-07
0.04229705438908212,-96.0476327128695,-43.61908014066536,-6.842716674090849,-0.005341026187782478,-2.931085018784416e-07
0.04265114674332105,-96.06538203961422,-43.62088618762167,-6.842711172436225,-0.005378562123750738,-2.9727646684533657e-07
0.042691562480614585,-96.08304488835304,-43.622740410890685,-6.842726848734143,-0.00544172500899163,-3.014284553964753e-07
0.04283431953688428,-96.10060950372859,-43.624534331551914,-6.842729164834082,-0.0054958434159920085,-3.0559351922696664e-07
0.042838243690556,-96.11816923571497,-43.626450048542196,-6.84276884650163,-0.005558071315349687,-3.0972698403210686e-07
0.04302464654377329,-96.13579690971723,-43.62821101386766,-6.842753104411466,-0.0056117174358036185,-3.1389716758687357e-07
0.043067065316752876,-96.1533218349597,-43.63004766982065,-6.8427669247267024,-0.0056732158738606485,-3.179957628280267e-07
0.04321260751428397,-96.17076979065101,-43.63183022039767,-6.8427680007969105,-0.005725986682491852,-3.220965629989827e-07
0.04346069337428941,-96.1883505920503,-43.63366485758742,-6.842774895705069,-0.0057711302435452675,-3.263082948552711e-07
0.0433981547766929,-96.20577670974272,-43.63550504409677,-6.842793568070996,-0.005841226942756505,-3.304314682175513e-07
0.04360729464728792,-96.22310510368774,-43.63731333393753,-6.842807910723892,-0.0058856902734906015,-3.3455822335776513e-07
0.04375177630588219,-96.24061873892742,-43.63915864788351,-6.842818378231232,-0.005939251938442149,-3.387225836562611e-07
0.04359204879281433,-96.2578908901951,-43.640960548856846,-6.8428330603710865,-0.006017727534491576,-3.428536116787246e-07
0.04394798897232676,-96.27530103043723,-43.64271466353176,-6.842818336516364,-0.006053312521261908,-3.4695083818714043e-07
0.043994097585896993,-96.29268451437467,-43.64453446318697,-6.842827618625973,-0.006115688404879986,-3.511463840529095e-07
0.04430259729753407,-96.30998790069796,-43.64633205364854,-6.842831856004307,-0.006152208274256459,-3.552330142036787e-07
0.04429957796144114,-96.3271754003692,-43.64814551059899,-6.842849440367344,-0.006214818838342164,-3.5932349862510063e-07
0.044405538913240825,-96.34443833044377,-43.649970479944585,-6.8428635609139885,-0.006269161760900638,-3.6347043656402e-07
0.04444914364535297,-96.36171052931519,-43.65173848472033,-6.842857056064904,-0.00633189994634885,-3.6752039488195955e-07
0.04452183359365088,-96.3788058727484,-43.65356448478315,-6.8428818933233275,-0.006386434022197741,-3.7172631743064954e-07
0.04453486957281291,-96.3960268817368,-43.65538783589453,-6.842893682427931,-0.00644928892500418,-3.7578387680205753e-07
0.044654530842540355,-96.413132269172,-43.65712397279694,-6.842886314441952,-0.006504103938842922,-3.799014633008789e-07
0.04487401914459641,-96.43033264911057,-43.65888386596804,-6.842876102833913,-0.00655065331046407,-3.840007943098629e-07
0.044949934012229194,-96.44740864513061,-43.660689248538404,-6.842889034980106,-0.006606416639792401,-3.8809167863362107e-07
0.045129335130796276,-96.46448695710124,-43.66246435677518,-6.84289076573435,-0.006654386031888828,-3.9221280579001424e-07
0.04516487011641033,-96.4814531792536,-43.66428793219107,-6.842913919405656,-0.006710963891144141,-3.9625141083659813e-07
0.04530851931231913,-96.49843440652366,-43.666081649635665,-6.842926355296182,-0.006760216477993222,-4.0035433827098693e-07
0.04538667559511415,-96.51536709151041,-43.66778038983624,-6.842910389213257,-0.006818293726592613,-4.044403898557574e-07
0.045731818139824944,-96.53238680544396,-43.669530229809524,-6.84290164667343,-0.006851916184152248,-4.08526790343921e-07
0.04576354714035688,-96.54934638404556,-43.67131556175917,-6.842907691889009,-0.006912047869768007,-4.1257688647180496e-07
0.045662176901380726,-96.56611525433686,-43.67310187247904,-6.84292840386321,-0.006980947655728616,-4.166931849842286e-07
0.04567385006820821,-96.58292419436746,-43.67486827447213,-6.842937490219758,-0.007041268599847173,-4.20790231854316e-07
0.0459550292271956,-96.59973767134271,-43.676635564973346,-6.842944137404777,-0.007077012082721447,-4.2486190002643856e-07
0.04616565934430219,-96.61663075617021,-43.67836789384695,-6.842931866101869,-0.00712272451200402,-4.2888987113494514e-07
0.046232286399123655,-96.63334818372287,-43.68010971231566,-6.842935106136285,-0.007177891217219401,-4.3296572886572427e-07
0.04640336842027602,-96.65012015549286,-43.681838854801484,-6.842928212219777,-0.007225471670759367,-4.3700877342227654e-07
0.04643343858678015,-96.66682988608477,-43.68363190924371,-6.842944698630246,-0.007282326960771221,-4.410426782174586e-07
0.046408385100088496,-96.68353581537482,-43.68534077931539,-6.842934636650756,-0.007348539329855003,-4.4513815145173696e-07
0.046414736570364684,-96.70015230921595,-43.687136307430436,-6.842956037165334,-0.007406175500707401,-4.4915418945124836e-07
0.04652867212933036,-96.71673920977368,-43.68886909246574,-6.842958489980112,-0.0074563106221901794,-4.5320517839251025e-07
0.046744231467334,-96.73330093600559,-43.69054390636411,-6.842943153559307,-0.007499398052711346,-4.5726657556727896e-07
0.04681665152581034,-96.74982617578226,-43.692291687674256,-6.842952020253142,-0.007552153332211635,-4.612781267760662e-07
0.04699439232226157,-96.76643624847354,-43.69403458374023,-6.842951143493744,-0.007597759120098889,-4.6537286911263264e-07
0.0470289774340762,-96.78291114551143,-43.69579792568631,-6.842965026476816,-0.007652711840715231,-4.693672406476565e-07
0.04717163814954298,-96.79937830698317,-43.69750548675489,-6.842961432784389,-0.007700793474834149,-4.734498236791342e-07
0.04741145641083858,-96.81583965197837,-43.699164036041644,-6.84293930940434,-0.007741369312216582,-4.774046520523838e-07
0.047508118533233445,-96.83228386551733,-43.70090185584842,-6.8429425482387085,-0.00779210266830089,-4.813962576913958e-07
0.047468551458318076,-96.84851244556499,-43.70261187581881,-6.842953703031775,-0.007852697584652825,-4.854502449132306e-07
0.04753895023594987,-96.86485788875592,-43.70432719802812,-6.842954422556113,-0.00790538309031605,-4.893976366599884e-07
0.047715279656154026,-96.88121578793127,-43.7059955588563,-6.842938503637493,-0.007951333256050547,-4.93448246425246e-07
0.047750154994504156,-96.897572303207,-43.70774826572493,-6.842946937110956,-0.008006782407485286,-4.97424648209271e-07
0.047889182281446126,-96.9138438439246,-43.70940396588562,-6.842928949681149,-0.008054802452065316,-5.013863412536082e-07
0.04789270191759414,-96.93002389513626,-43.711093030398345,-6.842929385941853,-0.008113304159932146,-5.053973025409688e-07
0.04792615635961427,-96.94608266510154,-43.71283566428191,-6.842953395012338,-0.008164055481247759,-5.094007690378618e-07
0.04814504054664555,-96.96243588890106,-43.714494558517174,-6.842926220693374,-0.008208156832373137,-5.134011118193263e-07
0.048141138409779016,-96.97844576667009,-43.716233798619214,-6.842949138657115,-0.008261901053408429,-5.173677008679612e-07
0.04832260941123795,-96.9946561741784,-43.71784072550363,-6.842912284897192,-0.008308632345216638,-5.212744999542426e-07
0.04828899071671025,-97.01053749418716,-43.71953046809806,-6.842928553842988,-0.008366074532646178,-5.25328393649316e-07
0.048363687329106335,-97.02657963004268,-43.72123895440571,-6.842933789586939,-0.008415564376644032,-5.292510588400841e-07
0.04854432499859463,-97.0426757876921,-43.722912346279415,-6.842922501116626,-0.008458612086958518,-5.332202076806107e-07
0.04858372361233961,-97.05860792101535,-43.72457670616944,-6.84292030812557,-0.008512039099211385,-5.371632589983293e-07
0.04889235630630437,-97.07456831216744,-43.7262300667843,-6.8429096806710294,-0.008541883290430641,-5.411178438145215e-07
0.04889048222581056,-97.09041339723184,-43.72785875164806,-6.842900235507922,-0.00859964189309112,-5.451199564858512e-07
0.04891849762844731,-97.1061798527663,-43.72955593793342,-6.842915048653854,-0.008649689047958521,-5.489612910858848e-07
0.0488932560269363,-97.12206384262088,-43.73120511946425,-6.842905085442285,-0.008710117629268252,-5.529160026328011e-07
0.04914118098955547,-97.13788688361679,-43.732796370273135,-6.8428795747161315,-0.008746897540150145,-5.569011648291022e-07
0.049245082102616605,-97.15367632591678,-43.73444147715751,-6.842872377543462,-0.008794432260227712,-5.608032573395965e-07
0.049209807402116085,-97.16943548933322,-43.736140033335246,-6.8428810709177865,-0.008851428423852389,-5.646677537694514e-07
0.04945119993905376,-97.18504685508714,-43.737727548573034,-6.842866680765356,-0.00888584822794294,-5.686160828991884e-07
0.04938468701302565,-97.20078021430271,-43.739406481683424,-6.84286900413027,-0.00894726070384342,-5.725195500143826e-07
0.04959351189228051,-97.21637076668401,-43.74097917602357,-6.842847321587244,-0.008985196285715015,-5.764464417822101e-07
0.04965969115131977,-97.23195153765947,-43.74261248217189,-6.842843537234706,-0.009033694467656313,-5.803232693816441e-07
0.0495946141528485,-97.24752600500274,-43.744302356944054,-6.842858108256913,-0.00909288186906245,-5.842659313296535e-07
0.049802419123478076,-97.26297226512473,-43.745889712233534,-6.842846989981883,-0.009128212064210169,-5.881496414147069e-07
0.04970481948320903,-97.27845949436484,-43.747521238571885,-6.842845091044438,-0.009190934986616852,-5.920068508342819e-07
0.04988655009885754,-97.29403099735485,-43.749157711784406,-6.842836014521079,-0.00923008420853779,-5.958731081205167e-07
0.0499267378841538,-97.30940174253179,-43.75075228983995,-6.842828563844143,-0.00928019445127469,-5.997643355238254e-07
0.050073983364221676,-97.32480205160364,-43.75228593912346,-6.842797632070717,-0.009324003557809893,-6.036311747015289e-07
0.05024657397109146,-97.34018187237247,-43.75390754631852,-6.8427942370462205,-0.009361808107278755,-6.074969487518335e-07
0.05027783391697626,-97.35547883704123,-43.755543392463764,-6.84279987717819,-0.009410355741326436,-6.113322030501218e-07
0.05041741676328424,-97.37081555244639,-43.757118653761665,-6.842781676293701,-0.009452865815826043,-6.151919454216445e-07
0.05042038391482651,-97.38607644565244,-43.75871141188366,-6.842774654635643,-0.009506485434850043,-6.190688947823862e-07
0.050452665669614025,-97.40123024628588,-43.760342636358835,-6.84278434196005,-0.009552934269753935,-6.228653023732543e-07
0.05059446371869854,-97.41633657540144,-43.7618637695845,-6.842762787956617,-0.009593993653776587,-6.267372729909508e-07
0.050597006629324655,-97.431486412536,-43.76346175484069,-6.842759379348384,-0.00964548250832593,-6.305131173128254e-07
0.050710934827431726,-97.446694036705,-43.765005584384056,-6.84273339343305,-0.009691101460804164,-6.34379626140267e-07
0.0508492100645716,-97.46170405826587,-43.766541842861734,-6.8427180872849735,-0.009730553220493446,-6.381821728398151e-07
0.05085076508938316,-97.47676910143748,-43.768155844408604,-6.842721661345618,-0.009781048453331026,-6.419884648066383e-07
0.0509617291910828,-97.49180027969055,-43.769666531352435,-6.84269368000009,-0.00982556199574335,-6.458040502619183e-07
0.05109912675731416,-97.5067509194054,-43.77122559763031,-6.842685154235406,-0.009864141215295656,-6.496227556464388e-07
0.05109996295835299,-97.52166396750566,-43.77281175217429,-6.842687488611688,-0.0099141145751654,-6.534496862821746e-07
0.05120772743334379,-97.53655627307822,-43.774300238772156,-6.84265731991429,-0.009957611564699684,-6.572096970141442e-07
0.051345087669433236,-97.55148311893382,-43.77589187676067,-6.842655847614803,-0.009995629541900404,-6.609724442270974e-07
0.05134372284550998,-97.56617560089073,-43.77740830553446,-6.842648451279537,-0.010045142621713618,-6.647777664068186e-07
0.05145193831555715,-97.58106811121468,-43.778936862654845,-6.84262580075425,-0.010088251021066058,-6.685461461930359e-07
0.05142258444030525,-97.59583277639773,-43.78044801511088,-6.842606074189946,-0.010142236630001526,-6.722715266873605e-07
0.051432430535348794,-97.61054489625236,-43.78201163995758,-6.842607572982366,-0.010190822333107884,-6.760702511440984e-07
0.05147054291202058,-97.62510550055903,-43.78357771907693,-6.842617584119987,-0.010232708843550539,-6.797953616179951e-07
0.05145495378474815,-97.63971397724167,-43.78503271230854,-6.842588627682797,-0.010286253415836251,-6.835465793599471e-07
0.0517140109352709,-97.65449917327443,-43.78652609978191,-6.842554379495255,-0.010316755365871585,-6.872965565372424e-07
0.05175024807225154,-97.66891754876958,-43.78804900375618,-6.842557537638605,-0.010359114255682473,-6.910095746266417e-07
0.05189602410756057,-97.68346146310597,-43.78953682023424,-6.842538084836626,-0.010396189666375913,-6.947676064073479e-07
0.05190255950082472,-97.69800961671532,-43.79106761170966,-6.842529534467981,-0.010444379561181862,-6.984673780381714e-07
0.051778715586487375,-97.7123605720232,-43.792535015882486,-6.842516180174515,-0.010503782976090534,-7.02186927113844e-07
0.0519359894171643,-97.72680879234788,-43.793992168828915,-6.842489084032858,-0.010540140412799878,-7.059037077962204e-07
0.0521175618110722,-97.7412349197733,-43.79551487345194,-6.8424819486549175,-0.010571201512309029,-7.095953401083089e-07
0.052159059692938554,-97.7554750063703,-43.7969770979077,-6.842470072204421,-0.010614497861628144,-7.13306876600112e-07
0.05230851654623137,-97.76985897869748,-43.798413479247884,-6.842436026273598,-0.010652211860187782,-7.169843985690106e-07
0.052318143088879505,-97.78416319847402,-43.79984885821135,-6.8424059574812635,-0.010701226198491114,-7.20647192863235e-07
0.0523633555096978,-97.79845969413263,-43.80135293008209,-6.842397376749171,-0.01074488101977221,-7.24312989056375e-07
0.052437755654588185,-97.81254608381776,-43.80282043711515,-6.842391640065162,-0.01078304561978309,-7.280029487853567e-07
0.05261731795463948,-97.82668853732801,-43.80421340734901,-6.842355281035959,-0.01081597767746694,-7.316596384022316e-07
0.052417740698259975,-97.84075726756475,-43.805735788812584,-6.842365294445724,-0.010877450561615315,-7.352748487152424e-07
0.05250418887443761,-97.85484971376947,-43.80719987075177,-6.842352840927234,-0.010916142134606517,-7.389610199115549e-07
0.05269638128881244,-97.86890036239366,-43.80853930962549,-6.842302979037938,-0.010950103267324984,-7.425954418272257e-07
0.05266975183995227,-97.88284935858734,-43.810033398505695,-6.8423074912938535,-0.010995403510386135,-7.462257151222471e-07
0.05275592893872578,-97.8968687177236,-43.811454492966774,-6.8422817240239855,-0.01103549927433083,-7.498536935963844e-07
0.05287106432534731,-97.91080426231878,-43.81290041876726,-6.842268590790625,-0.011070526916168992,-7.534812569836929e-07
0.052848723753360104,-97.92459625372727,-43.81430029225574,-6.842250893469192,-0.011117412675718644,-7.570765384750368e-07
0.05310403769747953,-97.9385365272061,-43.81570492860522,-6.842220844425971,-0.011142433274463114,-7.607273362087675e-07
0.05297163797557722,-97.95221986973586,-43.81714215043029,-6.842219695658322,-0.011196117911134831,-7.643009512135842e-07
0.05295883655951201,-97.96599429858335,-43.818513009778144,-6.842189036412099,-0.01124431579007835,-7.67912478081137e-07
0.053220525043808024,-97.97981895872148,-43.81984170971361,-6.842137911419194,-0.01127027082088329,-7.71471235248862e-07
0.05326132161483787,-97.99346262340862,-43.821278576029364,-6.842134467285776,-0.011308720646325706,-7.750221058506135e-07
0.05316963447799257,-98.00698573770744,-43.82267389779297,-6.8421263917774615,-0.011359043864707154,-7.786361743368811e-07
0.053359972738612434,-98.02067860573439,-43.82407848644577,-6.842105671001186,-0.011387399912893907,-7.822097272849311e-07
0.05340725184798659,-98.03424961704697,-43.82544584852212,-6.842080458323187,-0.011427760877155753,-7.857560499439105e-07
0.05332007191715746,-98.04770670571834,-43.826778524827425,-6.842051254991024,-0.011479572362777104,-7.892433531419683e-07
0.05368032937736055,-98.06130425846465,-43.82814392630772,-6.842019668277424,-0.01149309244718099,-7.92830532846531e-07
0.05348321107338851,-98.07460784408144,-43.82947961060208,-6.842001397531363,-0.011552921917741921,-7.963490807906495e-07
0.05357269754742397,-98.08809781462082,-43.83083215132256,-6.841970538025882,-0.011589957905118894,-7.998558573224888e-07
0.05369164501433313,-98.10144627290447,-43.83217102591553,-6.841945378564693,-0.011622539946572185,-8.033788125864975e-07
0.053673465291142024,-98.11479977884903,-43.833531686027015,-6.841924704873585,-0.011667082663962243,-8.068994229936444e-07
0.053691487776233934,-98.12802124183217,-43.83487920281936,-6.841909466046932,-0.011706893711262415,-8.104242603077176e-07
0.053741046687301855,-98.14121996649449,-43.83626836406453,-6.841906008652064,-0.011741436110526431,-8.138707286155749e-07
0.05389787211815053,-98.15444740351603,-43.83755255396426,-6.8418647374660795,-0.011771410123799383,-8.173378874421781e-07
0.05391769064665733,-98.16758864279,-43.83881100654556,-6.8418221563062485,-0.011814244647182063,-8.208181161169856e-07
0.05397016050465434,-98.18071423515985,-43.84011752524026,-6.8417935029510755,-0.011851912052201593,-8.24313216021433e-07
0.05405570209651721,-98.19382629483647,-43.84146891387724,-6.841778959395014,-0.011885181121118337,-8.278151941986627e-07
0.054004520081928103,-98.206758007627,-43.8427422403692,-6.841752270869449,-0.01193059426468665,-8.312654453767307e-07
0.05399128807207489,-98.21978999695838,-43.84411613447075,-6.841746968855163,-0.011970724700597863,-8.34707375648079e-07
0.05425267903819449,-98.2327259243964,-43.84535628267229,-6.841704414539593,-0.011989555396846496,-8.381292571660104e-07
0.054370317332046204,-98.24569763745755,-43.846629395429005,-6.841668161926027,-0.012021478933528045,-8.415394036163789e-07
0.05411002407613413,-98.25848696070709,-43.84795648267291,-6.841662746134937,-0.01208234218980675,-8.44970040669767e-07
0.054304324955683075,-98.27126155105137,-43.849224061846606,-6.841636952268633,-0.012104268955015237,-8.484032466602764e-07
0.05419348430116961,-98.2840169038389,-43.85045453287728,-6.841600096352598,-0.012155776138092973,-8.51808591206493e-07
0.05428779237332686,-98.29674774572325,-43.851758138412215,-6.841585644904485,-0.012185233434608806,-8.551882355329056e-07
0.05448689289676376,-98.30954085122744,-43.852968921646415,-6.841534203700557,-0.0122104396092176,-8.585854049367172e-07
0.05446994629595685,-98.32212853478526,-43.854257464783025,-6.841523835585904,-0.012248876365913423,-8.619784477919421e-07
0.05456308406624628,-98.3347871779286,-43.85545560915293,-6.84147585222486,-0.012282349709350514,-8.653296001966575e-07
0.054686912096626385,-98.34736330403476,-43.85665966185939,-6.841435451345936,-0.012311918289630438,-8.687278570415198e-07
0.05459632228929585,-98.359848758035,-43.857996808205186,-6.841442212124305,-0.012353686391559655,-8.720497821797667e-07
0.054621127891336406,-98.37231042944654,-43.85918970477184,-6.841403132552829,-0.012390794330796808,-8.753857541079346e-07
0.054680626938613926,-98.38470180425048,-43.86039029297998,-6.841371223475505,-0.012423826596494363,-8.787529061502072e-07
0.0546064681123164,-98.39716486217027,-43.86163323304274,-6.841344706010542,-0.01246893954086533,-8.820605501521049e-07
0.05481062053933156,-98.4095699301001,-43.86275765504617,-6.8412823666284,-0.01249249978802025,-8.853764801562898e-07
0.05479751789442488,-98.42179418762153,-43.863969254031865,-6.841261495104407,-0.012529232866357714,-8.886949703924977e-07
0.05482092514359218,-98.43406450199298,-43.86524175455031,-6.8412544369641655,-0.012561598428445477,-8.919877617740578e-07
0.05495415717618845,-98.4463249662938,-43.86637633534728,-6.841202764665531,-0.012590021063946393,-8.953320383749915e-07
0.054870905840398464,-98.45841269294755,-43.867600452824306,-6.841190639344687,-0.012630673959764721,-8.985889169948985e-07
0.054904652854021595,-98.47060345636798,-43.86874192448189,-6.841142478473986,-0.012666917295545541,-9.018500376037361e-07
0.054970642440659294,-98.48274062585494,-43.86989884502222,-6.841101290379118,-0.01269873571130163,-9.050897732379711e-07
0.055069904245224566,-98.49482803701855,-43.87106942446982,-6.841067892442098,-0.012726978860600414,-9.083753166925972e-07
0.05519618645768567,-98.50676551238669,-43.872203273685074,-6.841032207838365,-0.01275116838694471,-9.116562324951291e-07
0.055185228983274465,-98.51870030791795,-43.87333567370336,-6.840994613170266,-0.012788262281309483,-9.148835862477497e-07
0.05520921433259722,-98.53059633082778,-43.874485692547054,-6.840963499165,-0.012820921181956822,-9.180971787281488e-07
0.05526788798863134,-98.54245621269797,-43.875651930390376,-6.840939232377846,-0.012849756187426497,-9.213371483214777e-07
0.055192646516642296,-98.55431778039491,-43.8768163668621,-6.840912250636326,-0.012891141893983906,-9.245347463202165e-07
0.05515717725454768,-98.56604299168667,-43.87794513231963,-6.840883914206192,-0.012928351094119814,-9.277804318609657e-07
0.05515711712116078,-98.5777409984066,-43.87909379189141,-6.840861180540137,-0.012960925650906854,-9.309701493605396e-07
0.055269201297567065,-98.58956433880257,-43.880168517510555,-6.8408030562598805,-0.012989513355069935,-9.341524049584737e-07
0.055167276775604894,-98.60113857829123,-43.88128840402593,-6.840777842140559,-0.01303089531809694,-9.373114777204534e-07
0.055346182774871536,-98.61280818756043,-43.882356068823746,-6.840724974372294,-0.013050837499572735,-9.404483200736949e-07
0.05530955160788728,-98.62423766235564,-43.88346892617776,-6.840705693735153,-0.013084537289096882,-9.436311319236453e-07
0.055387321592775776,-98.63580710509169,-43.88451129433707,-6.840650931192474,-0.01311422432467513,-9.467907596119863e-07
0.055252573486306106,-98.64724317129381,-43.88565440708789,-6.8406365416028905,-0.013156318752695,-9.499123919079564e-07
0.05540235070193623,-98.6586799960724,-43.886692438889455,-6.8405868950448365,-0.01317755080441807,-9.530532481983043e-07
0.055579551610212184,-98.67010532198965,-43.88775730095301,-6.840545196434682,-0.013195573386882483,-9.561926713769649e-07
0.055372922526951564,-98.68133866282858,-43.888852428414246,-6.840526668002886,-0.013243303498968932,-9.592868227141813e-07
0.05545502994843118,-98.69268551991156,-43.889898289736394,-6.840480969983156,-0.013269631794791896,-9.62367085213131e-07
0.055568415513613495,-98.70392298266385,-43.89091934943481,-6.840435261654544,-0.013292715481030618,-9.6550409338017e-07
0.0557074787044867,-98.71505591596137,-43.89191913826982,-6.840387917256808,-0.013311926805166869,-9.68567002077924e-07
0.055710534395314266,-98.72622943748122,-43.89293064254211,-6.840340441837267,-0.01334479428459942,-9.716426917492082e-07
0.055746625585419846,-98.73740373626396,-43.89397361715423,-6.840299719338916,-0.01337323476342744,-9.74653447152114e-07
0.055576520418179856,-98.74836309833661,-43.895065986578125,-6.840292606341181,-0.01341526152451771,-9.777597218729844e-07
0.05568950744781933,-98.75934604473922,-43.89606065550667,-6.840248373682694,-0.013435669279829268,-9.807729622958334e-07
0.055669689589587554,-98.77037681891912,-43.89706761204345,-6.8402046248496156,-0.013470040187973986,-9.838441545407163e-07
0.05568040479960377,-98.78120932342874,-43.89800491017388,-6.840150278737026,-0.013499585124229033,-9.868304015873154e-07
0.055729414617896975,-98.79216316052012,-43.899028657332956,-6.840113299536216,-0.01352584209651755,-9.898538185881367e-07
0.05580733172318835,-98.80292254652761,-43.89998121496195,-6.840066303764675,-0.013548201849697487,-9.928188503743513e-07
0.05575558968409206,-98.81374060470132,-43.900948865456755,-6.840020493517638,-0.013584668599477477,-9.95875494216364e-07
0.055902846190991055,-98.82443648231829,-43.90191984016094,-6.839981058528641,-0.013599718125354581,-9.988519194736492e-07
0.05591264073378214,-98.83519245495737,-43.90290715467426,-6.839940749045125,-0.013628469251512535,-1.0018240678115457e-06
0.055955309935358646,-98.84576313943246,-43.90382541472851,-6.839891383528069,-0.01365354855111031,-1.0047681536950827e-06
0.0560307358829023,-98.85636322573585,-43.90478219129719,-6.839849773301491,-0.013675040718487144,-1.0076967801282671e-06
0.05597331812533558,-98.8669247563038,-43.905704311377804,-6.839799911774958,-0.013710240084278269,-1.0106578322734828e-06
0.055875572270320646,-98.87726173987865,-43.906705890414884,-6.839790791415159,-0.013741156450817173,-1.013590420617774e-06
0.05589629523349546,-98.88778972727721,-43.90764932862767,-6.83974601708928,-0.013768314369817063,-1.0165274247405856e-06
0.0559499640114311,-98.89814185601672,-43.90852682813008,-6.839692765012743,-0.013792028284896226,-1.019449189916408e-06
0.05586927757427511,-98.90856803161056,-43.90942830440458,-6.839638591541289,-0.013828512227656561,-1.022326335335563e-06
0.055993304538445435,-98.91888868589875,-43.91033668381859,-6.839593007233562,-0.013844402006099866,-1.025197156142898e-06
0.05598291881015964,-98.92918220482404,-43.911213588105845,-6.839539959600545,-0.013874568665908112,-1.0281173408230047e-06
0.05616841950683988,-98.93937473772077,-43.91210139409589,-6.839493370627322,-0.013883464039135932,-1.030921585681361e-06
0.05597388868295955,-98.94943157232888,-43.91303276012688,-6.839472501743636,-0.01392361120208034,-1.0338079461848806e-06
0.05606673711841286,-98.9595502770096,-43.91387817401541,-6.839416523507956,-0.01394276914565213,-1.0366637185309461e-06
0.056025284153665984,-98.96964923720668,-43.91469697122219,-6.839353019244924,-0.01397567843158333,-1.0395243501026074e-06
0.05594109173883402,-98.97954090957,-43.91560320991399,-6.839330452527291,-0.014004108602433401,-1.04232274280248e-06
0.055973598753873324,-98.98953732783822,-43.91640650524635,-6.839264834593271,-0.014028928524046167,-1.0451113180239608e-06
0.05620640976326219,-98.99954794744251,-43.91727463891891,-6.83921718053198,-0.014033685429551393,-1.067208582032725e-06
0.056054280886405385,-99.00932443869826,-43.91813691566448,-6.83918667880419,-0.014069721932702896,-1.088313080909936e-06
0.05618623215720537,-99.01917226699688,-43.91891824801461,-6.839121211622601,-0.014084792731092389,-1.1073198382625067e-06
0.05610229637449806,-99.02885856711431,-43.919770216271075,-6.839089259289768,-0.014113369076164763,-1.1244182492445782e-06
0.05613513324186,-99.03865583324459,-43.92052270382763,-6.83901483946756,-0.01413834449801954,-1.1398334587958782e-06
0.056124995316180086,-99.04825637373953,-43.921365015735326,-6.8389836790930625,-0.01416012054891709,-1.1537273080697697e-06
0.05622699499653385,-99.05797025390525,-43.922108733894476,-6.838909806518781,-0.014178571247101847,-1.1662066484805878e-06
0.05611532902188885,-99.06752571426019,-43.9229251276088,-6.838870200793387,-0.01421045037170854,-1.177447093638428e-06
0.05604435757995766,-99.07704433639668,-43.92373651601576,-6.838829770951384,-0.014238403872000562,-1.1875487570565407e-06
0.056013475243529294,-99.08652737313042,-43.92454240407233,-6.838789281798699,-0.014263004438017781,-1.1966522081204063e-06
0.05626167943701357,-99.09598675549026,-43.92521796181339,-6.838707372188555,-0.014267860562392766,-1.2048583907764412e-06
0.056288034280443294,-99.10539948329439,-43.926022195309216,-6.838668016960424,-0.014286683365849531,-1.2122265478371545e-06
0.05618045474612338,-99.11471179214733,-43.92675228580938,-6.83861108385552,-0.014318810178910922,-1.2188287782018525e-06
0.0562802704071533,-99.12395850787368,-43.927499966871636,-6.838563324796922,-0.014330730098102774,-1.224794476885649e-06
0.05624314424579983,-99.13321414998292,-43.928228274460274,-6.838506734279053,-0.014356339609545406,-1.230130657439023e-06
0.05624254710954746,-99.14233811351204,-43.928904381144804,-6.838442539171944,-0.014378602691828132,-1.2349726140759835e-06
0.05603743942574009,-99.15142832470306,-43.9297073620366,-6.838421315446599,-0.014414539418260874,-1.23935950182214e-06
0.05611694171038974,-99.16050610144254,-43.93038210835349,-6.838355711455891,-0.014429137090088502,-1.2432623581563069e-06
0.05622921193974007,-99.16956100735081,-43.93105836852036,-6.838291985153551,-0.014441350111249225,-1.2468232396825031e-06
0.0561266595494552,-99.17847815911928,-43.93181101858238,-6.838261775400065,-0.014467213429283698,-1.2500312975559698e-06
0.056306879416076226,-99.18738903218471,-43.932436265274475,-6.8381893428911855,-0.014473113554472625,-1.2529248469294374e-06
0.05610478630061764,-99.19630650287533,-43.93317350744211,-6.838151136682211,-0.014509739551320623,-1.255561542425892e-06
0.056355866666694225,-99.20517796216029,-43.933802823612915,-6.83807921197321,-0.014509059325613301,-1.2579339680074037e-06
0.05621775982300207,-99.21384931752785,-43.934440747957645,-6.838024727932554,-0.014539354237927368,-1.2600788404743947e-06
0.056124751899835054,-99.22261374124534,-43.93513385306809,-6.83797928213156,-0.014566125093143067,-1.2620475648638047e-06
0.056071533062921265,-99.23125857097453,-43.935775915801095,-6.837925633969994,-0.014589464971067882,-1.263858356415245e-06
0.05629672840494834,-99.24000471287422,-43.93634921220579,-6.837838181612225,-0.014592375428520661,-1.2654745664152328e-06
0.0560591341221645,-99.24840147784042,-43.937024671986876,-6.837811405480011,-0.014626496283121038,-1.2669804010820833e-06
0.056112072695101774,-99.25691043412444,-43.9376283588907,-6.837749988570005,-0.014639918777022557,-1.2683410942386318e-06
0.05619823712313007,-99.26541018024018,-43.938236889655194,-6.837689753734634,-0.014650757764474921,-1.2696349569136805e-06
0.056313538744216324,-99.27389886080665,-43.93885088294448,-6.837629697526919,-0.014658690496592547,-1.2707989699794667e-06
0.056290290605703265,-99.28230896375318,-43.93939953483139,-6.8375534928376975,-0.014680599124320804,-1.2718867188246477e-06
0.056226231513549864,-99.2905594973039,-43.940048079443784,-6.837520240681487,-0.014699180768588761,-1.272864128266278e-06
0.0562791976473686,-99.29885552884056,-43.940554180764686,-6.83743735439345,-0.01471511889233208,-1.2738453915343107e-06
0.05611883780568445,-99.3070303504521,-43.9411450310477,-6.837388360050447,-0.014744094696482874,-1.274702089083573e-06
0.056169202836005114,-99.3151670954269,-43.941758821571355,-6.837348089408473,-0.014752965982537539,-1.2755323250455233e-06
0.05632676550236109,-99.32334902617357,-43.942233151842174,-6.837257150964654,-0.01475901890275649,-1.27629199004248e-06
0.05626891710783634,-99.3314112715303,-43.942791578416774,-6.837202178936021,-0.014779462620261093,-1.2770368888399528e-06
0.05624717900592217,-99.33936875336758,-43.94330509817675,-6.837138788575854,-0.01479641596675491,-1.2777219662479913e-06
0.05626228930714511,-99.34732864640254,-43.94382686056278,-6.837076406414884,-0.014810414465904892,-1.2783995007960022e-06
0.05606834035849238,-99.35507215551367,-43.9443778885251,-6.837039865010711,-0.014838228171252086,-1.2790484151702965e-06
0.055996505722589636,-99.36297560370332,-43.944843453056194,-6.836960670434215,-0.014862124895758165,-1.2796577402061907e-06
0.05612818254571733,-99.37084133448244,-43.94533850778755,-6.83689093515242,-0.014865691918699674,-1.280215094427632e-06
0.05604524569555013,-99.37848985681046,-43.94586305222376,-6.836847892392079,-0.01488387113526371,-1.2807992960829502e-06
0.056077556020088806,-99.38629702047945,-43.94630313073847,-6.836762299908701,-0.014898533185992872,-1.2813341036917935e-06
0.05606584144723417,-99.39384930187971,-43.946793980449144,-6.836712333974422,-0.014910441257944768,-1.2818579702246073e-06
0.05592422805865669,-99.40144797048976,-43.94727424930185,-6.836654044794779,-0.014936128065471128,-1.2823959699457998e-06
0.05598843601259924,-99.40891187727695,-43.947730330957555,-6.836595493678569,-0.014941237551118368,-1.282879303884558e-06
0.05616175084866574,-99.41653633939895,-43.94810363690925,-6.836496160031195,-0.01494399717663964,-1.2833633576399582e-06
0.05587625801003124,-99.4239330054732,-43.948636481482566,-6.836466556808961,-0.014977977570888378,-1.2838892177434413e-06
0.05604649672741176,-99.43120990746662,-43.949016192446614,-6.836393646477111,-0.014974294919391904,-1.2843568630319444e-06
0.056079257775957944,-99.43864049706627,-43.94944087775935,-6.836322624300621,-0.014985580776223691,-1.2848645850427605e-06
0.05614122546492715,-99.4459701440875,-43.94982496863925,-6.836243270463363,-0.01499344217866589,-1.2853204889956864e-06
0.055991714860810275,-99.45308948902063,-43.95024188899552,-6.836190811993772,-0.015015477304802636,-1.2857725140926526e-06
0.05588558862834634,-99.46022420308176,-43.950668195460466,-6.836138357642983,-0.01503404163373887,-1.2862529114289765e-06
0.05606161709945343,-99.46738135932715,-43.95097834254935,-6.836044262219162,-0.01503260308953256,-1.286693300202626e-06
0.05602023445539169,-99.47443332269643,-43.95137626297228,-6.835985891753901,-0.015045721775134633,-1.287165034280393e-06
0.055848114441924016,-99.4814300317443,-43.951713983049125,-6.835910811092174,-0.015072221986433522,-1.2876037852376356e-06
0.05588628965097432,-99.48840241368563,-43.95208251935852,-6.8358452404873935,-0.015078347682965025,-1.288041932125994e-06
0.055957175637393615,-99.49528294144095,-43.95240910728277,-6.835772564905605,-0.01508209004100163,-1.2885032799819517e-06
0.05564794602270374,-99.50199648577997,-43.95275158084081,-6.835717094859636,-0.015116321774807014,-1.288945112096112e-06
0.055798614502297644,-99.50880698449731,-43.95305056814526,-6.8356363524035855,-0.015112871509048005,-1.2893682588154223e-06
0.05597780963317933,-99.51563007467549,-43.95336139381824,-6.835558037468982,-0.015107775688164,-1.2898270212091218e-06
0.05577123600996308,-99.52228148977568,-43.95368742947422,-6.835497447504117,-0.015133759748747429,-1.290301042625886e-06
0.05560829478003726,-99.52884491298967,-43.953973045127725,-6.835428209050602,-0.015155600129434345,-1.2907232630697995e-06
0.05565735692114668,-99.53539012547152,-43.954288293769906,-6.835368980045733,-0.01515772949431582,-1.2911972761686539e-06
0.055569783806719036,-99.54198697810895,-43.954596518593114,-6.83530049043155,-0.015173414461865218,-1.2916287421879637e-06
0.055686550304446865,-99.54835163932079,-43.954829438912405,-6.835224944899741,-0.015169476552841808,-1.292070176965372e-06
0.055666128939311846,-99.55487608003114,-43.95510963152134,-6.8351502086849605,-0.015179875341051939,-1.2924922378158412e-06
0.05568040382227888,-99.5612031171303,-43.95529669311245,-6.835060461323463,-0.015187540477469688,-1.2929553067867482e-06
0.05548488995498572,-99.56743319864488,-43.95557264206402,-6.835005486019795,-0.015208873164830022,-1.2933957291949773e-06
0.055577586910939385,-99.57379581360968,-43.95578546323148,-6.834916985794015,-0.01520986679138028,-1.2938407851843817e-06
0.05545426847378854,-99.57995028217455,-43.95603333330269,-6.834854641327808,-0.015224754577965577,-1.2942619698845347e-06
0.05537247066425614,-99.58601937694719,-43.95623942567024,-6.8347847317685275,-0.015236598204059168,-1.294708686734096e-06
0.055329850547411144,-99.59210770621105,-43.95645770980709,-6.834715461177155,-0.015245326397049501,-1.2951541164663665e-06
0.05532192277017942,-99.59810770209623,-43.95663585057139,-6.834638043627679,-0.015250867768448584,-1.2955800042677255e-06
0.05534948251724552,-99.60412480674903,-43.95682641869336,-6.834561869602619,-0.015253735141994147,-1.2960139346966906e-06
0.05541054892058488,-99.6100521056198,-43.95697596830585,-6.834479086665263,-0.015254311503244123,-1.2964871097914895e-06
0.055499298318690944,-99.61589048299788,-43.9570880762431,-6.834388401169479,-0.015251896430153676,-1.2969177483760316e-06
0.055374247415524464,-99.62163202020768,-43.95728806034903,-6.8343325543312945,-0.015263708927576038,-1.2973475779196882e-06
0.055366764199216274,-99.62743921060711,-43.95735391073038,-6.834226707624853,-0.015272321233196516,-1.2977806046687484e-06
0.05531680539489755,-99.63310839583893,-43.95752748149246,-6.8341648072759815,-0.015277906161206611,-1.2982088994919948e-06
0.05530289677505742,-99.63869084096764,-43.95765877851812,-6.8340946397771205,-0.01528061925426621,-1.2986560934045205e-06
0.05515694760514691,-99.64432751182198,-43.95778333422481,-6.834016134519297,-0.015296974824689025,-1.2990765069883963e-06
0.0552183612679574,-99.64983614131903,-43.9578855901957,-6.8339385290492505,-0.015293207075115762,-1.2995081877753002e-06
0.055145638141876785,-99.65539706776623,-43.95798043930663,-6.833853895927136,-0.015303885719791898,-1.2999489081034028e-06
0.05527672292656385,-99.66082763546987,-43.95805309158,-6.833770721341372,-0.015294861422083228,-1.3003977642374305e-06
0.055022500184413375,-99.66609076734262,-43.95814150629223,-6.833704513239465,-0.015316586020211173,-1.3008186509398296e-06
0.05506118182494002,-99.67148670594162,-43.958166559055776,-6.833605690085991,-0.015318055125284814,-1.3012602895175098e-06
0.055052318553320725,-99.67663737749369,-43.95824528492488,-6.833541481594171,-0.015316552680482862,-1.3016832939741508e-06
0.05491197397377868,-99.681843006914,-43.95831508174771,-6.833468866607713,-0.015329057294069364,-1.3021093952956078e-06
0.0548113371248017,-99.68695695578023,-43.95834307741703,-6.833387859913747,-0.01533792022542012,-1.3025250649541558e-06
0.05475207325415412,-99.69198186879841,-43.95832908979496,-6.833300563630124,-0.01534415392258289,-1.30297169521635e-06
0.0547284616257413,-99.69712414514478,-43.958380665512365,-6.833221464576454,-0.015346722563072564,-1.3033734676415854e-06
0.054737282030682316,-99.70206444128479,-43.95833744980609,-6.833126225471361,-0.015346274694404766,-1.3037774374655252e-06
0.054782858841766646,-99.70701799826949,-43.958305493644204,-6.83303389631503,-0.015343788231814783,-1.304216932066338e-06
0.05461247786807694,-99.71176215235657,-43.95830773841875,-6.832966609355253,-0.015354698712682356,-1.3046197611098784e-06
0.054728901900883274,-99.71663570908176,-43.95824561608739,-6.832866004331536,-0.015345572076271664,-1.3050373478959553e-06
0.054629118178723894,-99.72140089284125,-43.958268246898605,-6.8328002466293185,-0.01535075265443184,-1.3054302048341982e-06
0.05456591481581649,-99.7259667523798,-43.958193908781816,-6.832717432178409,-0.01535268580360425,-1.3058369219866713e-06
0.054541065555837986,-99.73065064129963,-43.95818197097111,-6.832643475458154,-0.015351645049460488,-1.3062274003629527e-06
0.05438625999678628,-99.73527269462865,-43.95810538917858,-6.832554007636686,-0.015364867944403717,-1.3066621307476192e-06
0.05443665947361309,-99.7397583046958,-43.95800589873896,-6.832464588860374,-0.015357386054547574,-1.307045207895671e-06
0.054517777992766824,-99.74425164713779,-43.95791619986798,-6.832376053659002,-0.015347411859440545,-1.3074278435383801e-06
0.05446224552172447,-99.7486820863274,-43.95776409926651,-6.832272493049018,-0.015352032510857603,-1.3078534131869155e-06
0.054362713535045015,-99.75296474115834,-43.957716145208266,-6.832210589976753,-0.015352751742431118,-1.3082196146659841e-06
0.05437947841850228,-99.75730160485057,-43.95752895681727,-6.8320986544704985,-0.015350674673041522,-1.3085855602127423e-06
0.05418631900022963,-99.76152571570347,-43.95742574134181,-6.8320223625519345,-0.015362574414910275,-1.3089823162226889e-06
0.054201437730662584,-99.76561228296033,-43.9572955723948,-6.83194560583578,-0.015353958089138017,-1.3093569963299574e-06
0.054082776732082324,-99.76974167114832,-43.95715346196936,-6.831860491987508,-0.015359401518367602,-1.3097301072248233e-06
0.05400296318112299,-99.77376752953937,-43.95696596969776,-6.831767505629548,-0.015361488266909931,-1.3100898351318534e-06
0.05396143665220725,-99.77779503248513,-43.95678615423443,-6.831675544155033,-0.015360504549267755,-1.3104720069337063e-06
0.053952628351154386,-99.78171601484934,-43.9565620974415,-6.831575315212588,-0.015356135577281549,-1.3108120307251612e-06
0.05397739526348463,-99.78563605054188,-43.95634627509271,-6.831476185071808,-0.015348892888164933,-1.3111545539676772e-06
0.053791389470122235,-99.789437958636,-43.956209795787665,-6.83141168361558,-0.015355773431293164,-1.3115192436226589e-06
0.053890246304306,-99.79324684915271,-43.95595056270596,-6.83130431147868,-0.015342260464550865,-1.3118619873592995e-06
0.053772895995608035,-99.79693506585777,-43.95577179656391,-6.831231477566828,-0.015342946278555229,-1.3122028414792232e-06
0.05377238371219505,-99.80066523882273,-43.955451388720896,-6.8311088065039325,-0.015340617532778439,-1.3125418689351989e-06
0.05372694167079203,-99.80423385277936,-43.95523163798033,-6.831029538085791,-0.015335100492147058,-1.3128868140641926e-06
-0.26921392334556427,-99.71259558267994,-43.8646008248907,-6.807203385807215,-0.05964566735674282,-4.090670272119427e-05
-0.7761895122635929,-99.53387997520764,-43.6811591367482,-6.7566543835421475,-0.13080187210714814,0.0005385851839422598
-0.7633452776565327,-99.5394124390286,-43.68382046590612,-6.757092619451409,-0.1299419822741442,0.0005621835119510955
-0.7533529175825066,-99.54390034127385,-43.685272540780076,-6.75719099664299,-0.12947237098797107,0.0005883122481920092
-0.7502558292631647,-99.54589592463496,-43.68433564247191,-6.756631079718292,-0.1299236810868625,0.0006508875220859866
-0.7333462608129327,-99.55250201176496,-43.688273924480015,-6.7574456056577175,-0.12843857272571485,0.0006710055840842882
-0.7217452402010319,-99.5573692831775,-43.69018348460489,-6.757681470763372,-0.12768835196465886,0.0006932835479579014
-0.7149086770244625,-99.56051435170237,-43.69033223928711,-6.757431065123945,-0.12757428610869778,0.0007302212860638183
-0.705033403968502,-99.56450701839528,-43.69168711624406,-6.75754741426462,-0.1270036387600867,0.0007521452253564753
-0.6948245182764299,-99.56878951189492,-43.69310991541973,-6.757668242657744,-0.12637913331215533,0.0007734302406068248
-0.6902991631924538,-99.57092760080944,-43.69247658954843,-6.757238715046494,-0.12653223941573383,0.000787614524227449
-0.6809908842358933,-99.57474846881172,-43.69387230169632,-6.757398804067145,-0.12597971203594996,0.0007965647710992605
-0.6717815234888409,-99.57873689842309,-43.695219774845306,-6.757534201176134,-0.1254340475495034,0.0008054510202216729
-0.6593879038717102,-99.58359821092908,-43.697685051175476,-6.758009523312705,-0.12441975812729983,0.0008121543420245272
-0.6512764794318201,-99.58714247954018,-43.698743658911425,-6.758090575484975,-0.1239789985365696,0.0008211611142472826
-0.6485231170226355,-99.58952580673017,-43.69886975388772,-6.75797044626118,-0.12424112348653178,0.000793634115798043
-0.6341622334763031,-99.59529509984881,-43.702638199145326,-6.758856838870057,-0.12286592770725176,0.0007952377572267816
-0.6258797648834403,-99.59905097512656,-43.704119237469925,-6.759096633979161,-0.12232908959931238,0.0008022999283737215
-0.6189194581392746,-99.60228276536151,-43.705128102391576,-6.759212825444417,-0.12196281825282333,0.0008109820738609996
-0.6124972879571843,-99.60531151429313,-43.70596069794008,-6.759288873608719,-0.12164742670488671,0.0008201911444351345
-0.6055774504468643,-99.60839952078237,-43.706951791872186,-6.759418451537431,-0.12125323303703785,0.0008292719321816089
-0.5989889613034469,-99.61146722335633,-43.707897116814806,-6.75953818734752,-0.12088177024103228,0.0008382973836153566
-0.5927121891610664,-99.61429421933403,-43.70886890943496,-6.759689863289183,-0.12052022374039333,0.0008471084688581153
-0.5863937237103555,-99.61715050433794,-43.70971137383368,-6.75979842423284,-0.12015543787283513,0.0008557922034874109
-0.5801586063809547,-99.61986664341403,-43.710499334439824,-6.759903842966781,-0.11978693049128182,0.000864311972551974
-0.5740592058594702,-99.6225246509172,-43.71126437502502,-6.760008970644931,-0.11942253556049602,0.0008726375316253256
-0.568110642962753,-99.62521951385816,-43.71206529408759,-6.760129107997088,-0.11905762726234503,0.0008794188591159403
-0.562012506722051,-99.62777067342729,-43.7128579586787,-6.760259996351888,-0.11866365453828881,0.0008862662918938384
-0.5324335713778577,-99.129321891486,-43.48337302903972,-6.730084648385611,-0.11128242265149528,1.0793989576037899e-07
0.9694766197624058,-93.79951886557298,-41.0656346915654,-6.416300807373445,0.12633334362863094,-0.0038537297132367142
0.22609042231897758,-88.56169096415572,-38.50805509080202,-6.0433320206419,0.060281288480876785,-0.008243756067704193
-0.405317456497981,-84.78259549275427,-36.66957016030593,-5.778848846412952,-0.0004527472088711598,-0.009412167328230856
-0.813610182150281,-82.23804081649996,-35.40659387207759,-5.591115708973347,-0.04063511816577736,-0.009382978885814968
-1.0592069473284693,-80.62993461246668,-34.591650504225065,-5.4664866642942975,-0.06469433185997403,-0.009209959913889038
-1.2293718302241385,-79.58925686546704,-34.05756430368953,-5.384051592486775,-0.08167161649938348,-0.008988123056859918
-1.3546257025675585,-78.90422334330583,-33.70111141273172,-5.328711872343124,-0.09448329896009354,-0.008755176631179624
-1.4476176246737622,-78.44521444339719,-33.45571520911736,-5.289799004484328,-0.10429248068478589,-0.008499256321813064
-1.523675390118065,-78.13071381983801,-33.28383479294102,-5.262410798314386,-0.112531161498624,-0.008251860630319515
-1.5882796248180395,-77.9075742746586,-33.158339210113326,-5.242269727229006,-0.11970771790279663,-0.008014709523857688
-1.6459451241039447,-77.74086046579075,-33.06215172124397,-5.22684777934006,-0.126221457671481,-0.007792574505402953
-1.6980947755522038,-77.6090454705507,-32.98369415166138,-5.2141554628517,-0.13220036368917096,-0.007574045500596868
-1.7459864434493015,-77.49826079162716,-32.91589474873878,-5.203086451517912,-0.13776159304754615,-0.007358562830499371
-1.790949576221574,-77.39897611339924,-32.854005335494335,-5.192898948830038,-0.14301978189505377,-0.007145691219559462
-1.840842931754766,-77.29140571845221,-32.78895648853741,-5.182395143463442,-0.14902236009192096,-0.006902768313519566
-1.8899345117921624,-77.17157779381014,-32.71502678291898,-5.169620609414597,-0.1552480581823683,-0.006597339598570849
-1.9364440723941287,-77.0501222711895,-32.637812831812,-5.155517147464555,-0.1614610494356789,-0.006244872235668439
-1.9776152484398357,-76.94553562680477,-32.568133997714355,-5.142209327475564,-0.16716271637642682,-0.005884664631325901
-2.0160391613137496,-76.85150628589705,-32.50373098016621,-5.129620176110823,-0.1726261830810685,-0.005528507893604587
-2.051424092523126,-76.762505242381,-32.44115173234803,-5.1170031991430704,-0.17781059813283612,-0.0051654871052758174
-2.088895517388093,-76.67165314859896,-32.379077184382844,-5.104782412664048,-0.18323936785598655,-0.004815916291106998
-2.124690905685083,-76.57973658948633,-32.316080833783104,-5.092213058267027,-0.18854085854501745,-0.004459155313984548
-2.1613319023551125,-76.48551320437296,-32.252806455261364,-5.079750476906276,-0.19395318942362594,-0.0041095456299641555
-2.1961977359228646,-76.39167697832558,-32.18924596473557,-5.067020496402258,-0.19922254002977283,-0.003754870627957478
-2.2346551099917304,-76.30272778540689,-32.13105688682824,-5.055847234948267,-0.2048437507576488,-0.003407793594146204
-2.2675560390518905,-76.21475415311147,-32.071724079945746,-5.043991351337441,-0.20989714101565105,-0.00304806668660858
-2.3001568995126576,-76.12801309935648,-32.01401200446614,-5.032647320365013,-0.21494946917119387,-0.0026722932495157263
-2.329592561566413,-76.04572102825055,-31.958184803670065,-5.021455096466786,-0.21966263544046427,-0.0022696765382887916
-2.35637830829633,-75.96531554908412,-31.903215615884555,-5.010349805770897,-0.22410420400711628,-0.001847546161740178
-2.3854834673827643,-75.87903950761881,-31.84721550046659,-4.9995772547977095,-0.22875405968931253,-0.0014207525345959402
-2.411070970950741,-75.79183246933479,-31.789948996687606,-4.988378586676827,-0.23304693603784182,-0.000966962268313777
-2.4353278484830554,-75.70272594139597,-31.73181875015861,-4.977036655486578,-0.23718523491002008,-0.0004944940491385709
-2.461017418502588,-75.60822394326586,-31.672304762313487,-4.96582834381672,-0.24145127086541934,-1.8356291770997518e-05
-2.4745720386719277,-75.50586876794914,-31.60450402951892,-4.952144235807877,-0.24434696817159324,0.0004553641919920192
-2.5046169381539296,-75.40914602900547,-31.547742595088607,-4.942356263307371,-0.24895692700342995,0.0009000853312412679
-2.5272257254726633,-75.30853679216384,-31.485721494880515,-4.930819814489723,-0.2528545964026231,0.001375722865079333
-2.5318840987135043,-75.21037899857211,-31.419208479571594,-4.917064183271812,-0.2546902902137747,0.0018150859969447114
-2.5624910275834636,-75.10819585287979,-31.362099580297148,-4.9078005203656305,-0.2592831203822458,0.0021932738169380315
-2.576522487111317,-75.00099516440667,-31.294834657576253,-4.894867968714105,-0.26220768270887773,0.002611150013608374
-2.574339489455575,-74.90229274643855,-31.22694490689523,-4.880517555711918,-0.263262952841682,0.002971083824140688
-2.59967106459946,-74.80443234423123,-31.17170023712129,-4.871374473001724,-0.2672579525962311,0.003277479214167888
-2.606718452410026,-74.69752079508115,-31.10361533261258,-4.857973287618929,-0.2693818898698265,0.0035810574845279537
-2.5990790797412453,-74.59565183997172,-31.033396906580595,-4.842982454396861,-0.26979555704352476,0.003797086580133525
-2.6205291579626384,-74.49850565869363,-30.97869017583169,-4.833902431662285,-0.27332510291754125,0.004012594811626527
-2.6171012785206917,-74.3918043357758,-30.907689433935957,-4.8191377905944845,-0.2742669899159104,0.0042538509447293095
-2.602782744183814,-74.2965231185481,-30.840146962233938,-4.804304251294846,-0.27385472093261165,0.004401345539511868
-2.6226175044715845,-74.20088146583171,-30.787218140040608,-4.79566923473951,-0.27713067086728277,0.004556791561939605
-2.6113957945240376,-74.09253121015334,-30.71332063814161,-4.779812575290809,-0.27717011177700257,0.004698122290313743
-2.5982721285978654,-73.99196221299675,-30.64489974230952,-4.765235787499655,-0.27680330095300976,0.004738807543551276
-2.616658804470477,-73.89565341725383,-30.592221126723373,-4.756715217311279,-0.2798495986954196,0.004835931723394955
-2.598817629699068,-73.78705803887506,-30.51656357148553,-4.740038211761907,-0.2791166578593591,0.004963208691589904
-2.604488461965566,-73.69283346455812,-30.460615034229242,-4.729772896147722,-0.28071639078851385,0.005060388783094929
-2.582494413595572,-73.59879085650277,-30.393244259977727,-4.714626714886748,-0.2793359170014028,0.00514011295874128
-2.5978740492852777,-73.50900047709806,-30.34474021579409,-4.706877636564078,-0.28193060528153807,0.005251654557688744
-2.5740602533893715,-73.40735095770583,-30.272317599477987,-4.690557199577835,-0.280406765234713,0.005333873499114831
-2.588560097913526,-73.32096342863106,-30.226190751499125,-4.683310268875791,-0.282847589785767,0.005436711275159821
-2.5623341655631307,-73.22075028382778,-30.154456425956713,-4.667040658918111,-0.2810049061887565,0.005492339926571534
-2.5748734857429145,-73.13518129182583,-30.108749728599214,-4.65983427144527,-0.2831722214062753,0.005582615949607717
-2.545976277933101,-73.03985342021653,-30.039559514204463,-4.643932743032306,-0.2809406499478369,0.005637288588060097
-2.5568179443176806,-72.95489560285569,-29.994121477089518,-4.636710303083353,-0.282851778485722,0.0057416790006016025
-2.5267740718583793,-72.86348265700303,-29.927636202468953,-4.62141761185877,-0.28040775463261386,0.005802594679060247
-2.5371805361248274,-72.77750085128469,-29.882150189445127,-4.614273490507426,-0.2822005139387617,0.0059110056853144115
-2.50658358782975,-72.68868781988198,-29.817684350099174,-4.5994477627645844,-0.2795936448400006,0.005955672577537923
-2.515800203142976,-72.60192307002558,-29.77183691647018,-4.592233701643089,-0.281203999396688,0.006056558762501025
-2.484083960048223,-72.51516347088932,-29.70874887408051,-4.577698228637848,-0.27840513791768623,0.0060802006399889065
-2.4927584718810865,-72.4275532501141,-29.662782889351256,-4.5705048766878456,-0.2798860005111661,0.00617084991393076
-2.460991720192001,-72.34222129781699,-29.60115922046603,-4.55637439572203,-0.277001009166458,0.006179738218641451
-2.4687830932186663,-72.25386006972035,-29.554992728922684,-4.549183824033253,-0.27833814102724214,0.00626254644116705
-2.4365403726892145,-72.17112983439634,-29.495258694037915,-4.535485422527615,-0.2753225119122916,0.0062627583486408395
-2.442616810323439,-72.07075397675636,-29.441775346063707,-4.526816955841554,-0.2764637321124725,0.006344606420960861
-2.4196089435167067,-71.88973419594194,-29.330431936823683,-4.504589873752714,-0.2745685061001398,0.00644809195339471
-2.3997663935910896,-71.75167565483811,-29.24595681597081,-4.487946159522284,-0.27286439372722093,0.006510062407189002
-2.4066824121609076,-71.66711432310373,-29.20243322425339,-4.481342605494705,-0.2740708676481151,0.006572733205054841
-2.372376738581009,-71.55479521712422,-29.126138565096205,-4.464654807931316,-0.27082316467768186,0.006689425206800172
-2.377335768919622,-71.468096972719,-29.081231693960937,-4.457759198923923,-0.2717482817478132,0.006736044536069543
-2.290160520884148,-71.28696698150871,-28.94581156952074,-4.424989387495005,-0.2618373315485523,0.007865066467477007
-2.322013581779466,-71.20379407356329,-28.927054790420325,-4.428918153366137,-0.2635287603833073,0.008025974613426887
-2.405346081145702,-71.12234683500486,-28.93211779739559,-4.442901469180488,-0.2707408170223982,0.0076330955593584444
-2.462517927374968,-70.99999229128468,-28.895941352099676,-4.444676797296577,-0.27585916774954,0.007280705747406025
-2.4621705775628007,-70.90372392458339,-28.845377388687158,-4.436570495747743,-0.27522914211691457,0.007243131799115964
-2.450921846733194,-70.8433842099881,-28.809037484911308,-4.429513771337753,-0.273487836341483,0.0072548753119045595
-2.4389643793977704,-70.80761460333144,-28.78572462305688,-4.424583020788868,-0.2717072878665702,0.007280087423061739
-2.428938348994153,-70.78520214767728,-28.770086660827804,-4.4210451816314915,-0.27016642486945963,0.007318705414322989
-2.4200463824469876,-70.76886190505832,-28.757821921983847,-4.418056042274765,-0.26879892796857474,0.007368678903081133
-2.4134412259426634,-70.75653555402509,-28.748173259027105,-4.415572017580503,-0.26770633271779964,0.007424548448435155
-2.405926559969371,-70.74615562127826,-28.739022106753602,-4.412969452448714,-0.2664911378311967,0.007466048561322191
-2.3951114666070716,-70.73599298866746,-28.726695399399844,-4.408914002965687,-0.2651795653485664,0.007469811112934524
-2.3825123608921523,-70.72563670190995,-28.712926835339807,-4.404211905068541,-0.26375609543731654,0.007391829609955054
-2.353974563981101,-70.71046855060666,-28.687406639059606,-4.395019528563996,-0.2608716009313353,0.007211708453467769
-2.3163767070787697,-70.69062068292641,-28.65424207620205,-4.38307338825622,-0.2571074086261722,0.006904233956470746
-2.304034111995226,-70.68699734741841,-28.641853180105777,-4.377738160497467,-0.25603558296345225,0.006585125220897342
-2.3073512169073296,-70.67388516887463,-28.63166022446141,-4.3746184828717585,-0.2565217748182665,0.006376873895758899
-2.316314721167941,-70.65208893390209,-28.619078170850983,-4.37163164786133,-0.2575953526444005,0.006259307847034662
-2.3173227508171697,-70.81280967979569,-28.7040101160641,-4.38491823720636,-0.2577773509266971,0.006218939947441718
-2.3199877177174777,-70.9359007056068,-28.767251808143264,-4.393956429404813,-0.2581826619935668,0.006193698332590602
-2.3319071768835182,-71.02230076569214,-28.813301888772614,-4.400592971461169,-0.25959152448440476,0.006235756631537233
-2.345717654222414,-71.04019834075487,-28.82059862263343,-4.400021763795728,-0.26135735458440984,0.006265632420339516
-2.354626484422797,-70.97629787685446,-28.7779874767129,-4.389292613089663,-0.26288125215290126,0.0062127522349627855
-2.378363540139247,-70.94261852973239,-28.760245697909394,-4.3849905481104505,-0.26583739758606173,0.0061832424285534855
-2.3971679195755207,-70.88637242975409,-28.72717307004214,-4.377202751889674,-0.26832127460220706,0.006142689914298193
-2.42740922989933,-70.79727390882083,-28.681356923187085,-4.3684794143109045,-0.272046764169756,0.00617716481394441
-2.4312717041622967,-70.67360478282657,-28.600690042025473,-4.3494678704487955,-0.2734911051971458,0.006038206394461298
-2.4582019027565676,-70.54948129487404,-28.53255333980821,-4.335923460579197,-0.2771615554462384,0.005956458394907094
-2.4927825430710593,-70.40283002515258,-28.455350599851556,-4.321620251484534,-0.2817054897412856,0.005945747314689173
-2.531886803395047,-70.23969722317929,-28.371384202959703,-4.3066980330382645,-0.28678774620802727,0.005999250405113402
-2.5602043588334373,-70.08618589417055,-28.287196725599234,-4.290312387554702,-0.2908967248074353,0.005990767629606195
-2.5931629455448473,-69.93756389751647,-28.209196264696374,-4.2759305020846625,-0.2954138774108041,0.006027470621977795
-2.622782282112956,-69.79940437506374,-28.13627513084856,-4.262269376660888,-0.2995636674958049,0.006065282523597091
-2.651680704397716,-69.67033619655331,-28.06891711149468,-4.249758845804637,-0.3036191001156534,0.006115674003026629
-2.673562609162245,-69.55435237600771,-28.00593683021176,-4.2373124529864725,-0.3069601406579151,0.006129892910820197
-2.698446301631555,-69.43900747425319,-27.94573585744205,-4.2259740548062386,-0.3105494405853933,0.006168557877182819
-2.7222230919885018,-69.326611403725,-27.887287610365192,-4.214989445328003,-0.31399757155754726,0.006213368913167869
-2.741232012848912,-69.2216483548933,-27.831335574182127,-4.204042054629159,-0.31694572999197707,0.006235487683509769
-2.7611553479507718,-69.11815772910072,-27.777270451413198,-4.19372112226233,-0.31994838064133374,0.006265736099080011
-2.779795231874063,-69.01813688363275,-27.72528207135617,-4.183816937834399,-0.3227749729669838,0.006293715018607551
-2.7975348352989893,-68.92222941072919,-27.675780471061593,-4.174408218610308,-0.32545260244497726,0.006319207529833554
-2.813390262753321,-68.83049352160434,-27.628478971058875,-4.165396891718957,-0.32790706026623645,0.006343214546518611
-2.8285698125871916,-68.74243976445568,-27.583456189377593,-4.156852417999199,-0.33023330639008897,0.0063668099958883295
-2.8427728696439867,-68.6581787607376,-27.540830078752748,-4.148819728819102,-0.3324116282356065,0.006392625090490698
-2.854531436042219,-68.57968996894243,-27.500777367136944,-4.141111053357394,-0.33430490624273723,0.006411135751175782
-2.8667775119178134,-68.50476512018541,-27.46355186756258,-4.134125319592254,-0.33618638530458617,0.006436344020280909
-2.875257499762857,-68.43714762350808,-27.429107867283474,-4.127335749558071,-0.33765883540720887,0.006446056584645536
-2.884668077636636,-68.3710603111491,-27.396485223595015,-4.121146167661281,-0.3391749528684116,0.006465609664859497
-2.8931226136094557,-68.30880257699212,-27.365975587020664,-4.1153312413112015,-0.3405403840275027,0.006485178261399009
-2.8996595477847995,-68.25089694695298,-27.337586502918803,-4.109840957686948,-0.3416743066524283,0.006501850657829561
-2.9063953282492796,-68.19643620684724,-27.311622245282287,-4.104931844450307,-0.34277967172280904,0.006523752258387055
-2.909656691292309,-68.14766390195604,-27.28751428627587,-4.100035298545598,-0.3434979539155161,0.006529010231170671
-2.915989347383473,-68.09950344273265,-27.265781651338383,-4.096106200500349,-0.3444754224488825,0.006556477506356656
-2.915895700091103,-68.05980014381589,-27.245855347741923,-4.091763427701737,-0.3447786490947517,0.0065496499418044325
-2.9189230382164517,-68.01687463214915,-27.22602041817325,-4.08795226905923,-0.345340724698843,0.006559585192633059
-2.9257095810119003,-67.97694494402865,-27.20995636659575,-4.085353028892298,-0.3462866963139658,0.0066170813669262345
-2.9108987653074445,-67.96179083692678,-27.19651378010278,-4.08040310402023,-0.3451596114173884,0.00652640191488727
-2.9139558627351665,-67.94935603885344,-27.194855465050512,-4.08018720129172,-0.3456506171366376,0.006527752257077796
-2.918613621763598,-67.92801137911566,-27.18908383299961,-4.0794594004814035,-0.3462625371588277,0.006567856098073189
-2.9134724707099195,-67.90769586552821,-27.179108732853287,-4.076783972442593,-0.34589422161063055,0.006569820173492401
-2.924490214269961,-67.89772731628723,-27.183519010980778,-4.078933232108938,-0.34708275096920693,0.006654338097223663
-2.903403939963157,-67.89686566396196,-27.176336317006417,-4.074745070460661,-0.34513256776405477,0.006573214306798286
-2.901085896997074,-67.89377638365511,-27.17849906455618,-4.074931407328995,-0.3449008394623939,0.0065671913210961315
-2.90773501078,-67.89148040890873,-27.186234079313724,-4.077463231182689,-0.34549726611381815,0.00664309002459169
-2.894578387633028,-67.89371548032153,-27.185418761019832,-4.075654071668714,-0.3442474977261235,0.006613973906812897
-2.8914084976041208,-67.89026444863188,-27.187462826539264,-4.075888308732232,-0.34383861322034737,0.006634296482138303
-2.901705682532736,-67.88979451729001,-27.19814280286433,-4.079505470350956,-0.3447515802194818,0.006726039580664986
-2.8799583531854287,-67.89173246973091,-27.193361096142905,-4.076047151138969,-0.34252684532943123,0.006670437356887341
-2.8749732577038065,-67.88541998892083,-27.19330504208183,-4.0758233442883665,-0.3418550881289022,0.006671275554262218
-2.88206308351142,-67.87815942957043,-27.1992684126411,-4.0783699688681265,-0.3423405409291611,0.006748887931645786
-2.8672636161548724,-67.87706207063701,-27.196671349019457,-4.076338424453486,-0.34073686535203096,0.006726191489902755
-2.8640505775221397,-67.85878691082756,-27.196166291862394,-4.077711933764647,-0.3393453992358204,0.006687764310778454
-2.855275045852252,-67.84995827410195,-27.198552310765653,-4.07904226558433,-0.33729726813161637,0.006617075715230222
-2.8446822073414113,-67.8421656312961,-27.200292087635507,-4.079966379462768,-0.33507179197191506,0.006567714780992786
-2.8312702432393007,-67.83510851332818,-27.20059943865967,-4.080174327911275,-0.33258110611180497,0.006508829111265087
-2.8232680413576157,-67.82853095816989,-27.203691488542873,-4.081571413123915,-0.3306553288112036,0.006479408277261348
-2.80459168726858,-67.8275710556835,-27.204188929786064,-4.081031303569851,-0.32765223758937345,0.006387639297406216
-2.7932901268659642,-67.81572306844525,-27.202477633669872,-4.0810901621269124,-0.32532602176978187,0.006334758689504424
-2.7849655380543874,-67.80392908050476,-27.20216487382878,-4.081782416162422,-0.3233053821890705,0.006296804691817673
-2.7737540808433527,-67.80064638734227,-27.204456066885324,-4.082426485598916,-0.3210370001445555,0.006226316735909157
-2.761210364891033,-67.78690281862451,-27.200578054937225,-4.081868372008783,-0.31857556106236523,0.006183485676178019
-2.7567050300520086,-67.77893226716638,-27.203263437225036,-4.0833686610749345,-0.31699717634529523,0.006149107162935763
-2.7428932712963756,-67.77680770859706,-27.204669855400205,-4.083499474955435,-0.31442218567972763,0.0060693054430551695
-2.73045501530069,-67.76213706247283,-27.1993356361104,-4.082498617509396,-0.3119783236552376,0.006027821135264216
-2.7240505524359047,-67.75063968024415,-27.198938696632524,-4.083208801654592,-0.31017127910197,0.005989995888489055
-2.7128913643114037,-67.74777176443249,-27.200634072107363,-4.083614012408688,-0.307867431705024,0.0059106639317733295
-2.7011493964056448,-67.73298490134073,-27.195374656265617,-4.082681320309463,-0.3054725914458447,0.005864058889403922
-2.70010569432341,-67.72626279929399,-27.19930603854902,-4.084651070142558,-0.304261238899288,0.005823814614860341
-2.685840207130505,-67.72405749438902,-27.199600050966367,-4.084398221878926,-0.30159616701763337,0.005735316789522072
-2.673665283161859,-67.7098691352203,-27.193765949182435,-4.083178534671434,-0.29915155796852466,0.005690050292341945
-2.671278256154442,-67.7033589083272,-27.196860367487815,-4.084786962021285,-0.29777616174272603,0.0056462097010360115
-2.6582008506969474,-67.70296813959327,-27.198401996848368,-4.0848470567303155,-0.2952244721152892,0.005552688722382019
-2.6462822077214194,-67.69110604486154,-27.19368995140922,-4.083827239194276,-0.29279933660826274,0.005500737889155605
-2.645603472248752,-67.68748375015,-27.198897996380655,-4.085972890817773,-0.2916005103227716,0.005451296681814477
-2.632155017344774,-67.68830200620008,-27.200437450459543,-4.085897265547178,-0.28899452202513254,0.005353108168630061
-2.620242007391726,-67.67723116639493,-27.195879158191474,-4.084854259106664,-0.2865646619189056,0.0052992444076554015
-2.6243385745726995,-67.66892455584075,-27.195526077464567,-4.085222690754512,-0.2866058137072768,0.005430924505671848
-2.6260090060263623,-67.66992003353172,-27.198871857883276,-4.085878909721901,-0.28644727269086945,0.005556577539961326
-2.6287239327418193,-67.65293216461018,-27.19262747622096,-4.08491364152273,-0.2864032745942966,0.00571716547456259
-2.641328274295027,-67.64226727573414,-27.1946203982764,-4.08667374860276,-0.28742307398683015,0.005865953232955814
-2.6419247163755633,-67.64698657658963,-27.200045609669697,-4.087737415117928,-0.28712649557771314,0.005965090780063198
-2.6428584629296035,-67.63170250569193,-27.194285796056576,-4.086781594957266,-0.2868887328126563,0.006110511939370472
-2.7085851012636315,-67.53065648396117,-27.172426983943694,-4.091049033692944,-0.293443831102461,0.006001786877146217
-2.6425250087818117,-67.46777932997466,-27.105227274475062,-4.07014547654831,-0.28658004917399105,0.005713427410397843
-2.57821563618913,-67.39620408748793,-27.03513473389558,-4.049086508350285,-0.27971762160170327,0.005284325643184686
-2.56740598990655,-67.31816356843842,-26.989080549598594,-4.039366722569162,-0.2781452261487665,0.004926468096123549
-2.566424032037047,-67.25783267240243,-26.958246171620996,-4.033765815348282,-0.27749274946622837,0.004653554828155342
-2.566103594183683,-67.21470139186538,-26.937998439314402,-4.030326362604303,-0.2768577720016552,0.004449981447318144
-2.565300282131711,-67.18414658362445,-26.92477827540446,-4.028168372812355,-0.2761381946464133,0.004298307181027324
-2.564493224661339,-67.16202622459429,-26.916197101379296,-4.026839482736986,-0.27538399098134475,0.004184197682747007
-2.5625996263572444,-67.14562779534054,-26.91062109032926,-4.026021728260136,-0.2745091718958624,0.004096720185462539
-2.5609096201452197,-67.13316676351947,-26.907177954727015,-4.025580513793271,-0.27363042479211563,0.004027737693316234
-2.55855821461032,-67.12325305872648,-26.90513420013223,-4.025387637729977,-0.2726724992001799,0.0039713313383548405
-2.555956956124053,-67.1152577402452,-26.90406489894104,-4.025357570370744,-0.2716785378211473,0.003923251007232731
-2.5537254696265554,-67.10870727369266,-26.903768139306624,-4.025467712916882,-0.27070506370912506,0.0038804895828429453
-2.550965315242513,-67.1030986921107,-26.904004648504717,-4.025674633868105,-0.26966977171917017,0.003840972286562249
-2.548056966548421,-67.09827382639804,-26.904611085541486,-4.025942507395252,-0.2686128933962281,0.003803288165252351
-2.5534961580497626,-67.06772085471201,-26.894729760201155,-4.025303209709785,-0.26842883753219904,0.0037595327330868684
-2.5613960732859513,-67.0369552601262,-26.88555674950623,-4.025035289261314,-0.2685228817113633,0.0037940196200520696
-2.5656014449118505,-67.01116206556713,-26.877581583513027,-4.024585839482134,-0.268244329517815,0.003855881177425836
-2.568153042430676,-66.99119761549316,-26.871891769532834,-4.024316451536114,-0.2677822588520014,0.003918723973429594
-2.569743751885628,-66.97492761755186,-26.86788542763093,-4.024273028852982,-0.2672168727894102,0.0039777793932858525
-2.5699938419028814,-66.96470051867968,-26.866989765079033,-4.024731421189396,-0.26649902295990135,0.0040283808780593846
-2.570002252726649,-66.95770657173892,-26.867605380075407,-4.025414419653455,-0.26574769738635035,0.004073998194625124
-2.5698164478402075,-66.95220712589372,-26.86902988527551,-4.026235751103382,-0.26496171194699636,0.004115459778571096
-2.5690429596544084,-66.94772884707352,-26.87075310524541,-4.027068801816943,-0.2641198556141776,0.004153187794606845
-2.5680762916948705,-66.94400772191094,-26.872838704325485,-4.027950297270811,-0.2632493663424355,0.0041878081161187426
-2.566986773614134,-66.94402992653308,-26.87698942865181,-4.029209753713409,-0.2623629798921619,0.0042182021112122025
-2.565881455121723,-66.9462975499814,-26.882418444237576,-4.030703619447632,-0.26146515950371757,0.004245588285533041
-2.5646316265570612,-66.94939084685015,-26.887976872184165,-4.032171933500964,-0.2605608528943616,0.004270384571455521
-2.562902710965705,-66.95247966974382,-26.893529234298153,-4.0336352640507425,-0.2596117097366421,0.00429302194725487
-2.559682800353911,-66.95571548869887,-26.898399341413306,-4.034774523569678,-0.2585063531560198,0.004303844710981952
-2.5571977295637516,-66.95625151403279,-26.901869430884304,-4.035716747639357,-0.2574814673551484,0.004311820448413304
-2.554722157730089,-66.95650858737034,-26.90523237383343,-4.03664088692031,-0.2564463914314885,0.004313548823217126
-2.551913983918632,-66.9555584720324,-26.908013218589744,-4.037491760685739,-0.2553838879479894,0.00431365761774283
-2.5496881437489516,-66.95435052552168,-26.91072404225278,-4.038347020880154,-0.2543677909248364,0.004311601788888343
-2.5476513369917115,-66.95288903137521,-26.913157692711334,-4.039145129725789,-0.25337604777211964,0.004309063652655917
-2.5452786277551454,-66.95118995297122,-26.915583374066454,-4.03996586590731,-0.2523481243989621,0.004306033379092296
-2.542958496486542,-66.94941625626943,-26.918018689369838,-4.040804328929251,-0.25132328280928423,0.004303122006459118
-2.5409937125998328,-66.94778761700199,-26.92049062678616,-4.041649882294008,-0.25033185656180973,0.004300370476813597
-2.53904295660762,-66.94611059664084,-26.92298272939798,-4.042512825132764,-0.24934066375010253,0.00429799157426888
-2.5370981772095096,-66.94452430024582,-26.92555944025607,-4.043401999420883,-0.2483496678272477,0.004296007220739761
-2.535504623089369,-66.94297526433449,-26.92812138154889,-4.044289476397681,-0.2473931724250417,0.004294486618159756
-2.5335735695320882,-66.94139852115183,-26.930782910555454,-4.045216267007708,-0.24640391511598814,0.004293432335764033
-2.531758100107237,-66.93992690648204,-26.933329782029944,-4.046102424186127,-0.24543492962786795,0.004292872304202135
-2.5305438195106786,-66.9383920175414,-26.93594388618076,-4.047022361706577,-0.24451911777965998,0.004292790601834923
-2.528748382237834,-66.93683760292278,-26.93853267848047,-4.047938423072151,-0.24355545930297445,0.004293205402338963
-2.5272264111495315,-66.93510608199877,-26.94094404683238,-4.0488121790473866,-0.24262188391875894,0.00429380866119257
-2.5256220820794413,-66.93299614308242,-26.943140656852027,-4.0496430499039064,-0.2416830212474928,0.0042946992891789585
-2.524096207736032,-66.93133424859998,-26.945382653216623,-4.050452456273145,-0.2407657349468908,0.004296208767443034
-2.5226017615922705,-66.93017952391283,-26.948252676237345,-4.051435614801198,-0.2398455149099024,0.004296745917035043
-2.521506849890933,-66.92860710238035,-26.9506091799415,-4.052285759403536,-0.2389776540573506,0.004297805626632541
-2.520116556290855,-66.92618302535168,-26.952647118618025,-4.0531049828163965,-0.23808383820400786,0.00429874241589064
-2.5188706624926547,-66.92310034629367,-26.954176258470277,-4.053817219905209,-0.23721583803235272,0.004299560302507553
-2.5179213268100273,-66.91896664250922,-26.955353948491535,-4.054505540416795,-0.23637148752835171,0.004300160366349266
-2.517088444540999,-66.91451400879072,-26.956214813931826,-4.055121355851876,-0.2355496330629001,0.004300489773718391
-2.5162784066290143,-66.90967716433006,-26.95695424554732,-4.055733479824484,-0.23473241443901655,0.004300533142308705
-2.515566747751956,-66.90474749162003,-26.957511149973154,-4.056297149753575,-0.23393531433570272,0.004300426511061958
-2.514853718149016,-66.89966595774473,-26.95806658415205,-4.056876290158414,-0.2331409223030514,0.004300257480751916
-2.514460310780294,-66.89530669510563,-26.958788661496428,-4.057453918065241,-0.2323897836113348,0.004300112233445376
-2.5081660737024256,-66.89618459591188,-26.95908658355084,-4.0574352689839355,-0.23124180033486108,0.004300276129891177
-2.5006026293258614,-66.89793226281492,-26.959203812599508,-4.057281502914173,-0.2300110965845053,0.004300879260409567
-2.492328945424333,-66.90077906213354,-26.959299440926575,-4.05702450744416,-0.22874516714747073,0.004302092080827315
-2.4830583929306442,-66.90477665369063,-26.959260104782302,-4.056621229598055,-0.2274238582753707,0.004304060250228368
-2.4729202936776886,-66.90974992698926,-26.959327411281148,-4.056164217551496,-0.2260445466024918,0.00430689617652974
-2.461396646394445,-66.9157664638471,-26.959257984716483,-4.055566220089146,-0.22457215941457237,0.004310737058889874
-2.4488171024444445,-66.92304469814832,-26.959082237057206,-4.054819735552871,-0.22303980767385606,0.004315701018081463
-2.435649688168744,-66.93137886180821,-26.95895510787801,-4.053992416556555,-0.22147816475706708,0.004321898327016507
-2.4210206894277726,-66.94107209788105,-26.958828987449706,-4.053041187544807,-0.2198174883582079,0.004329448493774967
-2.4133935236331676,-66.93381151883518,-26.952561094319645,-4.051899364544973,-0.2189007076625747,0.004307735276101007
-1.395598597548021,-68.68667022134042,-28.097739486442478,-4.294756329910864,-0.07833314928455704,0.015428079341866498
-0.9570708830575446,-68.78644065475696,-27.995442525790104,-4.239128614368913,-0.022958593647618625,-0.003588560952465714
1.9704090905645804,-69.88162449047995,-28.834001972204973,-4.432458505220092,0.35944132197181555,-0.01675090509627948
1.1396537283292105,-71.86607560714475,-29.77365583617466,-4.565844590363435,0.24018216513370472,0.005652539736543767
1.3409788122400506,-72.79016315482158,-30.635208087091115,-4.810449777290511,0.29893470092275365,0.015598761788587845
2.3016844102371046,-74.1094118306979,-31.44989467034319,-4.977450728046087,0.43680999863439046,-0.008316164758391285
-0.24709779808280202,-75.08401207721448,-31.914488953425657,-5.059592238330904,0.09572848171304474,-0.019343660260066148
-1.1845718271257684,-76.29193685025875,-32.01269507093197,-4.942782992084054,-0.06533326652043289,0.00517003986359124
-0.4077600655921467,-76.97517890812787,-32.9499173282758,-5.249285782396327,0.07578858404673366,0.016087937146098488
0.8632349351487699,-77.83266039183219,-33.397052418658916,-5.322557273539287,0.2447975773689336,-0.008627468877858752
-1.838125037502441,-77.55973397041014,-33.228937506581694,-5.308831751404979,-0.12371052193567883,-0.025845527154983963
-0.8536291764535981,-76.77380366035993,-32.10321397149738,-4.934059752049039,-0.05214939147895189,0.004152463912849923
-2.1603824765959416,-77.74128267772122,-31.8542300440307,-4.70468761313772,-0.2647652975684645,0.01356401611065314
0.1524885427464293,-79.03862739576664,-32.69807662809795,-4.877604137219062,0.04716509674687783,-0.012834515043893976
-0.1573038124248251,-79.5529654963442,-33.103556624175866,-4.982114426550318,0.0031236774233071446,-0.022277642725571287
-1.1858442076119964,-81.0732938406151,-33.74260961879873,-5.050227825238843,-0.14753692857545253,0.002762675179361349
-0.9087630118502467,-81.41690105076427,-34.436135309684914,-5.299817314817494,-0.07352878688308126,0.015457820823027327
-0.22610233239492192,-82.44212948760627,-35.055319220786814,-5.424421482991661,0.022246513661371717,-0.008229340345850416
-1.5193958836256822,-82.96444265262016,-35.42405580061417,-5.519229895029878,-0.1535184783415323,-0.021404138239695492
-1.5775140579533884,-82.98061424616448,-34.90801762201046,-5.297801674964964,-0.20404258305308837,0.009264001685767569
-1.4956601140861137,-83.38022527767703,-35.252078326103785,-5.392334445872449,-0.18321172033260533,0.017021553879010724
-0.8781299405340722,-84.33946350814645,-35.84244836882498,-5.514923022098827,-0.09694462423491444,-0.007312735967841701
-1.6280464785312772,-84.65890150179249,-36.12817303573624,-5.599121267591544,-0.20301135293260306,-0.020343492884152922
-1.7932364060243784,-85.52412736491023,-36.500513876541156,-5.639924349670153,-0.23887875681185086,0.002877828961640722
-1.895534986036901,-85.97141093405484,-36.923030744985766,-5.763198025381227,-0.2318306177056153,0.016333372943438885
-0.22437337880405367,-85.8759623602211,-36.71593569798343,-5.687155642779149,-0.021707917346183776,-0.01422755528035103
-0.6029295177985377,-86.14957977087602,-36.8885027008238,-5.728633814450534,-0.07865432574108483,-0.02260988414625705
-0.6808789768254389,-86.66524138349014,-37.11835741189353,-5.756612070311164,-0.09688383807482995,0.01030703758815816
-1.1057980000545442,-87.31174897116259,-37.47619149428766,-5.828045077167786,-0.14318154448800666,0.01707288782535998
0.480026379096064,-87.48894263218304,-37.474330303708705,-5.801524627261108,0.05963062075714452,-0.013132806465697743
0.09603728935951103,-87.65694589769716,-37.60569586429288,-5.839749651880812,0.0029234777968505238,-0.022037264734374073
-0.18107939929637726,-88.47405330812069,-37.99653608276414,-5.897504508397748,-0.04395510078345595,0.0031773574193883214
-0.5362964175596473,-88.71682299017975,-38.22632622920876,-5.969491248396201,-0.07221447179237973,0.0154307068800414
-0.3749108080267766,-89.64697430623325,-38.74732237457786,-6.069022143579001,-0.047362381291195896,-0.009015720570897952
-0.22742669746006924,-89.96785461033359,-38.960866730706016,-6.117437256765473,-0.04349148225833799,-0.021221741591125397
-0.3021183303766492,-89.6452264603376,-38.41478844586938,-5.930278803263049,-0.08638846934485596,0.01233870568586069
-0.8465536363563728,-89.73813572280581,-38.450624502885205,-5.940210997287731,-0.15258782031531928,0.022724637631782785
-0.5333178545534174,-89.54527312509632,-38.23840675930244,-5.881025947739437,-0.12146505219486109,-0.011894670727939888
-0.44920272715176873,-90.04803965500477,-38.61239520272031,-5.973640181617197,-0.11663880237950015,-0.01606904489823749
-1.1986358587545465,-90.8445655412916,-38.62548588107749,-5.874632801235793,-0.23975049931234071,0.015181478151150046
0.9843801770686246,-92.50131922176305,-40.25239322933265,-6.335798903186539,0.0998315950624924,0.009229718716720665
1.8471485730583184,-91.91633726860486,-39.80560554970251,-6.22656150286191,0.20033351785327258,-0.014649363796604541
-1.885609640351203,-93.88238163828373,-40.56627366169172,-6.303282328470971,-0.3141393484994031,-0.00913772834353904
-1.7916662070139973,-93.6697082846542,-40.23920256403956,-6.194297868706135,-0.31872331356343403,0.011929130082876814
0.17444865517991603,-94.8535819120935,-41.509533085938024,-6.5704094281289995,-0.010496915911194865,0.008632608462238862
0.14452053588313274,-94.60217507345435,-41.293461141880954,-6.519104604993662,-0.023179238682635536,-0.010728262053504713
0.3861304243913808,-94.94880182283552,-41.51461463328092,-6.566752031502275,-0.009526196099704981,-0.018740586734851444
0.27193265188750193,-95.00364704326608,-41.51827636359998,-6.563345354072282,-0.032795448868829874,0.00983412468034137
0.4866878207375856,-95.41640898009993,-41.56651925391607,-6.533860712883689,0.0014501124371362056,0.01680208259867713
0.19580058120501537,-95.84014493811497,-41.74902641650646,-6.562116227637198,-0.03883170954529706,-0.011439115804147618
0.47012107035105,-96.27848089429817,-41.65146257490531,-6.459709335419635,-0.04654358711814449,-0.007277682630715709
-0.2267615268013105,-96.76388075003729,-41.542318827387625,-6.352245006406357,-0.15373789691129153,0.019678626221135597
2.70805385920635,-98.0715882637245,-42.61338885097903,-6.621128771541029,0.2586709274959616,0.01098007335319964
3.422417622142163,-98.14516798117046,-42.69691771747501,-6.646003327631384,0.34559617690550787,-0.018777639230675873
1.382845423885288,-99.34655917430241,-42.658940979308944,-6.477681342197014,0.026932743404793152,-0.008111047175572563
0.7023751290635555,-99.15940963888647,-42.398890136599825,-6.397157005810681,-0.06289016153255746,0.019989811515037852
3.0956890150817338,-100.13338295738295,-43.19803943135567,-6.597724473853597,0.27443202585745735,0.008466317470670389
3.734022214661724,-99.8589785246458,-43.15715016228119,-6.615942406805328,0.35235354565524846,-0.019892385625459835
2.3443854779165103,-100.72061059088985,-43.15625157261793,-6.505499819599433,0.1322471755582298,-0.0073238941904946045
1.6468409945838005,-100.50523900367006,-42.93280471067247,-6.445174824909528,0.04614096108754588,0.0186603277044574
3.106644937181909,-101.19625824945038,-43.494389557916065,-6.587188219372902,0.2565287539916991,0.005699026015189632
3.563102174308028,-101.07536306118621,-43.51654099771989,-6.61156896250187,0.30795627091592426,-0.019675577566397665
2.768925885382533,-101.67203825927305,-43.58301392789355,-6.56255513255538,0.17885394510677463,-0.006182341987312435
2.3512157992532043,-101.67921479106208,-43.52991818609545,-6.543660198461956,0.13342277357845092,0.016918428733838257
3.0992288904752208,-102.16356451005849,-43.89884156975328,-6.635403006960559,0.24559755974769715,0.00249512375121516
3.284307278029779,-102.27586816065957,-43.97083384953625,-6.650584082539498,0.2566858571651258,-0.01923788949458979
2.938454506921805,-102.673040428417,-44.05683362204227,-6.63463778144664,0.19369400105703727,-0.002544708503029508
2.9115054886610627,-102.86528325275111,-44.159226002454176,-6.655331578761382,0.20200833426803788,0.016516898010268316
3.1836195664891482,-103.16105904529054,-44.35661274907203,-6.702482232869579,0.24781826179983307,-0.0011879342880316513
3.21301475121434,-103.38143783269297,-44.370280902472146,-6.67924442033897,0.2311637897364756,-0.019126693938727693
3.0657836396495712,-103.63814115265342,-44.55147178157169,-6.721704860243198,0.20513441138961958,4.7198701794150765e-05
3.296760367116086,-103.85797142220386,-44.59226989113168,-6.712137676125262,0.242731976305323,0.01620191736470242
3.161060489829148,-104.11005690344446,-44.814204116357374,-6.777665509707886,0.2375635070247588,-0.003588116353585775
3.395418700229278,-104.32679133701737,-44.7701435752654,-6.729314733151262,0.2424274355342727,-0.01897763998868601
3.254578595592704,-104.58441294990392,-44.97952114919216,-6.783847872412802,0.22014392352296147,0.002052783313634878
3.5111698378500735,-104.62692608364785,-44.857953822874606,-6.730107011057909,0.25803044585111196,0.015881097864849505
3.3390278696379014,-104.94743690301613,-45.14439877512072,-6.813707796408991,0.24849262918764434,-0.005832493449982629
3.6750584380308724,-105.08802654541812,-45.045172193551046,-6.75177596747328,0.2644202804846818,-0.018755910186360462
3.526596822599826,-105.38983985150625,-45.31273839713088,-6.825093968373607,0.24463045740717193,0.004234534984974803
3.776014174187556,-105.48975455211948,-45.21788680146713,-6.775463749457159,0.28241066778230745,0.016478590679124668
3.4567705799852337,-105.77383944158098,-45.4774080168523,-6.853321519759372,0.25232212899133505,-0.007704907130457509
3.919300976698975,-105.8293038913294,-45.321815982502414,-6.77830812883202,0.28235715625397195,-0.019212216719031342
3.822824412815999,-106.12063162074081,-45.62191783191377,-6.866696706450116,0.27285555968802544,0.006279744343362626
4.015288052945609,-106.13137100610494,-45.43176851082835,-6.789684120150357,0.3017430912720842,0.016959740150641032
3.5486476172591477,-106.42820310046227,-45.70117987023496,-6.870623107001718,0.25142361706455907,-0.009724324054781183
4.199536789852211,-106.37885184501192,-45.482325292766376,-6.781824237480455,0.3037295639706089,-0.019374762963356905
4.172149975394024,-106.69390681377924,-45.85460831125098,-6.897422984370299,0.30829488773415265,0.008436398326635638
4.258631027961016,-106.59198645877687,-45.536393555025406,-6.7825680734979485,0.3207528144929626,0.01700416422891616
3.5739665246813845,-106.94165189602954,-45.83922006215941,-6.871379760017906,0.24095079527841143,-0.011854261516005372
4.497840851367692,-106.75254644569664,-45.54607787546497,-6.7683593370340835,0.32693387798823387,-0.019029096424374933
4.5811774514896415,-107.13388827913441,-46.0453543201175,-6.928475238915948,0.35312360186715497,0.010615886500660492
4.470192645061942,-106.87256829184116,-45.54403136912292,-6.759289924835111,0.33551018192667903,0.01635049125853387
3.434433353542642,-107.33988855504424,-45.91399903609435,-6.862133998237071,0.2088655431020916,-0.013916641893799351
4.784339042151293,-106.93966034689208,-45.52979811166157,-6.746614748044484,0.34949690784672943,-0.01777233633327578
5.013692583792894,-107.46987685268839,-46.23481011627786,-6.973448929106931,0.404155984217073,0.012292357692320217
4.607029293721026,-106.97602899089827,-45.492402702208395,-6.735726952521521,0.3422888638715662,0.014080570376040031
3.1261766120585075,-107.65766166303595,-45.97825019755843,-6.860734839226928,0.15627715433819145,-0.014829205631382082
3.607252518255088,-107.27721035227083,-45.37002049865045,-6.650633834958143,0.17329861218939663,-0.006475618785924416
5.474689118516748,-107.7256541045516,-46.60258652462552,-7.1039513316068525,0.4711376510439742,0.01250239271718811
5.781432730654148,-107.09815034523088,-45.78761969963961,-6.851159024041948,0.499868018835387,0.0033409170640932803
5.939324650012191,-107.93489135959906,-46.11120960594299,-6.87611623664565,0.5061731795049064,-0.021551566844845497
4.8277818593291295,-108.29867213698753,-45.62544895768206,-6.627642333074523,0.3076730729615664,-0.009967500070131113
4.243925886282912,-108.01567652431179,-45.14441140805452,-6.467552287943267,0.22479421413413578,0.015238625521920042
6.837850555128013,-108.54062254807926,-45.71797434034112,-6.630877533261371,0.583859937927784,0.0015417733319938048
7.123183383533335,-108.14392233800157,-45.638356059893816,-6.648059068338891,0.6132237888530636,-0.02534215555335398
6.022272822945262,-108.3718440038721,-45.381427228392035,-6.514800994920693,0.4382768397912986,-0.01187836088366373
5.146769145518923,-107.86662852008962,-44.835015008773524,-6.358819753250734,0.32516028299571403,0.013768018744111328
6.482131666376324,-108.27457570118733,-45.372992590815606,-6.52835271644774,0.523362068795172,-0.0005120812406808459
7.427308977618758,-107.84034357407603,-45.27395832608586,-6.538503948419022,0.6352018829544138,-0.025422567104303007
6.38431005720697,-108.22301187082633,-45.28660456578438,-6.497873792082628,0.4805433142193677,-0.009854826781105087
5.695044027944138,-107.84339625375056,-44.83215630745238,-6.363684078189548,0.39379025643157983,0.012468986612669713
6.3633563891151494,-108.18273705066721,-45.30589141984695,-6.518663448780581,0.5043034400324271,-0.004381469959497342
7.107731957189966,-107.91442688003845,-45.204384015009786,-6.506691456848133,0.5844742439323155,-0.02500219488436596
6.433313528082403,-108.18639474342699,-45.317519881440816,-6.5215788840374085,0.4869793771165492,-0.006818435915585437
6.099055539909072,-107.9703275857009,-44.99650260125943,-6.420809816066301,0.44852340917458633,0.011569509370898172
6.154923103390491,-108.17470800354428,-45.32454071807707,-6.535799807573911,0.4751611315952843,-0.007768682382398723
6.804944908263848,-107.8411949332622,-45.084495808833275,-6.475236513121642,0.5367688481645668,-0.02435446968139393
6.4416411059959735,-108.06412839862702,-45.32134874306041,-6.547421252761516,0.48873189495833047,-0.003664830740444825
6.399662023083893,-107.80249194289027,-44.977636908317024,-6.442685386037954,0.487211303501092,0.011514182690423331
5.852264832417291,-107.99669541267824,-45.27384613808708,-6.548863003262294,0.4339910782237674,-0.010494595445974746
6.613790661369015,-107.87073940462781,-45.01375322819981,-6.451863816434854,0.501151306687298,-0.024185156350049072
6.556883077375486,-108.06560933158272,-45.394064412942264,-6.586870287135105,0.5027701798515563,-0.0012848033324993997
6.627664442756657,-107.91048678440654,-45.0008524629377,-6.447319827046478,0.5101746425517923,0.011858883832521008
5.617998988354796,-108.11991557252887,-45.28917685048714,-6.550428159805435,0.39530483441409037,-0.012446430955100606
6.761249159612645,-107.86841886608862,-44.942668045120364,-6.431831199513098,0.5086137628300711,-0.02452824869891566
6.885473733836323,-108.09297926687296,-45.45959341975321,-6.619875896941053,0.5419826596747085,0.00023929800578022554
6.73812128437652,-107.77618284728723,-44.82700336925186,-6.402974027481459,0.5137876577157363,0.011770458892890986
7.464673584797024,-105.51125331532786,-43.30095218695423,-6.064285980197382,0.5958342664200662,-0.018209290599564366
10.117995991327463,-105.53009359846789,-43.45563268735861,-6.114366472372003,0.9466714307174858,-0.030507569343186706
9.147580377572291,-103.70208997016846,-42.7356606950725,-6.0652080997765,0.8319669153046051,-0.011258893733095677
9.045400590565595,-103.53645466081994,-42.59652878408485,-6.03166415311121,0.815563047723517,-0.002219678797852057
9.018727572358674,-103.53713096349334,-42.52132682404119,-6.002181424252893,0.8074841574400689,0.005881276559547113
8.979993799783367,-103.64436125155616,-42.51873757272689,-5.988897120651208,0.7987567909622559,0.012936262218050016
8.931972566547028,-103.83241996090577,-42.57230522160912,-5.988340857689865,0.7895443854720715,0.019096476478699255
8.890649751727587,-104.01300961182297,-42.62389857772545,-5.98789659764582,0.7813018231521749,0.024534026385836544
8.856587139222366,-104.18810426746782,-42.67347770940111,-5.987283435293454,0.7740154598849059,0.0293610585133787
8.827813902309853,-104.35590273282202,-42.72092903126362,-5.986687422153721,0.7674884304741983,0.033645636896488765
8.803996983012187,-104.51701634920497,-42.766260557862964,-5.98605531905261,0.7616487988778762,0.0374516575153035
8.784652219290653,-104.67161996173895,-42.809410047244235,-5.985342759265395,0.7564251008898053,0.04083259573424831
8.769130750647427,-104.81977055817708,-42.850396400482325,-5.9845488759038385,0.7517378545776378,0.04383375874020602
8.757671116291318,-104.96198329165793,-42.88929391846175,-5.983646794221505,0.7475851541622838,0.04649400568599665
8.745948292018808,-105.09929871025957,-42.927069932446,-5.982862569774962,0.7433255184216775,0.04896134821640888
8.73706158715466,-105.22726606051339,-42.957845720194975,-5.980369877595641,0.7388789257373752,0.051264741264926125
8.727152642758393,-105.35174547415812,-42.98957460637493,-5.978639158495561,0.7344224459305698,0.05329980174951715
8.722898899394387,-105.47130513448523,-43.018813192053564,-5.976495562871227,0.73069295228806,0.05509967176188759
8.721541694906644,-105.58732738706648,-43.04746226658446,-5.97455917955524,0.7274226727780398,0.056683337783903394
8.723708716888936,-105.69724358623509,-43.07358202882692,-5.972373978006563,0.7246411165134696,0.058067260072546284
8.72874286707572,-105.802457126539,-43.09807506256553,-5.970120937328749,0.7222800018514389,0.05926909097751908
8.736513060819842,-105.90294835080115,-43.121039389335806,-5.967828454167567,0.7203205617894943,0.060304501040326336
8.746968119525361,-105.99929227653313,-43.14233479278503,-5.96539999618714,0.7187291284238765,0.06118778875346247
8.759762720337179,-106.09132899344793,-43.16214061249495,-5.962901407186315,0.717476637885105,0.06193193660395543
8.774770800033718,-106.1793565628021,-43.18037698247028,-5.960280400756118,0.7165322229498722,0.06254897755261943
8.791759418699472,-106.26345697892216,-43.1971840583687,-5.95757300424991,0.715870693394262,0.06304998424451044
8.810315407224909,-106.34429285047631,-43.21305242630409,-5.954902912338975,0.7154509623093495,0.0634462274760046
8.831297124181607,-106.42098400841992,-43.2269306726739,-5.951936735441595,0.7153367220830087,0.06374182947433386
8.853785729452712,-106.4942875994437,-43.23951246067469,-5.948876742285186,0.7154363123644232,0.0639470804367004
8.877849054501118,-106.56415792681531,-43.25075629086235,-5.945708786595849,0.7157502352245017,0.0640698681672189
8.903158144784593,-106.63078227174604,-43.26082505484599,-5.942468846456361,0.7162463389034435,0.06411747378875765
8.929868692031341,-106.69425588882756,-43.26958858719111,-5.939103428385099,0.716926928289655,0.06409660922799756
8.95768066634487,-106.7546283408437,-43.27714114166622,-5.935636808616497,0.717763900116257,0.0640134518406095
8.986370472714588,-106.81067863870618,-43.28291761574395,-5.931990773998342,0.7187268181491834,0.06387391562879415
9.015380710821077,-106.8652178603353,-43.28864112279008,-5.928524899225273,0.7197598404867744,0.06368327241072351
9.0445081919235,-106.91573177454502,-43.292951906299464,-5.925009038324614,0.7208381452090574,0.06344543278656306
9.07344797507319,-106.96041202839123,-43.295194326785676,-5.921393236537902,0.7219342168970196,0.06316645793481641
9.10584672778923,-107.00800197972549,-43.297819971111096,-5.91755202934598,0.7233869424145629,0.06285284977029595
9.13885321606226,-107.0529986783125,-43.299456991859614,-5.913631713834966,0.7249270939408989,0.06250743179779673
9.056127960490947,-106.98432982213043,-43.301269602303165,-5.925322653897569,0.7147009065258433,0.06278054284699519
9.21387319710825,-107.13874509886281,-43.29676870141036,-5.903978038508512,0.7287910473544036,0.06178657174782671
9.145277228875132,-107.09130378141872,-43.30444509455436,-5.9151869619807105,0.7200976045450118,0.06200310937575926
9.289985791755448,-107.21767708432846,-43.29349817331182,-5.894923444769794,0.7329971503944493,0.06071434587293625
9.263704711123594,-107.19114960063072,-43.29163397498333,-5.899229170041562,0.7286445636864273,0.060492432456504354
9.361961841335221,-107.28439775521186,-43.288742880521816,-5.886819687652284,0.7369771182928867,0.059478405793661634
9.321787646999145,-107.25250584837106,-43.293200337069784,-5.8945018765755295,0.7313355822669645,0.0593556232810153
9.44351834541675,-107.34875510911571,-43.28000238037351,-5.877338229866458,0.7420289561417734,0.0580127655149956
9.477138720915002,-107.37140364084622,-43.27543941172763,-5.873769482233342,0.743922013648017,0.057227028005113846
9.454273127220485,-107.32595677788144,-43.26468576072933,-5.876813988340729,0.7400580186861657,0.05678330114937415
9.557109768638908,-107.42279985145096,-43.26343129987626,-5.864612815234836,0.7489404834566713,0.055621770024517146
9.592829151068733,-107.44241168372811,-43.25725707764916,-5.860734930673848,0.7510802329721505,0.05481101016701773
9.567505725031786,-107.38667804016573,-43.24376518644334,-5.863996397136484,0.7470604140492021,0.054419245343964966
9.677274120668255,-107.48562495482244,-43.24070155421164,-5.850739096148624,0.7566367124423501,0.0530688302908204
9.7136782395865,-107.50046105128567,-43.23271438246854,-5.846727026638212,0.7589027864626572,0.05217198940102183
9.750915177241268,-107.5143711181051,-43.22397900242598,-5.842507260448907,0.761235738200258,0.05129344757376079
9.747393276826946,-107.47117751522791,-43.206529010764406,-5.8423429173586445,0.759388418935881,0.0507137785840741
9.834624072029552,-107.54574260535625,-43.20386224550543,-5.832517982403038,0.76680143376347,0.04947354328309556
9.872395794253935,-107.5556621428847,-43.193702673274444,-5.828221193058633,0.7692380050957989,0.04855233523865395
9.911145087008238,-107.5651058205871,-43.182705072210176,-5.823625190219033,0.771743699387837,0.04765094766724274
9.92510202699084,-107.5376772418318,-43.165378747086386,-5.821353213850525,0.7716872429815477,0.0469083476712248
9.993968514177515,-107.58446541815235,-43.15878150889112,-5.81359500910074,0.7772853635806338,0.0458319357529969
10.03260685558381,-107.59038610600572,-43.14668904609992,-5.809001540627658,0.7798150487491284,0.044929633934183824
10.060119038385308,-107.5786773256547,-43.131255237351716,-5.805370042988594,0.7811746339242653,0.04411330990175181
10.112739675828145,-107.6016748163843,-43.12117528435393,-5.799321430062273,0.7851379475798962,0.043145540644878466
10.141099993739019,-107.58936743814922,-43.10534536379123,-5.795595538011364,0.7865979520624383,0.042332964217561574
10.19296755732376,-107.60896893847696,-43.09410934331755,-5.78951316935045,0.7904882428805218,0.04138172318642833
10.229932131285937,-107.60703772337216,-43.07966232497674,-5.784954133572687,0.7928543309528783,0.04052880045216568
10.256440686026565,-107.58690163013004,-43.061019717347335,-5.781077930928778,0.7941145830077616,0.039761206740644664
10.269465026876258,-107.48857671620247,-43.002206553928936,-5.770807250107033,0.7933730856867529,0.039562084534120336
10.357909578081959,-107.62912842948835,-43.037110869899635,-5.767872988706838,0.8009331224877364,0.03892505905490767
10.393628214734365,-107.6262247740577,-43.02158640245838,-5.762960129410272,0.8029528635834745,0.038542525032837276
10.429740342038892,-107.62269877389821,-43.0057374442154,-5.757989826749091,0.8050215857997036,0.038160865290930795
10.464418923013222,-107.61785442930422,-42.99065251868344,-5.7535309955845415,0.8069671323979638,0.03774494753282458
10.500376424394629,-107.61259496635061,-42.97449037809376,-5.74865178204618,0.8090341840358892,0.03737250106850854
10.534536259605984,-107.6063923438395,-42.95915873500111,-5.744242222089671,0.8109412613764237,0.03701303585177482
10.570635328492827,-107.59966383397554,-42.94240887166467,-5.739300342205606,0.8130332382593023,0.036662762484401125
10.607642976434946,-107.59119656207184,-42.92416627582455,-5.733960399935068,0.8152082908796607,0.03633101234728858
10.644900068471141,-107.58346828310658,-42.90662673277483,-5.728816444086457,0.817420412542067,0.036004605497548255
10.68201470174929,-107.57544198273517,-42.889199993381546,-5.723752379495296,0.8196351416308664,0.0356886402296208
10.719242069445391,-107.56678937824223,-42.87154319989662,-5.718680013880765,0.8218681142850494,0.035385139188803406
10.755650506291133,-107.55787646948332,-42.85392994818728,-5.71363668259551,0.8239730639258994,0.035119283790968715
10.790042501749124,-107.54445684732794,-42.835362705148064,-5.70880475350771,0.825874112231784,0.03487660972267671
10.829438647927171,-107.53778453808468,-42.81768604706456,-5.703435919085032,0.8282966369651634,0.034612969976738586
10.863279248643076,-107.52286821783507,-42.79893684431386,-5.698705844833233,0.830172838299624,0.03438860610428067
10.902639320674341,-107.51503546440159,-42.78107391746816,-5.693392789195179,0.8326200153636949,0.034141199967757586
10.935854027184934,-107.49779197988397,-42.761852961383994,-5.6887726846039754,0.8344495555909474,0.03393859771174535
10.9757996632622,-107.49012176195761,-42.74398451777714,-5.683427189469957,0.8369803613725817,0.03370303772827458
11.00851950085349,-107.47139809040894,-42.72463234866361,-5.678924895350868,0.8387904950803238,0.03351846331845894
11.048644641459136,-107.46281206659597,-42.70653115490239,-5.673597981181336,0.8413598802444937,0.03329817897434512
11.080194950626046,-107.44167131955216,-42.68677384633184,-5.6692361012867805,0.8430767074818163,0.03313510460993324
11.120822894508736,-107.43330020320778,-42.66882558462199,-5.663920847249937,0.8457298035177724,0.032925396655366174
11.154581035600467,-107.4145518362823,-42.649547214087676,-5.65942307331953,0.8476975499772686,0.03276489136902978
11.189473326179652,-107.39698103075591,-42.63017455768554,-5.654739116331388,0.8497855858208931,0.03260495551894582
11.22835918444595,-107.38483984754808,-42.611725415454465,-5.649695864685697,0.852298900333154,0.03242781254337547
11.254118314602096,-107.35049985302494,-42.58897081000958,-5.645817296764562,0.8534770509961733,0.03229761908706662
11.300819454176919,-107.35107053639715,-42.57325863507737,-5.640208797643338,0.8568390369961495,0.03204470416862369
11.335510202022078,-107.33224075517984,-42.55397201901345,-5.635680584742261,0.8589811605231215,0.031870177173695675
11.370495516213083,-107.31301112670705,-42.53464683937413,-5.631178884042823,0.8611664119067347,0.03169893651632974
11.39535157160943,-107.27639820939011,-42.51173517180216,-5.627503030335468,0.8623078297132395,0.03159710932335393
11.441598204900707,-107.27529597897669,-42.49585513182233,-5.62203166929601,0.8656754834957682,0.031368027317585125
11.475597664729575,-107.25445491858633,-42.47636767822687,-5.617657753363217,0.8678037870037354,0.03121601960873343
11.509700682324056,-107.23328352522897,-42.456962338989726,-5.613345352973162,0.8699594567927711,0.03107033554242122
11.535812581009566,-107.1979300872774,-42.434636549938546,-5.60972266811257,0.8712832236607273,0.030984155920094406
11.579219256049699,-107.19136601129502,-42.41782104638322,-5.604552327616625,0.8744183861916677,0.030790665243681407
11.612870832277052,-107.1687650052599,-42.398141685557064,-5.600315025378705,0.8765588315089712,0.03066369240012608
11.645726804605344,-107.14500889203818,-42.378474658195714,-5.596216205596538,0.8786401739128503,0.030546730422487355
11.671519610428215,-107.10846534405857,-42.35607612696756,-5.592691039566095,0.8799870489910934,0.03048292562788255
11.714245467765132,-107.1003451808749,-42.339156497356164,-5.587668398900343,0.8831060197569732,0.030312606305786364
11.747122682012016,-107.07586532263073,-42.31939719006691,-5.58361331042914,0.8852252482825906,0.030210363382567284
11.779935812677477,-107.05116593069123,-42.299584018966605,-5.57957019722718,0.8873484494399653,0.030114302884247292
11.802775807114756,-107.00929648444051,-42.27651522432065,-5.576418872679545,0.888456996365661,0.03008761572643895
11.846298584746862,-107.00242679985442,-42.260121317682206,-5.571450876955607,0.8917078679114958,0.029929868426394734
11.878156273519282,-106.97604078665101,-42.24022124668618,-5.567559176765156,0.8937822213914817,0.029852240192171697
11.910185164713782,-106.94951610192089,-42.220307568387234,-5.563687706987368,0.895880964258651,0.029780144125512987
11.935618132161137,-106.91221437529722,-42.19865534917039,-5.560497009491232,0.8973183708204078,0.029755897317210765
11.974489363796389,-106.89654634821643,-42.180579786491826,-5.555957672846446,0.9001453228095819,0.029647411018385163
12.005692685825817,-106.86865942365456,-42.16066650661481,-5.5522389994741275,0.9022069989916599,0.029592135341330227
12.03212698776999,-106.83314734661809,-42.13951322259042,-5.549013683717073,0.9037866806825098,0.029574220093138367
12.068365041230699,-106.81291695440963,-42.12077063896118,-5.544777850955246,0.906385996612111,0.029495560296997847
12.098147332568827,-106.78261078773845,-42.10065916194963,-5.541283946290351,0.9083415243795895,0.02946354112915207
12.122840877195477,-106.7430910460338,-42.07871926543728,-5.538233007556379,0.9097795506281146,0.02947103072284423
12.16100962387197,-106.72619122351254,-42.06083245798029,-5.533907969819536,0.9126201662760766,0.029390484785965253
12.190736327775182,-106.69570447016785,-42.040830317033006,-5.53045446394937,0.9146168119137555,0.029368668970045014
12.216627663793318,-106.65906286933634,-42.01984607518666,-5.527413757758811,0.9162240928590722,0.029378837833803798
12.250713530102821,-106.63482012165102,-42.000769255812415,-5.523528534907904,0.9186892764207018,0.02933833651301319
12.275609996691392,-106.596365621518,-41.97962158529757,-5.520631058641205,0.9202282149500925,0.029362106706840065
12.309787909088703,-106.57224095135017,-41.96062097755286,-5.516762234229984,0.922726834160559,0.029328481729182405
12.335383570433669,-106.53529497822666,-41.93993980130052,-5.513847371247519,0.9243701346414401,0.029353455477374567
12.367249887536461,-106.5076141900594,-41.9204959095349,-5.510244496085759,0.9266630366114056,0.02934178145824277
12.388335355713014,-106.46156598677636,-41.89781312077129,-5.50768791998042,0.9278503248882728,0.029407844612670365
12.425288214175318,-106.44278711536273,-41.880306322169105,-5.503719033171052,0.9307017121876411,0.02936609331808926
12.452932136344188,-106.40878413411583,-41.86020136905599,-5.5006400662411865,0.9326076882715874,0.029390199596591393
12.46675600960956,-106.34786671272313,-41.83386064207115,-5.49847548444451,0.9330603924188566,0.029513457513321354
12.38780841571971,-106.69610482283056,-42.11049985969173,-5.568181140237845,0.9252378862126859,0.028600205683122524
12.552984010401186,-106.3046058985125,-41.78575389944725,-5.486194926730013,0.9396201101888674,0.02923381564984439
12.57850416624729,-106.26596260836959,-41.7645616314991,-5.483224092184504,0.9413047632568107,0.02922414656203157
12.606786562426404,-106.24167344435628,-41.749491383506005,-5.480935945628223,0.9432456501709765,0.029187642269458903
12.633176112886924,-106.2177552576064,-41.7362890571541,-5.479353650249715,0.9450582145872757,0.029146697958030533
12.6589641885998,-106.1868147716157,-41.71973560296232,-5.47727735291025,0.9468614114833896,0.02910752069230108
12.684546259393526,-106.15064283058254,-41.70048356894474,-5.474766814987447,0.9486861874578538,0.029067860100733953
12.710143081327614,-106.11162380136105,-41.68000506185,-5.472101838252026,0.9505602597234682,0.029025052758039124
12.730925911157078,-106.04300936198896,-41.64697182212461,-5.467974572893794,0.952279528459002,0.029124565541985774
12.75751129206157,-106.00391446872192,-41.6264505309251,-5.465243715289068,0.954491286034538,0.029159570424566347
12.783618521053427,-105.96431706726783,-41.60596092196684,-5.4625849262918145,0.9566617384715853,0.02919399433883858
12.809623954250114,-105.92471743950895,-41.585535123659476,-5.459950878221392,0.9588283032007254,0.02922547922642506
12.835316769560492,-105.88490332853856,-41.56506855391481,-5.457329624201646,0.9609703187598604,0.029254211631683173
12.860996835412248,-105.8448620883821,-41.54465557370375,-5.454753143629317,0.9631190702429785,0.02928032846614176
12.88630916484381,-105.80470289960999,-41.52428661657789,-5.452212733944425,0.9652366056575761,0.02930527622353818
12.911349347045855,-105.76421402529488,-41.50403983053894,-5.44974565543787,0.9673378398453301,0.02932738262084519
12.936046422475883,-105.72338852979965,-41.48370248786551,-5.447289690149885,0.9694070082684811,0.029346630280239164
12.932571205827307,-105.67325010128783,-41.478208593067,-5.451971644499328,0.9687966601032367,0.029391437329897026
12.955740709736471,-105.63038528385408,-41.457982868274215,-5.449869911845832,0.9706791719149468,0.029254549811070018
12.984087065906014,-105.59141309380072,-41.43639029211278,-5.446731730150525,0.9730729781519837,0.029078949579721812
13.015003603077584,-105.55323360828542,-41.413663881968326,-5.443009455130033,0.9757744121132542,0.028861657769692205
13.052169927658815,-105.52693303754388,-41.39345550060073,-5.438811724862829,0.9791068113081537,0.02856213547527392
13.077214388873657,-105.48370514944156,-41.37180517749475,-5.436104078806237,0.9812521207240417,0.028309602464728426
13.102172074803532,-105.43949630618235,-41.349932191437524,-5.433427344360345,0.9834013293478283,0.02803975848219335
13.126982386878648,-105.39468660349605,-41.32767865199727,-5.430665414978197,0.9855428918523678,0.027753327431630437
13.151795571547424,-105.34954485839681,-41.305105970466585,-5.427812130147227,0.9876913976599507,0.02745218108031269
13.177169449843465,-105.3045943392398,-41.28242959975334,-5.424879067611464,0.989906077406178,0.027139183706957847
13.195484511197112,-105.25998525353347,-41.26506635540247,-5.4240243671198485,0.9914861362042565,0.026841472423207294
13.212920800683513,-105.21680470866693,-41.24951172320654,-5.423739452474276,0.9929956576394042,0.02653804630533556
13.233621577013889,-105.17160184622072,-41.23013631609556,-5.422159568542758,0.9948080419780498,0.026197856151566563
13.257273840748862,-105.12544025397753,-41.2077158771088,-5.419469736082506,0.9968608174480033,0.02588844940107117
13.285289378229347,-105.0765756575258,-41.180897903106526,-5.415329423418333,0.9993716545147058,0.025465419029601276
13.308023355211226,-105.03346472030567,-41.16111357944081,-5.413319088977662,1.0014023329468698,0.025184419838556755
13.32560825528398,-104.98274513936148,-41.140918978679665,-5.4120343413476695,1.0029798599024686,0.024821112233919744
13.34845597448871,-104.93791864646994,-41.12018126836054,-5.409832330842173,1.0050487594850543,0.024503491809787323
13.369849964386201,-104.89047080298339,-41.09895005566136,-5.407740417323632,1.0069788197030833,0.024191792486406506
13.388345622286451,-104.84174592226951,-41.07937587003677,-5.406462336391866,1.0086630028983505,0.02384300694901739
13.4094093716656,-104.79045956105661,-41.05616981797199,-5.40404075474917,1.0105873234078013,0.023507016474579583
13.423552427629257,-104.74355575325421,-41.04068830275637,-5.404165450781215,1.0118581424631001,0.02315717176536625
13.44179480779082,-104.69449603354833,-41.02085623197655,-5.402805051634507,1.013531262332841,0.022834314482709183
13.459926277979653,-104.64486955650514,-41.00073487467138,-5.401381208228554,1.0151995232768116,0.02251288343630384
13.478186659527484,-104.59485295705161,-40.98036440842441,-5.399914014910006,1.0168794132057775,0.02219401230068277
13.495920648291488,-104.54439132653549,-40.95997928126739,-5.398484948407289,1.0185196727673342,0.021877967285525938
13.513459120920448,-104.49344840974834,-40.93966044387359,-5.397134181190648,1.020146437118145,0.02156646489454044
13.530293691919928,-104.44208879814671,-40.9195142923625,-5.395896354713166,1.0217204232251502,0.021258973071890883
13.547309451361299,-104.39053712735553,-40.89902612104638,-5.394548178171879,1.0233156084254476,0.020953053007937907
13.564204221327477,-104.33853985114654,-40.8785527140819,-5.393242212618485,1.0249111245051954,0.020650180833963472
13.580899049056617,-104.28628864574817,-40.857986444765764,-5.391935124033547,1.026490858155846,0.020350374774721295
13.59731357901775,-104.23366125740151,-40.83744551975105,-5.390671430473022,1.0280545597228723,0.02005366981173192
13.613460867825822,-104.18056995768404,-40.81687809340423,-5.3894413791641504,1.0296034919005732,0.019760083346026473
13.629204956284266,-104.12716356283349,-40.79631006957397,-5.388243582721854,1.0311219227235249,0.0194696177149577
13.644965459331683,-104.07341487921191,-40.77562646905619,-5.387044150026043,1.03264595476171,0.019182253023865226
13.660497960354341,-104.0193340488374,-40.75496746821296,-5.385883084276518,1.0341587021423224,0.018897986954142753
13.675816731585934,-103.9648286986158,-40.734277226425455,-5.384751157177909,1.035660608128218,0.018616809324789436
13.690783402125144,-103.91004365209382,-40.71358035536289,-5.383646883114146,1.037135822196167,0.018338698082367492
13.705569364572952,-103.85485112880926,-40.69284833914895,-5.382568662608444,1.0386030617923423,0.01806363425766497
13.720185723615305,-103.79926272254642,-40.672079890459834,-5.3815154201480215,1.0400629203379432,0.017791596142881803
13.734400566932734,-103.74329204905445,-40.65141068896441,-5.380526980291232,1.0414985563080554,0.017522583653582526
13.748566538394895,-103.68707522627734,-40.63058620572274,-5.3795166703917126,1.0429306061209074,0.017256548387913604
13.7623572138953,-103.6303880778435,-40.60980686383655,-5.378561518913883,1.0443401126654404,0.016993495065904526
13.77603630807034,-103.57344224061092,-40.58903219208222,-5.377633360886685,1.0457466079331843,0.016733396766493887
13.789452810716027,-103.51607270148753,-40.56813490699673,-5.376705433303846,1.04713420558151,0.016476228161450664
13.802533899094788,-103.45836220845258,-40.547330364693586,-5.37583576790107,1.0485032425557905,0.01622198889177722
13.815542307973127,-103.40031476534995,-40.52647240477509,-5.374981477169576,1.049871888054273,0.01597064595191387
13.828327477442626,-103.34196816431428,-40.505537050749844,-5.374132391491959,1.0512242430304835,0.0157221804182559
13.840962780112383,-103.28316755265291,-40.48466217726829,-5.373338779538603,1.052576814546397,0.015476589220302235
13.8531511876152,-103.22409013950855,-40.46384448773008,-5.372588589097859,1.053896934616566,0.015233847896656058
13.865158395196385,-103.16463608021148,-40.44288998504225,-5.371830967233827,1.055203992534536,0.014993931460693841
13.87690265841015,-103.1047855434371,-40.42196653005457,-5.371115495032134,1.056498086304245,0.014756833821335386
13.888397251154014,-103.0445488340339,-40.40107029773637,-5.3704405002818145,1.0577800696675461,0.014522534615401877
13.899899304607699,-102.98403079871993,-40.380109035162484,-5.3697718722858685,1.0590679922227049,0.014291010703579092
13.911010043263438,-102.92317030736443,-40.35914780804888,-5.369133000003127,1.060327940359066,0.014062255609644539
13.921902016092378,-102.86184294295221,-40.33815804281514,-5.368524061965525,1.0615776048665917,0.013836250191932587
13.932827700537505,-102.80035618678943,-40.31715339130562,-5.367925613160723,1.062836218894896,0.013612968489676485
13.943146723875868,-102.73834827132323,-40.29618177806178,-5.367379855786083,1.0640504970424476,0.013392415533479278
13.953676321478019,-102.67606248840453,-40.275165121609255,-5.366842473243009,1.0652924830790629,0.01317455316588323
13.963466507924153,-102.6134055974012,-40.254204344985965,-5.3663544276316815,1.0664749306769143,0.012959388104373106
13.97349058865696,-102.55038159420444,-40.23314372178485,-5.365864402274303,1.0676869650850136,0.012746871453319795
13.983193292792485,-102.48716438352801,-40.21212472504371,-5.3654057615399005,1.0688755834973804,0.01253702390786857
13.992492711364235,-102.42332767886937,-40.19110678144476,-5.364994223099154,1.070040971719802,0.012329843703678402
14.001502042569921,-102.35931660581929,-40.17012688075284,-5.364609021103524,1.0711866254950437,0.012125295050924391
14.010629561126873,-102.29499246637567,-40.149014742668136,-5.364210787022863,1.0723467515385108,0.011923354429506774
14.01937611078678,-102.2301703001805,-40.12795534471291,-5.363865457301308,1.073485699656435,0.011724020702813509
14.027853862471037,-102.16509001958109,-40.106881163903275,-5.363537072309033,1.074605978349179,0.011527266425549224
14.036375551628776,-102.09968880434546,-40.08584074048612,-5.363243275319498,1.0757412348766247,0.011333070986801037
14.044238108399423,-102.03387273655056,-40.0647966044944,-5.362979906371891,1.0768240112154266,0.011141425813564053
14.052168826733126,-101.9676533416403,-40.043734468594046,-5.36274088796067,1.0779238714014527,0.010952295660343966
14.059860779956683,-101.90119870834648,-40.02265257214254,-5.362514941091257,1.0790073114536014,0.010765653912182045
14.067231077408067,-101.83438222519982,-40.00166506031298,-5.36234408194119,1.080073544431213,0.010581507261383172
14.074626654619353,-101.76733151406253,-39.98051198772168,-5.362142833932733,1.0811430650919147,0.010399810095970206
14.081464008597576,-101.6997315285011,-39.95949556067725,-5.3620208549431645,1.0821780640162297,0.010220581112852322
14.088253703039435,-101.63178780530546,-39.93842900856041,-5.361908757824009,1.0832164853749402,0.010043783790107499
14.094845156032816,-101.56363502498432,-39.91733894017644,-5.361805486920277,1.0842418931140725,0.009869407768766091
14.101394620836277,-101.49523874008476,-39.89625035270731,-5.361720591319834,1.0852710519852617,0.009697430683147906
14.107410043964983,-101.42621409844195,-39.87524421702579,-5.3617023645554,1.086267814609081,0.00952786171486535
14.113500356921618,-101.35709133963195,-39.85411778509924,-5.361658274188779,1.0872709857806349,0.009360656245400206
14.119071945177192,-101.28745065138577,-39.83312576110629,-5.361687647905093,1.0882432884153093,0.009195817997992163
14.1246331449512,-101.21749417556458,-39.812079969138615,-5.361721980271687,1.089222279900574,0.00903332032752118
14.130034100527928,-101.14725566433235,-39.79095514007738,-5.36175417070141,1.0901902407095614,0.008873138807269322
14.135182919642507,-101.0767094610884,-39.769922478979694,-5.361833949674436,1.0911465406728513,0.008715269429170608
14.140136905191513,-101.00682002012917,-39.749908133120115,-5.3622028246128925,1.092139263741674,0.008466761661724382
14.144198036978004,-100.93606085686046,-39.729712560066055,-5.362611934822267,1.0929922272595665,0.008249191449090405
14.148386401742243,-100.86515142894083,-39.70957597071384,-5.363029437745606,1.0939066228872039,0.00803103470762179
14.152666314607359,-100.79365790730171,-39.68915887588758,-5.363398961054276,1.094836859463967,0.007818688005945663
14.158737982063547,-100.7146497531384,-39.663160231623344,-5.362460479227074,1.0959961604819095,0.007572445097380773
14.161330257056058,-100.64689049538794,-39.64629831912026,-5.363704017930538,1.096800233625708,0.007305260788382583
14.16325995542079,-100.55387311647974,-39.6152021560276,-5.36233677830211,1.0975636716441144,0.007102091244241076
14.179642771829691,-100.468704737771,-39.57807054169636,-5.357857473852637,1.0998310142042436,0.007074655288847595
14.172662875343718,-100.42705634591569,-39.5837711048411,-5.3646880112912685,1.09971901140741,0.006891459790893463
14.173213521603124,-100.35586458387166,-39.56636755015434,-5.366067991715978,1.100362700025278,0.006792755744676754
14.186099199048503,-100.27484637245851,-39.53389750280279,-5.362790533797627,1.1022052441592598,0.006630904279048874
14.1901496057072,-100.19943977558607,-39.51148890502233,-5.36267299643266,1.1032131478897904,0.006503346254688098
14.192535874441248,-100.12468671108289,-39.49079984117771,-5.363130425937101,1.1040735789334484,0.006379868446445131
14.194402999940106,-100.04989772377019,-39.470628385502806,-5.363767137307223,1.1048994091297613,0.006256429850852904
14.195776792436565,-99.97414623341804,-39.45034586311173,-5.364433769561046,1.1056961560980143,0.006132087832114665
14.197348721428321,-99.89851260535352,-39.430005317436496,-5.365064939659199,1.1065200517636338,0.006007059639472389
14.198897897679915,-99.8226199072952,-39.409667400287965,-5.365704258711132,1.1073581328772688,0.005882145800084874
14.200373507311289,-99.74641502485154,-39.38933519505401,-5.366360715221727,1.1082041259380009,0.00575812953969494
14.201605394521494,-99.66991097859149,-39.368985101124466,-5.367026390179001,1.1090401550678968,0.0056355683117768835
14.202879561323403,-99.59312856458718,-39.348720322810564,-5.367730013276731,1.1098974341346006,0.005514897028876088
14.203739436187934,-99.51595585439435,-39.32835583808476,-5.368426211769038,1.1107256261759026,0.00539650574961591
14.2024062504678,-99.4388737880185,-39.31016010487504,-5.3698941451644995,1.1113780008754888,0.005260485936954173
14.202695821806536,-99.36079318888629,-39.289784423360146,-5.3706447530712,1.112149657204274,0.005138384118291221
14.202884720000862,-99.28234161551893,-39.26942604557212,-5.3714171449302235,1.1129289060579486,0.0050099227342840415
14.202574069368586,-99.20363088872503,-39.24923609701685,-5.372250776858586,1.1136772018820078,0.0048780516476773315
14.202395968331222,-99.1245976959726,-39.22893846047291,-5.3730683205880965,1.114447735377206,0.004744673606997128
14.202092410770732,-99.04533282266237,-39.208723262558145,-5.373919628958414,1.1152192428131067,0.004611034176488408
14.201662556639858,-98.9656410618743,-39.188489075219984,-5.374786403435935,1.115993357120928,0.004478460193724009
14.20094237025654,-98.88566090511036,-39.168271118833054,-5.375672787022532,1.1167493760850313,0.004347376246852856
14.20007453324047,-98.80535581127523,-39.14809807583974,-5.376586277803048,1.1175043712190789,0.004217776863342957
14.19891809347631,-98.72485858402487,-39.127992895232296,-5.377528007020613,1.1182409796317028,0.004089576222590829
14.197616379817543,-98.64394056474846,-39.10788535321336,-5.378489699926348,1.1189764026413886,0.0039626846819078455
14.196168044984727,-98.56270480109289,-39.087828312260946,-5.379480560144867,1.119709727368386,0.003837012959312348
14.194186158359248,-98.4810929768796,-39.06788882081757,-5.380523423063005,1.1204062366038514,0.003712488694181482
14.188680785373853,-98.400000365312,-39.05103305650522,-5.382640340598184,1.1207510968341132,0.0036048125878445953
14.186873918884958,-98.31787153627833,-39.03100205518419,-5.383676874943541,1.1214872835225929,0.003481840348943033
14.184811473180629,-98.23534100339126,-39.01103849522982,-5.384743416354347,1.1222207536228705,0.0033596558809192573
14.182718144956578,-98.1525832248116,-38.990979310553584,-5.385792282500999,1.1229575021687561,0.003238338157947294
14.180247848816514,-98.06938349198262,-38.97104864800849,-5.386896278999472,1.123678024975799,0.003117280755848648
14.17775733020325,-97.98596303688119,-38.95102261249013,-5.387979457666358,1.1244042176786697,0.002996126810255043
14.175138476963722,-97.90219504575313,-38.93103038872436,-5.38908499712689,1.1251332123563336,0.0028746827699454
14.172144740979547,-97.81799041052716,-38.9111676265043,-5.390243902563541,1.1258463994768109,0.002752830323187118
14.169270405252393,-97.73343850032377,-38.891186188542136,-5.391380801095105,1.1265814216450425,0.0026305331951429287
14.165877180860829,-97.64858000298452,-38.87135272045588,-5.392567302453358,1.1272841755333947,0.0025077950912736797
14.162599436758583,-97.56337345533092,-38.85140431515412,-5.39373260136083,1.1280081070615706,0.002384638979495666
14.159064227690248,-97.47862410173067,-38.8319113983798,-5.394993649051761,1.1287220680880843,0.00226370599324168
14.15456023753126,-97.39316777889816,-38.81280910096914,-5.396438559716881,1.1293458441272424,0.0021458545522263063
14.150373941855113,-97.30701602356034,-38.79320095760433,-5.397730845260319,1.1300301752318267,0.0020268813260188325
14.146289062364762,-97.22045993590295,-38.77344323911749,-5.398991923396821,1.1307341171953984,0.0019087440568009797
14.142078649190292,-97.1333836767487,-38.753445076814025,-5.400192952003501,1.1314390935829222,0.0017914448716232322
14.138117512598013,-97.04539171387609,-38.73285354669704,-5.401239525016404,1.1321876412521814,0.0016768518854427185
14.133900534988594,-96.95446474512873,-38.71064918503774,-5.401975987364786,1.1329126619258687,0.0015547059016845334
14.129200422956856,-96.8661067181335,-38.69056240748882,-5.403194496958181,1.1336129702664772,0.0014371120906084389
14.124243034684854,-96.77699009642289,-38.67035324226444,-5.404403662908277,1.1343130773186327,0.0013204332373307358
14.119846298895766,-96.68858554088514,-38.650319176231626,-5.4055845747408995,1.135109341481298,0.001204270513970031
14.115822040557248,-96.59799266638142,-38.62874179935283,-5.406392411952185,1.1359470816560524,0.0010875995846632072
14.115077295916953,-96.50360030046447,-38.60257668676499,-5.405874179263534,1.1371478226980405,0.0009424550814889185
14.107447863289687,-96.4159260810967,-38.58556600913221,-5.407945193401325,1.137661806716226,0.0007937818826904247
14.090685038975055,-96.34313188662382,-38.583538658246425,-5.4139396992460584,1.1369909442888115,0.0006026489007540679
14.083691162238951,-96.25686116347231,-38.56691901156102,-5.415992727705337,1.1375326538739343,0.0004357440075240094
14.075321043341116,-96.1626877105293,-38.546963784293126,-5.417575434640687,1.137984711435063,0.0002460691272207925
14.067497566027136,-96.07149784762049,-38.52837151839825,-5.4193399767611945,1.1384879006167041,6.632954461933435e-05
14.05964112725864,-95.98119104771864,-38.51052008141367,-5.421270131533458,1.1389881716545898,-0.00011304426495140139
14.05174155016078,-95.89081752160145,-38.49280537910741,-5.423216570999545,1.139504014574779,-0.0002940387956759942
14.043912290212067,-95.80057012543782,-38.475157430631484,-5.425161050160833,1.14003434433554,-0.0004781120735174798
14.03501738988383,-95.71363550341971,-38.460325891697416,-5.427762822561325,1.1404360365786892,-0.0006598465745442552
14.04522439903171,-95.60549391516432,-38.4202095820395,-5.423346774419496,1.1431688171374448,-0.0008052421130752405
14.031259135442465,-95.51772820148568,-38.40844786231849,-5.427049560041578,1.1430449312166486,-0.000932189261164822
14.016019484240577,-95.4389399918635,-38.402410817354124,-5.43186669171018,1.1426149023419814,-0.0011758283837545998
14.006832050348596,-95.3425220953479,-38.38261038727287,-5.433446598019232,1.1430969549203034,-0.0013818416551991848
13.995890603567094,-95.24906612702944,-38.365749223000925,-5.435778103504802,1.1433553647595116,-0.0015854913993966508
14.003135403035664,-95.14028283156193,-38.32778160698815,-5.432039147511679,1.1458331795076369,-0.0017489386880277455
13.984184887726146,-95.06256926881895,-38.325696721655056,-5.43804891143939,1.1450714282108179,-0.0019187942738241926
13.980346937130955,-94.95936668777117,-38.29831581171841,-5.437449326466674,1.1462108703553546,-0.0021208412104122944
13.965205161110408,-94.8728911352151,-38.28879178038451,-5.441565732966455,1.1459894557269807,-0.002315230109275202
13.965749769722626,-94.76430941807737,-38.25578353537906,-5.43943458387443,1.1477466844119981,-0.0024930900074844704
13.942589158426198,-94.69132789540473,-38.25987332390166,-5.447023929115346,1.1465423169167561,-0.002704142894254439
13.93177682790402,-94.59220026079986,-38.24043720509182,-5.448736774521274,1.1469337669350979,-0.0029299769523108304
13.920247997737594,-94.4984360904698,-38.224912971125455,-5.451313188994052,1.147221765803913,-0.0031471649324593363
13.913012001675067,-94.40310750155662,-38.20554835773048,-5.452641373478864,1.1480009162627673,-0.0033578631479023132
13.917332693071483,-94.29323247152146,-38.16990675084227,-5.449551602903046,1.1502660419512662,-0.0035251912488802085
13.903670500099539,-94.19604187616017,-38.153574951730185,-5.452041200824113,1.150319064200121,-0.003689690200625802
13.877814952762964,-94.11937075437437,-38.1577952022934,-5.459796678322763,1.1488264683949267,-0.003926159887185302
13.870207233410861,-94.0126995447326,-38.13251264467266,-5.459939734110571,1.1497229957815183,-0.004156073182468697
13.871955626175797,-93.90436758640666,-38.10004953459567,-5.457691105456856,1.1517245766982158,-0.0043318698001363915
13.843651269320812,-93.8285757319617,-38.1068043989416,-5.466146841908386,1.149963285026356,-0.004543595146648747
13.839755320874097,-93.7184918552664,-38.07743033936374,-5.465066026165594,1.1513621394028983,-0.004767292622036306
13.837686827074622,-93.6115059341289,-38.04834814754193,-5.463770249574164,1.1529114429644167,-0.004950039805979134
13.808422642166084,-93.5341110743281,-38.055264386709645,-5.4723112646437695,1.1510798805977627,-0.005170579752621438
13.797397697976058,-93.43158319454108,-38.035573233929135,-5.473822783737484,1.1516206445139516,-0.005410755066111552
13.800468036532068,-93.3274614914822,-38.00586637707332,-5.471915739059094,1.1539232574368243,-0.005601892787850692
13.775915974683944,-93.2314310446682,-37.99838829675792,-5.477041915203529,1.1526672310232478,-0.005807699633040681
13.766763777027652,-93.12671848484217,-37.97633817684307,-5.477804587923727,1.153453820588419,-0.006022538369452428
13.751722580412233,-93.02980604615313,-37.96278424384706,-5.480790969970569,1.15347349941717,-0.006234926042914893
13.741787023468282,-92.92675062944897,-37.94245948942372,-5.481927959839006,1.1541769940882065,-0.006444321458748307
13.721163617822617,-92.8347417739229,-37.93591801948015,-5.486824059192223,1.153518316390435,-0.006669816357558767
13.711393166115712,-92.73267368747575,-37.91666123874532,-5.488168832379541,1.154324568644264,-0.006886793148608289
13.695764639458906,-92.63122249282657,-37.901188784593636,-5.490745364978337,1.154289616309393,-0.0071179546090967254
13.68467281715089,-92.53014132792198,-37.88367640461349,-5.492530967520175,1.1549276801845514,-0.007333149310258337
13.666316829058115,-92.43062500121967,-37.87141690185788,-5.495959640602932,1.1545812229020727,-0.007570602527370489
13.65269320663224,-92.33409069987995,-37.85870011808488,-5.498911233566905,1.154939675743048,-0.007801643523417425
13.64398104158286,-92.224150249182,-37.83450313339963,-5.4990662002769515,1.1559046331303917,-0.008010458661056822
13.621302939725487,-92.12610909229434,-37.82620906308029,-5.5036229787899025,1.1549974224703563,-0.008259328708527146
13.603208777871773,-92.03383268230786,-37.81956190879925,-5.508159821350343,1.154834944077864,-0.008520711530808696
13.57059928473946,-91.89167273326913,-37.793743429967904,-5.510740993093608,1.153260293171432,-0.00892219415846584
13.594194842457645,-91.79850624340756,-37.75596954875469,-5.50433807810815,1.1577083278086258,-0.008823174645849682
13.577627205353059,-91.69686949421106,-37.74180540511509,-5.506930331491752,1.1576430087161886,-0.008938332024263414
13.553304287239394,-91.6007627540614,-37.73659834352961,-5.512074180454489,1.1567072018718716,-0.009039053198005069
13.529935818257105,-91.50821943508639,-37.732321382780846,-5.517155311438838,1.155715571014234,-0.009230187317053004
13.512872233958069,-91.39915368856919,-37.714680268819365,-5.519086585845073,1.1556524398672372,-0.009423312882430297
13.494298816502171,-91.29423913688184,-37.70090680484455,-5.521971017053907,1.155396738862214,-0.009642158872924479
13.476052742107035,-91.19802331207568,-37.69258415619128,-5.525946877763635,1.1551612976261356,-0.009863228427542923
13.444792110986352,-91.06597951449923,-37.6726259154328,-5.529190327962901,1.1537069568197513,-0.010192121997812333
13.458299340680963,-90.96700010688706,-37.63959915579356,-5.524649529616621,1.1570773890000376,-0.010188814710214362
13.4302168844481,-90.87479731892452,-37.63992407549399,-5.531018516897131,1.1555519416550581,-0.010338924874307156
13.441563033491352,-90.7721959890473,-37.639552552645625,-5.537985975527893,1.1605109022106188,-0.010594609360618918
13.535429467983722,-90.67032947504983,-37.66005577883604,-5.551842414220004,1.1792831236839556,-0.010956837848548466
13.611642276819984,-90.56005641121588,-37.658675292738295,-5.559022351878027,1.1948112306530971,-0.0112526743628828
13.609936767735809,-90.45709588469039,-37.65738535371663,-5.565712837394205,1.198090391548491,-0.011430254639251961
13.626081990441797,-90.36080124612972,-37.66398627208957,-5.574399457630941,1.2042291026634162,-0.011697634883037171
13.671279033087362,-90.25144158354371,-37.669890131127346,-5.583923370925644,1.2154790604741166,-0.012025511700884327
13.707113632686632,-90.14807531095688,-37.67819617740945,-5.593764549779817,1.225292300943463,-0.01235679335519658
13.73679586711754,-90.04225918121524,-37.67412834910112,-5.599623503124894,1.2337342699402998,-0.012645126261462847
13.728417229774161,-89.92517939038447,-37.65330850557808,-5.600820574829635,1.235847377778788,-0.012852038333856113
13.691625120089013,-89.82438537856986,-37.647130845396944,-5.60553610618201,1.2337200595777942,-0.01302700135480215
13.662855722577808,-89.7248411842784,-37.6413129891802,-5.610176806150035,1.2326571212363335,-0.013263014551364923
13.677072154025671,-89.61264843527857,-37.63876272676745,-5.6169125359931815,1.2390385094657053,-0.01358279611607926
13.681170595483751,-89.50868163456552,-37.63948585321949,-5.62406559929194,1.2437427505442629,-0.013895996642470935
13.648173199791954,-89.41747765258063,-37.633739026142926,-5.6278861288207,1.2420793002339183,-0.014127199712112124
13.666721633031534,-89.27830235893002,-37.60698525504965,-5.628721600021488,1.2487870651556323,-0.01439530847769641
13.626937547630883,-89.16916956626477,-37.58287909703871,-5.62783045032115,1.2455348639850676,-0.014547552929838945
13.565218163402466,-89.04319687259142,-37.56264653590995,-5.629688290643793,1.239499853230557,-0.014495839460485863
13.520637963951764,-88.93254664894037,-37.542939342243436,-5.630189464724896,1.235793178712382,-0.01449795592500083
13.476301409691896,-88.82034475054847,-37.523244404650974,-5.630756083116815,1.2321480644455391,-0.014507192813467105
13.433371417015689,-88.71735342262193,-37.50970582504475,-5.63253324469609,1.228702420168071,-0.014541903922583135
13.392221452713764,-88.61213562430967,-37.494731478508655,-5.6339288805815935,1.2254804105172379,-0.01458887005496328
13.347521815616336,-88.5002270722469,-37.47859653791617,-5.635467969541157,1.2217942810095168,-0.014653049485225847
13.30042193775478,-88.38411794420546,-37.46243654974205,-5.637314031560017,1.2178071927835605,-0.014769234039808057
13.260635703141979,-88.27081290522487,-37.44450680251954,-5.638291123399624,1.2147008570316675,-0.014864653741297962
13.241271158222894,-88.15640125494572,-37.43834700488787,-5.643262127060028,1.2154593403234417,-0.015057964812975068
13.223177448022351,-88.0333508738441,-37.42714116096296,-5.647296969654663,1.2163858270228542,-0.015197826687914478
13.21429566550011,-87.92242602226688,-37.40912913595351,-5.64788089351161,1.218129173690455,-0.015253078984925715
13.189821240282486,-87.81062442888553,-37.39793099987399,-5.650788439403275,1.2177863521892707,-0.015374318584327676
13.16328220889242,-87.69848674842397,-37.387001422841905,-5.653753994467233,1.2171413677661045,-0.01549483458883297
13.135110826759265,-87.5859248177266,-37.37604722510834,-5.656690463944992,1.2162440420665896,-0.01561518885259525
13.10567624068155,-87.47297705540306,-37.36505240065829,-5.659592635781816,1.2151535519813421,-0.015737888948454973
13.07565070559414,-87.35959011453396,-37.35392964007365,-5.662435358348063,1.213951682167875,-0.015865095185151164
13.044700929677779,-87.24584444176446,-37.34276415108573,-5.665240007107962,1.2126061861922566,-0.01599881906867764
13.012970358389122,-87.13174965180953,-37.33156948951726,-5.668009833483014,1.211139001691464,-0.016140823952148216
12.981052943151631,-87.01733677357767,-37.32033405633893,-5.670740118031494,1.2096209482452152,-0.016292651362076065
12.948566694995929,-86.90258707903294,-37.30911130424853,-5.673448206103058,1.2080162108066703,-0.016455682503873983
12.915846178287094,-86.787508627597,-37.297779370660564,-5.676103269690764,1.2063623215445334,-0.016631127378456387
12.882846172045495,-86.67207511294613,-37.28655832025633,-5.678765621745832,1.204667670285707,-0.01682008119869604
12.84986461537943,-86.55647401916927,-37.27542214104224,-5.681421485414088,1.2029641459793452,-0.017023485212460814
12.840781773433731,-86.5186972634733,-37.29273165089496,-5.686673745193934,1.2038786506599322,-0.016803589884027508
12.768239834374823,-86.31758059275487,-37.24550071309197,-5.68447606084797,1.1968843405677356,-0.016383646325999663
12.72367723575304,-86.20049736550126,-37.235588478611156,-5.6873064378340965,1.1933258132447313,-0.016018939811657393
12.707033785634172,-86.13829703684445,-37.25523399339751,-5.695147991290744,1.193898669384811,-0.01571252473161682
12.665175989964712,-85.9648702078169,-37.217122037348446,-5.693348914160991,1.1911796169470246,-0.015272944932026954
12.634257707000142,-85.86429909357265,-37.21944735596788,-5.698595793640401,1.1897943239452022,-0.014963877496592646
12.62641123540443,-85.78852915567919,-37.22528522257352,-5.70286806431735,1.1915305793613693,-0.014570389745809244
12.575712788721063,-85.60874268494142,-37.18718161006761,-5.701423535179497,1.1875400611004192,-0.014118645154976444
12.540828015818448,-85.49540260198063,-37.18270587449589,-5.705334513515471,1.1855500590257233,-0.013767770140081558
12.509620954980047,-85.3951252340449,-37.185357971404656,-5.710442681421128,1.184071745875926,-0.013419726140267884
12.476293325767998,-85.25917629054445,-37.16590831467937,-5.711256127345363,1.1823427809961875,-0.013002798894478328
12.44905577084752,-85.17212172979043,-37.17300644118697,-5.716556455855726,1.1812459021730755,-0.012682080056801633
12.412160596631178,-85.0118394542,-37.139824769027626,-5.714767854378703,1.1790187653594528,-0.012243063252674428
12.37802212014772,-84.90081644762449,-37.13653558370327,-5.718546330555998,1.177047353637921,-0.011916640486213662
12.345025544407672,-84.79469810749303,-37.13778318330833,-5.723413261004093,1.1753606686086469,-0.011524124058387094
12.312438927893908,-84.6641204257205,-37.11898424049977,-5.723569332716413,1.17346340099279,-0.01121399773048494
12.278379713639257,-84.5300507607059,-37.103971448746,-5.725310294130306,1.1716911499596823,-0.010814042992787714
12.243710896829606,-84.44012803196912,-37.11632648480965,-5.732246689524365,1.1696884859156054,-0.010508449754528382
12.210536412247567,-84.28869285897144,-37.085600569535984,-5.730082207573077,1.167783655401083,-0.010101778592116696
12.178626142928003,-84.18008216580337,-37.08436542219809,-5.733911508483629,1.1660980645973196,-0.009812301172083204
12.144325628185646,-84.04504864457715,-37.06979373217347,-5.735618278652864,1.1642960211602038,-0.009426570596521557
12.109223416363362,-83.9386233301776,-37.07251122645442,-5.740474334242402,1.1622175096163867,-0.00912254194410533
12.076108397628154,-83.80844137893675,-37.05878408060542,-5.741854632666248,1.1604175193892678,-0.008812118336763554
12.041460010999211,-83.69761615510754,-37.06046968907893,-5.746664274906293,1.158513362701201,-0.008471503604234223
12.010354213010903,-83.56778986088618,-37.043839980346284,-5.746885058482557,1.156839616702374,-0.008211431364299615
11.980788064211634,-83.43335730075484,-37.033760206856904,-5.749673308354435,1.1559755801028582,-0.007862123736404696
11.942436665448778,-83.32980680052262,-37.03992246907894,-5.755107149967357,1.1533889616703383,-0.007575453256421713
11.909796737309584,-83.19948855081576,-37.02496417420081,-5.755737692485967,1.1515360489413407,-0.007319218118275121
11.882779894713773,-83.06392277861686,-37.01439039121654,-5.758255876171821,1.1510935565803586,-0.006982073055727875
11.844577624610997,-82.9503986233589,-37.01539461336141,-5.76262693596879,1.1485721466580463,-0.006708870450034415
11.820026074410146,-82.83897229971956,-37.01252524945222,-5.76543418957206,1.1480335432912228,-0.0064542407636407825
11.994258442653628,-82.7686463349458,-37.13261817261829,-5.804932380922735,1.1862196861614607,-0.006759593502223336
11.957634714197988,-82.56813115244435,-37.06142505716855,-5.792662418927291,1.1831394078502735,-0.006347535467484843
11.91340822295369,-82.42199101206465,-37.03572348094369,-5.790880361152347,1.1795297571669956,-0.006092324812092214
11.86611538807079,-82.3048785329577,-37.031988134036595,-5.793742377744602,1.1753712378237091,-0.005862697957364556
11.819490574651311,-82.18671800509969,-37.027888142022924,-5.796493108945336,1.1713087283610397,-0.005634860555446854
11.773907547471659,-82.06721386884344,-37.02333852496182,-5.799129587144599,1.1673858638990144,-0.005410642004231107
11.728847963309422,-81.94731226178924,-37.01899091873898,-5.801785463099143,1.1635362487303422,-0.005190085175205312
11.684348817114746,-81.82694834529576,-37.01488615310546,-5.804476688847176,1.1597652209336413,-0.004972835411579619
11.64178076907654,-81.70842835009714,-37.01156031460993,-5.807196551472545,1.1562574808238983,-0.004753585292850748
11.598718101793978,-81.59433376690562,-37.012416934133306,-5.810824731639123,1.1526615300300358,-0.0045356140063933315
11.552218382962264,-81.48486632968562,-37.020503953062,-5.816418563407135,1.1487983311408545,-0.004390164270523256
11.504103783217422,-81.32594590835669,-36.995680081621536,-5.815277658675388,1.1445089682740937,-0.0042377389105148515
11.456740162874514,-81.18692995383475,-36.985378078376925,-5.817202137795874,1.1404068876897315,-0.004084619792709576
11.409527476182012,-81.05514821023867,-36.9808900140837,-5.82032037892039,1.136353723809088,-0.004011262969928626
11.342903331132351,-80.89428421774899,-36.97017792560616,-5.8238645123600765,1.1297205524847058,-0.0040547500268928675
11.314984810657139,-80.77728905193982,-36.9633328004772,-5.824772263353429,1.1279584864489267,-0.0038053611037438258
11.285063360864546,-80.69929468526732,-36.98360297580269,-5.831055550312335,1.1256953079361656,-0.0034894076125098843
11.243140148109033,-80.5777957530256,-36.9849537645975,-5.8349558092195135,1.122184492550066,-0.00336068875069514
11.179766811379183,-80.43489971407185,-36.98699065244749,-5.840839817246341,1.1158813017326739,-0.0034332707491064787
11.162633741089566,-80.31839144612509,-36.97708711797253,-5.8404120265661765,1.1158707075743357,-0.0030879906191916325
11.117127671594998,-80.19153410604677,-36.97952375983716,-5.844896553794026,1.111981365199815,-0.0029936463781942905
11.080542638532078,-80.059390952291,-36.97338220693044,-5.846929813093965,1.1094657491752926,-0.002835367446911172
11.030665047343865,-79.94109098884091,-36.98568473436197,-5.853702642081001,1.1050284051658839,-0.0028097919913134084
10.997176581169953,-79.80827552331873,-36.978878012641346,-5.855446931076216,1.1030283552429065,-0.002708916313895173
10.964317184028658,-79.6734787684249,-36.970779753268054,-5.856860394782652,1.1011558827507097,-0.00259057131138381
10.936103933014241,-79.53887733972596,-36.96055452301033,-5.85748699139777,1.0999473889544704,-0.00247844176309031
10.902255722692583,-79.40354464713965,-36.953752993895996,-5.859201044317624,1.097966205090054,-0.0023365506277115665
10.868887000402058,-79.26651373463642,-36.94590326860255,-5.860642993556793,1.0960938951997328,-0.0021782318454136636
10.836083132413407,-79.12366836091046,-36.934563792984065,-5.861365981628161,1.094376844000352,-0.002029706810729339
10.813830138333294,-78.99085861846906,-36.923367309783096,-5.861163653649914,1.0940535599482597,-0.0017954458592065361
10.773913517455103,-78.86368958472971,-36.92765814709908,-5.8654235999954984,1.0912932414493441,-0.0016267624421015823
10.733617338906972,-78.73545517093477,-36.93203522203984,-5.869715925705896,1.0885022528015267,-0.0014558470290956687
10.69130958728543,-78.60776227203971,-36.93833746168635,-5.874497068473264,1.08541175269578,-0.0012792613499371648
10.654389112535839,-78.4746630534612,-36.93803826279289,-5.877522718259648,1.083118910123706,-0.0011036794488818898
10.617441267941327,-78.3412567392099,-36.93810429186232,-5.880606782201422,1.0808419657280697,-0.0009290219006319576
10.580377996359884,-78.20759250173326,-36.93849578444613,-5.883738014993334,1.0785691500780938,-0.0007555145290421734
10.54341992082441,-78.07376280420628,-36.93924954106259,-5.886922132932556,1.0763278584716043,-0.0005833068345984045
10.50644857378686,-77.93963268788889,-36.94023000510465,-5.890130571242856,1.0741027406279489,-0.0004124917143072302
10.46945508694316,-77.80536485794778,-36.941534688655615,-5.893381385004906,1.071892451903632,-0.00024313042969167117
10.432511886351836,-77.67082615300438,-36.94315930208502,-5.896677419731124,1.0697106268188725,-7.525472530643833e-05
10.395596290941167,-77.53600885054178,-36.945102028133206,-5.90002033555246,1.0675532589209424,9.112820461875591e-05
10.358613031078619,-77.4011062593118,-36.9472757165421,-5.903379992262382,1.0654002030925949,0.0002560396189755141
10.321821302877963,-77.26598549877836,-36.94981003079016,-5.906792122666221,1.0632935452451693,0.00041949939608078556
10.284876535146209,-77.13058241261713,-36.95262336656322,-5.9102405706061365,1.0611875031018934,0.0005815289449554941
10.248090522956643,-76.99502003953745,-36.95570416884116,-5.913715922928542,1.0591178713048184,0.0007421805169080107
10.211213536203937,-76.85919283249616,-36.959017538539996,-5.9172145738799315,1.0570540701864137,0.000901481543623946
10.174320626057234,-76.72321496833152,-36.9627024971888,-5.9207658560482,1.0550079031856519,0.001059468892165885
10.137406699380405,-76.58706909436465,-36.96661716776089,-5.924335146556379,1.0529732431149637,0.0012161844575367803
10.10053404373537,-76.45061862907697,-36.970762452705685,-5.9279276927890034,1.050961589135562,0.001371659909756008
10.06367687747005,-76.31401694002581,-36.97523535536524,-5.93156160948887,1.0489688932668537,0.0015259302494370595
10.02679961172021,-76.1771639576272,-36.97999036455457,-5.935227549360438,1.046992593468544,0.0016790440054404905
9.989789682300334,-76.04016629541422,-36.985031121261834,-5.938924730202262,1.045013435386991,0.0018310359747573653
9.9528271242615,-75.90284874333445,-36.990259855352306,-5.942633895936873,1.0430559944350133,0.0019819487063757724
9.91588395675932,-75.76536471699599,-36.99577709241917,-5.946372932101517,1.0411168836707247,0.0021318149123706093
9.87933186966968,-75.62903780820895,-37.002262461612574,-5.950279298461695,1.0392391139607835,0.0022854160374714133
9.842274746232896,-75.49124668913694,-37.00857584022884,-5.954166279405565,1.0373137600993259,0.0024353311875687754
9.799533112269371,-75.35848843264539,-37.02354912194173,-5.9604220356597395,1.0347290050016775,0.0023550083704714994
9.763667417966511,-75.22047811290636,-37.03072002887326,-5.964538906532403,1.033176900542354,0.0023050055601434487
9.7278447220222,-75.08220258481866,-37.0380146081995,-5.968641971951912,1.0316464366911875,0.0022585946667087824
9.691800339885019,-74.9437503397286,-37.04565148352556,-5.972789652692201,1.0301017314394407,0.0022148605260323534
9.655742669216133,-74.80503091847412,-37.053438522427044,-5.976936909004473,1.02856437732636,0.0021736226608692908
9.619440781602709,-74.66618770168695,-37.06148681943783,-5.981104003422281,1.0270059573268555,0.0021347065595444473
9.5831759542972,-74.52708465212923,-37.069785270353876,-5.9852963575793865,1.0254630327465837,0.0020979682608120998
9.546824317073341,-74.387748309989,-37.07829781491514,-5.989500963195725,1.0239194401881835,0.0020632738374706697
9.51024577894856,-74.24811984580518,-37.0870804676597,-5.993734627549323,1.022360076055722,0.0020304900190537553
9.4736612072377,-74.10835692070452,-37.09608184981283,-5.997977639155582,1.0208069092599115,0.001999525527597212
9.436837185457028,-73.96842965384711,-37.105312100267874,-6.002235227476689,1.019229480168467,0.0019702643682174945
9.399929813993506,-73.82816186437657,-37.114818103139896,-6.006525084514746,1.0176547551144315,0.0019426021298533161
9.362943683528226,-73.68763247354659,-37.12451248891501,-6.010819787088598,1.0160794280690877,0.0019164584317443818
9.325780371367197,-73.54702770151633,-37.134447841652936,-6.01512867445223,1.0144842949479858,0.0018917575012190326
9.288616171475772,-73.40616877227309,-37.1445316107556,-6.019433733615185,1.0128947638047143,0.0018684367255536493
9.251273638552044,-73.2649916254661,-37.15496431638664,-6.0237866605919175,1.0112974415809957,0.0018464180862059144
9.213794644944384,-73.12365364263218,-37.16555810298014,-6.028134239523118,1.00968585396022,0.001825668531984042
9.176332222868306,-72.981978846882,-37.1763615262709,-6.032496944115326,1.0080852595065006,0.0018061288963096504
9.13869107731257,-72.84019812603199,-37.18738726990449,-6.03686708388581,1.0064652693039788,0.0017877546029985486
9.100823452565322,-72.69820416252,-37.198733145241526,-6.041274686240912,1.0048246998787045,0.0017704931926729693
9.062923511060951,-72.55590954378904,-37.210217657896735,-6.04567698188335,1.0031848355594317,0.0017543465548014027
9.024946578557206,-72.41345649033977,-37.22195421871637,-6.050098248452188,1.0015380011724517,0.0017392978690352618
8.986781594491292,-72.27070480964859,-37.233932139195204,-6.05453801248628,0.9998758842040766,0.0017252079378187776
8.948589561759388,-72.12771462063152,-37.246088619922176,-6.058978296862515,0.9982160950184794,0.0017117876054796788
8.911414273895234,-71.98517313351897,-37.258168604875834,-6.063287114915916,0.9967210264740219,0.0016952795932562877
8.873723951806028,-71.84213285567319,-37.27064049677566,-6.067678632006762,0.9951530260311677,0.0016823723586286453
8.835326974736496,-71.69857881826317,-37.28337939801971,-6.072120262116496,0.9934851536426645,0.001673545066227166
8.796677756137074,-71.55463458838045,-37.29643919967086,-6.076612789683356,0.9917845972574235,0.001668442573516769
8.757864878059824,-71.41052015027854,-37.3096783904246,-6.0811037725551955,0.9900631468329855,0.0016660511065378519
8.718946069105202,-71.26609804407474,-37.3231056582283,-6.085600924870386,0.9883322186305572,0.0016662732089550013
8.679904449574995,-71.12151380652898,-37.33682077218891,-6.090123595872483,0.9865885763330321,0.0016690242985803077
8.640828039925989,-70.97663634550744,-37.350685744507665,-6.094641151262753,0.9848433946805936,0.0016742463595797112
8.60158138145318,-70.83156557752682,-37.364850428279944,-6.099187800783638,0.9830803779838608,0.001681858525036321
8.562258892501955,-70.6862504186962,-37.37922167405384,-6.103741977478566,0.9813101051361464,0.001691800724389003
8.514927180011338,-70.5435309984598,-37.399917013405485,-6.109896587250427,0.9780554153873852,0.0013453391817362602
8.491647203291583,-70.39265928399095,-37.40164818951884,-6.110859257244781,0.9791189419043085,0.0018273533738510845
8.451264030895942,-70.2471296377216,-37.41738386450899,-6.115621078614538,0.9772251535123386,0.0018997345513819023
8.410921043846448,-70.10143786851967,-37.43333409814412,-6.12038998939281,0.9753425003534963,0.0019710980147199294
8.369835561055003,-69.95824926289787,-37.45199394687364,-6.125731114599697,0.9733342778487623,0.0020413856691666264
8.32944505252393,-69.81227560108344,-37.46847001663891,-6.13053459493759,0.9714512125354786,0.002107014150755687
8.292636094898448,-69.66403790812352,-37.48130976102396,-6.134317658877515,0.97015063090109,0.002163517918985228
8.258492242235059,-69.51415672665509,-37.49185856943287,-6.137430209291544,0.9693190883599153,0.002202742621664738
8.217750568438937,-69.36690748485177,-37.508458344389425,-6.142135887952476,0.9673958099268546,0.0022565421484887107
8.176869358913509,-69.21932236279423,-37.52524807904066,-6.1468499318571705,0.9654494619658838,0.0023137762405945456
8.135789261062467,-69.07143274909362,-37.54229265932928,-6.151586223762935,0.9634757003543815,0.002374287852784267
8.094843583905886,-68.92336172341358,-37.55945077075829,-6.156303567346861,0.9615118385956783,0.002438092799684142
8.05369486215355,-68.77512327164168,-37.57682971967745,-6.161028531907743,0.9595152349580988,0.0025051664937875452
8.01247202745191,-68.62653416228997,-37.594482544743045,-6.165779519527393,0.9575123853505739,0.002575500356854346
7.971239495005415,-68.4777625877602,-37.61222058894196,-6.170505901886216,0.9554975826658155,0.002649100935806327
7.929854053741606,-68.32874557066795,-37.63010497310003,-6.175224610969332,0.9534560817460334,0.002725949520806637
7.888445974299395,-68.17945584288395,-37.64828398897042,-6.179972086447247,0.9514130786185132,0.0028060332668382562
7.846956334165232,-68.02993561534709,-37.66657082190907,-6.18470187169377,0.9493509657745515,0.002889348702985836
7.805318589090588,-67.88016718468813,-37.68512726206761,-6.189453040213443,0.9472685409927454,0.0029758957828057036
7.763751792540383,-67.73021711409505,-37.7038508156425,-6.194199872261408,0.9451881554275939,0.003065647349788997
7.722101442992234,-67.57994330888172,-37.72275173846678,-6.198949194801823,0.9430943521945084,0.0031585698730347013
7.6815683367891445,-67.42971507917291,-37.741104507711924,-6.203443270337038,0.9411577742026003,0.0032656242516716305
7.6397435630926145,-67.27901740606733,-37.760425875490334,-6.208208003526791,0.9390397878544812,0.0033589085916986123
7.5979694424446445,-67.12812944940298,-37.77992232613886,-6.212969537486662,0.9369212086388481,0.003452497889983939
7.555362643868662,-66.97710737277025,-37.800070441579905,-6.217866973497317,0.9346638844345537,0.003542709769328969
7.512492779480117,-66.82575633203388,-37.820625413131054,-6.222841091660378,0.9323546520070183,0.00363195892986549
7.470060087826377,-66.67413956613015,-37.840830869762975,-6.227666134176763,0.9301102687276408,0.0037273689006426768
7.427734262292755,-66.52233754702274,-37.861307224563284,-6.232501986500817,0.9278847443134686,0.003828525634449468
7.385567942766435,-66.37030227374895,-37.88176907252652,-6.237281455571912,0.9256852096767944,0.00393126853879931
7.340906964424716,-66.21753596769729,-37.90353447310795,-6.24244806618149,0.9230578533401683,0.004026453161996698
7.299116939496597,-66.06510995786121,-37.924211176557364,-6.247176464289703,0.9209109444780682,0.004134969696737763
7.2571659099478785,-65.9124266440574,-37.94504467613419,-6.251899604908081,0.9187389782705833,0.004247101833050821
7.2153032771557575,-65.7596610572472,-37.966107866858216,-6.2566313236815265,0.9165707759765553,0.004362487229173065
7.172710650248179,-65.60627519747834,-37.987413605727944,-6.261399072995163,0.9142837968372685,0.004524111821859359
7.131077764571931,-65.45242821271736,-38.00805925858237,-6.265930603726526,0.9121468587610271,0.0046614095648075185
7.088923936129008,-65.29877392985166,-38.02953768118372,-6.270623022690778,0.9099228791813153,0.004799623261102627
7.046831896730506,-65.14486645772539,-38.05115429213558,-6.2753085468689624,0.9076993938282483,0.004938257679852411
7.004611752724098,-64.99084140924842,-38.072996016346224,-6.280002060711627,0.9054500784681534,0.0050773874209723855
6.962218137130125,-64.83665178196536,-38.09520835419614,-6.2847457477058,0.9031706839398028,0.005217171251500446
6.919819982053877,-64.68229899362653,-38.11753243698967,-6.289470521142217,0.9008810687296875,0.005357488333284912
6.8773259204181025,-64.52754676702598,-38.14000350579428,-6.294193581068903,0.8985779164794991,0.00549821734069611
6.834935597904999,-64.3726390358581,-38.16264742476683,-6.298912894356908,0.896281368670045,0.005639338026042187
6.792312713038353,-64.21752051284271,-38.18552217742747,-6.30364569098902,0.8939467341745579,0.005780804679908822
6.749744698620196,-64.06205794528849,-38.208479887302296,-6.3083600274392175,0.89161435316596,0.005922578406585478
6.707196677201923,-63.90639776357753,-38.231634445174876,-6.313078718189463,0.8892782126624842,0.006064635977401799
6.664584087568564,-63.750566099342315,-38.254932965355394,-6.317788551967359,0.8869226934233615,0.006206926162660078
6.621888627919554,-63.594542411122276,-38.27837780540555,-6.322489818032896,0.8845470471178289,0.00634939882156555
6.579133095130142,-63.43828728575552,-38.302055573548756,-6.327206138393561,0.8821581316556885,0.006492042284332821
6.536437535016706,-63.281790379994995,-38.32587379391526,-6.331914076853419,0.879771396499659,0.006634788118873829
6.493696342292823,-63.12494812562992,-38.34970965730708,-6.3365893043781565,0.8773686286039103,0.006777613643132644
6.450838958638189,-62.967955284731964,-38.37385907551874,-6.341294358399987,0.8749470585166,0.006920494123044365
6.408078640039085,-62.810731231218604,-38.39812833560526,-6.345988693171159,0.8725290281834994,0.00706342794492474
6.365308030855721,-62.65316697434791,-38.42239150822759,-6.3506435636815795,0.8700999874419306,0.007206423407816927
6.322395436545432,-62.4955087173806,-38.44689729992419,-6.355311647029847,0.8676410836063937,0.007349495018563464
6.279607349994162,-62.337624954716524,-38.471512109718915,-6.359964870188616,0.8651906198112395,0.007492673090759238
6.236618972356602,-62.17946457589691,-38.49628568146304,-6.364618464557148,0.8627043791456467,0.0076359694444564944
6.1937081552089195,-62.02120137663901,-38.52127741875971,-6.369279508178929,0.8602198329544415,0.007779431236745076
6.150835190463621,-61.862669756734626,-38.54639933721611,-6.373933870028515,0.8577326304663259,0.007923092074614764
6.107796301386016,-61.7038645422951,-38.57165355587355,-6.378582559683137,0.8552133298767106,0.008066980301711239
6.064805247871966,-61.544863156654756,-38.596957234203046,-6.383203749284499,0.852685889177984,0.008211145229752
6.021778464763026,-61.38570121573954,-38.62250901369387,-6.387843097587367,0.8501464180673235,0.008355613378320376
5.978742296873719,-61.22631058401635,-38.6481224522623,-6.392458917588367,0.8475927355544097,0.008500425375007786
5.935611951743095,-61.06658340893586,-38.673901400025215,-6.39708088097573,0.8450204221884955,0.008645603367588883
5.89248596184432,-60.9067006189922,-38.69989794261765,-6.401714088781343,0.842440469298942,0.00879118169853145
5.84436343776421,-60.748538325902594,-38.730307351718864,-6.4075022757067295,0.838932598944636,0.008957312683003031
5.804222633651233,-60.58628924606383,-38.753037140639194,-6.411212858636117,0.836876215286644,0.00911259751703737
5.761174484664755,-60.42584955903824,-38.779325276281554,-6.41579245931615,0.8342794122804118,0.009269478291267789
5.7180843618354364,-60.265139335616986,-38.8056564916911,-6.420348046369649,0.8316637842059139,0.009425595031462883
5.6709943777041,-60.107989238390246,-38.83757049329404,-6.4262531439158685,0.8283381098048866,0.009568894115483638
5.62780211770581,-59.94702656670253,-38.86446668712637,-6.4308865985354915,0.825724397706702,0.009710804863819283
5.585662490331901,-59.78601999904742,-38.891034243871275,-6.435378030806511,0.8233157245566487,0.009848538187046424
5.542568417707529,-59.624802673661094,-38.91821448320423,-6.439999518916633,0.8206994636265861,0.009980045538402257
5.49942478595296,-59.46343934716951,-38.94551873747136,-6.444614884474633,0.8180625974954543,0.010105779342736385
5.456376643113275,-59.30204986130022,-38.97305558803971,-6.449242884788261,0.8154296695837298,0.010225657649978083
5.41387163343573,-59.14222234968125,-39.001614256993854,-6.453981590394834,0.812898009105147,0.010344120838241004
5.370536850648523,-58.98119293285561,-39.03013637993614,-6.458747337509193,0.8101963501770376,0.010448654756172484
5.327433149187287,-58.81901091233355,-39.0576768127783,-6.46327502935881,0.8075167969990381,0.010550475706563605
5.2843041857864295,-58.65641840937259,-39.08524525750657,-6.467782627741585,0.8048236291970878,0.010647212413942212
5.241224219282078,-58.49377957540304,-39.11305841997373,-6.472314526364723,0.8021247516820943,0.010748154007053055
5.200974486022503,-58.3137616339528,-39.12443149417541,-6.473223130202619,0.7999963693716179,0.010857242366412731
5.155100072538977,-58.16766555041452,-39.16855834202216,-6.481263013792235,0.796703133313009,0.010964758400128352
5.111852776078175,-58.004622771404456,-39.19673804363879,-6.485791520848015,0.7939401568253756,0.011080555223096802
5.069065852012791,-57.839303923749085,-39.22301213726418,-6.489874721285864,0.7912542031184348,0.011196622978389262
5.0276301846872835,-57.666141939534654,-39.24181254706549,-6.492291479771454,0.7888318296852908,0.011318170620110113
4.982394247726529,-57.5142111124472,-39.28151010528242,-6.499256299392666,0.7856183659040293,0.011439434972084798
4.939159564449323,-57.35050527213127,-39.310134711371674,-6.503774739359861,0.782805407811584,0.0115664397569273
4.898260506944199,-57.17322754117056,-39.325692935397214,-6.5054061767495295,0.7804637474750526,0.011700083201965188
4.852737961499612,-57.022496273294294,-39.36732080551779,-6.5127118177580785,0.7771467459544344,0.011831297135519137
4.80939770145326,-56.85848466326608,-39.39626057641991,-6.51721910534817,0.7742705253816714,0.011969402791847035
4.767165510193493,-56.688417902428725,-39.41959563973096,-6.520477534600261,0.7716113415427951,0.012110210217015449
4.72284183395092,-56.52995450471659,-39.45426933943291,-6.526178117814179,0.7684948843973218,0.012249479272084819
4.68214812906613,-56.351020417465406,-39.46926500539634,-6.527563849888082,0.7661259941482308,0.012399415222129428
4.636350991770117,-56.20071421180775,-39.512435659243394,-6.53507285490911,0.7626777292304734,0.012544891598628075
4.593011133292701,-56.03610431170199,-39.54188157062415,-6.539565829829222,0.7597283598304071,0.012698352447674163
4.549969776432198,-55.869522941348094,-39.56945044486462,-6.543620421962031,0.7568214890376432,0.012852689857751608
4.508374734252043,-55.69526725900494,-39.58971152308609,-6.546058900398379,0.754204508116912,0.013012234856905402
4.463055218528428,-55.541448007067864,-39.63009887775077,-6.552855999505537,0.7507837691527152,0.01316866685162477
4.41970145117757,-55.37629972033282,-39.65976029395547,-6.557303036036462,0.74776686657598,0.01333153980098786
4.3784554933212085,-55.199963831670296,-39.67829106827759,-6.559290262228112,0.7451719595844717,0.01350049577867075
4.333099777603781,-55.0459351172954,-39.71905329144749,-6.566101091352539,0.7416932134624555,0.013664475397714482
4.289743273217659,-54.88064312959424,-39.7489088939003,-6.5705177144091405,0.7386208884143918,0.01383521232067358
4.248173057317072,-54.70554658673855,-39.76899777297295,-6.572776946181094,0.7359097772410857,0.014011419830204463
4.20310542830207,-54.549744443186036,-39.80851396060214,-6.579252258235604,0.7324369518161145,0.014182694109148145
4.159740882555312,-54.38427786923485,-39.83849764372662,-6.58362934523566,0.7293061812422234,0.014360158860509393
4.1189872308898146,-54.204919307802925,-39.85467897385763,-6.584976768729993,0.7267165564094202,0.014545339397321628
4.073143178431187,-54.05310737121634,-39.89834526329604,-6.592282576167921,0.7230201231858977,0.014722189062468569
4.029750366239972,-53.887420929915905,-39.92840137088055,-6.596616291978496,0.7198319330885614,0.014907853751060187
3.9863879540882037,-53.72192760458134,-39.95862841908627,-6.600958295311322,0.7166248080447191,0.015094065657599574
3.9459146822427638,-53.54096005595874,-39.97354130287031,-6.601956696837041,0.7140254193675849,0.015288798761114865
3.8998649230672497,-53.39026819418606,-40.01865520843993,-6.609493677274626,0.7102042837476551,0.015472515463258955
3.8565184870424005,-53.224431613735874,-40.04888165459595,-6.6137886621779,0.7069512792311411,0.015666357565131763
3.8132215392850006,-53.058865290567084,-40.079175849977794,-6.6180664577764485,0.7036759237560233,0.01586092329411505
3.7724004071208763,-52.87996366916803,-40.096093086343586,-6.619422865405802,0.7009251550030335,0.016063018653929007
3.726684240964511,-52.72712371359587,-40.13938979699628,-6.626493716829293,0.6970946319070085,0.016254849234118216
3.6833297563877685,-52.56136883185374,-40.169639318794545,-6.630715270813742,0.693755595723852,0.01645567664154839
3.6400654512421218,-52.39567040618656,-40.199878717190884,-6.634914417344756,0.6904044502661709,0.016657433380264583
3.5996033035909663,-52.21526396244705,-40.21515872033139,-6.635847526467659,0.6876484943608037,0.016867757107125705
3.5536215456831437,-52.06406617139877,-40.260177916213244,-6.64322137631235,0.6836781098443782,0.01706461045148526
3.5103823014122515,-51.89845328210737,-40.290435574920714,-6.647377373289474,0.680273608627907,0.017272023229514176
3.467115620227967,-51.73285085905222,-40.32069090659979,-6.651516279734587,0.67684378815626,0.01748052864402306
3.426296337727641,-51.55501310938603,-40.338203462761896,-6.652869955047919,0.6739248792147421,0.01769647156750675
3.3807593373296636,-51.401522928258146,-40.38080867422561,-6.659661881857,0.6699571984082276,0.01790055188200729
3.337500126867812,-51.23619630003861,-40.41102008612358,-6.663744848627024,0.6664613040828383,0.018113786364268445
3.2942922563130934,-51.07080196108504,-40.44108324092081,-6.6677816186376475,0.662950913786702,0.018328361691154725
3.2538370537670223,-50.89141530478991,-40.456662044603746,-6.66866771422337,0.6600292720437513,0.01855138714483305
3.2079922698630083,-50.74004430784486,-40.50105272653594,-6.675785897343449,0.6559041755710047,0.018758935814325778
3.164818829189582,-50.57492933291302,-40.53110535344351,-6.679785401200206,0.6523402640954529,0.018977351046432108
3.121598479891297,-50.41001719977822,-40.56112357055983,-6.68376054941508,0.6487389755497699,0.01919722641779668
3.0807604043701744,-50.23395643436162,-40.579381695227994,-6.685177079964866,0.6456363114521367,0.01942423254993272
3.0353882138589348,-50.080259554753205,-40.62080569851707,-6.691599981302549,0.6415206149186561,0.01963847848280205
2.992287299263866,-49.91567684252243,-40.650685775735184,-6.695513523145033,0.63787433557848,0.019861778213955145
2.9495693200594517,-49.74898585068295,-40.67814233827681,-6.698893354713055,0.6342889403374989,0.020087818841221444
2.907411118039105,-49.58012480656412,-40.70309209708356,-6.701717490010431,0.6308035970323591,0.0203160589906934
2.8629943663684223,-49.42258315015013,-40.73968870605597,-6.707052063644575,0.6267937381115183,0.0205383558699429
2.8206950251479057,-49.2546791278166,-40.76526204936533,-6.7099988344719765,0.6232322468872683,0.02076891098230338
2.7768511939603293,-49.09471884922252,-40.7987733345211,-6.714645250827694,0.6192965180463564,0.0209959392918126
2.736582957133238,-48.91730228903949,-40.813782663475244,-6.715292696928733,0.6161420021454056,0.02123428908124408
2.6908084166942707,-48.76733008211104,-40.857280300104094,-6.722081155445904,0.6117403407232861,0.021453926169587377
2.6477771359883033,-48.604212690677585,-40.88661868482395,-6.725805530068593,0.6079168480608133,0.021685070183734764
2.6047091474083297,-48.44130278802423,-40.91581962669222,-6.7294907414879885,0.6040596867022712,0.021918250483087976
2.5634057317192136,-48.27057086162088,-40.93656398454223,-6.731348174652183,0.600576847763445,0.022157340621715167
2.518738090251394,-48.11583678570961,-40.97377745060837,-6.736752751575619,0.5963128650072551,0.022385781061191094
2.4757403727340193,-47.953502629757196,-41.002717879790154,-6.740371216308413,0.5923985774014479,0.02262190287943211
2.43525250837355,-47.77990846470931,-41.01918780618593,-6.741287089555016,0.5890254058420261,0.02286590127603384
2.3899304981836513,-47.629686969888546,-41.060083898140725,-6.747466004829517,0.584537545450467,0.023092446489337632
2.3469162720620056,-47.46817166396091,-41.08866830701978,-6.7509947587665335,0.5805486902737569,0.023329327490576073
2.303967282247193,-47.307170525012836,-41.117216893264626,-6.754501582117347,0.5765385216879252,0.02356854727705354
2.3292290941515366,-47.13295021641039,-41.09191357000576,-6.742533317168713,0.5852956122571967,0.021002026453392834
2.243078443229839,-46.973159165064814,-41.15140210622263,-6.756049690818616,0.5743954850111188,0.023812522607482046
2.2016028644386045,-46.812004498827044,-41.179448285972285,-6.7596747802667405,0.5710946424809815,0.023886921378897804
2.1590289307414836,-46.65179300660056,-41.20840115696382,-6.763535677404304,0.5675246898157721,0.023936346546920832
2.1160591231918184,-46.492277306701716,-41.237787912852816,-6.76750483783592,0.5638330563172554,0.023965542102926538
2.063127941821899,-46.332483627982604,-41.27148089062234,-6.77280765427032,0.5579644705244492,0.024007643167035683
1.9988912610171194,-46.17078613033194,-41.30847739455842,-6.7792999484813645,0.5495861627776855,0.024026503796274055
1.9512431289589578,-46.016477133175755,-41.34389011177181,-6.784768713427923,0.5447040836764736,0.023971673118761687
1.9095889417177065,-45.85962450023844,-41.37337293604004,-6.7887745491432145,0.5410551715386984,0.023851183508907213
1.8685376474699027,-45.703684644585735,-41.40240380806926,-6.792575404807291,0.5374447022909518,0.023687464334976392
1.8270888192210972,-45.54747055722661,-41.430986986862735,-6.796332815766657,0.5337222780825376,0.023482133843369352
1.7857771103349087,-45.39197624377826,-41.45957173207036,-6.800098899685911,0.5299856016894274,0.023238410425210076
1.7462786861289419,-45.238501541631,-41.48858731324795,-6.803858680846586,0.5265946388166657,0.022961606957981672
1.712622585499106,-45.087060717180094,-41.51607783043196,-6.807052531846049,0.5244114017151309,0.022683075896436276
1.6727588413528318,-44.93166304627233,-41.54196386047666,-6.81018128341479,0.5208909310150464,0.022369911683227363
1.6326061476750595,-44.77569063249113,-41.56691440839006,-6.81314719539746,0.517278524052958,0.022045565955777127
1.5924977852862008,-44.62105134008783,-41.59250546356446,-6.816240193686131,0.5136440966991301,0.0217107625456115
1.5533637689236226,-44.46730342941571,-41.61771788811021,-6.819210710897124,0.5101859735935266,0.021372667220763922
1.508213282205902,-44.31011410456597,-41.64191162772057,-6.822259351855035,0.5054341897444945,0.020996164963820688
1.4667670602925387,-44.15696102733732,-41.66742252121738,-6.825414492289857,0.5014224155693827,0.020632493478810857
1.4244788983669447,-44.002696641501686,-41.69155627968877,-6.82834208640849,0.4972113450021767,0.02026747462089687
1.382605849998513,-43.85148688004229,-41.71770661400831,-6.831649530372305,0.4930412603878795,0.01990792478100071
1.3410134568569096,-43.699000803786156,-41.7416967561228,-6.8345222532196,0.4889141491753444,0.019551763373419795
1.2969806368838335,-43.55245626518182,-41.77176108454363,-6.838709948297485,0.484199569668383,0.019198501536754353
1.2499031313345297,-43.411026310777864,-41.80767936544163,-6.844266492977193,0.4788306215138102,0.018856305845501783
1.2164718461660882,-43.2606009644585,-41.82686590454574,-6.845730375345472,0.47638397554566586,0.01854643763775078
1.1728583342917913,-43.11392266120484,-41.85376432843208,-6.8492007844058005,0.47165221834185844,0.01824775307593247
1.13020743001112,-42.96787829340906,-41.87986775744908,-6.852483302411898,0.4670942434886337,0.017942479761725055
1.0884903524354868,-42.82139903281781,-41.904314753571434,-6.855393646123861,0.462712380023128,0.0176368485480257
1.0536287598031358,-42.67417969720903,-41.92347433698242,-6.856863521892363,0.4597669220064184,0.0173209108257679
1.0115665761247532,-42.52910371109431,-41.947581921710196,-6.859711002286385,0.45524383413335856,0.017000607289545173
0.9693503489489623,-42.38489607093089,-41.971606430660884,-6.862540546066046,0.45064446519735885,0.016674382290969313
0.9270605836577112,-42.24150734324539,-41.995346698532046,-6.865305551746958,0.44598218930977845,0.016342086291227697
0.8848063249649285,-42.098780373103565,-42.018862472909234,-6.868026732291025,0.44129267242013054,0.016003130938481075
0.8425234761517248,-41.95697085713579,-42.04212411802801,-6.87068611073822,0.4365511500169954,0.01565783800793545
0.8002285144632643,-41.81586111091415,-42.06506909793081,-6.873281682817973,0.43176660803041794,0.01530648301814825
0.7553326849283551,-41.67754703864987,-42.09112079793597,-6.876623159482846,0.4263643813611186,0.014961526643357566
0.7103143138631648,-41.53863146510021,-42.115295954083216,-6.8795819741607325,0.42087619814705207,0.014607474630733017
0.6689647251516762,-41.39955998684075,-42.136599667532266,-6.881797506935051,0.4161636889156185,0.014236510220468537
0.6259973336075508,-41.26182228625804,-42.15898466088166,-6.884316352083337,0.41105669727915767,0.013858490879754415
0.5835068650777409,-41.124798423962595,-42.18067063883395,-6.88667407887006,0.40601638567578424,0.01347049516485578
0.5409975877154404,-40.98874457826173,-42.20220843421441,-6.889005467258455,0.4009311959566324,0.013073515770669368
0.4984244066676548,-40.853772153288595,-42.22358960444907,-6.891303589182086,0.3957915527517966,0.01266790070145459
0.4561407718283597,-40.71940927924005,-42.24450524797645,-6.893512785045955,0.3906875925664843,0.012253777959719249
0.41336322294034544,-40.586306632935944,-42.265464078273155,-6.895740983706607,0.3854232642508272,0.011832751098044098
0.37030325105701634,-40.45388352792128,-42.28623150267716,-6.897956051953231,0.38006551267322325,0.011403295660982117
0.3260961966939124,-40.32198570099726,-42.30666758222658,-6.90014099496398,0.37439979794975026,0.010962962634210644
0.282228170145297,-40.19226657017814,-42.327982330724396,-6.902498399473177,0.3687691659458959,0.010522830707592544
0.23983676796669554,-40.064647088692894,-42.34932801124533,-6.9047853626763,0.3634018830621608,0.010073800599897473
0.19818420300327022,-39.9340256376185,-42.36632024799498,-6.9062223660477,0.3582317500079586,0.009634165402825481
0.15759889417439205,-39.80692478552884,-42.38485446892793,-6.9078879940464475,0.3532067894056421,0.00917656219028533
0.11804191724086978,-39.674910163601794,-42.39709421040948,-6.908331659904974,0.3484748511539054,0.008737160352068897
0.07474489915584384,-39.55100321815076,-42.417484711264144,-6.910501083151837,0.342788222118703,0.008276092104924582
0.03277098169107229,-39.42655081013385,-42.435430804396375,-6.912149002521172,0.33738089345083466,0.007822626064565647
-0.011189526602598768,-39.30610777926687,-42.45715916684409,-6.914673202216756,0.33149899848439773,0.0073400847827768635
-0.04209505419723725,-39.179422145341135,-42.46605788617307,-6.91423197071759,0.32867678893717134,0.007035213034929088
-0.08744923327730736,-39.06036227184808,-42.48738722084796,-6.916825686451572,0.32250915245637146,0.006710170723891656
-0.12505009239542048,-38.93653972576015,-42.49919701672982,-6.917237243385432,0.31806440541749176,0.006364987850841284
-0.1728326269479971,-38.82131802275937,-42.52261029350966,-6.920362927264735,0.31126954927492273,0.006041812304672504
-0.20963474625328726,-38.69940585041724,-42.533183034883194,-6.920524151698988,0.306935534813807,0.005691117649219915
-0.2480083985152828,-38.58139731360227,-42.547257961663455,-6.921502161272678,0.30230052468062385,0.0054162012411249835
-0.295624478764009,-38.46725780517014,-42.566858796811154,-6.92382385566735,0.2953444808740805,0.004986623974092243
-0.33782582199268163,-38.35295464851448,-42.58287352517776,-6.925285715027167,0.2896567657334205,0.004635616682817064
-0.3801203701180729,-38.23977885653495,-42.598709941227554,-6.926739641717653,0.28392017372994954,0.004284829440431022
-0.4153754816670698,-38.1241127831929,-42.607857892560546,-6.9266605350434265,0.27983390466628627,0.003979521045347242
-0.46587748723299244,-38.01749984735937,-42.63027829747919,-6.929692572572936,0.2720737492774678,0.0035611384224443756
-0.5082009632650206,-37.90821149925667,-42.6453040383816,-6.9310090647176965,0.2662039145907674,0.0031998591505391547
-0.5453727367552719,-37.79711681317586,-42.655208022237815,-6.931176266891605,0.26154156102378134,0.0028677735166236567
-0.5935331105695908,-37.69344685150591,-42.6750312099581,-6.9336505559627595,0.2542175548242428,0.002463781444393406
-0.6332409235106335,-37.58631849505501,-42.686659628855764,-6.934258153288781,0.24886489886477237,0.002111072479544733
-0.6774705672069495,-37.48311228664029,-42.7023865367389,-6.935827480166123,0.24240091912890654,0.0017278222817156972
-0.7158328317108782,-37.37799334482055,-42.712307799466586,-6.936080196382896,0.23729528342023223,0.00137750548726081
-0.7639912743639499,-37.279676316026446,-42.73104672832044,-6.938373325889646,0.22980958581606942,0.000963589378254402
-0.8032268500382096,-37.177600095026875,-42.741180942711075,-6.938720418061603,0.2244170285659038,0.0006032408560737164
-0.8487644461751069,-37.08071299062223,-42.757065661792794,-6.940390866168648,0.2174705193429171,0.00020218492133914243
-0.8829443455670086,-36.97862164814318,-42.7622324080725,-6.939645069773298,0.2132258904035351,-0.00013313756115677016
-0.9345558936036118,-36.88767017693487,-42.78278084688994,-6.942415927764886,0.20474453857677077,-0.0005794004357053741
-0.9767287475047638,-36.79286684839683,-42.79462355997926,-6.943223716481852,0.19848213383003502,-0.0009682355870602666
-1.014428667430739,-36.69711775700873,-42.80215863023841,-6.9430679135515945,0.19325916183684289,-0.0013319959519121258
-1.0616641933776145,-36.60812606699484,-42.81813632512953,-6.944848804688975,0.185703148108406,-0.0017555121599476997
-1.1004630753147342,-36.5158075304635,-42.82619269654374,-6.944854169249124,0.18013957957342752,-0.002129472790541475
-1.1458706002622765,-36.424462342296124,-42.83554206001871,-6.945272375725673,0.17322051949259715,-0.0022826795421649958
-1.2008404667371102,-36.333283414587925,-42.84424878214715,-6.945418404639779,0.163681206829059,-0.0024734660262739384
-1.2428296063188988,-36.246979898320035,-42.85287793607396,-6.945354178102749,0.1572665294364296,-0.002597372179520237
-1.2850818084479758,-36.16270052142272,-42.86188059645207,-6.94539055960538,0.15075558240869527,-0.0027161149818579733
-1.3256850654300139,-36.08666382428677,-42.87724885374646,-6.946665571579617,0.14462159329515967,-0.0028190301632272444
-1.3687423805697032,-35.99830473353914,-42.87861606643808,-6.945232781640751,0.13794007237619238,-0.0027874770188421054
-1.4106895860954953,-35.91914856121333,-42.887545819415536,-6.945289169929526,0.13151017635472267,-0.0027386184143568288
-1.4531491263325411,-35.845920086034425,-42.90108700086449,-6.946296363423354,0.12493360428462101,-0.002685592339499886
-1.494862093896508,-35.76329740348494,-42.902459340849525,-6.944860895561023,0.11848713042847381,-0.002614708112464081
-1.536465061509153,-35.69027595692292,-42.91224869247732,-6.945113379991543,0.1120504399740044,-0.002536794431515418
-1.5784228892911563,-35.618264101089395,-42.921172419705734,-6.945205218419005,0.10549033179130489,-0.002449399368036799
-1.6206703981377222,-35.54304874486659,-42.92493508516662,-6.944290908900305,0.09882711372615244,-0.0023539163327152015
-1.662550197581268,-35.4756692681327,-42.9348621338311,-6.944594394331933,0.0922160905391815,-0.0022481399281560604
-1.7048756259733175,-35.403251366430936,-42.93782901634467,-6.943543282844835,0.08546996253883027,-0.002134192797556849
-1.7464565592126264,-35.33896195867373,-42.947129747900895,-6.943730462454775,0.07886546969546189,-0.0020095202737023922
-1.7891717906697053,-35.27228674269006,-42.95231809925822,-6.943141458092803,0.07195488092611024,-0.0018774847842474474
-1.831313426849778,-35.20641696923458,-42.956146529430285,-6.942269440527626,0.06514005028177287,-0.00173721147318511
-1.8731062258565467,-35.146611012098234,-42.96449865508936,-6.942297860182435,0.05838339711676509,-0.001585850939718874
-1.9251363530498466,-35.08413338493071,-42.97022807913758,-6.941949153635155,0.04906792255146054,-0.0013890933077079304
-1.9664495858559412,-35.02496983160697,-42.975199361163604,-6.941342102166294,0.04232906334373941,-0.0012430075309042814
-2.006038095930346,-34.96539545501951,-42.97761095862394,-6.940232974967749,0.03599467440937321,-0.0010949976745394765
-2.0489222380411825,-34.91175136140956,-42.98478790088813,-6.940078186996147,0.028811113237880513,-0.0009196332896077841
-2.0920703084101406,-34.85888308986095,-42.99085869508599,-6.9397168331067345,0.021537330895962468,-0.000722968408365087
-2.1343730009267956,-34.807001803676094,-42.995780952013256,-6.939110945341908,0.01441389371829822,-0.0005384305805627916
-2.1745420217387537,-34.755907110193434,-42.998888391189645,-6.938105764019701,0.0077682518229918,-0.0003502453970714274
-2.2158604599791683,-34.70671142449754,-43.00233369320132,-6.937196548016264,0.0008089609981288652,-0.0001567609726666623
-2.25664007891452,-34.65843080428148,-43.00467520454123,-6.936072310285527,-0.006051125779454027,4.298311955068987e-05
-2.297960382622981,-34.612395596637086,-43.00735934811728,-6.935014794135881,-0.013098766178303831,0.00023723856984912686
-2.338447959285406,-34.56730788218877,-43.00891059519436,-6.93373105856524,-0.019970662666597597,0.0004433742002969947
-2.381123943589744,-34.52652544041237,-43.013447408231414,-6.933058918625693,-0.02743451863449665,0.0006366712191646787
-2.4217134349188005,-34.48500387919741,-43.01468063096949,-6.931714061542909,-0.034421500846740366,0.0008455152071007358
-2.463901079624828,-34.44721886665825,-43.018181526916905,-6.930832427579309,-0.04185158336931443,0.0010451127490608237
-2.5047091001947424,-34.40962460256182,-43.019479577734785,-6.929499547638462,-0.04898318101456742,0.001255814670419926
-2.546472540830045,-34.3749890106917,-43.0222180629449,-6.928465802982979,-0.05639062335943669,0.0014618134427196129
-2.602503538785371,-34.39913826954499,-43.10522968163254,-6.94687523270742,-0.06676669906399639,-0.000940932807687397
-2.6167865916821276,-34.32764702647896,-43.03913958433267,-6.9279957462141315,-0.06933136260080996,0.0005589379317298389
-2.6577251421006123,-34.29690997808212,-43.03861775015736,-6.926100200966669,-0.0768577581785102,0.0005306935853629157
-2.698761475182144,-34.26799092733209,-43.038094612109866,-6.924207232336752,-0.0844477103618467,0.0004929586193855328
-2.7396810119829245,-34.241090139238395,-43.03742999452195,-6.9222694222596735,-0.09206758154273055,0.00044729289365853174
-2.780544327071557,-34.21567799176074,-43.03657922880032,-6.920309476927394,-0.09970530359483484,0.0003945545061742729
-2.8213013621977416,-34.192261131059254,-43.03557766444895,-6.918304611534642,-0.10737246643838069,0.0003355342186323124
-2.861053271757825,-34.17074975177792,-43.03464126561749,-6.916313129105191,-0.1148252396451884,0.0002860816638740332
-2.9001970653101656,-34.15091656587141,-43.03320593237703,-6.9142184152800255,-0.12216917165905426,0.00024977477311692294
-2.9335808324732393,-34.128536283295986,-43.02626344499953,-6.911010930922962,-0.1281163521876986,0.0002444950889325924
-2.966516765975762,-34.10793125833165,-43.01916044176351,-6.90777726428902,-0.13397488838212213,0.0002426486899617203
-3.001576351199695,-34.090762206957635,-43.014142153836396,-6.9049776252851744,-0.1403762723473722,0.00022757181173163453
-3.0393758508316426,-34.078676773889256,-43.012895038620165,-6.902938205114329,-0.14747064078322294,0.0002478505147147514
-3.0847844179686374,-34.0717066181141,-43.01637209867409,-6.9019048666068334,-0.15647077862888054,0.00022037979481652462
-3.1369532197492336,-34.06959420665366,-43.02402092384737,-6.901758356241463,-0.16718645738690993,0.0001414846209039933
-3.1846470415148973,-34.06669179341732,-43.02817071332115,-6.9008946239285835,-0.17686037079567987,6.861611786980965e-05
-3.224724316628566,-34.06057515691553,-43.025863248869314,-6.898713643247452,-0.1847091270244764,3.8413375603640814e-05
-3.2648078820867887,-34.0563342742171,-43.02345503442682,-6.896505877483546,-0.19260867114834784,1.1112486936858593e-05
-3.30481668969386,-34.0538009605541,-43.02093506312311,-6.894281920580364,-0.20052797931115401,-1.5886697255610986e-05
-3.344781146215261,-34.0533616687088,-43.01863669908828,-6.8921111524971,-0.20847727161963303,-2.5359517029376675e-05
-3.384189322170788,-34.054414438441746,-43.01597105369629,-6.8898763523368824,-0.21632206012669514,-4.657748117300413e-05
-3.4233853314059832,-34.05739912052418,-43.01340347694355,-6.887660226507656,-0.22415605301634223,-6.63004224925269e-05
-3.462716675052887,-34.06235769434193,-43.010847783839814,-6.885433459051932,-0.23207514755180841,-8.09862267061654e-05
-3.5020310697261716,-34.06906106671799,-43.008222920607295,-6.8831924621001574,-0.24003050206324217,-9.269431685928433e-05
-3.5412484983639505,-34.077665839157504,-43.0055240196976,-6.880925864482366,-0.24801173176549332,-0.00010207874760749638
-3.580372528989825,-34.087928386369455,-43.00268010021058,-6.878631638442185,-0.25601002211509755,-0.00010932328604960488
-3.619388860525295,-34.099956485081435,-42.999780287768246,-6.876323340601995,-0.26402136397564835,-0.00011446689422753807
-3.658275783397646,-34.11382342228579,-42.99676074455461,-6.8739805663963685,-0.27205317188511585,-0.00011750347323231435
-3.6971485914878284,-34.129288340991465,-42.993557306887396,-6.8716008426033905,-0.28011755068962374,-0.00011803702384803479
-3.7353785750862265,-34.14572900364523,-42.98945922680709,-6.869050708459544,-0.28805710152332925,-0.00014511148718903663
-3.773882745630798,-34.164708927095695,-42.985979021997395,-6.8665918760198235,-0.2961245350601684,-0.00014075541159078958
-3.8123925481385377,-34.18545280967659,-42.98248837929751,-6.864128363237954,-0.3042323919301312,-0.00013143262871010255
-3.8506831231528427,-34.2079614259344,-42.978862626180764,-6.861630851537698,-0.3123321380773256,-0.00011775452402985296
-3.888829808397607,-34.23211982382507,-42.97514032575795,-6.859114679195415,-0.3204323935132957,-0.00010001620785460675
-3.9268709971147215,-34.25811001256591,-42.97149208591638,-6.856608378204159,-0.3285464776981926,-7.806104011521136e-05
-3.965388634367211,-34.2865407771082,-42.96862010062431,-6.8542493988996265,-0.3368170460233223,-4.89613077237598e-05
-4.0023317257898725,-34.31518878164356,-42.96387488330606,-6.851512373478613,-0.3447461415272327,-2.462720754291125e-05
-4.040258375013164,-34.346555957086885,-42.960257510678204,-6.848989919871624,-0.3529554484337656,9.023048226512046e-06
-4.077545980871743,-34.37913689039976,-42.956048075369466,-6.846345433113964,-0.361047538161397,4.3245703176991234e-05
-4.114794147363651,-34.41339305609823,-42.951671367956386,-6.843655870658157,-0.3691724013721519,8.10688284108613e-05
-4.152039204021993,-34.449435956786246,-42.94750063663056,-6.841004640668771,-0.37732868608950887,0.00012278195719181106
-4.189002034757621,-34.487083721503446,-42.94306008020095,-6.83828429641727,-0.3854632775249493,0.00016701905023593447
-4.225891536513623,-34.5264997321616,-42.93855413795316,-6.835534567442422,-0.39362711612327184,0.00021485167070139637
-4.262677681113364,-34.567517915389146,-42.93408730095813,-6.832790345263758,-0.40179270341220086,0.0002657390976135718
-4.299280042108578,-34.610205784072534,-42.92946246731856,-6.829997652652683,-0.4099619324109939,0.00031976258272225984
-4.335839519541314,-34.6544994485196,-42.924783994382764,-6.827186230476751,-0.41815586732581045,0.0003771590121069015
-4.372248833335528,-34.70045624950704,-42.92008878608506,-6.824359264944812,-0.42635058221576855,0.000437551304429905
-4.408518567006503,-34.74805349057897,-42.91536460286602,-6.82151427252395,-0.434549381056274,0.0005008794196632782
-4.444628095886312,-34.79736282647468,-42.910550745971804,-6.818630381293982,-0.4427554150929279,0.0005670840463912731
-4.480624370420069,-34.848146026369854,-42.90558997988427,-6.8157086675483765,-0.4509671853811751,0.0006361096031427178
-4.516453879865537,-34.90063184816899,-42.90067837228581,-6.812780103891368,-0.4591766107853999,0.0007079051740519043
-4.552160486860698,-34.95455311067202,-42.89560154292857,-6.809809561278142,-0.4673910484402785,0.0007824198174437155
-4.587718919368099,-35.01013942593415,-42.89055778864255,-6.806828574762808,-0.4756056671626677,0.0008596032279118389
-4.623085468591741,-35.067218193502164,-42.885283639683294,-6.803783114114657,-0.4838201387705854,0.0009394083013439871
-4.65838022556574,-35.1259482009508,-42.88018235929151,-6.8007603750007055,-0.49204068781701904,0.0010217844886742879
-4.69347440738315,-35.18612997437681,-42.8748323177043,-6.7976689326471025,-0.5002568391425508,0.0011066876990104293
-4.728431505710795,-35.24789585244264,-42.86948783770329,-6.794561143895556,-0.5084737093147216,0.0011940687282491992
-4.7632373365929785,-35.31110246885896,-42.864037639274926,-6.791418274757708,-0.5166879481360701,0.0012838831713636156
-4.798116449884413,-35.37590068771869,-42.858806376429186,-6.788334495022808,-0.5249510932666869,0.0013903304778015147
-4.832687599223187,-35.442176091517126,-42.85350047645103,-6.785219044312111,-0.5331744247941184,0.0014998518929690626
-4.867132560749167,-35.50983604490149,-42.84806084795901,-6.782062342207773,-0.5413974993387108,0.001611870891352716
-4.901401759133302,-35.57898513525087,-42.84258544027504,-6.7788797200121875,-0.5496138708105613,0.0017263551444038387
-4.935494784609211,-35.64981770188041,-42.83711898793947,-6.775667457204831,-0.5578290623832264,0.0018432816123398245
-4.969474605342788,-35.721871695286445,-42.83154786823172,-6.772428740076512,-0.5660386814128257,0.00196262202934279
-5.003283239080816,-35.7953540492185,-42.82592061224289,-6.76915973388139,-0.5742392466913973,0.002084354261636016
-5.036943042920117,-35.87033461247624,-42.82017568225849,-6.765838655115741,-0.5824430481914545,0.002208503883710057
-5.071588258781543,-35.946725551370974,-42.81448779964598,-6.762505173066185,-0.5909128855640634,0.0023351174560640757
-5.1105542344609285,-36.02450370933824,-42.80850449895423,-6.759047007512464,-0.6004839087038097,0.002464255645148259
-5.152768049708925,-36.102086125285425,-42.80083627923866,-6.755217499296109,-0.6108790079355976,0.002614502986606059
-5.194132511239457,-36.180527452103895,-42.79235852787585,-6.751184963846173,-0.6211268836369652,0.002765890614046595
-5.230607900343861,-36.261766261532955,-42.78580231669135,-6.7475821525312565,-0.630215466143943,0.0028708115499035403
-5.265784333585624,-36.344814052745534,-42.77956140188341,-6.744015333707152,-0.6390402909299907,0.0029426155500013444
-5.299203272769528,-36.42922686491413,-42.77349609354101,-6.7404803203364825,-0.6474712011790789,0.00297555255271759
-5.3018318217448135,-36.51792203399499,-42.77220441471148,-6.7382487768808215,-0.6483965330827727,0.002897599668075857
-5.333967589417238,-36.605030956783644,-42.765996664461056,-6.734640141628378,-0.6565370273861985,0.0029559399043161054
-5.3659734695553,-36.69358198587651,-42.75971945544927,-6.73097795798358,-0.6646812242662072,0.0030228967135645973
-5.397821229846377,-36.783339704776395,-42.75347158798567,-6.727306023647362,-0.6728028645839953,0.0030972221304055056
-5.429517924498444,-36.87426448542554,-42.74710460543669,-6.723590640558943,-0.6809084673476778,0.003178058065324602
-5.4610448335232356,-36.96658263598255,-42.74082442686955,-6.719865753419412,-0.6889964969641493,0.003264772412489502
-5.49273866255067,-37.06014782805439,-42.73451905674539,-6.7161109379158646,-0.6971490240080778,0.003350045502730478
-5.52398341437884,-37.154940662046585,-42.728195625477014,-6.712334027927221,-0.7052138147171799,0.003439628428296482
-5.555014638441532,-37.2509316866971,-42.72183354512847,-6.708526652665221,-0.713250041017456,0.0035335916324446956
-5.58592547624584,-37.347984877654916,-42.71532534264284,-6.704670982157417,-0.72127530910793,0.0036318026173691514
-5.616637864770649,-37.446326283744625,-42.708876753983574,-6.700800275638473,-0.729274967046911,0.0037341756603671114
-5.647243031449188,-37.545936875642596,-42.70247570349626,-6.69691206059018,-0.7372640303071117,0.003840646910923006
-5.677716950812436,-37.64644612181205,-42.69595870002133,-6.692991072074932,-0.745231140638312,0.003951179379922335
-5.707993578342542,-37.74818681759776,-42.689482693244216,-6.689050870301482,-0.7531705686635187,0.004065758256671418
-5.738069848057884,-37.85111000998083,-42.682891111032006,-6.685054568700402,-0.7610890051503054,0.004184375447386499
-5.768068313646739,-37.95512704133206,-42.67637763243959,-6.681056194622151,-0.7689934885257945,0.004307031768667077
-5.79787230649006,-38.060309185194086,-42.66988823679597,-6.677035400776312,-0.7768692398553865,0.004433739773563761
-5.827571163866776,-38.16629630558033,-42.66325758259088,-6.67297662811823,-0.7847232486846274,0.004564509062042966
-5.85704502951074,-38.27363994935205,-42.65670206226909,-6.668891462304224,-0.7925507306442516,0.004699360974510348
-5.886386992797366,-38.38196906454293,-42.65005385100255,-6.664764729494795,-0.8003573271231644,0.004838315532296097
-5.915567413547357,-38.491286927172716,-42.64346326789639,-6.660632183560734,-0.8081319728478427,0.0049814011263114005
-5.944630505019723,-38.60168235544131,-42.63687291268847,-6.6564721786357195,-0.815888161352494,0.0051286421355204136
-5.973507096736975,-38.713002922814894,-42.6301793841415,-6.652268449795033,-0.823613934307568,0.005280073582413051
-6.002226841477361,-38.82525923396592,-42.623531475898666,-6.648056536001109,-0.8313057813113904,0.0054357288359830605
-6.03078399491359,-38.93863681355364,-42.616828061889215,-6.643796135406596,-0.8389776580450141,0.005595643514832213
-6.059255044604331,-39.053039097308044,-42.61026074535046,-6.639541810216397,-0.8466261596178639,0.005759856039359239
-6.087556392075017,-39.16830671824138,-42.603722077123024,-6.635294889299191,-0.8542409170888023,0.005947722814192738
-6.115739534396732,-39.28450930194312,-42.59712413656091,-6.63100768311406,-0.8618373530068343,0.006139720966353474
-6.14343151680151,-39.40145890756279,-42.590506370220446,-6.626711824865996,-0.8693052609741548,0.006338731885793078
-6.17134836952461,-39.519432293458735,-42.58388976454272,-6.6223756579208475,-0.8768427150745202,0.006541422060291646
-6.199145903923043,-39.63844342517689,-42.57734345145475,-6.618022892800447,-0.8843561870062423,0.006748259738414003
-6.226760471739073,-39.7582099360146,-42.570657907347766,-6.613620296371689,-0.891833234883648,0.00695928924160699
-6.254272534631357,-39.87887490103658,-42.56408261157209,-6.609219119948333,-0.8992811082499679,0.0071745543216165785
-6.281603507158379,-40.00036458083757,-42.55743914046093,-6.60477709065085,-0.9066954365152731,0.007394302621354327
-6.308928947644031,-40.122802917321806,-42.550813948869894,-6.600305767058138,-0.9141081813961367,0.007618572391409171
-6.33610454220949,-40.24583088309082,-42.54409306906001,-6.595804162174724,-0.9214822376986038,0.007846790919925628
-6.363094832508914,-40.36991040466168,-42.537533605940496,-6.591301600463687,-0.9288150783888084,0.008078930670640642
-6.38994531398907,-40.494642574643464,-42.53081423637369,-6.586745765858324,-0.9361164720395209,0.008314969514036579
-6.4166854572627745,-40.620166655107994,-42.52418801759158,-6.582189466944845,-0.9433818194472481,0.00855489477759761
-6.443242793393669,-40.74655715135105,-42.51760347973969,-6.577612269758779,-0.9506066204685897,0.008798707956075394
-6.469604416381229,-40.8736647204646,-42.51095345990047,-6.572997605501381,-0.9577862558080861,0.009046411415749326
-6.495853245398702,-41.00150523085768,-42.50438218270513,-6.5683797013439715,-0.9649297875084818,0.009298013792617842
-6.5219735005359345,-41.13004116978384,-42.49773404827137,-6.563721433212859,-0.9720385644158355,0.009553529203411366
-6.547799323220435,-41.26022120421134,-42.49199722030701,-6.5591906940373015,-0.9790660425587181,0.009817460020430041
-6.573536032109986,-41.38929092946364,-42.48472614260108,-6.554415805109093,-0.9860754204787942,0.010069372350700021
-6.599421298222139,-41.52276101538085,-42.480471764809906,-6.550045214731579,-0.9931124497256602,0.010347025522086224
-6.624268268718823,-41.651589121239184,-42.472011759270735,-6.545078130685002,-0.9999030667568066,0.010586551134725748
-6.650052574410938,-41.7861516554684,-42.467480783881584,-6.540597677176763,-1.006903370234409,0.010868198732761816
-6.674695579746242,-41.916388444450924,-42.458946325874734,-6.535546890965771,-1.0136431684858551,0.011113124970811536
-6.700424484194349,-42.052381242910414,-42.45450478794234,-6.531021456098925,-1.020611390410385,0.01140007803506343
-6.724786517071247,-42.183487825060396,-42.445804711071325,-6.525911068408661,-1.0272555057828348,0.011650155285809871
-6.750472609700587,-42.32107026018848,-42.4415063201444,-6.521338653945435,-1.0342025942192392,0.011943155698169047
-6.775058925941849,-42.45662533518531,-42.4356872354428,-6.516644399347296,-1.0408693504276663,0.012211706989135375
-6.799749508827573,-42.59298325907069,-42.43013897053229,-6.512001149717014,-1.0475605395084588,0.012475726660991254
-6.820935438069263,-42.73325305453541,-42.42795353221584,-6.50794630230798,-1.0533914397895516,0.012756256540798998
-6.844211601921252,-42.86971199996205,-42.42162717539304,-6.503152149786272,-1.0597301902579603,0.013016465172687081
-6.869899634298751,-43.0083316175149,-42.415725595518126,-6.4982026912926205,-1.0666371095939973,0.01330281800466849
-6.905830434357147,-43.141384595439405,-42.40179186434129,-6.491411324491546,-1.075999870065816,0.013622677881604277
-6.9290866604620795,-43.27957441861845,-42.3955735588583,-6.486552879233605,-1.0823129313358901,0.013896307915071047
-6.942017488736787,-43.423443489953804,-42.39618757716971,-6.483188564062978,-1.0861247952577036,0.014144209494199604
-6.981640817795132,-43.55953592161462,-42.38283058834067,-6.476290487071074,-1.096326652716325,0.014481391059154315
-7.009992092478523,-43.70120774269647,-42.3773662525463,-6.471307233326158,-1.1038302434791092,0.014768026480212904
-7.021235227593877,-43.837117883281,-42.36935042698392,-6.466371984051914,-1.1072363517992692,0.014994754373061504
-7.035588108398358,-43.983780820429615,-42.37057803932652,-6.4629930750219104,-1.111336855500057,0.015236973860986009
-7.081423789840361,-44.123819596846694,-42.357939855287896,-6.455933407520925,-1.1229515866087092,0.015581089561754871
-7.10165437026946,-44.26343027487303,-42.35014197919422,-6.450633704237585,-1.1284658552596847,0.015834912869733545
-7.118819337114196,-44.40252942871951,-42.342062031084936,-6.445368379404325,-1.1332395475398718,0.01607009243258341
-7.132975652276872,-44.54785304945135,-42.34060080553622,-6.441462205802046,-1.1372558815143907,0.016285494989267187
-7.151301114539485,-44.69035810439458,-42.334963532729944,-6.436594065370182,-1.1422323522691826,0.01653647967815634
-7.1732869893430715,-44.83738316960421,-42.33234245939632,-6.432104202245711,-1.1480529512252995,0.016802600144726416
-7.220627912475087,-44.98073597017702,-42.319612001614196,-6.424736457270953,-1.159887486600866,0.01716268768782327
-7.246678516551605,-45.127063383710926,-42.31485861395083,-6.419666154587365,-1.1666652818341938,0.017436911684150236
-7.26934896685405,-45.271793513124024,-42.308848454506375,-6.414451476915421,-1.172644338000139,0.017685263677994938
-7.28084977464021,-45.41563928498807,-42.30439389099111,-6.4099687769913825,-1.1758964266569554,0.017970190012076524
-7.305210105181973,-45.56298339080054,-42.29976781012266,-6.4049049905073305,-1.1821910674665124,0.01823449291281226
-7.325155139697376,-45.725193076434145,-42.31024596949202,-6.402781646292668,-1.1871901335308488,0.018643071483683965
-7.328413671142456,-45.85179057752182,-42.288803442848504,-6.395114048971552,-1.1889632174580782,0.01818885913907882
-7.3563570841064525,-45.990429435588325,-42.27314360426968,-6.3876301449640955,-1.1963188611249822,0.01796976732223517
-7.3860881251242345,-46.13028780334411,-42.25796484814434,-6.380149523331671,-1.204041964540938,0.01774680484305065
-7.407260473312358,-46.27779985882225,-42.25197968892154,-6.374666426167671,-1.209674635391532,0.017564121266192157
-7.423485508434044,-46.42871593734662,-42.250409673155175,-6.370187571006569,-1.214058841716282,0.017396806952215592
-7.445336249851379,-46.57499852320322,-42.24243417889332,-6.364256674853998,-1.2197960139280255,0.017181419354411503
-7.461469383249395,-46.72604518504462,-42.23923040947709,-6.359151260792583,-1.2242338217351068,0.016905114221038426
-7.484565992222978,-46.82846561774876,-42.18552346826027,-6.3440672019653785,-1.2304895769299333,0.016687764003964548
-7.501878800430454,-47.02357250357848,-42.228365214912166,-6.348296931730437,-1.234840458498299,0.01643975749977352
-7.524941790221092,-47.1719427095948,-42.22129993748181,-6.342408073995417,-1.2407614423008917,0.0162275662340595
-7.546114905295396,-47.32107011571424,-42.215237645937464,-6.336765348225949,-1.2462229565525171,0.01601224462671561
-7.559398322862073,-47.39784006008968,-42.13937386114101,-6.318023871698595,-1.2501457105041216,0.01575403900714366
-7.585991229578905,-47.62114603534117,-42.2063334113566,-6.3263344315887355,-1.2564569584270902,0.015549191846575017
-7.606845527786562,-47.76935211668365,-42.199415655663955,-6.320606297915529,-1.2617467847272887,0.01534394082656287
-7.629284745555425,-47.91881441042283,-42.193135199232785,-6.314893434523382,-1.2673613997032658,0.015143177458549104
-7.651428225974822,-48.068190703088206,-42.18662522004869,-6.309126457869266,-1.2728982721148845,0.01494179943228983
-7.672560291556227,-48.218108411557616,-42.180860128763186,-6.303541404089286,-1.2781592797178425,0.0147393192830896
-7.69375353295538,-48.364199145145484,-42.17096451394351,-6.297120563689126,-1.2834268563598576,0.014539665076487037
-7.709136277190143,-48.46990750078457,-42.1228616063904,-6.2835975700239555,-1.287485525836811,0.014312874135841465
-7.73175120862125,-48.667885382830946,-42.16454502684358,-6.287171410314443,-1.2928013736204669,0.01410133860102373
-7.752266623658649,-48.81784769482801,-42.158553460110376,-6.281531478520481,-1.2978030928512778,0.013898048107544945
-7.7742976824552406,-48.96850279597108,-42.15265034856988,-6.275815171877766,-1.3031146933051767,0.013701558319041246
-7.776261488168175,-49.03819043117394,-42.073118952683245,-6.256853840454033,-1.3041290225409756,0.013413288787562712
-7.815212326370507,-49.27340376489591,-42.14546301606216,-6.2654260872233944,-1.3129158904628644,0.01327293195232542
-7.835785408918411,-49.424446231813334,-42.14003632378812,-6.2598213497768995,-1.3178239120158464,0.013089091623518987
-7.8554178298200386,-49.572611504737736,-42.13230342628018,-6.253871896173861,-1.322462641848412,0.012913960182762236
-7.876997851845021,-49.723463575669165,-42.12630314590431,-6.248092699917507,-1.3275250162196301,0.012738180633169234
-7.897561502924358,-49.87439493986863,-42.120697655868256,-6.242440171804004,-1.3323149743414555,0.012556912931994771
-7.9159899354550545,-50.02467336095036,-42.115171348861764,-6.236910550349397,-1.3365863702244936,0.012365912120809163
-7.939007470447321,-50.17631414474809,-42.10916710236814,-6.231006922698127,-1.341873398434323,0.012195638549908686
-7.95623244151784,-50.302156746025574,-42.0800385894849,-6.220980347485291,-1.3458720684391399,0.012009969422978661
-7.97960096643524,-50.47938416190972,-42.09898401430394,-6.219836171770634,-1.3510914757875971,0.011826205383037277
-7.99499019965016,-50.59334330770427,-42.05849415533557,-6.20760794182812,-1.3546777911394043,0.011635310106712813
-8.023934680123297,-50.784346317924374,-42.08945348543804,-6.208580652607475,-1.3610412193329777,0.011466087173265922
-8.040938906544758,-50.934318465258485,-42.083718978376446,-6.202982164749628,-1.3647986577865059,0.011277595256406448
-8.059890987185671,-51.08532013542392,-42.07836790798302,-6.197356833545139,-1.3689608217663494,0.011088707004776224
-8.077463841515293,-51.2213205612222,-42.05891622088465,-6.189083095808748,-1.3728075002959403,0.010900238222642356
-8.09800092092053,-51.37788674206057,-42.058326823483895,-6.184241006547104,-1.3772530784663217,0.010713961194989245
-8.115770894660066,-51.51573565889814,-42.04056536569711,-6.176248562178765,-1.3810765777880087,0.010525677391845631
-8.13980153391701,-51.692267290679986,-42.05808026875558,-6.174664356795336,-1.3861837462543791,0.010347209812518082
-8.154721365781683,-51.81484168292613,-42.02667481787811,-6.164187492905418,-1.3893357753191649,0.010159732349322312
-8.179657716527625,-51.99582385380832,-42.048156394748474,-6.16328705827391,-1.3945648184372315,0.009985654923219544
-8.197392386263445,-52.136906139828625,-42.03349487861809,-6.155819992433726,-1.3982481287205502,0.009806453105740997
-8.212385278002909,-52.26170102736931,-42.00427181028498,-6.145709178150231,-1.401317349315753,0.009622072862505483
-8.239703780257864,-52.45136405208989,-42.03328016934235,-6.146082102568506,-1.4069487722450007,0.009457593990020111
-8.258913511162097,-52.60232297841991,-42.02769513698899,-6.140237113391028,-1.4108346585844058,0.009285598649024734
-8.27086825973634,-52.71380970359536,-41.98705441318148,-6.12807619165498,-1.413152587201261,0.009102268132493594
-8.299300373029636,-52.90620289547771,-42.018093748744526,-6.128715689126169,-1.4189268372154158,0.008945880777052762
-8.318333502401238,-53.05707077763802,-42.012601240810355,-6.122859255003396,-1.4226698790311725,0.008777520708388274
-8.332544263129675,-53.18470101482405,-41.98682745277874,-6.11337868942719,-1.4253562456422555,0.008602730111884636
-8.357412187311816,-53.359684266079796,-42.002513168420066,-6.1112331943624305,-1.4302597538366488,0.008446557343367588
-8.367517971220767,-53.46566499102264,-41.95763057472602,-6.098294308218451,-1.4320248109635147,0.008268709341709712
-8.399184009644605,-53.66394282042647,-41.993186203699864,-6.099552551242517,-1.4383212967621708,0.008128408223463519
-8.417020152894748,-53.81393167204456,-41.98768215888665,-6.09369971078964,-1.4416199778930392,0.007966832514140003
-8.435793928010895,-53.964481566827544,-41.98229657240928,-6.087789748609268,-1.445103570169501,0.007808755165975294
-8.442294951377235,-54.051941949601,-41.92133723308065,-6.0718263163210215,-1.4460625462005436,0.00761010349033913
-8.474291102932408,-54.2708142475575,-41.97762734421922,-6.077258835950975,-1.452136005247898,0.007459153628515732
-8.494485701859642,-54.41790494426003,-41.96825881355381,-6.070385908457613,-1.4558482961849335,0.007322871520947813
-8.514136998242762,-54.56814870124304,-41.962897264586815,-6.064433414882972,-1.4593827383668367,0.007168161045959308
-8.537210709304905,-54.719459100567164,-41.95735415509917,-6.058232968048198,-1.4636400272382293,0.007025837388387081
-8.554483577027503,-54.86892749895465,-41.95216215811549,-6.052394946582652,-1.4665821601250504,0.006867657406890296
-8.57285970443881,-55.018810152670795,-41.946967129475134,-6.046480461494391,-1.4697433165559133,0.006710935894174756
-8.582232538831072,-55.12646383981894,-41.90567238131707,-6.0341892433402595,-1.4709889382336814,0.0065402720018515464
-8.613361480229038,-55.320514129645396,-41.93787378399689,-6.034696166758183,-1.476741336996202,0.006411116752862155
-8.631945146337078,-55.46999951953023,-41.93270904574742,-6.028763588423962,-1.47983945453906,0.006260798372536688
-8.650924725670734,-55.61962139790225,-41.92754549273021,-6.022779103457436,-1.4829883505876396,0.006115788652368861
-8.65505150078561,-55.70017561848332,-41.863338956114234,-6.0063144251166225,-1.4830892918436092,0.005923190202947818
-8.690283540889874,-55.92073899118597,-41.919865700529215,-6.011377292932541,-1.4894548436322406,0.005799630413854704
-8.709782863707145,-56.0699450956912,-41.91449679157171,-6.005286097899415,-1.4926175638689818,0.005663027381487488
-8.729337456350121,-56.21906794291844,-41.909425498726954,-5.99929523700872,-1.4957612619064977,0.0055212067345683435
-8.748843642382589,-56.36809937952735,-41.90437661846115,-5.993295016800994,-1.498861976766493,0.005382068074353766
-8.770035445271603,-56.51755937383546,-41.899099987620694,-5.987119277404037,-1.5022932400275135,0.005252426207313276
-8.788409623814388,-56.66590991760779,-41.89423271557375,-5.981214368770372,-1.5050710478796652,0.005110900087840582
-8.803552775069058,-56.800735765809776,-41.877931187785286,-5.973277434762734,-1.507157310252821,0.004967387773470374
-8.822087402403216,-56.94578115134977,-41.870207461599044,-5.9667913127080485,-1.509902020008616,0.00483181917397778
-8.846870222172493,-57.11262818477777,-41.880460704535636,-5.963351749524387,-1.5139184693701113,0.004713154170919097
-8.851279146310386,-57.19829905393128,-41.8235907788241,-5.94834185334805,-1.5137173825457133,0.004549450758801056
-8.886299293994833,-57.41119122256176,-41.87281796526536,-5.951719029681042,-1.5197372231791628,0.004451632473808092
-8.909861944079045,-57.56035167857113,-41.86764080657694,-5.945394148459787,-1.5234504180010329,0.004344439106584663
-8.92580526657311,-57.706941618900245,-41.863101544426,-5.939640072074395,-1.5254798462094343,0.0042139324605697795
-8.943486476649472,-57.84934628664352,-41.85434205143953,-5.932983641474068,-1.5278529438528674,0.004092098652254958
-8.949039808673888,-57.94002750059361,-41.80294527634105,-5.918945587859798,-1.5277422076505645,0.0039402451462001165
-8.984750401955681,-58.15141498680802,-41.85116423328101,-5.922074577566074,-1.5337264861885767,0.0038529524829270063
-9.007987627658748,-58.29970574235426,-41.84602009151094,-5.915720862478076,-1.5372068308304538,0.0037580500841447157
-9.024390945178034,-58.44534950414353,-41.84149474383564,-5.909941569955308,-1.5391702320230323,0.0036390688953179618
-9.039428482915683,-58.578825133595515,-41.82649321145794,-5.902235808150099,-1.5408455485345396,0.003521531529034818
-9.055449377567925,-58.713522807730186,-41.812514893995825,-5.894665768352382,-1.5427008669500841,0.003407624307549577
-9.08367386237855,-58.8865442837766,-41.82891244324693,-5.8921216871755115,-1.5470243940767685,0.003323357671854394
-9.093022422192723,-58.999670715942365,-41.798319253853805,-5.88180132303188,-1.5474542080716644,0.0032018997406221095
-9.123614913951599,-59.17998031334379,-41.820748603979126,-5.880254549244708,-1.5521996359551058,0.003126869688004047
-9.141594763672893,-59.32151372668413,-41.813032081710745,-5.873740012208861,-1.5543313678747177,0.0030328586787694363
-9.144830129645758,-59.40129516200859,-41.75552520767016,-5.858718519788319,-1.55347145062209,0.002896286334552904
-9.182847563590611,-59.622169264964135,-41.81275819413893,-5.863395577286393,-1.5595586007144626,0.002836215970052065
-9.206090467134944,-59.76564832079446,-41.804975500625616,-5.856450418478067,-1.562728559831204,0.002775464104515192
-9.22311280779823,-59.90961074970246,-41.80069095016416,-5.850658879552062,-1.5645308000310743,0.0026836567836436456
-9.237744550580022,-60.03926504211529,-41.78471303722199,-5.842791923575611,-1.5658354524076135,0.0025911953401388968
-9.256324884875712,-60.17970295119055,-41.77716318192412,-5.83628136220694,-1.5679119418764098,0.002508597421671832
-9.282794939034769,-60.34489641479463,-41.7889254086117,-5.832929675843216,-1.5715630850367575,0.00244773535441992
-9.28559676952209,-60.422665009261415,-41.731837225806686,-5.818030771434968,-1.570437328930908,0.0023294695159968765
-9.322809864384352,-60.637894113570475,-41.78510540376547,-5.821963223609131,-1.5761279111090605,0.0022846584712686866
-9.345308726792219,-60.780107452572274,-41.77810064571469,-5.815221789866473,-1.578935051828236,0.0022355867161080083
-9.36322411661406,-60.92282984686094,-41.77404450405419,-5.809433695093016,-1.5807176294416043,0.0021628363647080394
-9.372401088373783,-61.029845700953224,-41.741663894905884,-5.798807330507605,-1.5807457169428498,0.0020739023678749027
-9.403546408628866,-61.210822094664344,-41.7670375563581,-5.797761545286708,-1.585138320366585,0.002033045838583194
-9.423276636368076,-61.35371052342419,-41.76297865413494,-5.791834328502171,-1.5872315969443778,0.0019754399811678595
-9.424407604255254,-61.41727771422361,-41.696057347948646,-5.775209047607572,-1.5856405465908445,0.0018636032597607473
-9.463497994486024,-61.64474369169837,-41.76061009868444,-5.781161753938248,-1.591439846061845,0.001836418232814965
-9.483924894630137,-61.7840656881085,-41.75355727417161,-5.774569897419909,-1.5936058533661117,0.0017933618469526292
-9.504933460219979,-61.926481459480115,-41.74945254183966,-5.768549752349259,-1.5958613341112031,0.0017470555231239933
-9.524194743959093,-62.068107496933884,-41.745715654733296,-5.76273974745118,-1.5977165963081663,0.0016955110799574682
-9.529951633473615,-62.15472395628444,-41.69899229481974,-5.7496545289052,-1.5968898830097664,0.001615554170838898
-9.567326883278065,-62.35416565911391,-41.73981738455765,-5.751150644918395,-1.602278766510108,0.001601433331502909
-9.585604545211208,-62.494589770074306,-41.73606614803158,-5.745389632601727,-1.603852128485027,0.0015551360228338175
-9.60515399303609,-62.63536210265134,-41.73233873066559,-5.739558132998051,-1.6056694967322747,0.0015130932109591428
-9.607563179823602,-62.70120496494871,-41.66993289247078,-5.723755345674663,-1.604131007607266,0.0014233134586086457
-9.645852864750307,-62.92175779061383,-41.73000070790348,-5.728900156881601,-1.6094894167554903,0.001411907688956481
-9.667126077342912,-63.059720881139945,-41.72359552777709,-5.722394607074882,-1.6116086469386415,0.0013865161414817926
-9.687069545124421,-63.199749893547676,-41.72004890086137,-5.716583483995608,-1.6134015536745099,0.0013521818903542934
-9.706838421807724,-63.33938676315546,-41.71656208768991,-5.710806452949813,-1.6151337330745892,0.0013210635570607009
-9.708967559235639,-63.40064368634294,-41.65188206954377,-5.694619375039292,-1.6134529232456185,0.0012389765068020818
-9.747641481108559,-63.62295945923125,-41.714034674215796,-5.700113781342441,-1.6187413400136486,0.0012391153774442532
-9.768205153078117,-63.759980701836156,-41.70852254415893,-5.693880582386557,-1.6205745429717688,0.0012155501524888665
-9.78946308697607,-63.89915418552243,-41.70498676668778,-5.6880012591724824,-1.6225144564559544,0.0011950619610316196
-9.80895355595855,-64.03742216820896,-41.701645477759214,-5.682288598154342,-1.6240813650182175,0.001171043024342552
-9.821113499672832,-64.10306058782494,-41.63799748354199,-5.6655234936352645,-1.6243639709458935,0.0011463688019902904
-9.849461715924454,-64.31723128126627,-41.698227287274996,-5.671415775223977,-1.6274001286480646,0.0011180202706433326
-9.870000549012778,-64.45468491360725,-41.69463497121396,-5.665624268448605,-1.6290969209041635,0.0010969605907106398
-9.89046004605053,-64.59220467512199,-41.691373532691884,-5.659894491743463,-1.6307572116257474,0.001081346130900315
-9.910881972855886,-64.7294176052545,-41.687982146766906,-5.654127032191239,-1.6323961724383285,0.0010711878519630146
-9.926609936766008,-64.81363934790458,-41.64062797649732,-5.640256372084941,-1.6332521891387695,0.001060752354219725
-9.95148205076191,-65.00637848359138,-41.68491636082937,-5.643430465036573,-1.635513847337597,0.001027704813148095
-9.97112954540807,-65.13610658417036,-41.67618279944753,-5.636715654483094,-1.6369512159000583,0.0010192137837281721
-9.991573037117599,-65.27120279667483,-41.67203208416458,-5.630831099601304,-1.6385159437106358,0.001008733539824158
-10.005661948534451,-65.37993519062687,-41.64819704053518,-5.621671267644391,-1.6388362293794525,0.0009818320309178976
-10.032765035371472,-65.54505700220211,-41.66795084637211,-5.619913750048919,-1.6415911771277372,0.0009801710604255142
-10.053381696289225,-65.68054909411251,-41.664888125854894,-5.614242336918297,-1.64311739614916,0.0009731702041294527
-10.073973543071514,-65.81579472697943,-41.661901328535066,-5.608591296859958,-1.6446181528205632,0.0009687023759496962
-10.085811500128694,-65.91479520250667,-41.63186854947785,-5.59844247087721,-1.6444316900423805,0.0009405225681337993
-10.115326642609599,-66.08806336945851,-41.65855418987244,-5.597861213369543,-1.6475556076269668,0.000946589386791901
-10.136042373234371,-66.22252220305649,-41.65567829279485,-5.592249018549787,-1.6490184470721596,0.0009444451698280961
-10.15668810836327,-66.35664287641279,-41.652833745828815,-5.586654239892816,-1.6504502972080966,0.0009453771732127447
-10.17387919918145,-66.47702261608053,-41.63997072081511,-5.579410653239309,-1.6512072477888002,0.0009385081807136718
-10.1981039609468,-66.62519719697148,-41.64827819439577,-5.575710812574098,-1.6532620142850347,0.0009476168435354988
-10.214122857152086,-66.74038464747127,-41.63204524246359,-5.567926771582698,-1.6537588769622429,0.0009397725991076571
-10.239607688261463,-66.89298887787005,-41.64415561711417,-5.564879660767362,-1.6560088402321966,0.0009530899411914482
-10.260284152166708,-67.02576857067713,-41.64150636099941,-5.559351705236974,-1.65735125624124,0.0009623379821004672
-10.269970298883509,-67.11413452822667,-41.60601570948462,-5.548382743247157,-1.6566193071612614,0.0009406381594980916
-10.301749394620668,-67.29353316323117,-41.639134005783994,-5.548929862565057,-1.6599745563701818,0.0009626105465150614
-10.322534396143773,-67.42553909292712,-41.636599113057265,-5.543443382586663,-1.6612849032753565,0.0009730594586879932
-10.343274369182247,-67.55713332592588,-41.63402801464943,-5.537962477979612,-1.6625716169558655,0.0009872737776237574
-10.364179966555575,-67.68845553657765,-41.63154971987462,-5.532511905385463,-1.6638578838979476,0.001004916359580366
-10.374893852998781,-67.78045755182963,-41.600295770654625,-5.522322650107197,-1.6632446793894924,0.0009942447933431655
-10.405739183763234,-67.95297884296573,-41.62918955379063,-5.522174380837899,-1.6663271533611868,0.0010245278425512958
-10.426492963508945,-68.08339199603685,-41.62683257911278,-5.516779780867463,-1.6675450825727194,0.0010437090607823907
-10.447270345504306,-68.21358718929324,-41.62438178279398,-5.511353450082445,-1.6687579583522172,0.0010667129384797427
-10.466038984420736,-68.33594880227737,-41.61660507753701,-5.5050872738500605,-1.6695713784879918,0.001086513716059784
-10.48597858847604,-68.46294539916435,-41.6125651592982,-5.499462786529573,-1.670582205296385,0.001108319256165837
-10.509645650377287,-68.60383654335658,-41.61887832738332,-5.495536968313626,-1.672268866329826,0.0011416361369220374
-10.526369555264218,-68.70814837063168,-41.59751570570403,-5.4868112289371105,-1.6726859639132772,0.0011384324137382116
-10.551012266561825,-68.86321921725343,-41.61633555072739,-5.485315820356838,-1.674486270777047,0.0011897238184592311
-10.571890516675182,-68.9915680791121,-41.6141384522403,-5.480004626323202,-1.6756146490059631,0.0012245420962176494
-10.593151244961206,-69.12017430330012,-41.61221882448303,-5.4747133736880835,-1.6768054420416485,0.001262123004815152
-10.612384460375532,-69.22798707768843,-41.593797354526295,-5.466375119792012,-1.6776590687791204,0.0012763431703224008
-10.634015790445075,-69.37650659060542,-41.60951118065964,-5.464564812083081,-1.6788162818152983,0.0013362439783718327
-10.654755540256772,-69.50352652778824,-41.60746561623377,-5.459337014757775,-1.6798637926050335,0.0013829595386033579
-10.680660234606455,-69.63536302882403,-41.60713548194998,-5.4539701992661955,-1.681897774705736,0.0014260569774728594
-10.700841209178076,-69.74922083396095,-41.59477050191862,-5.446791766734215,-1.6828742301276074,0.0014810733359165488
-10.723589266579474,-69.88879187784983,-41.60349967283208,-5.443560027424113,-1.684219898044545,0.0015379617703757385
-10.745596893149411,-70.01506231449312,-41.60127843008129,-5.438199093919851,-1.6854668187004196,0.0016074638760428946
-10.766446594217857,-70.14080386414263,-41.59953980695587,-5.433061014321144,-1.6864806620843829,0.001674161005497848
-10.787112089493066,-70.26624394883827,-41.59787885071645,-5.427960132638386,-1.6874442982577293,0.0017430585850176177
-10.80766258265239,-70.39151117747832,-41.59651624720727,-5.422947696511354,-1.6883650340578038,0.0018141217029062308
-10.828119109749029,-70.51622114981417,-41.595148007126475,-5.417968128070536,-1.6892512492319431,0.0018879059520536601
-10.848501313181492,-70.6407312762465,-41.593704499171686,-5.412959318786337,-1.6901218228877986,0.001964618762418896
-10.86884923239116,-70.7646591332024,-41.59221039100664,-5.407970068929137,-1.6909694873789372,0.0020441925238858572
-10.88916163819522,-70.88836699429167,-41.59077249329719,-5.40299562669353,-1.691799644354094,0.002126522513634519
-10.909486178748958,-71.01153557680709,-41.58929016029941,-5.398037330047691,-1.6926154617293176,0.0022117671812080303
-10.929833465878904,-71.13452446379559,-41.58786476107899,-5.393087145225824,-1.6934260986939078,0.0022999300078081694
-10.950229613261556,-71.25704002584693,-41.58642528091308,-5.388157306560129,-1.6942268313914421,0.0023910007680839076
-10.970441809373824,-71.37934289612164,-41.58512780502196,-5.383264197050086,-1.6949927766463007,0.0024848426337079686
-10.990697797038598,-71.50127322077087,-41.58373045882844,-5.378354466943618,-1.6957543331662595,0.002581388883173813
-11.011032286106385,-71.62270270296872,-41.58228266218594,-5.3734548484784375,-1.6965128146426207,0.002680746479978391
-11.031229151930889,-71.74396329312988,-41.58098437474756,-5.368590622769764,-1.6972429059027123,0.002782894714278639
-11.051527918160808,-71.86471432178084,-41.5796125888012,-5.363730865370752,-1.6979732474553801,0.0028878281418376808
-11.071710695852088,-71.98529007520469,-41.57837140466164,-5.358901376417324,-1.6986788279099572,0.002995524600029182
-11.091907861171501,-72.1052925092108,-41.57705671259474,-5.3540846311433725,-1.6993705711469702,0.0031059133236939537
-11.112123062784597,-72.22503931852177,-41.57574249471803,-5.349265698043254,-1.700059153816609,0.0032191072152137528
-11.132270341379073,-72.34444295476365,-41.5745646291701,-5.344497785933084,-1.7007233886481548,0.0033350640236126747
-11.152457382203846,-72.46344366117795,-41.57327070396046,-5.339708006324271,-1.7013879338798226,0.0034537253032460575
-11.172597189498461,-72.58210397348606,-41.57210108800646,-5.334966563230151,-1.7020300974139209,0.0035750424021739244
-11.192628638800187,-72.69977944506655,-41.570386568531205,-5.330129185210135,-1.7026460194172357,0.003698383469584773
-11.212840342820096,-72.81838531521126,-41.56977937117393,-5.325515938699526,-1.7032832619184053,0.0038248371992337655
-11.232343915302309,-72.93287212397716,-41.566492809409056,-5.320466487452108,-1.703782378176206,0.003951321028994859
-11.253082727806843,-73.05321871186501,-41.567672114496645,-5.316180223569401,-1.7044876570228462,0.004082420131717069
-11.27299918601159,-73.16985989983084,-41.56643529052286,-5.3114917420527945,-1.705054390214833,0.0042158788925578715
-11.291921635589738,-73.2806977827116,-41.561447059493176,-5.3062088105602,-1.7054223298049873,0.004347435248083922
-11.313172690895588,-73.40239447544104,-41.564518439761414,-5.3022970879567035,-1.7061860225509835,0.0044858685144975275
-11.333063824574046,-73.5177140233934,-41.56322615872887,-5.297647373565607,-1.706721243875238,0.004626186171335292
-11.352206657056962,-73.62856299529749,-41.559144938044135,-5.292566191294862,-1.7070986291129495,0.004765629417260805
-11.373098718905016,-73.74759615734538,-41.561220675189645,-5.288535611875296,-1.707780737389478,0.004911796896867128
-11.393071312768459,-73.86188640055178,-41.560025841750104,-5.283939546976841,-1.7083024031440583,0.005059679534835721
-11.411126687557907,-73.96774921808147,-41.55341589860668,-5.278504185182253,-1.7084690170243748,0.005202572277226703
-11.432976317855703,-74.08971752765999,-41.55844324312092,-5.275015050682724,-1.7092874648719443,0.005356092638222694
-11.452651039800575,-74.20247602743746,-41.5571888539208,-5.270479371878938,-1.7097405593048738,0.005509982472982334
-11.472079512542843,-74.31274328841916,-41.554530077285584,-5.265738273931323,-1.7101227027276833,0.005664999468204814
-11.492532249599725,-74.42708036319532,-41.554928085327695,-5.261499100912815,-1.7106826067734238,0.00582543393058693
-11.510516888121993,-74.53216767077959,-41.54941548531115,-5.256351099987391,-1.710810180555955,0.0059804370098588515
-11.532239094492704,-74.65052539171933,-41.553285870459916,-5.252731251961768,-1.7115648736848186,0.006146241975720763
-11.552016971305482,-74.76114384683848,-41.55214725437363,-5.2483141040960195,-1.7119846587648468,0.006311911327113282
-11.56974697090844,-74.86456324828627,-41.54638655791332,-5.243177171777033,-1.712047224809077,0.006472636735754908
-11.591231247647901,-74.98165393083067,-41.55037872426355,-5.239640621321905,-1.7127530420038306,0.006645648509840925
-11.611213621399557,-75.09085679725172,-41.54914108195693,-5.235254156546491,-1.713176108474172,0.006817686423847428
-11.62999985862591,-75.19725048158959,-41.5464780081031,-5.230687076383248,-1.7134050008227841,0.006989701603235631
-11.650481508735202,-75.30830896246249,-41.54711674158149,-5.22663547207739,-1.7139082466428963,0.00716789252360026
-11.668900911997907,-75.41256854798554,-41.54350338417111,-5.221932139181076,-1.7140631216729862,0.007342260008070727
-11.689526371430235,-75.52384267368046,-41.54507410858756,-5.2180944096993,-1.714580214672847,0.007524888538872867
-11.709144815942318,-75.63067810597381,-41.54387029223341,-5.213814899455663,-1.7149157386444713,0.007707502631685648
-11.688227862767588,-75.7384278715636,-41.52143691838581,-5.200741367348984,-1.7100377377533698,0.00793647037516667
-11.66625727232958,-75.88341390037088,-41.51822796225361,-5.189145033677203,-1.7054370520519624,0.00820950873382837
-11.642605585804555,-76.00993799998342,-41.5045285901684,-5.176221163412894,-1.7003733563952281,0.008471960069719698
-11.625251290101605,-76.13248070425485,-41.492693566801954,-5.164566534463599,-1.6960326961610699,0.008728209354404225
-11.613485143028237,-76.25212163726142,-41.482828254203085,-5.154064213994982,-1.6923445534684882,0.008978524640237972
-11.606836778236344,-76.36916478268124,-41.474619199169965,-5.1445573802929,-1.689254280152568,0.00922325177873564
-11.60452915037631,-76.48357500172037,-41.46780030702356,-5.13594444372556,-1.6866640523268182,0.00946287288138975
-11.606099952615882,-76.59535812310985,-41.462055559128814,-5.1281027443037495,-1.6845217274135778,0.009697911875569629
-11.611036030179935,-76.70508560844999,-41.45741663365461,-5.120962039003569,-1.6827682315181984,0.009928852803841298
-11.618877315039358,-76.8128029657693,-41.4536098820458,-5.114409925665107,-1.6813564159580487,0.010156159594952613
-11.629482095575328,-76.91852372630734,-41.45051752301447,-5.10839808003657,-1.6802615607282472,0.010380226470643015
-11.642014655406086,-77.02261503698031,-41.4481156723576,-5.1028607326878,-1.6793924712318586,0.010601395540350488
-11.656987542748517,-77.12509656439859,-41.44618682154349,-5.097717310185591,-1.6788092453433392,0.010820052952009603
-11.673412409190972,-77.22628655209301,-41.44485254437317,-5.0929579039311985,-1.6783957876393545,0.0110364609552615
-11.691396454973285,-77.3260483313014,-41.443804438157976,-5.088489608128534,-1.6781685031555478,0.011250920605725575
-11.710849053645228,-77.42455051552567,-41.443083731921014,-5.084301067983242,-1.6781117336991407,0.011463676377246847
-11.731348795888643,-77.52156154333893,-41.44252585927539,-5.08035612188857,-1.6781746716095716,0.011674932535771744
-11.75260220801507,-77.61758508085109,-41.44227796036307,-5.076636424745608,-1.6783276664629634,0.011884888213802344
-11.744378181877215,-77.7394437868835,-41.43867025441497,-5.067055880815793,-1.675129371832673,0.012131823325415394
-11.777742886593984,-77.82699180124756,-41.44108883392442,-5.065704948590746,-1.6766703384172432,0.012301192063278356
-11.808124871593632,-77.91559648610627,-41.442731011088725,-5.063792816440842,-1.6778516260330054,0.012475031361633466
-11.836541528043766,-78.00489881605566,-41.44377611964423,-5.061472262498032,-1.67881094548153,0.012651685875611706
-11.86342802347948,-78.09400136541312,-41.44444155185689,-5.058953789587986,-1.6795851764299954,0.012830134653493364
-11.889870796902903,-78.18301408987638,-41.44491530698424,-5.0563129759603775,-1.6803116605334847,0.013011537532451
-11.915794941225153,-78.27152042386429,-41.44515312155244,-5.053594773896362,-1.6809818239664847,0.013196165708194929
-11.94150910710724,-78.3593091746605,-41.445197897209155,-5.05084620592846,-1.6816273609650838,0.013384180989518206
-11.966982548409874,-78.44671751198001,-41.445264016257035,-5.048099947808554,-1.6822485096673458,0.013575767182489405
-11.992624714658529,-78.53329703664906,-41.4450352308671,-5.045308418259756,-1.6828938966317402,0.013771044003660488
-12.017889742778769,-78.61909929620543,-41.44474565036567,-5.042540598172423,-1.683494581224207,0.013970042133532527
-12.04315094774048,-78.70418118222915,-41.444384685267,-5.03978659107843,-1.6840946206277336,0.014172853368476292
-12.068274851665105,-78.78863317521457,-41.44393667595517,-5.037028080463904,-1.6846826464180578,0.01437953690728983
-12.093391542334595,-78.8721870033429,-41.44329200884945,-5.034260099585169,-1.685269654459768,0.014590140439198488
-12.118360804226697,-78.95509832470424,-41.44254629562158,-5.0314804076241835,-1.6858435408518981,0.014804700608996054
-12.143094613572778,-79.03692665146248,-41.44159594595263,-5.028706581023206,-1.6863849902256194,0.015023230032003402
-12.167681551447174,-79.1182666287246,-41.440634827756334,-5.025929675839214,-1.6869119947409255,0.015245773280313561
-12.192113236670544,-79.19878322918314,-41.439438474947735,-5.023111846938496,-1.6874250292316466,0.015472351524572608
-12.216507456156622,-79.27852831800077,-41.43811232231533,-5.020280495648923,-1.6879323895744223,0.015702991171965237
-12.239298110098408,-79.35815770988717,-41.43604125609528,-5.0170832189263335,-1.688264115058956,0.01566844320081148
-12.263417304201111,-79.43613265157667,-41.43451907410042,-5.014316028238192,-1.688732342111645,0.01562904314444453
-12.286177384353575,-79.51326261374729,-41.43332074070145,-5.0117857683674485,-1.6889894770537976,0.015325848826092277
-12.309641391681293,-79.58980800479011,-41.43185517872778,-5.009147481062429,-1.689373534690262,0.015028110019506467
-12.332581673864267,-79.6656886233333,-41.43030945610294,-5.006481646574088,-1.6896950457375541,0.01473509594129403
-12.355299197699331,-79.74087626099528,-41.428577046217285,-5.003756922235489,-1.6899937630389583,0.014446830117193912
-12.37777939023585,-79.81489102427102,-41.42656228165515,-5.001000265871232,-1.690259855816135,0.014163306786745126
-12.40006199558703,-79.88801909295671,-41.424475566466405,-4.99824501048873,-1.69049839723703,0.013884513917164712
-12.422129748138738,-79.96040753683525,-41.42224107631046,-4.995445553238525,-1.6907104683038832,0.013610001263831389
-12.443707196729774,-80.03142576898146,-41.41968994197618,-4.992619800346281,-1.6908622384459782,0.013340047251352473
-12.465397843297042,-80.1016348011001,-41.41707550261205,-4.989787471709928,-1.6910244518345445,0.01307445565468449
-12.487006384289908,-80.17096497370792,-41.41424168232088,-4.986899463677979,-1.691177854553134,0.012813349768804575
-12.508244649721028,-80.2389074866811,-41.411201427745745,-4.984017922641161,-1.6912781190398622,0.012556630182362936
-12.529217376384148,-80.30574804732633,-41.40794348602261,-4.981103203959298,-1.6913443682610798,0.012304281477283902
-12.550697971218696,-80.37026952021412,-41.40463412855264,-4.97844495467379,-1.6914224649442307,0.01205458637209188
-12.570740823388343,-80.43530269545677,-41.400927014798015,-4.975370944749074,-1.6913738707249935,0.01181347207390537
-12.5909185688967,-80.49907015898857,-41.39713549579561,-4.972331761519239,-1.691331467053373,0.011576303852676755
-12.611018322445329,-80.56153447637175,-41.39312625881606,-4.9692772560112175,-1.6912772811542416,0.011343149081266032
-12.62683150545309,-80.61709294924968,-41.38662431920505,-4.966204599955212,-1.690464497642683,0.011094212853192068
-12.650806040190309,-80.68096737568908,-41.38463482400145,-4.9634653579213,-1.6910121866327774,0.01087880496782031
-12.664176523634572,-80.72825768330662,-41.37422634471948,-4.959822273351944,-1.6898155966439652,0.010630266358053652
-12.6941282935342,-80.7973815161469,-41.376129554478844,-4.95753633041895,-1.6913165342318364,0.010440359731585485
-12.711427634977255,-80.85323859587771,-41.37083044684297,-4.95426335135987,-1.6908374847060532,0.010222727170610211
-12.719896528175195,-80.88755304066005,-41.354813330877214,-4.949927483763998,-1.6888416569864584,0.009968787736283348
-12.75508214635429,-80.95965225723273,-41.36140278048115,-4.948633409413754,-1.6910921952098557,0.00980175751493076
-12.762713697458599,-80.97978044214076,-41.33813674377255,-4.943267946149159,-1.6889256966319672,0.009552107034395036
-12.798449515896378,-81.05924714294147,-41.35139839333675,-4.943197117083182,-1.6912269152654134,0.009409427811962266
-12.812950466041933,-81.11025057550965,-41.3445254700385,-4.939129443941637,-1.6904736624102716,0.009242593820868653
-12.814664270356493,-81.1219680912828,-41.316746016199254,-4.932647841541264,-1.6874982029002306,0.00901965654550623
-12.852477262401658,-81.2020518197752,-41.332479521094626,-4.932926088647953,-1.6901184810136587,0.008916132343492022
-12.86883605701351,-81.24708594657835,-41.32528087298086,-4.929124093768207,-1.6895521124799167,0.008775652759821357
-12.880317097171796,-81.28476331458464,-41.31556299352782,-4.925272820768313,-1.6881456635654233,0.008623150290821245
-12.889547613541467,-81.30347077127804,-41.29564569931021,-4.920072205114433,-1.6863083805896517,0.008461959248645479
-12.92530528592837,-81.36738034040776,-41.30359387065429,-4.918891619492236,-1.688611042783096,0.008394679428871437
-12.940634082088835,-81.40568400100514,-41.295224134714175,-4.91478963691553,-1.687881993070001,0.008294292358596338
-12.9444569132439,-81.41664616983832,-41.27447252992745,-4.909791281620125,-1.6851414649024328,0.008144597257677858
-12.978811576132712,-81.47175936824061,-41.27903501232324,-4.907906203894521,-1.6872306236448764,0.008104462065123452
-12.993907742127227,-81.50309032122829,-41.26977704099936,-4.903818308403922,-1.6864044128202085,0.00802849610568601
-12.994659668627857,-81.49733366352358,-41.24187778652265,-4.897802103022649,-1.6831240723717165,0.007891151779592242
-13.033839066431558,-81.55631176087361,-41.25211379945789,-4.896864888802211,-1.6858973500381902,0.007892127320026796
-13.050202776636636,-81.58080530171357,-41.24219515532327,-4.892793831812384,-1.685201104885998,0.007843597518486402
-13.06253113931133,-81.59992108176371,-41.23087499406184,-4.888734420446663,-1.6838257942397648,0.00778681911114822
-13.080440298155992,-81.61573314527169,-41.22100094467141,-4.885583188662414,-1.6830928240275058,0.0077201695494555815
-13.079392744096243,-81.58365996257157,-41.179537350357094,-4.876633628754123,-1.6796157381676928,0.007594558941333909
-13.119222857518942,-81.64635417164777,-41.199832335227065,-4.877795188968145,-1.6822816416608102,0.007584789915797551
-13.136743185430168,-81.65762336227397,-41.18840958281187,-4.873697701405572,-1.681589528245328,0.007524492691092107
-13.150935763828603,-81.66815306642528,-41.17587280873268,-4.86882402276558,-1.6805241227858394,0.007476989241956688
-13.149636705096643,-81.62843303073673,-41.13622080260438,-4.860469382025722,-1.6768828091409254,0.007365588343420872
-13.200141390544106,-81.67867829563853,-41.14909333073905,-4.859104673709617,-1.6813316619833927,0.007488192462254909
-13.222743288136998,-81.67566146236636,-41.13683486304412,-4.8555424076448475,-1.6811395369189293,0.007518226975244856
-13.239908980002921,-81.67113767015913,-41.1275668924771,-4.853096351749517,-1.679959605578423,0.007529841717808166
-13.265195864463092,-81.63682304261357,-41.09263453571054,-4.844193632086263,-1.680435587225809,0.007594127260610661
-13.286651960596707,-81.64737380269611,-41.0986695979967,-4.844932598380385,-1.6797804876595048,0.007453482384768164
-13.30296108403952,-81.63500445999192,-41.08349241038664,-4.839836735580014,-1.6787989252869595,0.00742320411846466
-13.31147041905431,-81.62116970098764,-41.0676929633627,-4.834163809778657,-1.6767511440920373,0.007396454949379258
-13.331183024642309,-81.58035376432699,-41.030613281485415,-4.823349917478466,-1.6766442666597028,0.00744619912694862
-13.348735053875533,-81.57347675673904,-41.034826115810205,-4.824217031136834,-1.6751916618900864,0.007241634420163189
-13.363855122988141,-81.54499827905491,-41.01687142691507,-4.818495952945147,-1.6739099575998462,0.007166007961005534
-13.377272561942297,-81.51394220553932,-40.99873612237379,-4.81252204444884,-1.6724112542015672,0.007088038637774861
-13.39650324631294,-81.46964919661738,-40.97187932190501,-4.804420062616638,-1.6718580459297376,0.007024778328128499
-13.417622384032684,-81.42348403245347,-40.94849192006382,-4.797503490810947,-1.6713993343386697,0.0069457320208552355
-13.430239164250272,-81.38726146289825,-40.9422218745731,-4.795657785994303,-1.669145239714372,0.006795886070275024
-13.45740435566527,-81.32013275455128,-40.90314475587511,-4.7841022764683405,-1.6699257546569493,0.006749969492457614
-13.467606534323847,-81.27693750512924,-40.90169282736219,-4.784097327549519,-1.6669828155891167,0.00655671444478334
-13.504091246779787,-81.18569543806964,-40.85476180853786,-4.771816933487772,-1.6688989940080838,0.006542898133554433
-13.519058449855418,-81.13875695604872,-40.85930150452957,-4.773547192147376,-1.666482325762321,0.006273071533852388
-13.538266397379113,-81.06484168375921,-40.83578676866601,-4.766749977583119,-1.6653952636081055,0.0061650728956491535
-13.559877460820532,-80.9753826582712,-40.798772816626396,-4.755795012603361,-1.6650545097668903,0.006117681618626312
-13.574808086979203,-80.89898497209971,-40.7871218990483,-4.75277707623389,-1.66285002716,0.005929523140800416
-13.603063833550685,-80.79308923094395,-40.743683501139444,-4.739933852554751,-1.6634853322908587,0.0059190929515509
-13.617251297077097,-80.70170437332443,-40.73446930379267,-4.738556447654187,-1.6607481127553039,0.005668667031544452
-13.637481729012558,-80.59520943557672,-40.707278642207044,-4.730772943958204,-1.6595383314700194,0.005556125088738214
-13.66744117293852,-80.46642841893873,-40.66020690836016,-4.716996225223159,-1.6602399011256206,0.005538496392948747
-13.678486757199966,-80.34703044950646,-40.645535345819326,-4.714569471300201,-1.6567870458714757,0.005299415639927222
-13.699719815762272,-80.21516609547204,-40.61453049264045,-4.705853846913698,-1.6555000398007629,0.005179225992227898
-13.72229028209916,-80.07373783101477,-40.58242617652273,-4.696973602269404,-1.6542844520819004,0.0050604918762349425
-13.746639695364186,-79.92297891860864,-40.54948974850807,-4.687919545652747,-1.6532137535117484,0.00494219281158407
-13.782625821436744,-79.75551477362445,-40.50290706254578,-4.674321115192555,-1.6542169338321642,0.004875653684675501
-13.801909833335097,-79.58693849762426,-40.48160859525021,-4.6703799009573155,-1.651445012693629,0.004666326384719768
-13.843335728798689,-79.3917004849182,-40.42277337272194,-4.652964006977145,-1.6533885645093547,0.004621389537639222
-13.852711590513001,-79.21024911360948,-40.40632562275415,-4.649848202908428,-1.648899515787996,0.0043780819711921985
-13.87821969614505,-79.00452981154984,-40.36645539691917,-4.638847452744984,-1.6474778479951202,0.004231109572585137
-13.918413011017915,-78.77762506379368,-40.309890381455375,-4.622273154730076,-1.6486348439358174,0.004153354274567479
-13.933747577618675,-78.55237310070903,-40.28196726317941,-4.615725924833942,-1.6448500625356912,0.0039317700670274056
-13.964309178514183,-78.30485045931658,-40.23626503081716,-4.603088751099927,-1.6437527976814785,0.003774456197430025
-14.015101712287391,-78.02646751835806,-40.162293533158945,-4.581123929317716,-1.6464354090161588,0.0037285098634871868
-14.02710169035506,-77.76169047551642,-40.14087117267873,-4.577086205654478,-1.641221082298217,0.0034346235636604407
-14.058811470223336,-77.465704521909,-40.09003546186541,-4.5629615423831655,-1.6397842523613462,0.0032673515907197808
-14.092752985421088,-77.15076358867395,-40.03617531626067,-4.547941732181884,-1.638497220633617,0.003092869761275227
-14.138798672216177,-76.81126672464296,-39.96867751406552,-4.528221312880127,-1.639236258512929,0.0029806594923090274
-14.165698258764682,-76.46108867305414,-39.92234105645851,-4.516193772254064,-1.6359917713410408,0.0027513457895476166
-14.208983959389954,-76.08163907680881,-39.85583295770578,-4.49702723816478,-1.6356425071877012,0.0025978817898642793
-14.25431060278458,-75.67739599741627,-39.785870959149165,-4.4769253383801075,-1.6353342451564428,0.0024436219691888117
-14.286454988973539,-75.25629208915848,-39.73103602500936,-4.462200690755576,-1.632134382969615,0.0022106337194485104
-14.33131292693159,-74.80259490729782,-39.659230711412015,-4.441491982391584,-1.631090422875729,0.0020306477738740968
-14.396916096999322,-74.30763170021434,-39.56026018573935,-4.4116716542871055,-1.6336655452117934,0.001953564042636213
-14.425112189314206,-73.80631852518259,-39.51035030357606,-4.398946211310602,-1.628374517451014,0.0016364300822613934
-14.473623814862126,-73.26047678008672,-39.429905328000316,-4.375449520519757,-1.6268250732583058,0.001447738475795004
-14.52717939728129,-72.67810296244673,-39.343628192909385,-4.349982548698338,-1.6256883508362574,0.00125581777464
-14.592165256372722,-72.05259072657583,-39.242323480998756,-4.319330382956188,-1.6262437358853918,0.0011158352266504125
-14.64119336435946,-71.39343669575399,-39.1599832099412,-4.295709151642487,-1.6230001768669233,0.0008683123090369795
-14.708524404158133,-70.68298466677487,-39.053634876490186,-4.263413154593148,-1.6227923299969125,0.0006985385364311203
-14.777318713582476,-69.92373863425597,-38.94399694704047,-4.230160809401484,-1.6221579250812708,0.0005196049145585187
-14.83571140238848,-69.11899747339402,-38.842697116743224,-4.199529157854377,-1.6189598814187018,0.00027323848074887086
-14.916049006583915,-68.24586928055075,-38.71518508929814,-4.160175159475601,-1.6190379931105032,0.00012419636438022356
-14.98580258592719,-67.31989373727565,-38.59965273174063,-4.124582186530415,-1.6162257487262977,-0.00012492708833216373
-15.075539402168472,-66.31596106768404,-38.460762974256866,-4.081293289913168,-1.6161056136836225,-0.0002939078048740982
-15.167166144071853,-65.2376828830511,-38.315249111806885,-4.035564679957243,-1.615433654859575,-0.0004729135971037297
-15.254142435905003,-64.08319554555074,-38.175763855177074,-3.991698711483295,-1.6126118654117705,-0.0007109164026933377
-15.364160150745255,-62.82329145218014,-38.00250881973021,-3.936800908056293,-1.6129286806823926,-0.0008392787910900869
-15.46489928739279,-61.48204664437599,-37.84429278060002,-3.885471826812249,-1.6101545876825327,-0.001096279215459537
-15.582808717654386,-60.01570717501618,-37.66183380929721,-3.8269143540997304,-1.6088101031678115,-0.0012743537641466151
-15.714719646025012,-58.408061851823106,-37.4409980204881,-3.7560535515030997,-1.6089296311709274,-0.0013120990185077046
-15.842897766263858,-56.710591592850975,-37.253302746662015,-3.691770515770397,-1.6062152349732741,-0.0016773572066380283
-15.998517057118361,-54.82930756789159,-37.02563707018738,-3.6165318037586074,-1.605910840997318,-0.00186050648677857
-16.16356956184411,-52.77685843673725,-36.77946981358909,-3.5341056532491226,-1.6052270962207327,-0.002027939719104536
-16.333602014437844,-50.520651855545246,-36.51602341876003,-3.4464813117177204,-1.6026598225737472,-0.0021706171121608103
-16.531823618139335,-48.05701929061041,-36.22020529687583,-3.344805173229389,-1.6027219816245408,-0.002237115536699686
-16.740365143537403,-45.34717090711686,-35.91021764577756,-3.2373216706863506,-1.6011349659536394,-0.0024014799365730997
-16.976918533978882,-42.34921658844138,-35.566537789184856,-3.1174934473298634,-1.6005882885840712,-0.0025651354932283103
-17.24183421752655,-39.02267570609706,-35.19029847869087,-2.9854568228375546,-1.6004431217433417,-0.0027277266852215975
-17.535504216773962,-35.30966277441908,-34.77497057863548,-2.839600849580986,-1.6000437732165382,-0.0028855231754007318
-17.86461196898906,-31.15475994205019,-34.315798963789106,-2.677250538603894,-1.5997921115418436,-0.0030362299774416546
-18.235494153373207,-26.482254060838656,-33.805786806725784,-2.4957862823142234,-1.5997048634184279,-0.003178369704939325
-18.655815177756015,-21.198791247060186,-33.23620883360617,-2.2919705269245023,-1.599790750969672,-0.0033097089121083773
-19.135866433303768,-15.188692301842835,-32.59682448589214,-2.0619293762060993,-1.6001149054201547,-0.00342783184819242
-19.687998982805393,-8.304955110060789,-31.87431817512997,-1.8008151520493154,-1.6006834305644126,-0.003530061322366076
-20.32864650810788,-0.3604652083141531,-31.05221974573813,-1.5025913786907221,-1.6015515919543961,-0.0036133847125513693
-21.07930121516577,8.888247650555002,-30.109213005945747,-1.1596220542996702,-1.6027735971352692,-0.003674397280332229
-21.967987517063296,19.764902221061476,-29.017030588753087,-0.7621625310351847,-1.6042596523907946,-0.003708614856075143
-23.03382940052449,32.70057947448339,-27.73912799002014,-0.2973580138747707,-1.6061170381384229,-0.0037136361010581534
-24.333270413792977,48.28877009342091,-26.22627267425054,0.25175472917382535,-1.6087174669857485,-0.003687734917227934
-25.94371199600375,67.37802153838757,-24.401717237413127,0.9097609938434124,-1.6121622713407455,-0.003632524406106229
-27.99619486515781,91.16031906226385,-22.198052196176782,1.7017806135664397,-1.6180264293824214,-0.0035181416866729904
-30.64503221688991,121.55193530367737,-19.41849490819571,2.6833311874150345,-1.6236474641757965,-0.0033296535264890795
-34.20632155728375,161.43302428652368,-15.87961033518922,3.913233268845195,-1.632266092618813,-0.0030582836900111964
-39.1771712462317,215.01397319047757,-11.413027640650249,5.369432541634475,-1.638178855806229,-0.002680685991754879
-46.246908074549374,286.9539607126209,-6.214604583033456,6.722488239138261,-1.6103713755864453,-0.002450112781253699
-56.643787695676565,386.1996480358991,0.057337543761377674,7.929036161735505,-1.5572296956087206,-0.002080040878991632
-72.29073078060699,500.0,8.29507093150044,8.95221742728108,-1.4468515074625992,-0.0020150458181463597
-90.36914349128924,500.0,18.14195700578093,10.385459830741938,-0.7881069517692871,0.003679592665258656
-134.5156250947364,500.0,38.2751584245623,10.866388344967351,-0.48906727926085086,0.0061528779666791674
-229.63325716482842,500.0,77.89493532924214,10.602958759985853,-0.1103172917429101,0.005771700346653397
-500.0,500.0,208.61806679585396,9.080382546864659,0.3554715704667026,0.004966788237422986
500.0,-500.0,-500.0,5.427209702539562,0.887014035815058,0.0036684181927222675
500.0,-500.0,-262.3781055583384,7.008084642547357,0.442408087803259,0.003941050046065364
312.66176849843845,-500.0,-156.99445776885517,8.536732943836736,-0.018125563486049462,0.004387993999231772
227.13877017121024,-500.0,-114.29480734409171,10.015299263879118,-0.4667660304410801,0.004807190402056513
178.56658329892673,-500.0,-90.86457966600338,10.266519884386227,-0.8717992903415375,0.005091294634144665
145.21678351069218,-500.0,-76.29491102008164,9.674735046383587,-1.247857914356532,0.00534646943207101
119.88339172535532,-500.0,-66.54316687329452,8.545752745812866,-1.5890925358145822,0.005661243975736994
100.1610695729366,-500.0,-59.70461729733827,7.071911699617895,-1.8476308191235737,0.005871497107187012
84.15388603447254,-500.0,-54.75605191165594,5.369940182135587,-2.0416407045080542,0.006215546479915064
70.72506382725504,-500.0,-51.07547832511471,3.5317426963262477,-2.1913903415133604,0.006279092721501368
59.288094234854356,-500.0,-48.30573774109579,1.602287249226599,-2.2954040357441086,0.006473828620511971
49.36154212189541,-500.0,-46.17686201673191,-0.3644999908697759,-2.3668415585875615,0.006720569327129967
40.644451294969635,-500.0,-44.511573081422775,-2.3333577536490235,-2.411869081235856,0.007023363970805521
32.92459526871869,-500.0,-43.18443069558428,-4.2774020509062955,-2.435148389889839,0.007387721304510632
25.50506578900336,-500.0,-42.17550242934169,-6.280776132345575,-2.51015333247491,0.006911235521170274
13.253150929806687,-500.0,-42.31123607514533,-9.286163197512654,-3.28489491784877,-0.0012848970178001569
8.363284900369452,-500.0,-40.449488508858515,-10.796953968290989,-3.183792723917078,-0.0030585946696828708
3.7447238436039285,-500.0,-39.645172834157435,-12.448784189175104,-3.1063772680839112,-0.0031731273674754255
-0.5237769876063729,-500.0,-39.05414841242818,-14.02699282161058,-3.040704269539976,-0.002894013811435921
-4.179846088908456,-485.66924291233903,-38.35546309803078,-15.499026356101549,-2.9458482231345076,-0.0033170694630107094
-7.7583124252306135,-472.8447144378567,-37.97410974630721,-16.894636854799963,-2.8910768403760922,-0.003065991748411507
-10.64726659933495,-460.6855610762783,-37.32424465969851,-18.173690028970714,-2.7857728920596796,-0.003278994765298697
-13.530006657979142,-450.1467109168612,-36.998937642161934,-19.378924941688688,-2.723293343286132,-0.0029520807232122
-15.921963227983696,-439.97225543747567,-36.426743388197345,-20.455451281208227,-2.6313278294294618,-0.0029139441838877357
-18.130650243483856,-431.03244817068855,-36.05993620722202,-21.4713771052791,-2.5511313539307925,-0.002671258969520035
-19.98419369471941,-422.19503942385995,-35.443028265354876,-22.3519155793851,-2.453997646657304,-0.002558873451046712
-21.746550201337286,-414.61703781789856,-35.12077700171865,-23.19076837339319,-2.3772852820503854,-0.002227621098085649
-23.234095316926336,-407.2311504011709,-34.65042051672441,-23.916507844276715,-2.29080551791293,-0.0019387734754442304
-24.48206696976269,-400.0816817391093,-34.08020075381263,-24.544012820876766,-2.1970671443494973,-0.0016661758366601216
-25.747714477088948,-393.76570292512,-33.68810166760107,-25.130015298884206,-2.130776655708097,-0.0013700926409710573
-27.341797094026077,-387.79325978158994,-33.17552463504336,-25.713703766471536,-2.1238424190011886,-0.0019841123976590603
-28.72410287871071,-381.90902008310104,-32.568610168356784,-26.206638719177327,-2.1087384415702393,-0.0026203068862854628
-29.981802770779158,-376.6658908829511,-32.146825344511605,-26.640896773545812,-2.0990891194039687,-0.00290681525215426
-31.03029329272081,-371.47201832521796,-31.641554613016964,-26.990779309517766,-2.0787859513807074,-0.0031252377635942385
-31.93562498822545,-366.4845748725294,-31.139707998008767,-27.271604474837897,-2.0565222153224902,-0.0032957251376817044
-32.663392924910305,-361.6637585884473,-30.626186397732866,-27.490804190989635,-2.025574967749004,-0.00336234641599494
-33.310462705104584,-357.0590125039681,-30.14995351025182,-27.646769482961417,-2.000089476875388,-0.0034851283155239153
-33.85538361051243,-352.43396025275354,-29.618763194856378,-27.725624859633626,-1.974493210497531,-0.003550575957994744
-34.27278060067676,-348.181344033465,-29.189640864199575,-27.773808319272298,-1.9463096660289219,-0.003758225835445608
-34.560107599330074,-343.9597000197814,-28.725118067866504,-27.766817195528198,-1.9110164537054046,-0.0037981468234191186
-34.79110885962682,-339.8321169582586,-28.26565769788347,-27.710630202657413,-1.879314573887301,-0.0038765751622050586
-38.734538669281115,-335.0726056229115,-27.053591953816934,-27.894449958704683,-2.306141290977492,-0.008237745748431512
-37.73683208298904,-332.73435041529603,-27.246131007426484,-27.91370636160849,-2.1487794182678344,-0.008873611722360791
-37.229253346582574,-328.54590326623304,-26.76842176426817,-27.647299885666925,-2.0518592060246195,-0.00808426490517736
-36.737781116331696,-324.82774235161827,-26.485365733046365,-27.36881919672271,-1.973900281906371,-0.008373830947643941
-36.215279092753704,-320.7269544558319,-26.008542923771486,-27.030736605253942,-1.8932573556292007,-0.008278196040586354
-35.62570439847376,-317.1664603545,-25.74006072232514,-26.70798720994233,-1.811446943719392,-0.008215654636858775
-35.09572458898196,-313.13396611640337,-25.267015170397073,-26.31061755782425,-1.7425727063302001,-0.008337996231761447
-34.45797664090696,-309.70410849059965,-25.01998867265332,-25.948539941242082,-1.6631907720222043,-0.00809375103661859
-33.90967807071647,-305.78290973427426,-24.571254787398523,-25.51070441481061,-1.600917042961977,-0.008185944667067437
-33.26193974078461,-302.40086130930524,-24.327019580013484,-25.10739361578726,-1.5287139456486003,-0.0079750150294218
-32.70584245982971,-298.58240067873885,-23.906655116185895,-24.63786245994662,-1.472773786091562,-0.008032709329346521
-32.05623510697719,-295.23050882065843,-23.663537262663482,-24.20112757782765,-1.4071920602221046,-0.007856738706242674
-31.467383682636232,-291.701130377946,-23.35129105034234,-23.727357116307065,-1.353158882863357,-0.00782120156703488
-30.916392476265774,-288.15411594627375,-23.034269720748824,-23.235589668060747,-1.3089245450585132,-0.008092933370028796
-30.26635070923328,-284.69788618247287,-22.73366205609387,-22.751303870097544,-1.2481889585319355,-0.007667163893896346
-29.68852175398812,-281.2481010189944,-22.449866648580503,-22.249546097325222,-1.2020112225241482,-0.007571611576465202
-29.190449165597922,-277.9319292143769,-22.212570244086237,-21.757891685098308,-1.168528919236162,-0.007620878767665852
-28.923813271399727,-274.5583777380697,-21.889524117621463,-21.28960797677278,-1.1616729336625338,-0.007965743635090323
-28.69064673943667,-271.4309074778461,-21.684706474933982,-20.83182535318933,-1.1634732153932725,-0.008402779001338324
-28.3860426201511,-268.0781783737566,-21.390396131943966,-20.34281802406416,-1.1562985532432553,-0.008762269759272929
-28.095357150999977,-264.9481482848796,-21.201415800008895,-19.86679435343205,-1.1538668323319812,-0.009116900143648828
-31.9259190285981,-265.81001602082046,-21.563153197587418,-20.42251481946219,-1.662968770255154,-0.021585952057404826
-31.99427643458282,-260.94858618624227,-20.94418997981252,-19.604480917494122,-1.7175791223742902,-0.01947652833233577
-31.138154350803255,-257.44936720063515,-20.65790888343342,-19.045632848680135,-1.6349841705326087,-0.017099403196513176
-30.404386030389556,-254.22728259861805,-20.53616235607619,-18.49200815953845,-1.5850226555606324,-0.016603124805561562
-29.669312234475388,-250.83740754721688,-20.333269570118837,-17.927491008012822,-1.5330298699360554,-0.016145410226793513
-28.919900009389703,-247.7059080269944,-20.238911962695823,-17.393989835642724,-1.4811447131706397,-0.015703339187190763
-28.225603706404865,-244.601578709176,-20.166927877689886,-16.8615491102796,-1.437124428722698,-0.015261062801402695
-27.521231551306276,-241.66498233351547,-20.16400594684074,-16.351351903475212,-1.3929099805561274,-0.014858258043397335
-26.870153646518165,-238.60335823880905,-20.11133340721684,-15.83043373006424,-1.3549281985854762,-0.014471462479800995
-26.225815186031294,-235.84501627039018,-20.197099801913957,-15.342469850098446,-1.3181586691064482,-0.01375679016338897
-25.761093410420454,-232.50668065536183,-20.055606818651427,-14.788800183940648,-1.3027959038661363,-0.013154899239752216
-24.992503562966988,-229.99047292928023,-20.212285091155458,-14.351484235660081,-1.2499240690534819,-0.012662968907929974
-24.399487469839165,-227.1123891259125,-20.23981093215317,-13.869305289879984,-1.2184244277646064,-0.012088213047855585
-23.986707349837285,-223.8983961059268,-20.153836874404412,-13.344797807789563,-1.2101283753078054,-0.01155629985634744
-23.275901406491343,-221.47881335956615,-20.359421178295115,-12.933103742696062,-1.1659496602667718,-0.011262951457778933
-22.736855861322393,-218.71675534857604,-20.44085915548957,-12.480443849316949,-1.1421626354848555,-0.010833241001697217
-22.26586663293782,-215.93674016256853,-20.528940798733245,-12.026680184857035,-1.1278804219239484,-0.01043952227020489
-21.791190687150596,-213.17053622284212,-20.617835372170667,-11.583344376581199,-1.1124356597632266,-0.010061837829240567
-21.18905169159828,-210.67455381093657,-20.79528670051169,-11.187366226881371,-1.0810870483836967,-0.009914749873429092
-20.825953088635494,-207.89366724576024,-20.89700652995458,-10.74856856707291,-1.079777586014253,-0.009433143902192359
-20.24839214478608,-205.51220522219285,-21.12634313831215,-10.378205002660751,-1.051840635321935,-0.009326017448753027
-19.815741391855482,-202.97668612138665,-21.314918452901203,-9.987447549147811,-1.0419794667412303,-0.009043260412932989
-19.475161683496253,-200.3328211884571,-21.47067617652184,-9.586495861479332,-1.0432276344893732,-0.008640805985934842
-18.94301982072949,-198.09505339805688,-21.766231229712183,-9.251330869757382,-1.02168853869999,-0.00864575943358526
-18.5164793359546,-195.71045063574778,-22.009610713711197,-8.901851115063062,-1.0118098227930867,-0.008401803484252172
-18.118235801872007,-193.35831749144432,-22.271485089492693,-8.561039222517367,-1.0059029939020794,-0.008197798724143213
-17.830328050886994,-190.89723869732165,-22.50340904657476,-8.208541523229984,-1.0133805383740746,-0.007796677741638378
-17.33923834130184,-188.80752243456584,-22.855439808553758,-7.919444034641597,-0.9961733183900096,-0.007840482967022205
-16.96721188788902,-186.59481564533547,-23.171225596492977,-7.616168965912351,-0.9931542983399558,-0.007663181873977656
-16.66757177521599,-184.33968335544864,-23.478291126331428,-7.310974315566156,-0.9989475463644483,-0.007356073276942826
-16.2559724526546,-182.2828930837092,-23.8453394329058,-7.043576886849246,-0.9909222081174437,-0.007350202656349227
-16.0299810898504,-179.89747431771394,-24.08988106862572,-6.7370529380430195,-1.0034178632057025,-0.0068892142584924725
-15.764696743010573,-177.71610454363653,-24.42093282873975,-6.461880963529797,-1.0119026176211827,-0.006456342015596922
-15.274238849166277,-176.0671372394964,-24.950374824423122,-6.265232089922593,-0.9972397620583301,-0.006941751660710194
-14.941267924838028,-174.12072439863573,-25.358853362547773,-6.035028720534916,-0.9984944024440963,-0.006920306837972686
-14.626873791227192,-172.19609847391584,-25.77326642080052,-5.813468249102559,-1.0017515634836376,-0.006882500983356251
-14.337135272224458,-170.28566872345883,-26.191340188227233,-5.5992343486461,-1.0075602325495934,-0.006767073650945976
-14.094389588358268,-168.4260121419855,-26.63816693188164,-5.3937838754621215,-1.0196108652730562,-0.006486829794047919
-13.821636550269247,-166.60138717380158,-27.082664517295484,-5.202189577405356,-1.0273213151081375,-0.0063436706397444345
-13.535516948253692,-164.82623110556773,-27.53759680097007,-5.023966569049852,-1.0333052085191006,-0.006325847326326312
-13.165756337831796,-163.15196556537643,-28.007696032812806,-4.87012935872543,-1.027902201576836,-0.006510408204940362
-12.867207663292659,-161.47824078463032,-28.48691854625908,-4.717252805582216,-1.0328581946171882,-0.006856036705709148
-12.602097460972582,-159.80550455394908,-28.96320004017547,-4.56883637488793,-1.040477672754595,-0.006904295698382508
-12.342596697805181,-158.1641605444395,-29.444889525966353,-4.42979110082732,-1.048376131107971,-0.006947576761227157
-12.088438587786214,-156.55431814869092,-29.931790897920024,-4.299937639475058,-1.0565219519007913,-0.00698325237164698
-11.839367663651817,-154.97371171390884,-30.42232954188964,-4.178918344788567,-1.06484022509236,-0.007011023794473903
-11.596543544979045,-153.4188372316587,-30.914851649562422,-4.06610420795603,-1.0734404057694924,-0.007025685389554255
-11.145357858190193,-151.74545522067632,-31.3787796600718,-3.931965505756592,-1.0567540023135704,-0.006744171128346527
-10.580070638630366,-150.0095426125488,-31.824623163436513,-3.788802905936894,-1.0258498670941076,-0.006292409914543766
-10.058721986737087,-148.31586057423806,-32.2742825095617,-3.658031107277484,-0.9994739202536764,-0.005880582204068867
-9.57852881011114,-146.72506166991943,-32.72876643226395,-3.544175746014494,-0.9768672586953243,-0.005510088859883846
-9.134242811752609,-145.23557598840682,-33.18875464318861,-3.4466744603826758,-0.9574730150612317,-0.005181323805627164
-8.675603510391246,-143.81503463037762,-33.64245434426769,-3.360420370973994,-0.9343683026115313,-0.004682976677510529
-8.277799764343525,-142.46780326835616,-34.09253194794074,-3.2865366122829336,-0.9177103623282891,-0.004256016978575904
-7.948939224189963,-141.2383266263674,-34.554682550908744,-3.2317407655679187,-0.9084600210420376,-0.003931442430934613
-7.644538381120522,-140.07313471565124,-35.01244962855193,-3.187194068709527,-0.9012145959250077,-0.0036390886421749924
-7.355418163941891,-138.97806329791894,-35.464576449686476,-3.154629440803342,-0.8944815375839426,-0.00335497874367626
-7.0925430325045005,-137.9469564663664,-35.91191262803143,-3.132508998249989,-0.889863270394571,-0.0031019688331238807
-6.836977706666107,-136.96645581275385,-36.3514678237816,-3.1182793184162385,-0.8851175615667863,-0.0028513314026882026
-6.598728936991016,-136.03946251906643,-36.78412467511346,-3.1125737853417963,-0.8814369854540125,-0.0026168371936658584
-6.376306022642085,-135.16234033084314,-37.20900876622418,-3.114781237300013,-0.8786647124517143,-0.0023972577838808264
-6.169204243328495,-134.33220621648252,-37.62572088452004,-3.1243600593963894,-0.8767429087591282,-0.002191356838472513
-5.975279053151663,-133.54517138161413,-38.03329559729992,-3.1406812646118443,-0.8754602894761532,-0.001998051298454294
-5.794883692702032,-132.7990851792501,-38.43169507370238,-3.1632914999219377,-0.8748443146574705,-0.001816238779498351
-5.500442094191438,-132.03128880420485,-38.80372035281194,-3.18079903886737,-0.8584075500714928,-0.0010198286174556675
-5.439298499142072,-131.43663200349798,-39.210144391200984,-3.2265474817841397,-0.8714227893575096,-0.0012912001687824966
-5.280275307797292,-130.7849670535115,-39.5736038714455,-3.2633693085839326,-0.8706949653057909,-0.0011910848078527578
-5.152381391228485,-130.16576003336792,-39.922303109864885,-3.30619521464566,-0.872701172336008,-0.0012405544760010724
-5.02218273616162,-129.5862335781801,-40.269395323575964,-3.3533297745849033,-0.8739079060844753,-0.0012288794530726877
-4.902649754877173,-129.03242157417648,-40.60493207770683,-3.4040914821219905,-0.8755537299579396,-0.0012315281727769602
-4.780633060684636,-128.51435390464152,-40.93396081271642,-3.4595444597688454,-0.8761307454316933,-0.001259347590930868
-4.6712367759007805,-128.00538007439727,-41.24667667675463,-3.516038333602652,-0.8774541145353021,-0.0012851208663264126
-4.5715659140892715,-127.51428896714907,-41.54636013025267,-3.57482489757217,-0.8791326805140506,-0.0013202137716284334
-4.477082576028523,-127.04537109111749,-41.83537111648058,-3.636382820767259,-0.880692734476434,-0.0013755690750663517
-4.469728470497993,-126.62824493813035,-42.12265387148316,-3.706137889267847,-0.8920366776783384,-0.0015187573819783425
-4.347658530545939,-126.20607936003694,-42.39185052296966,-3.7733737774406695,-0.888526099861693,-0.0015103802465473257
-4.243516447362019,-125.7664442406485,-42.64114699768649,-3.8367900596080498,-0.8869160822859524,-0.0015391319862085885
-4.159266496543039,-125.35859930435075,-42.8843132422402,-3.904413671054873,-0.8869776861942593,-0.0016043189185593527
-4.08945378771169,-124.96538530921198,-43.11602228007284,-3.97362502896795,-0.8880711179719502,-0.0016720176643272467
-4.026271270821946,-124.58774555526284,-43.33734782807143,-4.044373073288567,-0.8893060000073614,-0.0017472652151898902
-3.9687604712686224,-124.2235689939817,-43.54837248771045,-4.116253342045462,-0.8906008890939939,-0.0018284384687560968
-3.9154125077836976,-123.87173318626202,-43.74900968967774,-4.189050791690968,-0.8918080871074394,-0.001914785128338445
-3.8854185432649744,-123.513930087102,-43.935110563160826,-4.259824709731093,-0.8954555082434512,-0.001934880843766209
-3.8156079163048724,-123.19226682938258,-44.1171148569473,-4.335220447348058,-0.893466438744171,-0.0021163524880149585
-3.7924376106389253,-122.85792124049655,-44.28414290821311,-4.4074994582177425,-0.8968569079662533,-0.0021663045738036088
-3.3793009465293786,-121.51820655632613,-44.059004846268074,-4.334348197419035,-0.8529877130974785,-0.0015500013264495734
-3.140110328523702,-121.84408217766968,-44.47466277170237,-4.488931793326135,-0.8295693352843883,-0.001556441918843862
-3.1821820585490554,-121.60702569303373,-44.63141325420723,-4.573305012803381,-0.8379534464105102,-0.0015408447989635806
-3.225580202807989,-121.38119567596618,-44.78394519736582,-4.657561596984861,-0.8464645831706035,-0.001511267270242088
-3.2726843639777687,-121.10291132974272,-44.89403599333954,-4.735873809217819,-0.8543643261867432,-0.0014885623557924794
-3.293344220195531,-120.90833419329564,-45.039281364587765,-4.821445141286289,-0.8593641403362946,-0.001441183802140575
-3.318985363623486,-120.6974735080579,-45.16498265817373,-4.904300301115458,-0.8646050774276697,-0.0013424192827777377
-3.3528411343938975,-120.4622886166291,-45.26867743161017,-4.983264026792739,-0.8704519048737973,-0.0012829614744389738
-3.380473813011962,-120.23903980149974,-45.368056514733254,-5.062492823449346,-0.8753435265403621,-0.0012273135066019182
-3.3985818708379223,-120.04557291810701,-45.47315080778624,-5.1438499004285365,-0.879221407987826,-0.001201308478542798
-3.410727661377765,-119.87375496885953,-45.5802971340999,-5.226449670632407,-0.8822961690840199,-0.001178242618479246
-3.435228954962419,-119.62281299477766,-45.63694298570793,-5.299157160166928,-0.8855651770367006,-0.0010659827210185006
-3.4435519273968453,-119.44562917197987,-45.72343531679445,-5.378819534923817,-0.8875319299231417,-0.0010031295752255139
-3.4615901019693993,-119.20395083401924,-45.76773327285153,-5.450173745614102,-0.8896216670504862,-0.000868936005740449
-3.465902731614815,-118.99990932230777,-45.8230161350953,-5.524527357092819,-0.8900019937722681,-0.0006366377450909169
-3.493584469653725,-118.76809566431545,-45.86084967571543,-5.593889072822222,-0.8933848304997111,-0.0005586331103082057
-3.466398662466194,-118.61423323061904,-45.91992617073906,-5.672618183620212,-0.8898815201129852,-0.0005267270069389221
-3.4167902784833304,-118.5365441599256,-46.010419901110716,-5.7587636808023,-0.8841960832569986,-0.0006194254018407866
-3.462788242830779,-118.24353147451308,-45.99853623609655,-5.817142783023316,-0.8886317314180888,-0.00043084003993638063
-3.5045196908565397,-117.96388791206901,-45.98607792778411,-5.87591928073355,-0.8926056174600346,-0.0003251229515415458
-3.466943052045996,-117.80852955290575,-46.01572315939064,-5.94983035941782,-0.8868780989225314,-0.00023561566973307087
-3.4664153304897773,-117.60526627360707,-46.023329895277456,-6.015756192870167,-0.8855908848226881,-7.66981001075113e-05
-3.4638438888600835,-117.40658399999101,-46.02716248766171,-6.081020732817963,-0.8839686519154807,6.604610311552886e-05
-3.41436738185432,-117.17716248471778,-46.015892530250355,-6.140057386322766,-0.8768004014684692,0.0002431323787557716
-3.359313214785766,-116.94677671115014,-45.99890442769641,-6.197678595041267,-0.8688045390902055,0.0004162656546203656
-3.3086862945145334,-116.7235930932811,-45.97893718422091,-6.255178235423222,-0.8611558377632675,0.0005765463415841939
-3.261751477088193,-116.50657889673674,-45.95586735800034,-6.312427934471955,-0.8537859923511686,0.0007245012057541353
-3.218601710440918,-116.29543729378936,-45.92978268782602,-6.369384640845717,-0.846695332556079,0.0008606507079551738
-3.2350667297008133,-116.10243392813544,-45.90712539537214,-6.42789177652948,-0.8467643418040794,0.001025437950502744
-3.2278547316585144,-115.92687986018345,-45.883145342881996,-6.4881490590596895,-0.8436426874829005,0.001138329143103414
-3.1961555954728578,-115.73720545955685,-45.85056385575467,-6.544973955703014,-0.83758921251907,0.001271808883403643
-3.1584074352308034,-115.54574336961807,-45.81336011814972,-6.600342228646789,-0.8307322014891604,0.001406990237203679
-3.1195607922551933,-115.35641910110107,-45.77292177064123,-6.654888898434995,-0.8236469722839536,0.0015385007303684692
-3.0819528774158536,-115.17061284111507,-45.72996600198918,-6.708843916576428,-0.8165998538196175,0.0016643652495099883
-3.045246409999625,-114.98864771619796,-45.68461091360232,-6.7622831793614,-0.809577868774876,0.0017837849083457897
-3.010384864949983,-114.8109542849763,-45.63722273607222,-6.815271679456874,-0.8026751814661623,0.0018965124209622763
-2.9769270317828016,-114.63738248420465,-45.5879231104158,-6.8678049450313114,-0.7958590495476576,0.0020023994213285586
-2.9448127054800812,-114.4677272895978,-45.536853354705826,-6.919868191978718,-0.7891308068912987,0.0021013801105569407
-2.913944091910003,-114.30189280650046,-45.483925633916584,-6.971470103103643,-0.7824747693396115,0.002193370078489219
-2.8841098572423904,-114.13992663823211,-45.42952288466515,-7.022612942874304,-0.7758829371182037,0.002278424505141735
-2.8552826530950233,-113.98150891012864,-45.373573183890166,-7.073274978139976,-0.7693496935876396,0.0023565380965984016
-2.8275609227040954,-113.8266494456523,-45.316240888762366,-7.123468271667068,-0.7628863608396139,0.0024277074219593185
-2.8001508451732073,-113.67532504584129,-45.2575802636114,-7.173199219901582,-0.7564212076554517,0.0024919566508111238
-2.661713624642798,-113.34775108858211,-45.17121832103647,-7.189126350290849,-0.7400447662737282,0.002635656304060189
-2.549791242558371,-113.22438898771583,-45.08527315849235,-7.2461388721679505,-0.7206605427674697,0.002722474831908085
-2.5310163999310844,-113.09598655669656,-45.02610897220646,-7.29648985795711,-0.7147235761673238,0.002695447971495712
-2.5030444579508813,-112.98850984329636,-44.9747002806437,-7.348355279700183,-0.7078104928202167,0.002669759178433861
-2.482736061661854,-112.86934404009874,-44.917112925514914,-7.397797902305712,-0.7018208726195788,0.0026512816958400146
-2.4691068463064223,-112.73519667378825,-44.85113988369652,-7.444560415145176,-0.6965858449731442,0.002650483781819925
-2.4528309807890145,-112.60416377574998,-44.784773976165326,-7.490828885453249,-0.6910562396332928,0.002649260299733167
-2.433669684322683,-112.47376511135096,-44.716371144046896,-7.536448118978903,-0.6851143707770428,0.002632028324744152
-2.4090912103432043,-112.36329927621934,-44.65701394894307,-7.5832668489489095,-0.6787455696220724,0.00263992808284943
-2.406893706103636,-112.21789336881223,-44.582287631226606,-7.62486587826022,-0.6751520978540415,0.0026768032800513226
-2.381216164453758,-112.09458807496993,-44.512095680631695,-7.668915600337451,-0.6684840516412164,0.0026690449638071467
-2.35326024781325,-111.97549384998717,-44.44249443550962,-7.712650614002851,-0.6615703979741504,0.0026635511335501945
-2.3249876303072985,-111.85919990745842,-44.373432983187854,-7.755837229632988,-0.6546921747675681,0.002657247994228488
-2.293934812921269,-111.74478444542873,-44.303544861905216,-7.798560222467777,-0.6474470373131652,0.002648416036055233
-2.2620452322505242,-111.63081953006717,-44.232719761730905,-7.840588023629665,-0.6401236893117092,0.002636054590999928
-2.2262909572031226,-111.52079881550948,-44.16215959715975,-7.882413100688973,-0.6323093938102106,0.0026130513296273097
-2.1870722106000677,-111.4135906941332,-44.09114571100437,-7.923950353939867,-0.6240394469090979,0.0025815734072235923
-2.1585941080336832,-111.2984316267303,-44.018197359288116,-7.963397345731947,-0.6172912396328563,0.0026049568184028163
-2.1216455178836475,-111.19098578085568,-43.94630536146942,-8.003299004793645,-0.6094394923485946,0.0025934470446551962
-2.0754300788533104,-111.09143849018342,-43.87532838865989,-8.043751510822212,-0.6003413723341227,0.002541567632433986
-2.044488968839849,-110.98089738378957,-43.80215647509114,-8.08161726247181,-0.5933970997424505,0.0025663417708247354
-2.0040216421440107,-110.8784316446476,-43.730015626663175,-8.12007211940389,-0.5851920223459744,0.002552919210111813
-1.9543395849870615,-110.78375633749441,-43.65899153065222,-8.159082155940224,-0.5757669753388641,0.0024994413423717068
-1.9197492239044263,-110.67801297373619,-43.585691733171316,-8.19556130756606,-0.5684537346838071,0.002522233950803718
-1.8759301369010246,-110.58048966826698,-43.51379219577582,-8.232655012574007,-0.5599312905985688,0.002507790365796969
-1.8242732829682458,-110.49027953334665,-43.44323702525427,-8.270217452237066,-0.5503868997715042,0.002456899579635867
-1.785363423954942,-110.38966735821495,-43.37022241868772,-8.305478412122353,-0.5426124007229629,0.0024747291136628727
-1.738167438152331,-110.29674136052684,-43.298758206267735,-8.34126199881105,-0.5337842137865866,0.0024597077959288526
-1.6871539445090067,-110.20925058463583,-43.2288691794828,-8.37715566026346,-0.5244904240793092,0.0024220716540383556
-1.6404101167055634,-110.11757590310613,-43.157629323339876,-8.411811921456112,-0.5158180979417427,0.002411276063044361
-1.5920903702727367,-110.02844246619385,-43.08695888399142,-8.44620901345458,-0.5069714632881288,0.002397040878179016
-1.541249979876561,-109.94217941849868,-43.017013094881875,-8.480414373609289,-0.4978370255636989,0.0023759734506094104
-1.4891132439231316,-109.85714217102401,-42.94720679473028,-8.514206334400676,-0.48858884270600966,0.0023541601932026666
-1.4362928285969443,-109.77396676838683,-42.878025098239576,-8.547647222658833,-0.47929121889608095,0.0023317288025067103
-1.3824942331619983,-109.69220587529334,-42.80918159975164,-8.580705060132921,-0.4699138292595553,0.002308754285682815
-1.3278875735417837,-109.6119911818911,-42.740920070987265,-8.61339198398814,-0.46047923271555735,0.0022853714618554046
0.9522374942926515,-100.32745571269548,-39.0401578861242,-9.652888659581567,-0.09423484310791325,-0.0013524149657179174
0.9706740251865877,-100.32832999249865,-39.048657485430766,-9.648304686614571,-0.08796389073195551,-0.0016138700656296002
0.969911409001224,-100.3347400111704,-39.06493182492528,-9.645848577704838,-0.08838458557345491,-0.0014601676930079107
0.9692543375905804,-100.34099800868788,-39.081085990013506,-9.643415150657676,-0.08880167961975038,-0.0013151157401554352
0.96869616030648,-100.34710387686361,-39.0971180403751,-9.640991934206344,-0.08920725214561107,-0.0011791184427681239
0.9682296905236607,-100.35305772941709,-39.11302702497055,-9.638568884222618,-0.08959557209626719,-0.001052298213716431
0.9678474934006247,-100.35885986754951,-39.12881276307678,-9.636137956264802,-0.08996264564250511,-0.000934569589758621
0.9675420784712222,-100.36451074950108,-39.14447567075419,-9.633692746533217,-0.09030585088257095,-0.0008256968677960697
0.9673060461284034,-100.37001095734132,-39.160016615090115,-9.63122819109764,-0.09062363761860465,-0.0007253390880476791
0.9671321962839052,-100.37536116449402,-39.17543679356061,-9.62874031543228,-0.09091528238031173,-0.000633084912750333
0.9670136063555914,-100.38056210597031,-39.19073763553435,-9.626226026928324,-0.09118068991623184,-0.0005484794542922062
0.9669436846657414,-100.38561455228086,-39.205920722917185,-9.623682943808776,-0.09142023345608119,-0.00047104470712011447
0.9669162043604453,-100.3905192873658,-39.220987727086225,-9.621109254657432,-0.09163462709493228,-0.0004002949146981207
0.966925262120877,-100.39527709534161,-39.235940373789404,-9.618503597041062,-0.09182483553893059,-0.00033574868808635615
0.966965537702165,-100.3998887253491,-39.25078034460062,-9.615864991695126,-0.09199194815997856,-0.0002769346467426631
0.9670318921093305,-100.40435491382192,-39.26550934467544,-9.613192721918736,-0.09213719127825601,-0.00022340040967411783
0.9671196412560642,-100.4086763521538,-39.28012901306731,-9.610486304013568,-0.09226182758350471,-0.00017471488794833955
0.9672244677808968,-100.4128536874476,-39.29464092612129,-9.607745429187304,-0.09236713414310257,-0.00013047094548825989
0.9673424045136191,-100.41688751869783,-39.30904658736008,-9.604969923782825,-0.09245437537738518,-9.028671128883607e-05
0.9674698158356836,-100.4207783946189,-39.323347421212475,-9.602159717475958,-0.09252478332968775,-5.380605336263695e-05
0.9676033778174592,-100.42452681279056,-39.337544769737256,-9.599314817953688,-0.0925795436999011,-2.0698431762163793e-05
0.9677400578196028,-100.42813321983803,-39.35163989164782,-9.596435290847818,-0.09261978639589641,9.341698736043286e-06
0.9678770940774097,-100.43159801240616,-39.365633963073414,-9.593521243917706,-0.09264657959553604,3.6595803108554754e-05
0.9680119756521263,-100.43492153872792,-39.37952807960301,-9.590572814658177,-0.09266092650852273,6.132239442865821e-05
0.9681424230260445,-100.43810410062103,-39.39332325924827,-9.587590160659271,-0.0926637641885077,8.37582965881934e-05
0.9682663695334569,-100.44114595577942,-39.40702044603822,-9.584573452169954,-0.09265596387768316,0.00010411998081843028
0.9683819437535297,-100.44404732025106,-39.42062051401944,-9.58152286642014,-0.09263833247336747,0.00012260493039763698
0.9684874529396726,-100.44680837101687,-39.43412427148615,-9.578438583340187,-0.09261161479313991,0.00013939299973286833
0.9685813675209911,-100.44942924860436,-39.4475324653057,-9.575320782386138,-0.09257649638542749,0.00015464774326331025
0.9686623066817326,-100.45191005968455,-39.46084578523759,-9.572169640235366,-0.09253360668909782,0.00016851769686009773
0.9687290250027422,-100.45425087961397,-39.47406486817029,-9.568985329163546,-0.09248352239103892,0.00018113760000238203
0.9687804001333966,-100.45645175489352,-39.48719030222196,-9.565768015951237,-0.09242677086700352,0.00019262955132253422
0.9688154214510378,-100.45851270552464,-39.500222630666485,-9.562517861198812,-0.0923638336198663,0.0002031040934008289
0.9688331796582985,-100.46043372724944,-39.51316235566054,-9.559235018953219,-0.09229514965223844,0.00021266122516604624
0.9688328572635871,-100.46221479366712,-39.52600994175631,-9.555919636569827,-0.09222111872839656,0.00022139134209518625
0.9688137198885604,-100.46385585822246,-39.53876581919298,-9.552571854748743,-0.09214210449446855,0.00022937610574051362
0.9687751083452643,-100.46535685606614,-39.551430386965656,-9.54919180769805,-0.09205843743678087,0.00023668924505590623
0.9687164314267083,-100.46671770578817,-39.564004015674705,-9.545779623386503,-0.09197041766655717,0.00024339729263459647
0.9686371593560272,-100.46793831102738,-39.57648705016156,-9.542335423856791,-0.09187831752562325,0.0002495602593770702
0.9685368178416506,-100.46901856196274,-39.5888798119399,-9.538859325577112,-0.09178238401244947,0.0002552322513364977
0.9684149826885682,-100.46995833669067,-39.60118260143148,-9.535351439813736,-0.09168284103144511,0.00026046203258344174
0.9682712749184332,-100.47075750249492,-39.613395700017854,-9.531811873011932,-0.09157989147088823,0.0002652935379266737
0.9681053563544875,-100.47141591701536,-39.625519371919125,-9.528240727175573,-0.09147371911666737,0.0002697663392491751
0.967916925630143,-100.47193342932168,-39.637553865911165,-9.52463810023842,-0.09136449041010408,0.00027391606908979657
0.9677057145831965,-100.47230988089883,-39.64949941689272,-9.521004086422229,-0.09125235605886745,0.00027777480493719334
0.9674714850002805,-100.47254510654987,-39.661356247313435,-9.517338776578267,-0.09113745251028663,0.0002813714175168414
0.9672140256793871,-100.47263893522295,-39.673124568473355,-9.513642258510105,-0.09101990329644953,0.00028473188615327384
0.9669331497806688,-100.4725911907676,-39.68480458170443,-9.50991461727651,-0.09089982026035826,0.00028787958408582766
0.9666286924381665,-100.47240169262622,-39.69639647944313,-9.506155935473927,-0.09077730467214293,0.00029083553641222386
0.9663005086077875,-100.47207025646547,-39.707900446203645,-9.50236629349851,-0.09065244824398572,0.00029361865313428146
0.9659484711288152,-100.4715966947534,-39.71931665946002,-9.498545769788231,-0.0905253340519403,0.00029624593958690827
0.9655724689782844,-100.47098081728561,-39.73064529044496,-9.494694441045617,-0.09039603737244528,0.0002987326863467422
0.9651724056994829,-100.47022243166569,-39.74188650487287,-9.490812382442028,-0.09026462644075275,0.0003010926405421018
0.9647481979876849,-100.46932134374357,-39.75304046359364,-9.486899667804494,-0.09013116313807909,0.0003033381603215129
0.9642997744174623,-100.46827735801496,-39.76410732318345,-9.482956369786068,-0.08999570361374605,0.0003054803540846926
0.9638270742979065,-100.46709027798612,-39.77508723647854,-9.478982560020878,-0.0898582988481425,0.000307529205937221
0.9633300466428184,-100.46575990650611,-39.785980353056665,-9.474978309264829,-0.08971899516186066,0.00030949368869807533
0.9628086492446617,-100.46428604606999,-39.79678681967165,-9.470943687523137,-0.08957783467593942,0.0003113818656676543
0.9622628478418785,-100.46266849909586,-39.8075067806452,-9.46687876416568,-0.08943485572772955,0.0003132009822518753
0.9616926153702443,-100.46090706817665,-39.81814037821938,-9.462783608031089,-0.0892900932465108,0.0003149575484355257
0.9610979312897806,-100.45900155631102,-39.82868775287473,-9.458658287520603,-0.08914357909266829,0.0003166574130041944
0.9604787809798255,-100.45695176711315,-39.83914904361575,-9.454502870682463,-0.08899534236382804,0.0003183058303285018
0.9598351551952626,-100.45475750500522,-39.8495243882282,-9.45031742528777,-0.08884540967112221,0.00031990752044635954
0.9591670495777802,-100.45241857539256,-39.859813923509925,-9.446102018898454,-0.08869380538842911,0.0003214667231080298
0.9584744642166203,-100.44993478482439,-39.8700177854783,-9.441856718928173,-0.08854055187717833,0.0003229872463842861
0.957757403253893,-100.4473059411404,-39.880136109556226,-9.437581592696665,-0.0883856696890713,0.0003244725103794694
0.9570158745298157,-100.44453185360511,-39.890169030738925,-9.433276707478292,-0.08822917774885916,0.0003259255865382191
0.9562498892639323,-100.44161233303123,-39.90011668374338,-9.428942130545213,-0.08807109351910669,0.00032734923298662213
0.9554594617686529,-100.43854719189204,-39.90997920314176,-9.424577929205698,-0.08791143314869998,0.0003287459263050661
0.9546446091918024,-100.43533624442557,-39.91975672348113,-9.420184170838176,-0.08775021160666682,0.0003301178900908465
0.9538053512852039,-100.43197930672903,-39.92944937938965,-9.415760922921173,-0.08758744280277281,0.0003314671206329866
0.9529417101968349,-100.42847619684719,-39.93905730567203,-9.411308253059879,-0.0874231396961562,0.00033279540998974006
0.9520537102838311,-100.42482673485203,-39.94858063739352,-9.406826229009265,-0.08725731439320145,0.0003341043667302863
0.9511413779446375,-100.4210307429178,-39.95801950995551,-9.402314918694497,-0.08708997823568405,0.0003353954345760052
0.9502047414678527,-100.41708804538885,-39.96737405916168,-9.397774390228575,-0.0869211418801712,0.0003366699091532529
0.9492438308965752,-100.4129984688438,-39.976644421277236,-9.393204711927723,-0.08675081536951992,0.0003379289530481751
0.9482586779063699,-100.40876184215345,-39.98583073308058,-9.388605952324525,-0.0865790081972444,0.00033917360933519923
0.9472493156953574,-100.40437799653559,-39.99493313190919,-9.383978180179266,-0.08640572936550586,0.0003404048137334037
0.9462157788856599,-100.39984676560545,-40.003951755699596,-9.37932146448945,-0.08623098743727414,0.0003416234055295795
0.9451581034344863,-100.39516798542253,-40.01288674302235,-9.374635874497814,-0.08605479058331497,0.00034283013739282137
0.9440763265543037,-100.39034149453475,-40.02173823311254,-9.369921479698954,-0.08587714662447239,0.000344025684192795
0.9429704866408126,-100.38536713401902,-40.03050636589594,-9.365178349844637,-0.08569806306972369,0.000345210650922693
0.9418406232083341,-100.38024474751958,-40.03919128201151,-9.360406554948035,-0.08551754715042,0.0003463855798175492
0.9406867768313931,-100.37497418128399,-40.04779312283073,-9.355606165286932,-0.08533560585111186,0.00034755095674946185
0.9395089890922654,-100.36955528419664,-40.05631203047368,-9.350777251406017,-0.08515224593726409,0.0003487072169731298
0.9383073025336022,-100.36398790781074,-40.064748147822534,-9.345919884118377,-0.08496747398020103,0.00034985475028749926
0.9370817606157534,-100.35827190637791,-40.07310161853247,-9.341034134506225,-0.08478129637953816,0.0003509939056728545
0.935832407678256,-100.35240713687683,-40.08137258704061,-9.336120073921014,-0.0845937193833626,0.00035212499545653783
0.9345592889051222,-100.34639345903958,-40.08956119857268,-9.331177773982919,-0.08440474910636205,0.0003532482990551692
0.9332624502933943,-100.3402307353774,-40.09766759914812,-9.326207306579843,-0.08421439154614745,0.00035436406633637435
0.9319419386248047,-100.333918831205,-40.10569193558358,-9.321208743865931,-0.08402265259790856,0.00035547252063865606
0.9305978014400825,-100.32745761466309,-40.113634355494625,-9.316182158259625,-0.08382953806758678,0.0003565738614841257
0.92923008701575,-100.32084695674094,-40.121495007296765,-9.311127622441429,-0.08363505368372304,0.0003576682670153381
0.9278388443430474,-100.31408673129728,-40.12927404020474,-9.306045209351266,-0.0834392051080793,0.00035875589618419856
0.9264241231088522,-100.3071768150805,-40.136971604231064,-9.3009349921856,-0.08324199794519571,0.0003598368907182316
0.9249859736782914,-100.30011708774808,-40.14458785018356,-9.29579704439421,-0.08304343775096355,0.00036091137688674496
0.9235244470789943,-100.29290743188544,-40.15212292966205,-9.29063143967684,-0.08284353004031647,0.0003619794670873225
0.922039594986719,-100.28554773302375,-40.15957699505427,-9.285438251979539,-0.08264228029413578,0.0003630412612708342
0.9205314697122504,-100.27803787965776,-40.16695019953121,-9.280217555490898,-0.08243969396543446,0.000364096848221447
0.9190001241894138,-100.27037776326219,-40.17424269704167,-9.274969424638073,-0.08223577648491555,0.0003651463067063539
0.9174456119641405,-100.26256727830854,-40.18145464230647,-9.269693934082687,-0.0820305332659287,0.0003661897065084714
0.9158679871843844,-100.25460632228081,-40.18858619081214,-9.264391158716633,-0.08182396970893424,0.00036722710935402955
0.9142673045909341,-100.24649479569067,-40.19563749880389,-9.259061173657686,-0.08161609120547295,0.0003682585697457195
0.9126436195088912,-100.23823260209305,-40.20260872327883,-9.253704054245153,-0.08140690314173196,0.0003692841357110353
0.910996987839782,-100.22981964810035,-40.20950002197813,-9.248319876035318,-0.08119641090172827,0.0003703038494744333
0.9093274660543471,-100.22125584339689,-40.216311553379434,-9.242908714796886,-0.08098461987013675,0.0003713177480610396
0.907635111185768,-100.2125411007528,-40.22304347668864,-9.237470646506345,-0.08077153543483423,0.0003723258638389028
0.9059199808234073,-100.20367533603789,-40.229695951831765,-9.232005747343319,-0.08055716298914145,0.00037332822500603396
0.9041821331069074,-100.19465846823462,-40.23626913944629,-9.226514093685791,-0.08034150793383732,0.00037432485602784745
0.9024216267207873,-100.18549041945161,-40.242763200872616,-9.220995762105412,-0.08012457567893216,0.0003753157780300598
0.9006385208892114,-100.17617111493618,-40.24917829814511,-9.215450829362686,-0.07990637164525072,0.0003763010091515936
0.8988328753712072,-100.16670048308698,-40.255514593983214,-9.209879372402185,-0.0796869012658243,0.00037728056486151175
0.8970047504560107,-100.15707845546646,-40.26177225178234,-9.204281468347759,-0.07946616998712727,0.00037825445824372916
0.8951542069587999,-100.1473049668129,-40.2679514356047,-9.198657194497686,-0.07924418327015705,0.0003792227002526733
0.8932813062164867,-100.13737995505217,-40.274052310169964,-9.193006628319884,-0.0790209465913901,0.0003801852999429633
0.8913861100838034,-100.12730336130976,-40.28007504084601,-9.18732984744707,-0.07879646544361363,0.00038114226467566057
0.8894686809295094,-100.11707512992201,-40.286019793639504,-9.18162692967196,-0.07857074533665404,0.00038209360030355205
0.8875290816327868,-100.10669520844762,-40.29188673518649,-9.175897952942467,-0.07834379179799697,0.00038303931133752743
0.8855673755797159,-100.09616354767867,-40.297676032742835,-9.170142995356883,-0.07811561037333699,0.00038397940109606386
0.8835836266598849,-100.08548010165161,-40.30338785417482,-9.164362135159147,-0.07788620662703849,0.00038491387183943844
0.8815778992631266,-100.07464482765796,-40.309022367949524,-9.158555450734,-0.07765558614252799,0.0003858427248903297
0.8795502582763338,-100.06365768625518,-40.31457974312547,-9.152723020602346,-0.07742375452261993,0.0003867659607420991
0.8775007690803251,-100.05251864127686,-40.32006014934292,-9.146864923416459,-0.07719071738979608,0.00038768357915606755
0.8754294975468456,-100.04122765984316,-40.325463756814436,-9.140981237955287,-0.07695648038641634,0.0003885955792488986
0.8733365100355833,-100.02978471237078,-40.33079073631534,-9.135072043119827,-0.07672104917490027,0.0003895019595710706
0.8712218733912105,-100.01818977258324,-40.33604125917432,-9.129137417928426,-0.07648442943785815,0.00039040271817737654
0.8690856549405246,-100.0064428175203,-40.34121549726374,-9.123177441512187,-0.07624662687818907,0.0003912978526902576
0.8669279224896717,-99.99454382754809,-40.34631362299043,-9.11719219311039,-0.0760076472191315,0.00039218736035666227
0.8647487443212584,-99.9824927863682,-40.35133580928608,-9.111181752065908,-0.0757674962043087,0.00039307123809916846
0.86254818919165,-99.97028968102724,-40.35628222959791,-9.105146197820714,-0.0755261795977234,0.00039394948256185733
0.8603263263282304,-99.9579345019262,-40.36115305787937,-9.099085609911365,-0.07528370318373737,0.00039482209015157075
0.8580832254266211,-99.94542724282923,-40.36594846858069,-9.093000067964553,-0.07504007276703725,0.0003956890570749377
0.8558189566480265,-99.93276790087283,-40.37066863663973,-9.086889651692687,-0.07479529417256318,0.0003965503793716639
0.8535335906165432,-99.91995647657434,-40.375313737472574,-9.08075444088949,-0.07454937324543309,0.0003974060529444157
0.8512271984164843,-99.90699297384106,-40.37988394696462,-9.07459451542568,-0.07430231585084418,0.0003982560735856956
0.8488998515896781,-99.89387739997815,-40.3843794414611,-9.06840995524463,-0.0740541278739683,0.00039910043700197144
0.8465516221328762,-99.88060976569737,-40.3888003977582,-9.062200840358091,-0.07380481521981916,0.0003999391388353449
0.8441825824950283,-99.86719008512517,-40.393146993093985,-9.055967250841986,-0.07355438381312564,0.00040077217468306774
0.8417928055746725,-99.85361837581063,-40.397419405139274,-9.049709266832178,-0.07330283959818326,0.00040159954011501596
0.8393823647172761,-99.8398946587336,-40.40161781198889,-9.04342696852034,-0.07305018853869885,0.000402421230689455
0.8369513337125782,-99.82601895831218,-40.405742392152625,-9.03712043614982,-0.07279643661763015,0.00040323724196715397
0.8344997867919526,-99.81199130241058,-40.40979332454649,-9.03078975001157,-0.07254158983701207,0.0004040475695241041
0.8320277986257163,-99.79781172234644,-40.413770788483916,-9.024434990440124,-0.07228565421778503,0.0004048522089629427
0.8295354443205293,-99.78348025289812,-40.417674963667004,-9.018056237809581,-0.07202863579960461,0.00040565115592320846
0.8270227994167081,-99.76899693231202,-40.42150603017797,-9.011653572529664,-0.07177054064065799,0.00040644440609057485
0.8244899398855112,-99.75436180230928,-40.42526416847035,-9.005227075041802,-0.07151137481746843,0.0004072319552051462
0.8219369421265394,-99.73957490809316,-40.42894955936076,-8.99877682581529,-0.07125114442470135,0.00040801379906890673
0.819363882964994,-99.72463629835516,-40.43256238402008,-8.992302905343417,-0.07098985557495867,0.000408789933552439
0.8167708396490614,-99.70954602528212,-40.4361028239654,-8.985805394139728,-0.07072751439857536,0.0004095603546009189
0.8141578898471103,-99.69430414456222,-40.439571061051325,-8.979284372734258,-0.07046412704341433,0.00041032505823958027
0.8115251116451137,-99.67891071539151,-40.44296727746194,-8.972739921669842,-0.07019969967465112,0.0004110840405785494
0.8088725835438312,-99.66336580047982,-40.44629165570247,-8.966172121498474,-0.06993423847456613,0.00041183729781723444
0.806200384456149,-99.64766946605695,-40.44954437859115,-8.959581052777677,-0.06966774964232471,0.0004125848262482838
0.8035085937043188,-99.63182178187824,-40.45272562925115,-8.952966796066967,-0.06940023939376856,0.00041332662226110684
0.8007972910172211,-99.6158228212304,-40.45583559110251,-8.946329431924307,-0.06913171396118879,0.000414062682345073
0.7980665565276459,-99.5996726609366,-40.458874447854136,-8.939669040902638,-0.06886217959310849,0.00041479300309237157
0.7953164707695269,-99.58337138136255,-40.46184238349608,-8.932985703546471,-0.06859164255406341,0.0004155175812005828
0.792547114675113,-99.56691906642087,-40.464739582291465,-8.926279500388464,-0.06832010912438131,0.0004162364134750042
0.7897585695722672,-99.55031580357674,-40.46756622876896,-8.91955051194611,-0.06804758559995672,0.0004169494968307368
0.7869509171816285,-99.53356168385216,-40.47032250771484,-8.912798818718422,-0.06777407829202595,0.00041765682829454214
0.7841242396138408,-99.51665680183126,-40.47300860416561,-8.906024501182696,-0.06749959352694725,0.0004183584050065322
0.7812786193667332,-99.49960125566436,-40.475624703400186,-8.89922763979129,-0.06722413764596945,0.00041905422422169197
0.7784141393224925,-99.48239514707255,-40.478170990932604,-8.892408314968478,-0.06694771700501191,0.000419744283311219
0.7755308827448123,-99.46503858135189,-40.48064765250447,-8.885566607107322,-0.06667033797443944,0.0004204285797637691
0.7726289332761181,-99.44753166737746,-40.4830548740777,-8.87870259656662,-0.06639200693883189,0.0004211071111865263
0.7697083749346669,-99.42987451760725,-40.485392841827114,-8.871816363667858,-0.06611273029675963,0.0004217798753062026
0.7667692921116916,-99.4120672480857,-40.48766174213325,-8.864907988692242,-0.06583251446055781,0.0004224468699699088
0.7638117695685205,-99.39410997844759,-40.489861761575256,-8.857977551877772,-0.06555136585610187,0.0004231080931459558
0.7608358924337246,-99.37600283192121,-40.49199308692378,-8.851025133416346,-0.06526929092258059,0.00042376354292455624
0.7578417462002196,-99.35774593533165,-40.49405590513394,-8.844050813450925,-0.06498629611226257,0.00042441321751844445
0.7548294167223296,-99.33933941910362,-40.49605040333827,-8.837054672072707,-0.06470238789028032,0.0004250571152634615
0.7517989902129179,-99.32078341726492,-40.49797676884008,-8.83003678931844,-0.06441757273439766,0.00042569523461904134
0.7487505532404446,-99.30207806744849,-40.49983518910644,-8.822997245167656,-0.06413185713478509,0.000426327574168662
0.7456841927260343,-99.28322351089547,-40.50162585176148,-8.815936119540037,-0.06384524759379616,0.0004269541326202475
0.7425999959405444,-99.26421989245729,-40.50334894457977,-8.808853492292808,-0.06355775062573725,0.00042757490880650906
0.7394980505015819,-99.24506736059793,-40.50500465547961,-8.801749443218156,-0.0632693727566474,0.000428189901685261
0.7363784443705993,-99.22576606739615,-40.50659317251662,-8.794624052040724,-0.06298012052406925,0.00042879911033968666
0.7332412658498655,-99.20631616854716,-40.50811468387721,-8.787477398415124,-0.06269000047682637,0.0004294025339785831
0.7300866035795225,-99.1867178233643,-40.5095693778721,-8.780309561923508,-0.062399019174796774,0.00043000017193654464
0.7269145465345589,-99.16697119478081,-40.510957442930135,-8.773120622073186,-0.06210718318869114,0.00043059202367416797
0.7237251840218696,-99.1470764493509,-40.512279067591926,-8.765910658294302,-0.061814499099826316,0.00043117808877817556
0.7205186056772085,-99.12703375725117,-40.513534440503705,-8.758679749937516,-0.0615209734999035,0.0004317583669615532
0.7172949014621414,-99.10684329228135,-40.51472375041112,-8.751427976271774,-0.06122661299078726,0.0004323328580636497
0.7140541616610883,-99.08650523186552,-40.51584718615331,-8.744155416482105,-0.06093142418427505,0.00043290156205025933
0.7107964768782243,-99.06601975705229,-40.51690493665677,-8.73686214966746,-0.06063541370188733,0.00043346447901368386
0.707521938034491,-99.04538705251584,-40.51789719092962,-8.72954825483861,-0.06033858817463182,0.00043402160917276853
0.7042306363644947,-99.02460730655565,-40.5188241380555,-8.72221381091607,-0.06004095424279351,0.0004345729528729554
0.7009226634134834,-99.003680711097,-40.519685967187996,-8.714858896728087,-0.05974251855570624,0.00043511851058626247
0.6975981110342362,-98.982607461691,-40.520482867544935,-8.707483591008678,-0.05944328777153656,0.00043565828291132
0.6942570713840395,-98.96138775751392,-40.521215028402494,-8.700087972395659,-0.059143268557058454,0.00043619227057331984
0.6908996369215386,-98.94002180136737,-40.52188263908999,-8.692672119428815,-0.05884246758744353,0.0004367204744240217
0.6875259004036982,-98.91850979967718,-40.522485888984,-8.685236110548015,-0.058540891546028456,0.00043724289544169026
0.6841359548826729,-98.89685196249317,-40.52302496750324,-8.677780024091462,-0.05823854712410516,0.00043775953473106365
0.6807298937026939,-98.87504850348783,-40.52350006410301,-8.670303938293896,-0.05793544102070295,0.00043827039352328594
0.6773078104969545,-98.85309963995532,-40.5239113682699,-8.662807931284922,-0.05763157994236656,0.00043877547317583535
0.6738697991845007,-98.83100559281029,-40.52425906951661,-8.65529208108734,-0.05732697060293757,0.0004392747751724451
0.6704159539670778,-98.80876658658619,-40.52454335737674,-8.647756465615526,-0.05702161972334486,0.0004397683011230297
0.6669463693259919,-98.78638284943402,-40.52476442139975,-8.640201162673863,-0.05671553403138418,0.0004402560527635731
0.6634611400189859,-98.76385461312006,-40.524922451145855,-8.632626249955216,-0.056408720261498325,0.0004407380319560312
0.6599603610770383,-98.74118211302412,-40.52501763618104,-8.625031805039436,-0.05610118515456997,0.00044121424068821686
0.6564441278012697,-98.71836558813736,-40.52505016607227,-8.61741790539194,-0.055792935457698804,0.00044168468107368114
0.6529125357597168,-98.69540528105982,-40.52502023038255,-8.609784628362295,-0.05548397792399452,0.0004421493553515871
0.649365680784155,-98.67230143799797,-40.52492801866624,-8.602132051182881,-0.055174319312358264,0.0004426082658865747
0.6458036589669949,-98.64905430876198,-40.52477372046425,-8.59446025096757,-0.05486396638727036,0.00044306141516861603
0.6422265666579712,-98.62566414676277,-40.52455752529953,-8.586769304710469,-0.054552925918579596,0.0004435088058128768
0.6386345004610755,-98.60213120900895,-40.524279622672374,-8.579059289284674,-0.054241204681287375,0.00044395044055955035
0.6350275572312575,-98.57845575610362,-40.52394020205604,-8.571330281441131,-0.05392880945534185,0.00044438632227370524
0.6314058340712854,-98.55463805224086,-40.52353945289224,-8.563582357807467,-0.05361574702542068,0.00044481645394511355
0.6277694283284865,-98.53067836520205,-40.523077564586714,-8.555815594886889,-0.05330202418072215,0.00044524083868808086
0.6241184375915702,-98.50657696635231,-40.522554726505106,-8.548030069057157,-0.05298764771475695,0.00044565947974125865
0.6204529596873668,-98.48233413063626,-40.521971127968534,-8.540225856569558,-0.0526726244251403,0.0004460723804674744
0.6167730926776224,-98.45795013657398,-40.521326958249496,-8.532403033547938,-0.05235696111337758,0.0004464795443535314
0.6130789348557608,-98.43342526625656,-40.520622406567746,-8.524561675987776,-0.05204066458465892,0.00044688097501000565
0.6093705847436542,-98.40875980534179,-40.5198576620862,-8.516701859755276,-0.05172374164765245,0.0004472766761710533
0.6056481410883524,-98.3839540430494,-40.51903291390715,-8.508823660586588,-0.05140619911429495,0.0004476666516942057
0.6019117028588651,-98.35900827215589,-40.51814835106798,-8.500927154086913,-0.05108804379958538,0.0004480509055601437
0.598161369242866,-98.33392278898987,-40.51720416253767,-8.493012415729822,-0.05076928252137991,0.00044842944187249207
0.5943972396434917,-98.30869789342651,-40.51620053721273,-8.485079520856468,-0.0504499221001855,0.00044880226485758263
0.5906194136760438,-98.28333388888242,-40.515137663913684,-8.477128544674954,-0.05012996935895398,0.00044916937886423645
0.5868279911647168,-98.25783108230976,-40.514015731381235,-8.46915956225966,-0.04980943112287761,0.00044953078836351397
0.5830230721393244,-98.2321897841906,-40.51283492827273,-8.46117264855065,-0.04948831421918774,0.0004498864979485034
0.5792047568320627,-98.20641030853098,-40.51159544315862,-8.453167878353131,-0.04916662547694714,0.00045023651233404353
0.5753731456742152,-98.18049297285476,-40.510297464518935,-8.44514532633688,-0.04884437172684895,0.00045058083635648647
0.5715283392928143,-98.15443809819725,-40.50894118073989,-8.437105067035809,-0.0485215598010181,0.0004509194749734506
0.5676704385074478,-98.12824600909872,-40.507526780110545,-8.429047174847497,-0.04819819653280023,0.0004512524332635473
0.5637995443268944,-98.10191703359789,-40.50605445081944,-8.420971724032784,-0.04787428875657039,0.0004515797164261228
0.5599157579458471,-98.07545150322481,-40.504524380951395,-8.412878788715403,-0.04754984330752842,0.0004519013297809883
0.5560191807416812,-98.04884975299407,-40.502936758484324,-8.404768442881657,-0.04722486702149577,0.0004522172787681386
0.55210991427104,-98.02211212139743,-40.50129177128608,-8.396640760380116,-0.046899366734719755,0.0004525275689474738
0.5481880602666367,-97.99523895039655,-40.49958960711147,-8.388495814921376,-0.04657334928367382,0.00045283220599851785
0.5442537206338874,-97.96823058541555,-40.49783045359921,-8.380333680077825,-0.046246821504859294,0.00045313119572013406
0.5403069974476278,-97.94108737533284,-40.4960144982689,-8.37215442928348,-0.04591979023460582,0.0004534245440302056
0.5363479929487961,-97.91380967247368,-40.49414192851825,-8.363958135833814,-0.045592262308877564,0.0004537122569653645
0.5323768095411407,-97.88639783260194,-40.49221293162027,-8.35574487288569,-0.045264244563070585,0.0004539943406806737
0.5283935497878698,-97.85885221491166,-40.49022769472031,-8.347514713457254,-0.04493574383182382,0.0004542708014493139
0.5243983164083618,-97.83117318201901,-40.488186404833634,-8.339267730427922,-0.044606766948817725,0.0004545416456622792
0.5203912122748385,-97.8033610999532,-40.48608924884243,-8.33100399653835,-0.044277320746581375,0.0004548068798280491
0.5163723404090492,-97.77541633814816,-40.48393641349353,-8.322723584390515,-0.04394741205630138,0.0004550665105722764
0.5123418039789372,-97.74733926943314,-40.48172808539561,-8.314426566447736,-0.04361704770762033,0.00045532054463744804
0.5082997062953472,-97.71913027002411,-40.47946445101688,-8.30611301503481,-0.04328623452845029,0.00045556898888254773
0.5042461508086626,-97.69078971951404,-40.47714569668259,-8.297783002338154,-0.04295497934477909,0.0004558118502827499
0.5001812411054924,-97.66231800086344,-40.47477200857253,-8.289436600405935,-0.04262328898047519,0.0004560491359290321
0.49610508090537836,-97.63371550039103,-40.47234357271891,-8.281073881148336,-0.04229117025709739,0.0004562808530278596
0.49201777405740055,-97.60498260776365,-40.46986057500396,-8.272694916337743,-0.04195862999370542,0.0004565070089008289
0.4879194245369332,-97.57611971598652,-40.46732320115779,-8.264299777609057,-0.04162567500666903,0.00045672761098430653
0.4838101364422499,-97.54712722139269,-40.46473163675609,-8.25588853645997,-0.04129231210947411,0.0004569426668290692
0.4796900139912175,-97.51800552363325,-40.46208606721821,-8.247461264251324,-0.040958548112539336,0.0004571521840999402
0.47555916151798994,-97.48875502566645,-40.45938667780494,-8.239018032207461,-0.04062438982302354,0.0004573561705754283
0.4714176834696346,-97.45937613374709,-40.45663365361657,-8.230558911416638,-0.040289844044639804,0.0004575546341473402
0.46726568440282945,-97.42986925741616,-40.45382717959105,-8.222083972831472,-0.039954917577468864,0.0004577475828204163
0.46310326898054255,-97.40023480948898,-40.45096744050177,-8.213593287269353,-0.03961961721776734,0.00045793502471193185
0.458930541968713,-97.37047320604495,-40.448054620956064,-8.20508692541299,-0.03928394975778421,0.00045811696805132774
0.4547476082328686,-97.34058486641563,-40.445088905393185,-8.196564957810926,-0.038947921985577436,0.0004582934211798066
0.4505545727348482,-97.31057021317363,-40.44207047808268,-8.188027454878082,-0.0386115406848268,0.00045846439254995365
0.4463515405294757,-97.28042967212065,-40.43899952312251,-8.179474486896316,-0.03827481263464791,0.0004586298907253135
0.4421386167612066,-97.25016367227602,-40.435876224437685,-8.170906124015096,-0.03793774460940761,0.0004587899243800064
0.43791590666084185,-97.21977264586448,-40.43270076577834,-8.16232243625209,-0.03760034337854627,0.0004589445022983047
0.43368351554216283,-97.1892570283041,-40.4294733307184,-8.15372349349386,-0.0372626157063877,0.000459093633374242
0.4294415487986353,-97.15861725819416,-40.42619410265402,-8.145109365496557,-0.03692456835196251,0.0004592373266111708
0.4251901119000928,-97.12785377730246,-40.42286326480203,-8.136480121886644,-0.03658620806882262,0.00045937559112136197
0.42092931038941533,-97.09696703055295,-40.41948100019869,-8.127835832161654,-0.036247541604860156,0.0004595084361255704
0.41665924987919073,-97.06595746601266,-40.41604749169811,-8.119176565690967,-0.03590857570213289,0.00045963587095260616
0.4123800360484725,-97.03482553487927,-40.41256292197114,-8.110502391716626,-0.03556931709667471,0.0004597579050389054
0.4080917746393529,-97.00357169146764,-40.40902747350399,-8.101813379354166,-0.03522977251832539,0.0004598745479280954
0.4037945714537395,-96.97219639319663,-40.405441328596964,-8.093109597593465,-0.03488994869054668,0.0004599858092705495
0.3994885323500481,-96.94070010057588,-40.40180466936337,-8.084391115299653,-0.0345498523302456,0.0004600916988229387
0.3951737632398486,-96.90908327719222,-40.398117677728294,-8.075658001214004,-0.034209490147595015,0.00046019222644779194
0.3908503700846104,-96.87734638969582,-40.39438053542748,-8.066910323954865,-0.03386886884586121,0.00046028740211303393
0.3865184588923827,-96.84548990778673,-40.390593424006475,-8.058148152018662,-0.03352799512122255,0.0004603772358915366
0.38217813571448683,-96.81351430420042,-40.38675652481929,-8.04937155378081,-0.033186875662597815,0.000460461737960657
0.37782950664225295,-96.78142005469405,-40.382870019027784,-8.0405805974968,-0.0328455171514698,0.0004605409186017672
0.3734726778037211,-96.74920763803193,-40.3789340876004,-8.031775351303171,-0.0325039262617081,0.00046061478819979106
0.3691077553603306,-96.71687753597132,-40.37494891131157,-8.022955883218605,-0.032162109659398676,0.00046068335724273673
0.36473484550369395,-96.68443023324754,-40.370914670740625,-8.014122261144978,-0.03182007400266797,0.0004607466363212048
0.3603540544522417,-96.65186621755956,-40.366831546271186,-8.005274552868471,-0.0314778259415146,0.0004608046361279331
0.3559654884480322,-96.61918597955503,-40.36269971809031,-7.996412826060702,-0.031135372117629106,0.0004608573674572882
0.35156925375341835,-96.58639001281509,-40.358519366187686,-7.987537148279841,-0.030792719164232266,0.0004609048412048006
0.3471654566478181,-96.5534788138396,-40.354290670355155,-7.978647586971812,-0.030449873705896923,0.0004609470683666585
0.3427542034244262,-96.52045288203145,-40.35001381018581,-7.96974420947144,-0.03010684235837959,0.00046098406003922213
0.3383356003869834,-96.48731271968143,-40.345688965073606,-7.960827083003685,-0.029763631728454337,0.00046101582741852264
0.33390975384650406,-96.45405883195248,-40.341316314212655,-7.951896274684851,-0.029420248413737315,0.00046104238179976747
0.32947677011804494,-96.42069172686399,-40.33689603659669,-7.942951851523842,-0.02907669900252216,0.0004610637345768246
0.3250367555174771,-96.38721191527618,-40.3324283110187,-7.933993880423415,-0.02873299007361069,0.0004610798972417232
0.32058981635817835,-96.35361991087389,-40.32791331607031,-7.925022428181485,-0.028389128196151102,0.00046109088138414085
0.3161360589478939,-96.3199162301503,-40.32335123014137,-7.916037561492386,-0.02804511992946054,0.00046109669869088735
0.311675589585471,-96.28610139239132,-40.318742231419726,-7.907039346948235,-0.027700971822870048,0.00046109736094538073
0.30720851455759896,-96.25217591965851,-40.31408649789064,-7.898027851040242,-0.0273566904155533,0.0004610928800271435
0.30273494013565316,-96.21814033677295,-40.30938420733662,-7.889003140160073,-0.02701228223636256,0.0004610832679112584
0.29825497257246575,-96.18399517129855,-40.30463553733706,-7.879965280601221,-0.026667753803663444,0.0004610685366678454
0.29376871809912103,-96.14974095352527,-40.299840665268036,-7.870914338560383,-0.026323111625176223,0.00046104869846153886
0.2892762829217398,-96.1153782164521,-40.29499976830201,-7.861850380138896,-0.025978362197806127,0.00046102376555094335
0.2847777732183165,-96.08090749577029,-40.290113023407734,-7.852773471344108,-0.025633512007488538,0.00046099375028810333
0.28027329513554844,-96.04632932984592,-40.28518060734998,-7.843683678090852,-0.025288567529019423,0.0004609586651179476
0.27576295478558827,-96.01164425970292,-40.28020269668951,-7.834581066202889,-0.0249435352259015,0.0004609185225777715
0.271246858242967,-95.97685282900538,-40.275179467782905,-7.825465701414351,-0.02459842155017768,0.00046087333529665686
0.266725111541349,-95.94195558404036,-40.270111096782585,-7.816337649371248,-0.02425323294227403,0.00046082311599495
0.26219782067042413,-95.90695307369992,-40.264997759636664,-7.807196975632934,-0.023907975830844128,0.00046076787748369763
0.25766509157273554,-95.87184584946367,-40.25983963208903,-7.79804374567364,-0.023562656632605997,0.00046070763266408354
0.2531270301405333,-95.83663446538068,-40.25463688967932,-7.788878024883966,-0.023217281752183936,0.0004606423945268869
0.2485837422126666,-95.80131947805171,-40.24938970774299,-7.7796998785724325,-0.022871857581955597,0.0004605721761519024
0.24403533357142856,-95.76590144661071,-40.244098261411345,-7.770509371967001,-0.02252639050188888,0.00046049699070738187
0.23948190993945423,-95.73038093270726,-40.238762725611785,-7.761306570216666,-0.022180886879393152,0.00046041685144947056
0.23492357697658012,-95.69475850048762,-40.233383275067766,-7.752091538392987,-0.021835353069160165,0.0004603317717216387
0.2303604402767749,-95.65903471657663,-40.22796008429903,-7.742864341491682,-0.021489795413007842,0.0004602417649540932
0.2257926053650302,-95.62321015005898,-40.22249332762179,-7.7336250444342,-0.021144220239727358,0.00046014684466321874
0.22122017769425428,-95.5872853724608,-40.216983179149004,-7.724373712069357,-0.020798633864936144,0.00046004702445098724
0.21664326264222242,-95.55126095773062,-40.211429812790435,-7.715110409174898,-0.02045304259091382,0.00045994231800438413
0.21206196550847692,-95.51513748222071,-40.20583340225313,-7.705835200459153,-0.02010745270646055,0.00045983273909482297
0.20747639151129615,-95.47891552466803,-40.20019412104153,-7.69654815056264,-0.019761870486737946,0.0004597183015775527
0.20288664578459734,-95.44259566617517,-40.1945121424579,-7.6872493240597155,-0.01941630219312395,0.00045959901939108036
0.1982928333749262,-95.40617849019115,-40.18878763960256,-7.677938785460211,-0.01907075407305705,0.0004594749065565651
0.19369505923844266,-95.36966458249222,-40.18302078537434,-7.668616599211096,-0.01872523235989441,0.00045934597717723274
0.18909342823781225,-95.33305453116225,-40.17721175247078,-7.659282829698106,-0.01837974327275497,0.00045921224543777966
0.18448804513927464,-95.29634892657371,-40.171360713388815,-7.649937541247472,-0.018034293016377774,0.00045907372560377135
0.17987901460958056,-95.25954836136765,-40.1654678404249,-7.640580798127525,-0.01768888778097176,0.00045893043202104554
0.1752664412130324,-95.22265343043425,-40.15953330567564,-7.631212664550426,-0.017343533742067853,0.0004587823791150943
0.1706504294084634,-95.18566473089311,-40.15355728103819,-7.621833204673839,-0.01699823706037515,0.0004586295813904727
0.16603108354626753,-95.14858286207324,-40.14753993821066,-7.612442482602606,-0.016653003881635882,0.00045847205343019275
0.1614085078654501,-95.1114084254933,-40.14148144869281,-7.6030405623904755,-0.01630784033647721,0.0004583098098950971
0.15678280649062537,-95.0741420248414,-40.135381983786324,-7.593627508041782,-0.01596275254027029,0.00045814286552325884
0.15215408342912526,-95.0367842659551,-40.129241714595544,-7.5842033835131755,-0.015617746592984719,0.00045797123512936454
0.1475224425680111,-94.99933575680126,-40.12306081202794,-7.574768252715303,-0.01527282857904988,0.00045779493360409386
0.1428879876711738,-94.96179710745567,-40.11683944679471,-7.565322179514562,-0.0149280045672084,0.0004576139759135021
0.13825082237640593,-94.92416893008254,-40.11057778941126,-7.555865227734783,-0.01458328061037683,0.000457428377098401
0.13361105019248662,-94.88645183891444,-40.104276010198035,-7.546397461158986,-0.01423866274550492,0.0004572381522737353
0.12896877449627928,-94.84864645023137,-40.09793427928096,-7.536918943531093,-0.013894156993436706,0.00045704331662795874
0.12432409852992136,-94.81075338234034,-40.09155276659209,-7.527429738557636,-0.0135497693587677,0.00045684388542239736
0.11967712539782656,-94.77277325555475,-40.08513164187037,-7.517929909909534,-0.013205505829712055,0.00045663987399063556
0.1150279580639298,-94.73470669217345,-40.07867107466219,-7.508419521223775,-0.01286137237795662,0.0004564312977378715
0.11037669934876236,-94.69655431646001,-40.07217123432214,-7.498898636105184,-0.012517374958533424,0.0004562181721402974
0.1057234519266546,-94.65831675462198,-40.06563229001374,-7.489367318128156,-0.012173519509676108,0.0004560005127444556
0.10106831832289531,-94.61999463478934,-40.059054410709955,-7.479825630838364,-0.011829811952685884,0.0004557783351666044
0.09641140091090412,-94.58158858699424,-40.052437765194234,-7.470273637754532,-0.01148625819179934,0.00045555165509208567
0.09175280190945578,-94.54309924314923,-40.04578252206096,-7.460711402370141,-0.011142864114048856,0.00045532048827467465
0.08709262337982018,-94.50452723702634,-40.03908884971634,-7.451138988155192,-0.01079963558913636,0.00045508485053595354
0.08243096722309273,-94.46587320423589,-40.032356916379165,-7.441556458557914,-0.010456578469292113,0.0004548447577646537
0.07776793517729921,-94.4271377822051,-40.02558689008157,-7.431963877006527,-0.010113698589149366,0.0004546002259160209
0.07310362881473151,-94.38832161015661,-40.01877893866976,-7.422361306910945,-0.009771001765609626,0.00045435127101117154
0.06843814953915178,-94.34942532908717,-40.01193322980489,-7.41274881166454,-0.009428493797711233,0.00045409790913643084
0.06377159858308948,-94.31044958174608,-40.005049930963835,-7.403126454645838,-0.00908618046650303,0.0004538401564427028
0.05910407700511522,-94.27139501261384,-39.99812920944004,-7.393494299220278,-0.008744067534910714,0.00045357802914480793
0.05443568568711582,-94.23226226787993,-39.99117123234414,-7.383852408741911,-0.008402160747609695,0.0004533115435208296
0.049766525331616594,-94.19305199542192,-39.98417616660517,-7.374200846555147,-0.00806046583090083,0.0004530407159114767
0.045096696459102574,-94.15376484478334,-39.97714417897113,-7.364539675996453,-0.007718988492580063,0.0004527655627194123
0.04042629940532056,-94.11440146715172,-39.97007543600983,-7.354868960396067,-0.007377734421810757,0.00045248610040861094
0.03575543431869077,-94.07496251533719,-39.96297010410987,-7.345188763079732,-0.00703670928900027,0.00045220234550368764
0.031084201157563114,-94.03544864375047,-39.95582834948156,-7.335499147370397,-0.006695918745677619,0.00045191431458925903
0.02641269968769135,-93.99586050838057,-39.94865033815748,-7.325800176589889,-0.006355368424365196,0.00045162202430926683
0.021741029479545888,-93.95619876677338,-39.94143623599372,-7.316091914060641,-0.006015063938455738,0.00045132549136632966
0.017069289905754285,-93.91646407800927,-39.934186208670546,-7.30637442310739,-0.005675010882094045,0.00045102473252107435
0.012397580138501991,-93.87665710268125,-39.92690042169342,-7.296647767058842,-0.005335214830049381,0.0004507197645914733
0.007725999146922103,-93.83677850287273,-39.91957904039378,-7.286912009249373,-0.004995681337598708,0.0004504106044521953
0.0030546456945895898,-93.79682894213542,-39.91222222992999,-7.27716721302068,-0.004656415940405487,0.0004500972690339238
-0.0016163816630719613,-93.75680908546711,-39.90483015528824,-7.26741344172348,-0.004317424154401332,0.0004497797753226993
-0.006286984581276916,-93.7167195992896,-39.897402981283555,-7.257650758719159,-0.003978711475664275,0.000449458140359252
-0.010957064928428552,-93.67656115142634,-39.88994087256054,-7.247879227381422,-0.003640283380300993,0.00044913238123833976
-0.015626524788630046,-93.63633441108,-39.88244399359434,-7.238098911097953,-0.0033021453243354607,0.0004488025151080744
-0.020295266464167606,-93.59604004881044,-39.87491250869173,-7.228309873272043,-0.002964302743585001,0.0004484685591692582
-0.024963192477949623,-93.55567873651218,-39.86734658199179,-7.218512177324246,-0.0026267610535480185,0.00044813053067470343
-0.02963020557602267,-93.51525114739206,-39.85974637746705,-7.208705886693984,-0.0022895256492916696,0.00044778844692858514
-0.0342962087299719,-93.47475795594671,-39.85211205892419,-7.198891064841157,-0.001952601905332231,0.00044744232528574386
-0.03896110513941083,-93.4341998379404,-39.844443790005194,-7.18906777524779,-0.0016159951755287047,0.0004470921831510345
-0.043624798234325295,-93.39357747038228,-39.83674173418817,-7.179236081419583,-0.0012797107929635176,0.00044673803797864764
-0.04828719167755815,-93.35289153150413,-39.82900605478832,-7.169396046887557,-0.0009437540698361557,0.0004463799072714349
-0.052948189367105825,-93.31214270073758,-39.82123691495879,-7.159547735209574,-0.0006081302973512878,0.0004460178085802402
-0.05760769543858492,-93.27133165869182,-39.81343447769171,-7.149691209971964,-0.0002728447456082292,0.0004456517595032261
-0.06226561426750933,-93.23045908713101,-39.80559890581908,-7.139826534791055,6.209733651117016e-05,0.0004452817776851939
-0.06692185047167139,-93.18952566895159,-39.7977303620137,-7.129953773314727,0.0003966907214449783,0.000444907880816918
-0.07157630891348896,-93.14853208815981,-39.7898290087901,-7.120072989223972,0.000730930203063862,0.0004445300866344694
-0.07622889470225465,-93.1074790298491,-39.781895008505536,-7.110184246234405,0.0010648105967759822,0.0004441484129185337
-0.08087951319649837,-93.06636718017748,-39.77392852336081,-7.100287608097784,0.0013983267396317153,0.0004437628774937485
-0.08552807000622377,-93.02519722634491,-39.76592971540132,-7.090383138603547,0.0017314734904292362,0.0004433734982280156
-0.09017449007534117,-92.9839698942867,-39.757898764900744,-7.080470901598314,0.002064231390197152,0.00044298082793399647
-0.09481863883825173,-92.94268579193492,-39.74983579389523,-7.0705509610575925,0.002396626397876675,0.00044258370326935576
-0.09946044452086676,-92.90134565364188,-39.741740985591804,-7.060623380744779,0.002728636469162618,0.0004421828030535305
-0.1040998137370881,-92.85995017049005,-39.73361450139289,-7.050688224617411,0.0030602565761858255,0.0004417781436677123
-0.10873665336598679,-92.81850003449645,-39.72545650255317,-7.040745556677783,0.0033914817108040216,0.0004413697417113111
-0.1133708705536848,-92.77699593858945,-39.7172671501801,-7.030795440974404,0.0037223068849565055,0.00044095761398214097
-0.11800237271535771,-92.73543857658538,-39.709046605234526,-7.0208379416034346,0.004052727130988205,0.0004405417774586855
-0.12263106753713629,-92.6938286431654,-39.700795028531346,-7.010873122710126,0.0043827375019608455,0.00044012224928414756
-0.12725686297806316,-92.6521668338528,-39.692512580740335,-7.000901048490264,0.004712333071930842,0.0004396990467521716
-0.1318796672721062,-92.61045384498942,-39.68419942238667,-6.990921783191551,0.005041508936206522,0.0004392721872939982
-0.13649938893004168,-92.56869037371298,-39.67585571385167,-6.980935391114984,0.005370260211605839,0.00043884168846691735
-0.1411159367414501,-92.52687711793408,-39.66748161537366,-6.970941936616257,0.0056985820366787995,0.0004384075679438989
-0.1457292197767044,-92.485014776313,-39.65907728704848,-6.960941484107097,0.006026469571917867,0.0004379698435042576
-0.15033914738880977,-92.44310404823742,-39.65064288883057,-6.95093409805662,0.006353917999972945,0.0004375285330252176
-0.15494562921547328,-92.40114563379869,-39.64217858053327,-6.9409198429926375,0.006680922525828394,0.0004370836544743717
-0.15954857518093807,-92.35914023376995,-39.63368452183004,-6.930898783502977,0.007007478376994343,0.00043663522590280183
-0.1641478954979864,-92.3170885495824,-39.62516087225486,-6.920870984236782,0.007333580803668416,0.00043618326543892175
-0.16874350066979488,-92.27499128330334,-39.61660779120325,-6.9108365099057805,0.007659225078900184,0.0004357277912828822
-0.1733353014919179,-92.23284913761307,-39.60802543793294,-6.900795425285558,0.007984406498744587,0.00043526882170151905
-0.17792320905409123,-92.19066281578209,-39.599413971564566,-6.890747795216787,0.00830912038240745,0.0004348063750237489
-0.1825071347422233,-92.14843302164856,-39.590773551082535,-6.880693684606471,0.008633362072382654,0.000434340469636423
-0.18708699024019385,-92.10616045959581,-39.5821043353358,-6.870633158429146,0.008957126934587507,0.00043387112398051347
-0.1916626875317418,-92.06384583452952,-39.57340648303861,-6.860566281728097,0.009280410358487853,0.00043339835654768416
-0.19623413890232727,-92.02148985185512,-39.564680152771174,-6.8504931196165195,0.009603207757226118,0.00043292218587710394
-0.20080125694095718,-91.9790932174555,-39.555925502980585,-6.840413737278689,0.009925514567727847,0.0004324426305525985
-0.20536395454199782,-91.93665663766828,-39.547142691981485,-6.830328199971114,0.010247326250829011,0.0004319597091999736
-0.20992214490703,-91.89418081926321,-39.538331877956736,-6.820236573023656,0.01056863829136967,0.0004314734404845982
-0.21447574154655952,-91.8516664694202,-39.52949321895835,-6.810138921840656,0.01088944619831396,0.00043098384310915174
-0.21902465828188775,-91.80911429570641,-39.52062687290809,-6.800035311902022,0.011209745504842487,0.0004304909358115627
-0.2235688092468214,-91.76652500605412,-39.511732997598216,-6.789925808764309,0.011529531768455177,0.0004299947373630829
-0.22810810888942856,-91.72389930873845,-39.50281175069228,-6.779810478061786,0.011848800571067596,0.00042949526656651095
-0.23264247197376992,-91.68123791235472,-39.49386328972573,-6.769689385507471,0.012167547519102373,0.00042899254225452546
-0.23717181358165412,-91.63854152579665,-39.484887772106745,-6.759562596894173,0.01248576824358149,0.00042848658328813654
-0.24169604911427403,-91.59581085823369,-39.47588535511681,-6.7494301780954755,0.0128034584002132,0.00042797740855522954
-0.24621509429393978,-91.55304661908924,-39.46685619591153,-6.739292195066766,0.013120613669478004,0.0004274650369691957
-0.2507288651657305,-91.51024951801809,-39.457800451521194,-6.729148713846169,0.013437229756714963,0.0004269494874676401
-0.25523727809913554,-91.46742026488464,-39.448718278851565,-6.718999800555536,0.013753302392201731,0.0004264307790111644
-0.25974024978970833,-91.42455956974072,-39.43960983468447,-6.70884552140136,0.014068827331235656,0.00042590893058220056
-0.264237697260691,-91.3816681428034,-39.43047527567841,-6.698685942675705,0.014383800354206958,0.00042538396118391706
-0.2687295378645873,-91.33874669443342,-39.42131475836937,-6.688521130757101,0.014698217266683668,0.00042485588983915486
-0.2732156892847446,-91.29579593511278,-39.41212843917126,-6.678351152111441,0.015012073899480477,0.00042432473558941545
-0.27769606953694753,-91.25281657542318,-39.402916474376674,-6.668176073292829,0.015325366108733182,0.00042379051749390104
-0.2821705969709688,-91.20980932602399,-39.3936790201574,-6.657995960944421,0.015638089775970934,0.0004232532546285759
-0.2866391902720376,-91.16677489763075,-39.384416232565165,-6.647810881799287,0.015950240808186376,0.00042271296608525043
-0.2911017684624504,-91.12371400099296,-39.37512826753203,-6.63762090268117,0.016261815137904756,0.0004221696709707245
-0.2955582509029859,-91.0806273468728,-39.36581528087111,-6.627426090505311,0.016572808723247928,0.0004216233884059338
-0.3000085572944371,-91.03751564602335,-39.35647742827717,-6.617226512279214,0.016883217548007527,0.000421074137525113
-0.3044526076790149,-90.99437960916687,-39.34711486532696,-6.607022235103377,0.01719303762170441,0.0004205219374750005
-0.3088903224418667,-90.95121994697352,-39.337727747480045,-6.596813326172044,0.017502264979650108,0.00041996680741405973
-0.3133216223124393,-90.9080373700397,-39.32831623007914,-6.586599852773917,0.017810895683015908,0.00041940876651168856
-0.3177464283659018,-90.86483258886663,-39.31888046835066,-6.576381882292839,0.018118925818888486,0.00041884783394748124
-0.32216466202456173,-90.82160631383913,-39.30942061740534,-6.566159482208473,0.018426351500330486,0.00041828402891048647
-0.32657624505920574,-90.77835925520414,-39.29993683223852,-6.555932720096966,0.01873316886644171,0.00041771737059846767
-0.3309810995904506,-90.7350921230496,-39.29042926773086,-6.54570166363157,0.0190393740824166,0.00041714787821719464
-0.33537914809012315,-90.69180562728324,-39.280898078648626,-6.535466380583273,0.019344963339592763,0.000416575570979739
-0.33977036152036155,-90.64850057581225,-39.27134346601679,-6.525226940786821,0.01964989630532748,0.00041600173136162024
-0.34415455916594234,-90.6051774638005,-39.261765483007444,-6.514983408437063,0.019954249193742363,0.000415423671537976
-0.3485317222015287,-90.56183712068847,-39.25216434090823,-6.504735853229287,0.020257973393874792,0.00041484290069067337
-0.3529017738078995,-90.51848025410588,-39.242540193491344,-6.494484343517194,0.02056106560035116,0.00041425942387988897
-0.35726463799524266,-90.47510757219402,-39.23289319469156,-6.4842289475693695,0.020863522349234,0.0004136732538032784
-0.3616202391801764,-90.43171978289848,-39.22322349838534,-6.4739697337549895,0.021165340160277914,0.0004130844045266474
-0.36596850217749155,-90.38831759392629,-39.21353125838041,-6.463706770544457,0.021466515545557452,0.000412492891198834
-0.37030935219358335,-90.34490171270738,-39.203816628407566,-6.453440126509958,0.021767045016377662,0.0004118987298257578
-0.3746427148215225,-90.3014728463602,-39.19407976211429,-6.44316987032598,0.02206692508880128,0.0004113019370914133
-0.37896851603732323,-90.25803170165943,-39.18432081305936,-6.432896070769766,0.02236615228808135,0.0004107025302159946
-0.38328668219719836,-90.21457898500691,-39.174539934709,-6.422618796721779,0.022664723152201485,0.0004101005268434866
-0.3875971400355081,-90.17111540240367,-39.164737280433584,-6.4123381171660565,0.02296263423473216,0.00040949594495251273
-0.3918998166633937,-90.12764165942411,-39.154913003505115,-6.402054101190612,0.02325988210710328,0.00040888880278566725
-0.396194639567889,-90.08415846119098,-39.145067257095334,-6.391766817987775,0.023556463360434272,0.00040827911879346714
-0.4004815366113669,-90.04066651235152,-39.13520019427406,-6.381476336854498,0.023852374607011687,0.0004076669115898445
-0.4047604360313052,-89.99716651705475,-39.12531196800825,-6.371182727192677,0.024147612481468163,0.00040705219991682743
-0.4090312664403294,-89.95365917892858,-39.115402731160785,-6.3608860585094,0.024442173641733227,0.00040643500261645834
-0.41329395682637193,-89.91014520105837,-39.105472636489985,-6.350586400417217,0.024736054769804484,0.000405815338608447
-0.4175484365530745,-89.86662528596545,-39.09552183664901,-6.340283822634368,0.025029252572364165,0.00040519322687238447
-0.4217946353601784,-89.8231001355863,-39.085550484185504,-6.329978394985008,0.025321763781284944,0.0004045686864335406
-0.42603248336410565,-89.77957045125163,-39.07555873154123,-6.319670187399382,0.0256135851540319,0.00040394173635150326
-0.4302619110585498,-89.7360369336662,-39.06554673105191,-6.309359269914001,0.025904713473996907,0.0004033123957110835
-0.43448284931512116,-89.69250028288863,-39.05551463494709,-6.2990457126718145,0.026195145550773617,0.0004026806836149879
-0.43869522938404637,-89.64896119831148,-39.045462595349974,-6.288729585922318,0.02648487822036956,0.000402046619177912
-0.4428989828948895,-89.60542037864158,-39.03539076427743,-6.2784109600216835,0.02677390834539184,0.0004014102215217529
-0.44709404185726837,-89.56187852188015,-39.02529929363978,-6.268089905432841,0.02706223281520112,0.00040077150977168663
-0.45128033866157624,-89.51833632530374,-39.015188335240964,-6.257766492725561,0.02734984854603243,0.0004001305030529604
-0.45545780607977143,-89.4747944854448,-39.00505804077842,-6.2474407925765165,0.027636752481100875,0.0003994872204882369
-0.4596263772660504,-89.4312536980724,-38.994908561843026,-6.2371128757692915,0.02792294159069119,0.00039884168119537147
-0.4637859857576409,-89.3877146581732,-38.98474004991909,-6.226782813194416,0.02820841287222605,0.00039819390428553336
-0.46793656547549267,-89.34417805993277,-38.974552656384446,-6.216450675849366,0.028493163350338135,0.0003975439088616073
-0.4720780507250171,-89.30064459671637,-38.96434653251023,-6.206116534838503,0.028777190076917376,0.00039689171401681433
-0.47621037619678286,-89.25711496105056,-38.954121829460995,-6.1957804613730785,0.029060490131159238,0.0003962373388334919
-0.480333476967227,-89.21358984460454,-38.94387869829467,-6.185442526771136,0.029343060619605475,0.00039558080238203015
-0.48444728849929464,-89.17006993817134,-38.933617289962335,-6.175102802457426,0.029624898676183342,0.00039492212371989465
-0.48855174664318757,-89.12655593164993,-38.92333775530841,-6.16476135996333,0.029906001462229978,0.0003942613218907656
-0.4926467876369184,-89.08304851402637,-38.91304024507036,-6.154418270926697,0.030186366166524536,0.0003935984159237038
-0.49673234810702915,-89.03954837335613,-38.90272490987874,-6.144073607091734,0.030465990005312527,0.00039293342483240893
-0.500808365069154,-88.99605619674551,-38.892391900257074,-6.133727440308833,0.030744870222326234,0.0003922663676145041
-0.504874775928659,-88.95257267033385,-38.882041366621586,-6.123379842534365,0.031023004088804984,0.00039159726325085887
-0.508931518481222,-88.90909847927581,-38.87167345928141,-6.113030885830519,0.03130038890350981,0.000390926130704937
-0.5129785309133835,-88.86563430772328,-38.86128832843812,-6.102680642365057,0.031577021992742864,0.00039025298892217527
-0.5170157518031259,-88.82218083880767,-38.85088612418572,-6.092329184411063,0.031852900710359934,0.00038957785682936934
-0.521043120120407,-88.77873875462244,-38.84046699651044,-6.081976584346703,0.032128022437776446,0.0003889007533340892
-0.5250605752276669,-88.73530873620567,-38.83003109529064,-6.07162291465494,0.032402384583988406,0.0003882216973240939
-0.5290680568803195,-88.69189146352234,-38.81957857029648,-6.0612682479232305,0.03267598458557513,0.00038754070766675453
-0.5330655052272719,-88.64848761544752,-38.80910957118985,-6.050912656843214,0.03294881990670761,0.0003868578032085158
-0.5370528608113532,-88.6050978697485,-38.79862424752397,-6.040556214210357,0.03322088803915492,0.000386173002774313
-0.5410300645698035,-88.56172290306837,-38.78812274874334,-6.0301989929236175,0.03349218650229269,0.0003854863251670545
-0.5449970578346819,-88.5183633909085,-38.77760522418335,-6.019841065985074,0.033762712843103324,0.0003847977891670602
-0.5489537823332776,-88.47502000761207,-38.76707182307011,-6.009482506499505,0.034032464636180725,0.0003841074135315324
-0.5529001801885078,-88.43169342634685,-38.75652269452009,-5.999123387674002,0.034301439483734576,0.0003834152169940239
-0.5568361939193208,-88.38838431908889,-38.74595798753984,-5.988763782817515,0.03456963501558651,0.00038272121826391094
-0.560761766441031,-88.34509335660572,-38.735377851025724,-5.978403765340433,0.034837048889172204,0.00038202543602587293
-0.5646768410656933,-88.30182120844,-38.72478243376359,-5.968043408754089,0.035103678789540516,0.0003813278889393694
-0.5685813615024204,-88.25856854289312,-38.7141718844284,-5.957682786670283,0.03536952242933887,0.0003806285956385398
-0.5724752718576559,-88.21533602700869,-38.703546351583825,-5.947321972800768,0.03563457754884494,0.0003799275747305014
-0.576358516635503,-88.17212432655691,-38.692905983682046,-5.936961040956746,0.03589884191593154,0.00037922484479582883
-0.5802310407380397,-88.128934106018,-38.6822509290632,-5.9266000650483095,0.03616231332606145,0.00037852042438799
-0.584092789465509,-88.08576602856654,-38.671581335955096,-5.916239119083882,0.036424989602287274,0.0003778143320326789
-0.5879437085166135,-88.04262075605561,-38.660897352472745,-5.905878277169645,0.03668686859524359,0.00037710658622732156
-0.5917837439886894,-87.99949894900101,-38.65019912661802,-5.895517613508946,0.036947948183139095,0.00037639720544056733
-0.5956128423779748,-87.95640126656569,-38.63948680627912,-5.885157202401682,0.037208226271746705,0.0003756862081118094
-0.5994309505797646,-87.91332836654415,-38.628760539230186,-5.874797118243654,0.03746770079439026,0.0003749736126506887
-0.603238015888588,-87.87028090534729,-38.61802047313086,-5.86443743552595,0.03772636971193338,0.0003742594374366001
-0.607033985998395,-87.8272595379868,-38.60726675552573,-5.854078228834247,0.03798423101276834,0.00037354370081821964
-0.6108188090026615,-87.78426491806015,-38.5964995338439,-5.84371957284813,0.038241282712801576,0.00037282642111300686
-0.6145924333945242,-87.74129769773562,-38.58571895539849,-5.833361542340436,0.03849752285543882,0.00037210761660673566
-0.6183548080669046,-87.69835852773714,-38.574925167386105,-5.823004212176459,0.038752949511564744,0.00037138730555301197
-0.622105882312584,-87.65544805732975,-38.56411831688634,-5.812647657313286,0.039007560779534683,0.00037066550617280913
-0.6258456058243096,-87.61256693430457,-38.5532985508612,-5.80229195279901,0.03926135478514748,0.00036994223665398596
-0.6295739286947999,-87.5697158049642,-38.54246601615451,-5.791937173771963,0.03951432968163324,0.0003692175151508262
