-150.0,144.58164864900223,-150.0,-28.0,-28.0,-0.08392708001099447
-150.0,137.11186449697001,-150.0,-28.0,-28.0,-0.08026552277252645
-150.0,129.97612304267105,-150.0,-28.0,-28.0,-0.07695364155080124
-150.0,123.15747962309612,-150.0,-28.0,-28.0,-0.07392031262741658
-150.0,116.64001419734043,-150.0,-28.0,-28.0,-0.07111350924155571
-150.0,110.40874751133725,-150.0,-28.0,-28.0,-0.06849507187931263
-150.0,104.44956674891948,-150.0,-28.0,-28.0,-0.06603685545824414
-150.0,98.74915891956198,-150.0,-28.0,-28.0,-0.06371790217178358
-150.0,93.29495089308563,-150.0,-28.0,-27.622604498747044,-0.06152237643626068
-150.0,88.0751162388046,-150.0,-28.0,-26.49241381797115,-0.05943244674186672
-150.0,83.07843319158968,-150.0,-28.0,-25.42435333358393,-0.0574256542025472
-150.0,78.29393757616175,-150.0,-28.0,-24.41475792974508,-0.05549423949411884
-150.0,73.71108138591013,-150.0,-28.0,-23.46022196125213,-0.05363225823407761
-150.0,69.31972533251056,-150.0,-28.0,-22.557586182253694,-0.05183509642710951
-150.0,65.11013052833937,-150.0,-28.0,-21.703924853573675,-0.05009911832860574
-150.0,61.0729495606535,-150.0,-28.0,-20.896533093261183,-0.04842141199783583
-150.0,57.19921717000313,-150.0,-28.0,-20.132914523747424,-0.04679960661543775
-150.0,53.4803407046424,-150.0,-28.0,-19.410769258531644,-0.04523174224631051
-150.0,49.90809048760795,-150.0,-28.0,-18.72798226179322,-0.04371617768409288
-150.0,46.47459020324821,-150.0,-28.0,-18.082612105796308,-0.042251525726779274
-150.0,43.17230738483825,-150.0,-28.0,-17.47288014343685,-0.04083660801264424
-150.0,39.99404406397099,-150.0,-28.0,-16.89716010674618,-0.03947042362326343
-150.0,36.9329280374825,-150.0,-28.0,-16.35396795887263,-0.03815213030618096
-150.0,33.982402203584876,-150.0,-28.0,-15.841953099074056,-0.03688101399357985
-150.0,31.136218705244126,-150.0,-28.0,-15.359888084744968,-0.035656504656240914
-150.0,28.388428536382342,-150.0,-28.0,-14.90666075679415,-0.0344781461574933
-150.0,25.733373942944567,-150.0,-28.0,-14.48126574963868,-0.033345595479709896
-150.0,23.16568054702782,-150.0,-28.0,-14.082796614742977,-0.0322586162519886
-150.0,20.68024972099044,-150.0,-28.0,-13.710438331806373,-0.031217072428560536
-150.0,18.27225119965297,-150.0,-28.0,-13.363460193366283,-0.030220921765466428
-150.0,15.937115916042252,-150.0,-28.0,-13.041209047788815,-0.029270208873868272
-150.0,13.670529044173371,-150.0,-28.0,-12.743102885090362,-0.02836505772278186
-150.0,11.468423230903436,-150.0,-28.0,-12.468624749756014,-0.02750566353107786
-150.0,9.326971997795866,-150.0,-28.0,-12.217316964651411,-0.026692284035723848
-146.0551723749234,7.242583293123229,-150.0,-28.0,-11.98877565022591,-0.02592523015594656
-140.15506596292374,5.2351787919598465,-150.0,-28.0,-11.77873647495338,-0.025217757056348118
-134.53794516000585,3.3154948458604885,-150.0,-28.0,-11.585084373320962,-0.024573400030196677
-129.19071522680474,1.4814600771340203,-150.0,-28.0,-11.408001616643535,-0.023986553836271563
-124.10072117316876,-0.2691445631781235,-150.0,-28.0,-11.247494851183212,-0.02345175340701201
-119.255744159452,-1.9386526376310016,-150.0,-28.0,-11.103418341460259,-0.022963694518123304
-114.64399740834807,-3.529483673279234,-150.0,-28.0,-10.975494619846984,-0.022517250375003996
-110.25412155677863,-5.044118667235313,-150.0,-28.0,-10.86333285804206,-0.0221074845962136
-106.07517941728291,-6.4850791555961,-150.0,-28.0,-10.76644523280498,-0.02172966102706995
-102.0966501483473,-7.854909409583399,-150.0,-28.0,-10.684261521506786,-0.02137925078025564
-98.30842285501122,-9.156161371788656,-150.0,-28.0,-10.616142131893765,-0.02105193686483291
-94.70078965658666,-10.391381989044735,-150.0,-28.0,-10.561389743981517,-0.020743616730998064
-91.26443826878642,-11.56310263725936,-150.0,-28.0,-10.519259719397354,-0.020450403025676942
-87.99044415407322,-12.673830368056027,-150.0,-28.0,-10.488969414119325,-0.020168622823934695
-84.87026229749975,-13.726040737763256,-150.0,-28.0,-10.469706513888365,-0.019894815573267586
-81.89571866641832,-14.7221720065939,-150.0,-28.0,-10.460636497161127,-0.019625729962191637
-79.05900141177486,-15.664620520126052,-150.0,-28.0,-10.460909317970257,-0.019358319901110935
-76.35265186672223,-16.555737106795362,-150.0,-28.0,-10.469665390170848,-0.019089739782155175
-73.76955539535925,-17.397824344310198,-150.0,-28.0,-10.48604094503748,-0.018817339165407045
-71.30293214082279,-18.193134564995702,-150.0,-28.0,-10.509172825836,-0.018538657021563935
-68.94632771795918,-18.943868485276,-150.0,-28.0,-10.538202775661006,-0.018251415645457243
-66.69360389156358,-19.652174358050104,-150.0,-28.0,-10.572281268369887,-0.01795351434083068
-64.53892927685197,-20.320147558774877,-150.0,-28.0,-10.61057092673986,-0.017643022964217787
-62.476770094519665,-20.94983052681899,-150.0,-28.0,-10.652249566932355,-0.01731817540450589
-60.50188100854637,-21.543212993235795,-150.0,-28.0,-10.696512903886934,-0.016977363064697094
-58.60929607087961,-22.102232434659587,-150.0,-28.0,-10.742576948319343,-0.016619128403340833
-56.7943197933249,-22.628774700667158,-150.0,-28.0,-10.78968012250404,-0.016242158584999306
-55.05251836342212,-23.12467476878063,-150.0,-28.0,-10.837085118935214,-0.015845279281798484
-53.37971101781641,-23.591717587396978,-150.0,-28.0,-10.88408052323702,-0.01542744866151514
-51.77196158365593,-24.0316389724087,-144.6177120688355,-28.0,-10.929982220296218,-0.014987751591659194
-50.21556832654709,-24.45457253057576,-135.47808665036027,-28.0,-10.976583610965443,-0.014488288049655088
-48.70188597564495,-24.8704106952239,-126.7505921610938,-28.0,-11.025202433620207,-0.013902541584112263
-47.230654958277626,-25.28386170069,-118.42432380209644,-28.0,-11.075334591884893,-0.013233369968267105
-45.80154881382043,-25.699622302079725,-110.48873500631584,-28.0,-11.126520348887652,-0.01248389111009912
-44.414185067135016,-26.122329054138454,-102.93359793591142,-28.0,-11.178342330461053,-0.01165743952813361
-43.06813388151729,-26.556518202251198,-95.7489687448499,-28.0,-11.230423546144042,-0.010757526103349704
-41.762924777652884,-27.006593366484893,-88.92515726543205,-28.0,-11.282425401471981,-0.009787801469819378
-40.49805168772504,-27.476800237372235,-82.45270073445775,-28.0,-11.33404570265897,-0.008752022941543019
-39.27297658884001,-27.971207525062894,-76.322341172851,-28.0,-11.385016657643407,-0.007654024847792793
-38.08713193498127,-28.493693435190732,-70.52500603685742,-28.0,-11.43510287951949,-0.006497692128533932
-36.93992208235812,-29.047936982976537,-65.0517917683774,-27.898134770726713,-11.484099399716136,-0.005286937025025017
-35.830510894037424,-29.63722243799765,-59.89308732877633,-25.816468714907252,-11.531276213163906,-0.004029574845159211
-34.75402043323091,-30.25855916247804,-55.02065608233336,-23.824866808522845,-11.565909960584008,-0.0028057546720380543
-33.7095157319836,-30.90706646218236,-50.41830762515802,-21.919523547057295,-11.58886750445776,-0.0016172969672110303
-32.696029520617216,-31.578339771745163,-46.070856306178136,-20.096805633194347,-11.600958033770024,-0.00046563874259800326
-31.712573369446616,-32.268407406425396,-41.96405614421812,-18.35324348250139,-11.602936961171672,0.0006481232397892638
-30.75814708777157,-32.97369123814224,-38.0845398015846,-16.68552327863352,-11.595509517143205,0.0017231924749236114
-29.831746639527243,-33.69097100629458,-34.419761345899,-15.09047941406715,-11.579334127429583,0.0027590368406828747
-28.932370774928213,-34.41735191279605,-30.95794261957346,-13.56508730261008,-11.555025581684916,0.0037553564255741654
-28.05902655212837,-35.15023518559549,-27.68802303443114,-12.106456549395846,-11.523158001958153,0.004712054684469291
-27.21073390070398,-35.88729132635956,-24.59961260955651,-10.711824463751737,-11.484267620106577,0.005629212587274123
-26.386529359278676,-36.626435786258995,-21.682948072967484,-9.37854990020412,-11.438855373478676,0.0065070654599903984
-25.58546910253173,-37.365806839233905,-18.928851851711244,-8.104107412917763,-11.387389328301815,0.007345982248437774
-24.806631357873364,-38.10374544498726,-16.328693780121064,-6.88608170902705,-11.33030694017538,0.008146446962430135
-24.049118298988724,-38.838776914523635,-13.874355361942737,-5.72216238657834,-11.268017160936614,0.008909042082786246
-23.312057492006534,-39.56959420953291,-11.558196428589259,-4.610138943142936,-11.200902400952891,0.009634433735549867
-22.594602960052498,-40.29504272353459,-9.37302404272437,-3.5478960415609837,-11.129320355624317,0.010323358457469211
-21.895935923219923,-41.01410640762452,-7.312063503534674,-2.5334090197216628,-11.053605704566316,0.010976611394408274
-21.21526526337014,-41.72589511707894,-5.3689313173097375,-1.5647396317622388,-10.974071691596933,0.011595035790148858
-20.551827756536476,-42.42963306712595,-3.537610004198445,-0.6400320085668922,-10.891011593289821,0.012179513637201284
-19.904888109916254,-43.1246482970215,-1.812424619168663,0.24249117404355136,-10.804700083476884,0.012730957373941795
-19.273738835396433,-43.810363051303355,-0.18802087220787556,1.0845323305235994,-10.715394500704077,0.013250302523798798
-18.65769998717044,-44.48628499584382,1.3406552603900757,1.8877224147954441,-10.623336025262741,0.013738501182455377
-18.056118787191014,-45.15199919418849,2.778376535228908,2.6536241934898266,-10.528750772043326,0.014196516268244861
-17.468369158885885,-45.807160776743665,4.129652146764787,3.3837353528040373,-10.431850805089946,0.014625316459199674
-16.893851186685314,-46.45148824173653,5.398744227230207,4.079491448056842,-10.33283507937735,0.01502587174767073
-16.331990516409903,-47.0847573326013,6.589683224986413,4.742268704546191,-10.231890314986378,0.015399149550146471
-15.782237709398743,-47.706795441599255,7.7062822392983925,5.373386677857731,-10.129191808522958,0.01574611131595228
-15.24406756138033,-48.317476494126545,8.752150384345676,5.974110781330653,-10.024904186308778,0.016067709583962704
-14.716978395459948,-48.916716272344594,9.73070525039499,6.545654687964735,-9.919182103570314,0.01636488544138035
-14.20049133718998,-49.504468140547594,10.645184525445146,7.0891826136471465,-9.812170893566371,0.01663856634307059
-13.694149578471587,-50.08071913807902,11.498656836323725,7.605811488191642,-9.704007170323855,0.016889664253952556
-13.197517635985383,-50.64548640868756,12.294031864136194,8.096613020314555,-9.594819388395619,0.017119074080563696
-12.710180608939133,-51.19881393798468,13.034069785155822,8.562615662323134,-9.484728362813799,0.01732767236118703
-12.231743440140443,-51.74076957317712,13.721390084660111,9.00480647995926,-9.373847752185894,0.017516316186887107
-11.761830183726472,-52.271442301515535,14.358479787881954,9.424132932528588,-9.262284507668934,0.017685842328471906
-11.300083282303996,-52.790939765957035,14.947701149113591,9.821504568147327,-9.150139290358617,0.017837066546819387
-10.846162855754885,-53.29938599839561,15.491298837091534,10.197794638658687,-9.037506859444882,0.017970783066193055
-10.399746003534474,-53.79691935250757,15.991406652067173,10.553841638506102,-8.92447643331197,0.018087764192150885
-9.9605261219258,-54.28369061978389,16.45005380743804,10.890450771600475,-8.811132025600172,0.018188760057448822
-9.528212237396845,-54.75986131371498,16.869170806456673,11.208395349984041,-8.697552758095384,0.018274498480957902
-9.102528356943944,-55.22560210835435,17.25059494233822,11.508418127871419,-8.583813152173459,0.01834568492608931
-8.683212836075782,-55.68109141863789,17.596075448049326,11.791232574440434,-8.46998340039607,0.01840300254655043
-8.270017764898581,-56.12651411087978,17.90727832016458,12.057524088549425,-8.356129619734222,0.0184471123084639
-7.862708372600269,-56.562060332820316,18.185790839415503,12.30795115837356,-8.242314087783427,0.018478653178972165
-7.461062450492448,-56.98792445346855,18.43312580892266,12.54314646878017,-8.128595463231218,0.018498242372443158
-7.064869793653981,-57.40430410377724,18.65072552958198,12.763717959100108,-8.015028991741078,0.018506475646289898
-6.673931661120256,-57.81139930990902,18.839965530669616,12.970249833800146,-7.901666698328017,0.01850392763922622
-6.288060254483095,-58.20941171151915,19.002158072422986,13.16330352841821,-7.788557567218833,0.01849115224552505
-5.90707821469748,-58.59854385808163,19.138555436143893,13.343418632988778,-7.675747710113428,0.018468683019504856
-5.530818136837645,-58.97899857684397,19.25035301624727,13.511113775060034,-7.563280523693965,0.018437033605080862
-5.159122102495507,-59.35097840650158,19.338692227638493,13.666887464285914,-7.451196837162338,0.01839669818576204
-4.791841229485783,-59.71468509115173,19.404663240834935,13.811218900464752,-7.3395350505277595,0.018348151950971253
-4.428835238484043,-60.07031912951153,19.449307556359397,13.944568746793392,-7.228331264309583,0.018291851575015755
-4.0699720362085845,-60.41807937478279,19.473620429097657,14.067379870006237,-7.11761940126997,0.018228235705441364
-3.715127314736269,-60.75816268090191,19.47855315255179,14.180078048978334,-7.007431320743502,0.0181577254578685
-3.3641841665305328,-61.09076359125048,19.4650152122067,14.283072653284785,-6.897796926087217,0.018080724914746098
-3.017032714752426,-61.416074066205205,19.433876316570306,14.376757293128119,-6.7887442657346435,0.01799762162575408
-2.6735697584182616,-61.73428324618946,19.38596831383836,14.46151044196947,-6.680299628299949,0.017908787107859737
-2.3336984319661385,-62.04557724714655,19.322087001571,14.537696033127986,-6.572487632144375,0.0178145773432772
-1.9973284983705788,-62.35013993840961,19.242994431201737,14.60566489645883,-6.465331914447817,0.01771533814010597
-1.6643734626752138,-62.648148827383906,19.14941807742865,14.665751719216278,-6.3588527009717515,0.017611385440510368
-1.334754286763151,-62.939781141514565,19.042056143268233,14.71828116015601,-6.253070794366139,0.01750303729018009
-1.0083963138907748,-63.22520940443536,18.921576410015092,14.763564475719866,-6.1480049280538775,0.01739059239845318
-0.6852297216785469,-63.50460248740984,18.788618276058322,14.80190101486841,-6.043672542565489,0.017274336354898192
-0.36518925901724614,-63.77812554680921,18.643794052986742,14.833578682501853,-5.940089848896006,0.017154542088280537
-0.04821399440843545,-64.04593997823719,18.48769019375412,14.858874384045404,-5.837271888461247,0.017031470316398973
0.2657529246588179,-64.30820338569536,18.320868457037292,14.87805445202418,-5.735232589871868,0.01690536998628316
0.5767645016905578,-64.56506956430782,18.143867011647366,14.891375055414478,-5.633984822727502,0.01677647870433225
0.8848701109079199,-64.81668849524185,17.957201484580743,14.89908259251682,-5.533540448618931,0.01664502315607159
1.1901157070804385,-65.06320635157167,17.761365956063308,14.90141406806275,-5.433910369512192,0.016511219515275732
1.492544025835545,-65.30476551393203,17.556833904707673,14.898597455230975,-5.335104573675791,0.016375273842276394
1.7921947747979456,-65.54150459490276,17.344059105698534,14.890852043217045,-5.237132179300956,0.016237382471338026
2.0891048159031493,-65.77355847114958,17.12347648472688,14.878388770970187,-5.1400014759538895,0.016097732387033388
2.3833083392199836,-66.00105832243014,16.895502930210718,14.861410547681329,-5.043719963989044,0.015956501589600245
2.674837028607266,-66.22413167664362,16.660538066177814,14.840112560579927,-4.948294392043433,0.015813859449303868
2.963720219518593,-66.44290246017462,16.418964988025273,14.814682570570117,-4.8537307927235105,0.01566996704986382
3.249985049263132,-66.65749105284279,16.17115096323279,14.785301196213561,-4.76003451658843,0.015524977521035047
3.5336566000177023,-66.8680143468301,15.917448098967235,14.752142186542011,-4.66721026452611,0.01537903636046423
3.8147580348772436,-67.07458580900973,15.658193978396113,14.715372683161107,-4.5752621186123275,0.015232281744961107
4.0933107272219855,-67.27731554615252,15.393712267410756,14.675153472086352,-4.484193571536612,0.015084844831350131
4.369334383671211,-67.47631037253258,15.124313293351179,14.631639225731554,-4.394007554672993,0.014936850047079751
4.642847160883728,-67.67167387949638,14.85029459722918,14.584978735452646,-4.304706464868857,0.014788415370784559
4.913865776455288,-67.86350650659944,14.571941460847384,14.535315135030261,-4.216292190020104,0.014639652603008703
5.182405614159336,-68.05190561395048,14.289527410133367,14.48278611545942,-4.128766133496147,0.014490667627303333
5.448480823763907,-68.23696555543927,14.00331469591896,14.427524131396943,-4.042129237474635,0.014341560661925939
5.712104415651934,-68.41877775255105,13.7135547533288,14.369656599603106,-3.9563820052416463,0.014192426502370289
5.9732883504664,-68.59743076850478,13.420488640864974,14.309306089698847,-3.871524522509584,0.014043354754961485
6.232043623989519,-68.77301038247293,13.124347460216356,14.246590507546706,-3.7875564778019455,0.013894430061756443
6.488380347460871,-68.94559966367136,12.825352757754551,14.181623271549617,-3.7044771819510722,0.013745732316988994
6.742307823532431,-69.11527904512454,12.523716908627385,14.114513482150143,-3.6222855867518637,0.01359733687530105
6.993834618048702,-69.28212639693531,12.219643484304456,14.04536608480003,-3.5409803028124185,0.013449314752001285
7.242968627836629,-69.44621709890839,11.913327604381784,13.974282026659209,-3.4605596166395474,0.013301732815591591
7.489717144679968,-69.60762411238996,11.604956273406835,13.901358407272024,-3.3810215069954075,0.013154653972800866
7.734086915648456,-69.76641805120691,11.294708703441124,13.82668862345859,-3.3023636605590725,0.013008137346361309
7.976084199946673,-69.9226672516007,10.982756623039464,13.750362508649124,-3.2245834869249226,0.012862238445762765
8.215714822436599,-70.07643784106516,10.669264573284465,13.672466466879474,-3.1476781329684482,0.01271700933121432
8.452984223989045,-70.227793806011,10.354390191483276,13.593083601657657,-3.071644496607418,0.012572498771039867
8.687897508806739,-70.37679705818906,10.03828448309838,13.512293839902108,-2.9964792399859244,0.012428752392731538
8.920459488860303,-70.52350749981669,9.721092082453595,13.430174051144379,-2.9221788021065134,0.0122858128278784
9.150674725572172,-70.66798308736148,9.40295150272835,13.346798162181209,-2.84873941093462,0.012143719851183957
9.378547568875703,-70.81027989394049,9.083995375726609,13.262237267353363,-2.7761570949983776,0.012002510513783144
9.604082193776508,-70.9504521703085,8.764350681879264,13.176559734621396,-2.7044276945052155,0.011862219271060133
9.827282634533397,-71.08855240440832,8.444138970918786,13.089831307602,-2.63354687199611,0.011722878105169204
10.048152816573609,-71.22463137946971,8.123476573636779,13.002115203721262,-2.5635101225570085,0.011584516642449583
10.266696586253776,-71.35873823064168,7.802474805121953,12.91347220863618,-2.494312783605909,0.011447162265924415
10.482917738569968,-71.49092050015653,7.4812401598465925,12.82396076706806,-2.425950044273449,0.011310840223067525
10.696820042919663,-71.6212241910209,7.159874498960562,12.73363707018742,-2.358416954393778,0.011175573729014837
10.908407267012167,-71.74969381923887,6.838475230127415,12.642555139683289,-2.2917084331216926,0.011041384065394337
11.11768319902015,-71.87637246457285,6.517135480224127,12.550766908645063,-2.2258192771914063,0.01090829067494185
11.324651668061696,-72.00130181985494,6.195944261207451,12.45832229937963,-2.1607441688315183,0.01077631125206478
11.529316563098911,-72.12452223885764,5.874986629441139,12.3652692982825,-2.0964776833500003,0.010645461829511359
11.731681850333171,-72.24607278274419,5.554343838755479,12.271654027875568,-2.0330142964025932,0.010515756861298499
11.931751589177626,-72.36599126511462,5.234093487506492,12.177520816121387,-1.9703483909571298,0.010387209302043152
12.129529946879291,-72.48431429566824,4.914309659882747,12.082912263117883,-1.9084742639661612,0.010259830682842142
12.325021211865227,-72.60107732250472,4.595063061700813,11.987869305274835,-1.8473861327591035,0.010133631183835506
12.518229805878983,-72.71631467308768,4.276421150916903,11.892431277068443,-1.7870781411653394,0.01000861970358883
12.709160294973842,-72.83005959389507,3.958448263072029,11.796635970466978,-1.727544365378696,0.009884803925419607
12.897817399426573,-72.942344288784,3.6412057318785074,11.700519692116906,-1.6687788195733835,0.009762190380793397
13.084206002629157,-73.05319995609432,3.3247520051469337,11.604117318375252,-1.6107754612813805,0.009640784509908334
13.2683311590184,-73.16265682452203,3.009142756241708,11.507462348270705,-1.5535281965402814,0.009520590719582262
13.450198101096465,-73.27074418778827,2.6944309912473585,11.410586954472855,-1.4970308848207283,0.009401612438554332
13.629812245594588,-73.37749043813332,2.3806671520183826,11.313522032345627,-1.4412773437419486,0.00928385217030612
13.807179198830235,-73.4829230986665,2.0678992152766256,11.216297247158195,-1.3862613535836705,0.00916731154350659
13.9823047613051,-73.58706885459807,1.7561727879165971,11.118941079523895,-1.3319766616021,0.009051991360178101
14.155194931589469,-73.68995358338603,1.4455311986686397,11.02148086913491,-1.2784169861577852,0.008937891641679815
14.325855909535235,-73.79160238382434,1.1360155862646764,10.923942856857469,-1.2255760206624675,0.00882501167259828
14.494294098859799,-73.89203960410396,0.8276649842458141,10.826352225250508,-1.173447437351986,0.008713350042635279
14.660516109139484,-73.99128886887532,0.5205164025434783,10.728733137567673,-1.1220248908918642,0.008602904686575449
14.824528757249716,-74.08937310534108,0.21460490596214754,10.631108775300635,-1.0713020218220817,0.008493672922416044
14.986339068288453,-74.18631456840744,-0.09003631031490045,10.533501374319398,-1.0212724598471896,0.008385651487736068
15.145954276015056,-74.28213486492425,-0.3933758480811491,10.435932259662753,-0.9719298269777306,0.008278836574380914
15.303381822838464,-74.37685497703953,-0.6953840362107471,10.33842187903057,-0.9232677405287071,0.00817322386153292
15.458629359384403,-74.4704952846984,-0.9960328634045723,10.240989835027246,-0.8752798159805003,0.008068808547238153
15.611704743670378,-74.56307558731109,-1.2952959134749449,10.143654916203802,-0.8279596697077558,0.007965585378455474
15.76261603991737,-74.65461512461981,-1.5931483030719562,10.046435126944324,-0.7813009215810048,0.007863548679691497
15.911371517022824,-74.74513259678734,-1.8895666217553213,9.949347716240688,-0.7352971974462595,0.007762692380282554
16.05797964672173,-74.83464618373608,-2.184528874322382,9.85240920539789,-0.6899421314869703,0.007663010040381872
16.202449101457777,-74.92317356376032,-2.478014425305254,9.755635414710396,-0.6452293684731385,0.007564494875708984
16.34478875198747,-75.01073193143748,-2.7700039455530927,9.659041489148814,-0.6011525659018742,0.007467139781115332
16.485007664739523,-75.09733801486223,-3.0604793608202314,9.562641923094265,-0.5577053960334714,0.007370937353016542
16.623115098948276,-75.18300809222723,-3.3494238022831695,9.466450584156686,-0.5148815478271949,0.00727587991074244
16.759120503580835,-75.26775800777163,-3.636821558912551,9.370480736111661,-0.47267472878067773,0.007181959516851295
16.893033514076343,-75.35160318712188,-3.92265803162919,9.27474506098936,-0.43107866667649775,0.007089167996454395
17.024863948913417,-75.43455865204515,-4.2069196891770915,9.179255680347515,-0.3900871112398224,0.006997496955595256
17.154621806024014,-75.51663903463647,-4.48959402564703,9.084024175759428,-0.3496938357102527,0.0069069377987230635
17.28231725906563,-75.59785859096023,-4.770669519588498,8.989061608546761,-0.3098926383315862,0.00681748174530283
17.407960653569997,-75.67823121416598,-5.050135594650108,8.894378538785418,-0.2706773437624247,0.00672911984560012
17.53156250297934,-75.75777044709805,-5.3279825816903355,8.799985043612304,-0.23204180441084588,0.006641842995675713
17.653133484584195,-75.83648949441691,-5.604201682302662,8.70589073485917,-0.19397990169612145,0.006555641951627075
17.772684435374437,-75.91440123425166,-5.878784933702548,8.61210477603895,-0.156485547240372,0.006470507343109642
17.890226347815084,-75.99151822939967,-6.151725174924014,8.518635898709142,-0.11955268399292271,0.006386429686170363
18.005770365557964,-76.06785273809118,-6.423016014276513,8.425492418235645,-0.08317528728995474,0.006303399395424391
18.119327779098636,-76.14341672433694,-6.692651798016392,8.33268224897952,-0.04734736585218405,0.00622140679560435
18.230910021388695,-76.21822186787045,-6.960627580184276,8.24021291892866,-0.012062962722841714,0.0061404421325106885
18.34052866341242,-76.29227957370613,-7.2269390935678075,8.148091583795038,0.022683843851498492,0.006060495583390621
18.44819540973526,-76.36560098132276,-7.491582721745079,8.05632504059777,0.05689893959496822,0.005981557266770875
18.553922094033716,-76.43819697349059,-7.754555472169873,7.964919740751176,0.090588173429316,0.005903617251768919
18.657720674611646,-76.51007818475293,-8.01585495025833,7.873881802676683,0.12375735675115929,0.0058266655669080404
18.759603229912116,-76.5812550095793,-8.275479334441865,7.783217023955974,0.1564122627579602,0.005750692208457335
18.859581954030073,-76.65173761019928,-8.53342735214753,7.692930893043144,0.1885586258204517,0.005675687148318484
18.957669152231972,-76.7215359241318,-8.789698256672782,7.603028600552078,0.22020214089975637,0.005601640341481185
19.053877236487786,-76.79065967142115,-9.044291804921695,7.513515050134766,0.25134846300725383,0.005528541733066528
19.14821872102118,-76.85911836159197,-9.297208235969045,7.4243948689663775,0.28200320670555334,0.005456381264976675
19.240706217882753,-76.92692130033421,-9.548448250423192,7.3356724178513195,0.312171945648846,0.005385148882170619
19.331352432549465,-76.99407759592776,-9.798012990556654,7.247351800964619,0.3418602121608808,0.005314834538581608
19.420170159556207,-77.06059616541859,-10.045904021176522,7.1594368752423065,0.37107349684915153,0.005245428202694361
19.50717227816242,-77.12648574055578,-10.292123311207135,7.071931259433756,0.3998172482536867,0.005176919862797235
19.592371748057417,-77.19175487349936,-10.536673215959226,6.984838342828551,0.4280968725290266,0.00510929953192486
19.67578160510766,-77.25641194230757,-10.779556460058647,6.898161293670171,0.45591773315791984,0.005042557252505229
19.757414957149216,-77.32046515621307,-11.020776121011775,6.811903067267936,0.4832851506954351,0.004976683100726263
19.83728497982799,-77.38392256069673,-11.260335613383265,6.726066413818514,0.5102044025421982,0.004911667190633732
19.915404912490505,-77.44679204236628,-11.498238673563236,6.6406538859478195,0.5366807227454945,0.004847499677974557
19.991788054126626,-77.50908133364925,-11.734489345103274,6.555667845983455,0.5627193018269226,0.004784170763796418
20.06644775936816,-77.57079801730745,-11.969091964599489,6.471110472967871,0.5883252866356825,0.0047216706978164364
20.139397434542435,-77.63194953077759,-12.202051148101301,6.386983769421878,0.613503780226023,0.004659989781569083
20.210650533785856,-77.69254317035052,-12.433371778029613,6.303289567867374,0.6382598417581862,0.00459911837134458
20.28022055521572,-77.75258609519064,-12.663058990582403,6.2200295371186485,0.6625984864214222,0.004539046880927096
20.348121037164166,-77.81208533120457,-12.891118163611804,6.137205188350408,0.6865246853783766,0.0044797657841436
20.414365554474244,-77.87104777476452,-13.117554904954051,6.05481788095104,0.7100433657297566,0.004421265617231232
20.478967714858403,-77.9294801962937,-13.342375041197595,5.972868828168594,0.7331594104982595,0.0043635369810333495
20.541941155322725,-77.98738924371693,-13.565584606870594,5.891359102557653,0.7558776586311748,0.0043065705430315685
20.603299538654475,-78.04478144578405,-13.787189834034244,5.810289641233938,0.7782029050204128,0.0042503570392222485
20.663056549976552,-78.10166321527146,-14.007197142267295,5.729661250943828,0.800139900539508,0.004194887275845834
20.721225893367105,-78.1580408520653,-14.225613129025898,5.6494746129556095,0.8216933520965387,0.004140152130974731
20.777821288546136,-78.21392054613206,-14.44244456036595,5.569730287779009,0.842867922702345,0.004086142555968521
20.832856467628613,-78.26930838038213,-14.657698362015267,5.490428719719036,0.8636682315532727,0.0040328495768021735
20.8863451719447,-78.32421033342858,-14.871381610781128,5.411570241270512,0.8840988541277259,0.003980264295273595
20.93830114892683,-78.37863228224816,-15.083501526282852,5.333155077358734,0.9041643222958742,0.003928377890097362
20.988738149064467,-78.43258000474613,-15.294065462995786,5.255183349432148,0.923869124441906,0.003877181617889488
21.03766992292464,-78.48605918223039,-15.503080902596764,5.1776550794122,0.9432177055980181,0.0038266668140497324
21.085110218241134,-78.53907540179844,-15.710555446598917,5.100570193505662,0.96221446758988,0.003776824893546162
21.131072777068663,-78.5916341586402,-15.916496809266178,5.023928525884269,0.9808637691926148,0.0037276473516070063
21.17557133300451,-78.64374085826071,-16.120912810796565,4.9477298222366315,0.9991699262969986,0.003679125764324843
21.218619608476153,-78.69540081862608,-16.323811370764993,4.8719737431968735,1.0171372120853137,0.003631251789177964
21.260231312094188,-78.74661927223542,-16.52520050181581,4.796659867654492,1.0347698572161916,0.003584017165472646
21.300420136070763,-78.79740136812157,-16.725088303595882,4.721787695949784,1.0520720500181333,0.003537413714711358
21.33919975370302,-78.84775217378541,-16.923482956920573,4.647356652958647,1.069047936691152,0.0034914333408901004
21.376583816920544,-78.89767667706325,-17.12039271816184,4.573366091071255,1.0857016215160762,0.0034460680307288943
21.412585953896404,-78.9471797879338,-17.31582591385347,4.499815293067729,1.1020371670710798,0.0034013098538401084
21.44721976672174,-78.99626634026335,-17.509790935502327,4.426703474895113,1.1180585944550705,0.003357150962836079
21.480498829142473,-79.04494109349532,-17.702296234601064,4.354029788348663,1.1337698835174799,0.003313583593381356
21.512436684357844,-79.09320873428375,-17.89335031783282,4.281793323661207,1.1491749730940766,0.0032706000641912186
21.543046842880553,-79.14107387807438,-18.082961742462107,4.209993112003629,1.1642777612484871,0.0032281927769804396
21.572342780456072,-79.18854107063503,-18.271139111904734,4.138628127899734,1.179082105518893,0.0031863542163650645
21.600337936043243,-79.23561478953766,-18.45789107147062,4.06769729155842,1.1935918231698965,0.0031450769497189464
21.627045709852183,-79.28229944559321,-18.643226304272535,3.9971994711261987,1.207810691448817,0.003104353626989282
21.652479461441505,-79.32859938424228,-18.82715352729565,3.9271334848627752,1.2217424478464627,0.0030641769804719077
21.676652507872173,-79.37451888690293,-19.009681487621318,3.857498103242473,1.2353907903618364,0.0030245398245502425
21.699578121917757,-79.42006217227646,-19.190818958800214,3.7882920509839293,1.248759377770599,0.0029854350553991877
21.721269530330957,-79.46523339761481,-19.370574737368774,3.719514009010857,1.2618518298970007,0.002946855650656253
21.741739912164217,-79.51003665994917,-19.548957639504255,3.651162616346008,1.2746717278889654,0.0029087946690624384
21.76100239714475,-79.55447599728217,-19.725976497813036,3.583236471940822,1.2872226144961434,0.0028712452500738207
21.779070064102616,-79.59855538974544,-19.9016401582478,3.515734136443001,1.2995079943506258,0.0028342006134475226
21.795955939450778,-79.64227876072297,-20.07595747714829,3.4486541339040664,1.3115313342501296,0.0027976540588011867
21.81167299571682,-79.68564997794249,-20.24893731840197,3.3819949534290505,1.3232960634433897,0.002761598965150679
21.826234150125273,-79.72867285453617,-20.420588550719835,3.3157550507703375,1.3348055739176221,0.0027260287904245385
21.839652263229084,-79.77135115007054,-20.590920045023104,3.2499328498675237,1.346063220687717,0.002690937070959151
21.851940137590077,-79.81368857154796,-20.75994067193694,3.1845267443351712,1.3570723220870768,0.0026563174209751784
21.86311051650781,-79.85568877438132,-20.92765929938757,3.1195350989003874,1.3678361600599391,0.0026221635320361303
21.873176082794405,-79.89735536334116,-21.09408479029888,3.0549562507916335,1.3783579804548196,0.0025884691724908926
21.88214945759654,-79.93869189347726,-21.259226000384448,2.9907885110808055,1.388640993319142,0.002555228186901991
21.890043199261925,-79.97970187101647,-21.423091776032784,2.927030165979872,1.3986883731946962,0.002522434495459206
21.89686980225092,-80.02038875423665,-21.58569095228124,2.8636794780938173,1.4085032594139109,0.002490082093381669
21.902641696090605,-80.06075595431695,-21.74703235087587,2.8007346876312678,1.4180887563966253,0.002458165050308087
21.90737124437284,-80.1008068361671,-21.907124778414143,2.738194013574324,1.427447933947429,0.002426677509676006
21.91107074379302,-80.1405447192356,-22.06597702456765,2.6760556548088896,1.4365838275532212,0.0023956136880924155
21.913752423230402,-80.17997287829687,-22.22359786038157,2.614317791216892,1.445499438680998,0.0023649678746954215
21.915428442868482,-80.2190945442194,-22.379996036648713,2.552978584731596,1.4541977350757085,0.0023347344305080352
21.916110893354478,-80.25791290471449,-22.5351802823544,2.492036180357501,1.4626816510580165,0.0023049077877852955
21.915811794997644,-80.29643110506733,-22.689159303191133,2.431488707155605,1.4709540878219172,0.0022754824493550364
21.914543097004525,-80.33465224885016,-22.84194178013948,2.371334279195483,1.4790179137320165,0.0022464529879539976
21.912316676751868,-80.37257939861867,-22.99353636811283,2.3115709964752975,1.4868759646204972,0.002217814045558225
21.909144339094944,-80.41021557659164,-23.143951694664068,2.2521969458106623,1.4945310440835102,0.0021895603327099587
21.905037815711616,-80.44756376531521,-23.293196358751917,2.1932102016935033,1.5019859237770792,0.002161686627841745
21.900008764480216,-80.4846269083119,-23.441278929564916,2.134608827121748,1.5092433437122448,0.0021341877765965736
21.89406876889178,-80.5214079107142,-23.58820794539991,2.0763908744011914,1.516306012549507,0.0021070586911467034
21.887229337494745,-80.55790963988541,-23.733991912595236,2.018554385919889,1.5231766078924105,0.002080294349510637
21.879501903371427,-80.59413492602425,-23.878639304513825,1.9610973948965755,1.5298577765801715,0.0020538897948688202
21.870897823647212,-80.63008656275979,-24.022158560577605,1.90401792610343,1.5363521349794333,0.0020278401348782595
21.861428379028954,-80.66576730772914,-24.164558085347878,1.8473139965645187,1.5426622692748453,0.002002140540987819
21.85110477337392,-80.70117988314685,-24.305846247653434,1.7909836162302657,1.5487907357585489,0.0019767862477528234
21.839938133288207,-80.73632697635921,-24.44603137976191,1.7350247886290724,1.5547400611185296,0.0019517725521506794
21.827939507753037,-80.77121124038806,-24.58512177659427,1.6794355114967,1.5605127427256398,0.0019270948128971817
21.815119867779565,-80.8058352944644,-24.72312569498142,1.624213777383953,1.5661112489194091,0.0019027484497645421
21.80149010608997,-80.84020172454844,-24.860051352958983,1.5693575742438393,1.5715380192924038,0.0018787289429006023
21.787061036825875,-80.8743130838415,-24.995906929101565,1.514864885998417,1.5767954649732694,0.0018550318321504085
21.77184339528183,-80.90817189328631,-25.130700561893846,1.4607336930860706,1.5818859689082712,0.0018316527163795178
21.755847837664657,-80.94178064205774,-25.264440349136784,1.4069619729901603,1.5868118861413723,0.0018085872528004654
21.73908494087623,-80.97514178804389,-25.397134347388704,1.3535477007491554,1.5915755440927208,0.0017858311563017162
21.72156520232104,-81.00825775831757,-25.52879057143894,1.3004888494493079,1.5961792428356014,0.0017633801987793137
21.703299039736905,-81.04113094959844,-25.659416993813362,1.2477833907001399,1.600625255371794,0.001741230208472442
21.684296791047444,-81.07376372870775,-25.789021544311545,1.1954292950932537,1.6049158279052202,0.0017193770693023078
21.664568714237774,-81.10615843301183,-25.91761210957178,1.1434245326453514,1.6090531801139714,0.001697816720214187
21.644124987250656,-81.1383173708596,-26.045196532665948,1.0917670732255988,1.6130395054205735,0.0016765451545240919
21.622975707903986,-81.1702428220116,-26.171782612721813,1.040454886967856,1.6168769712605597,0.0016555584192687405
21.60113089382833,-81.20193703805933,-26.297378104570715,0.98948594466858,1.6205677193492336,0.0016348526145604214
21.578600482424356,-81.23340224283876,-26.421990718421522,0.9388582181705356,1.6241138659466703,0.0016144238929457551
21.555394330839494,-81.26464063283623,-26.545628119559346,0.888569680732747,1.6275175021209303,0.0015942684587689157
21.53152221596285,-81.2956543775859,-26.668297928067,0.8386183073874678,1.6307806940093665,0.001574382567540131
21.506993834438468,-81.3264456200612,-26.79000771857001,0.7890020752841291,1.6339054830781359,0.0015547625253078806
21.48181880269614,-81.35701647705865,-26.91076502000311,0.7397189640209927,1.6368938863798213,0.0015354046880366667
21.456006656999655,-81.38736903957545,-27.03057731539776,0.6907669559648664,1.6397478968092074,0.0015163054609898833
21.42956685351071,-81.41750537317989,-27.149452041690132,0.6421440365590323,1.6424694833570592,0.001497461298116819
21.402508768369902,-81.4474275183764,-27.26739658954898,0.593848194619957,1.6450605913621081,0.0014788687014460208
21.37484169779266,-81.47713749096326,-27.38441830322153,0.5458774226231693,1.6475231427610135,0.0014605242204824447
21.34657485818065,-81.50663728238416,-27.500524480397804,0.49822971697849283,1.6498590363364363,0.0014424244516113892
21.317717386247544,-81.53592886007611,-27.615722372093447,0.450903078294866,1.6520701479631443,0.0014245660375065523
21.288278339159504,-81.5650141678071,-27.730019182546762,0.4038955116356524,1.6541583308522019,0.0014069456665440118
21.258266694689034,-81.59389512601261,-27.84342206913459,0.35720502676385557,1.6561254157931586,0.0013895600722214957
21.227691351382205,-81.62257363212443,-27.955938142302323,0.3108296383782623,1.6579732113942671,0.0013724060325833443
21.196561128739145,-81.65105156089311,-28.067574465508393,0.2647673663405934,1.6597035043207742,0.0013554803696505758
21.164884767406573,-81.67933076470756,-28.17833805518458,0.2190162358936627,1.6613180595311892,0.0013387799488569887
21.13267092938284,-81.70741307390774,-28.288235880708697,0.17357427787127833,1.6628186205115778,0.0013223016784903972
21.099928198234615,-81.73530029709266,-28.397274864391356,0.1284395288997766,1.6642069095079344,0.00130604250913957
21.06666507932439,-81.7629942214232,-28.50546188147488,0.08361003159167169,1.6654846277564477,0.0012899994331470046
21.032890000049864,-81.7904966129211,-28.612803760145233,0.03908383473144195,1.6666534557119395,0.0012741694840672291
20.998611310092986,-81.8178092167618,-28.719307281554826,-0.00514100654600913,1.6677150532741767,0.0012585497361304683
20.963837281679805,-81.8449337575636,-28.82497917985731,-0.049066430584317366,1.668671060012302,0.0012431373037121271
20.928576109849924,-81.87187193967176,-28.929826142252566,-0.09269436904147987,1.6695230953872384,0.0012279293408081612
20.892835912735425,-81.89862544743856,-29.033854809042868,-0.1360267467327354,1.6702727589721118,0.0012129230405155465
20.856624731848974,-81.92519594549859,-29.137071773698374,-0.17906548147985735,1.6709216306707104,0.0011981156345191488
20.819950532381004,-81.95158507903999,-29.239483582932507,-0.22181248396698372,1.6714712709339923,0.001183504392583072
20.782821203505065,-81.9777944740715,-29.34109673678657,-0.26426965760261467,1.6719232209746013,0.0011690866220489477
20.74524455869162,-82.00382573768483,-29.441917688722643,-0.3064388983876052,1.6722790029794143,0.0011548596673386737
20.707228336029402,-82.0296804583141,-29.541952845725987,-0.3483220947891619,1.6725401203201538,0.001140820909463425
20.668780198554778,-82.0553602059903,-29.641208568414427,-0.3899211276202861,1.6727080577620348,0.0011269677655380362
20.62990773458803,-82.08086653259235,-29.73969117115622,-0.4312378699248862,1.6727842816704825,0.0011132976883008057
20.5906184580767,-82.10620097209437,-29.83740692219513,-0.47227418686817746,1.6727702402158835,0.0010998081656392559
20.55091980894607,-82.13136504080897,-29.934362043782514,-0.5130319356321662,1.6726673635764622,0.0010864967201203563
20.510819153455095,-82.15636023762686,-30.030562712316254,-0.5535129653162434,1.6724770641391506,0.0010733609085276272
20.470323784559806,-82.18118804425293,-30.126015058486264,-0.593719116842566,1.6722007366986338,0.001060398321402506
20.429440922281337,-82.20584992543918,-30.22072516742636,-0.6336522228662274,1.6718397586544218,0.0010476065825916348
20.388177714080623,-82.23034732921339,-30.314699078871683,-0.673314107689893,1.6713954902060681,0.001034983348799714
20.34654123523766,-82.25468168710519,-30.40794278732228,-0.7127065871829403,1.6708692745464462,0.0010225263091470601
20.304538489236513,-82.27885441436788,-30.500462242211576,-0.7518314687048324,1.670262438053212,0.0010102331847332464
20.262176408155185,-82.302866910198,-30.592263348080586,-0.7906905510327196,1.66957629047838,0.0009981017282050203
20.219461853059617,-82.3267205579506,-30.683351964756596,-0.8292856242929965,1.6688121251359789,0.000986129723330961
20.176401614402778,-82.35041672535226,-30.773733907536787,-0.8676184698968212,1.6679712190879412,0.0009743149845792961
20.13300241242779,-82.37395676471027,-30.863414947376327,-0.9056908604794325,1.6670548333281254,0.0009626553567030805
20.089270897575012,-82.39734201311897,-30.95240081108055,-0.943504559843074,1.6660642129645036,0.0009511487143285104
20.045213650892613,-82.42057379266322,-31.040697181501375,-0.9810613229035816,1.665000587399496,0.0009397929615498827
20.00083718445153,-82.44365341061884,-31.128309697737524,-1.01836289564032,1.663865170508589,0.0009285860315285361
19.956147941762982,-82.4665821596499,-31.215243955338444,-1.0554110150495912,1.6626591608170718,0.0009175258860974659
19.91115229819988,-82.48936131800329,-31.301505506511347,-1.0922074091011007,1.6613837416750499,0.0009066105153702162
19.865856561420753,-82.51199214970069,-31.387099860332178,-1.1287537966978016,1.6600400814306555,0.0008958379373552416
19.82026697179693,-82.53447590472682,-31.47203248295887,-1.1650518876385711,1.6586293336015174,0.0008852061975752203
19.774389702841802,-82.55681381921656,-31.556308797848374,-1.201103382583974,1.6571526370444511,0.0008747133686904392
19.728230861643432,-82.57900711563774,-31.639934185975807,-1.2369099730248618,1.6556111161234757,0.000864357550127747
19.681796489298414,-82.60105700297237,-31.72291398605667,-1.2724733412537184,1.6540058808760272,0.0008541368677139716
19.6350925613488,-82.6229646768948,-31.805253494771225,-1.3077951603387294,1.652338027177532,0.000844049473313642
19.58812498822051,-82.64473131994724,-31.886957966991204,-1.3428770941003894,1.650608636904254,0.0008340935444720736
19.540899615663648,-82.66635810171302,-31.968032616008948,-1.3777207970907392,1.648818778094438,0.0008242672840624881
19.493422225194674,-82.68784617898721,-32.048482613768215,-1.4123279145749343,1.6469695051078264,0.000814568919937713
19.44569853453989,-82.70919669594466,-32.12831309109707,-1.4467000825152283,1.645061858783468,0.0008049967045866713
19.397734198080265,-82.73041078430612,-32.20752913794277,-1.4808389275573175,1.6430968665959027,0.0007955489147953277
19.34953480729765,-82.75148956350105,-32.28613580360771,-1.5147460670187618,1.641075542809708,0.0007862238513116034
19.301105891222434,-82.77243414082935,-32.36413809698758,-1.5484231088796756,1.6389988886324565,0.0007770198385152757
19.252452916881147,-82.7932456116195,-32.441540986810296,-1.5818716517754554,1.6368678923659825,0.000767935224091603
19.203581289746097,-82.81392505938562,-32.518349401876876,-1.6150932849915351,1.6346835295561444,0.0007589683787096337
19.15449635418484,-82.8344735559813,-32.594568231302915,-1.648089588460071,1.632446763140939,0.0007501176957045656
19.105203393910877,-82.85489216175166,-32.67020232476136,-1.68086213275852,1.6301585435971075,0.0007413815907642289
19.055707632433993,-82.87518192568346,-32.74525649272662,-1.7134124791101066,1.6278198090850724,0.0007327585016201506
19.006014233512353,-82.89534388555259,-32.8197355067188,-1.7457421793859131,1.625431485592521,0.0007242468877419376
18.956128301603194,-82.91537906806995,-32.893644099549626,-1.777852776108881,1.6229944870762445,0.0007158452300363951
18.90605488231479,-82.93528848902481,-32.96698696556839,-1.8097458024593016,1.6205097156026054,0.0007075520305501932
18.855798962858085,-82.95507315342655,-33.039768760908785,-1.8414227822819496,1.6179780614864405,0.0006993658121767945
18.80536547249837,-82.97473405564388,-33.11199410373632,-1.8728852300948393,1.6154004034285088,0.0006912851183669588
18.754759283006447,-82.99427217954268,-33.183667574496155,-1.904134651099398,1.6127776086514052,0.0006833085128438199
18.703985209110012,-83.01368849862146,-33.2547937161612,-1.935172541192098,1.6101105330340575,0.0006754345793205306
18.653048008944573,-83.03298397614492,-33.325377034480546,-1.966000386977493,1.607400021244782,0.0006676619212230213
18.601952384503566,-83.0521595652758,-33.39542199822831,-1.9966196657826325,1.6046469068728415,0.0006599891614155385
18.550702982088445,-83.07121620920515,-33.4649330394526,-2.027031845672762,1.6018520125586249,0.0006524149419303651
18.49930439275743,-83.09015484127978,-33.53391455372429,-2.057238385468297,1.5990161501223668,0.0006449379237011245
18.447761152774806,-83.10897638512891,-33.6023709003861,-2.087240734762956,1.5961401206915686,0.0006375567862993457
18.39607774405779,-83.1276817547883,-33.67030640280144,-2.117040333943127,1.5932247148268643,0.000630270227674962
18.344258594624325,-83.14627185482384,-33.7377253486038,-2.1466386142084426,1.5902707126467142,0.0006230769639001954
18.292308079038214,-83.16474758045133,-33.80463198994473,-2.1760369975932154,1.587278883950535,0.0006159757289167499
18.24023051885457,-83.18310981765673,-33.87103054374298,-2.2052368969892178,1.5842499883406271,0.0006089652742869937
18.18803018306376,-83.20135944331315,-33.93692519193235,-2.2342397161692373,1.58118477534272,0.0006020443689474315
18.135711288533802,-83.21949732529703,-34.00232008170986,-2.2630468498117766,1.57808398452515,0.000595211798966767
18.08327800045233,-83.23752432260275,-34.06721932578344,-2.2916596835266567,1.5749483456168112,0.0005884663673065044
18.030734432766565,-83.25544128545492,-34.13162700261895,-2.320079593881474,1.571778578623705,0.0005818068935849349
17.97808464862244,-83.27324905541941,-34.19554715668672,-2.348307948428956,1.568575393944301,0.0005752322138446655
17.92533266080216,-83.29094846551335,-34.258983798708265,-2.37634610573527,1.5653394924835613,0.0005687411803227834
17.872482432160393,-83.30854034031304,-34.32194090590177,-2.404195415409028,1.562071565765729,0.0005623326612245338
17.819537876058963,-83.32602549605977,-34.384422422226805,-2.4318572181310136,1.5587722960458592,0.0005560055405000647
17.766502856799924,-83.34340474076598,-34.44643225862948,-2.4593328456848944,1.5554423564201194,0.0005497587176239565
17.713381190056815,-83.36067887431794,-34.507974293285955,-2.4866236209884494,1.5520824109348192,0.0005435911073785223
17.660176643304997,-83.37784868857811,-34.56905237184554,-2.513730858125553,1.5486931146943204,0.000537501639639023
17.606892936249658,-83.39491496748576,-34.6296703076732,-2.540655862378855,1.545275113967672,0.000531489259162635
17.553533741251915,-83.41187848715623,-34.6898318820913,-2.567399930263082,1.5418290462940387,0.0005255529253798969
17.500102683754175,-83.42874001597875,-34.749540844620206,-2.593964349558908,1.5383555405870522,0.0005196916121894407
17.44660334270229,-83.44550031471294,-34.80880091321874,-2.6203503993475348,1.5348552172378687,0.0005139043077551824
17.39303925096708,-83.46216013658395,-34.867615774522875,-2.646559350045647,1.531328688217188,0.0005081900143063098
17.339413895762956,-83.47872022737621,-34.925989084084506,-2.6725924634411244,1.5277765571760245,0.00050254774794021
17.28573071906559,-83.49518132552595,-34.98392446660858,-2.698450992729089,1.524199419545459,0.0004969765384281391
17.231993118026466,-83.5115441622124,-35.04142551618973,-2.7241361825485795,1.5205978626351457,0.0004914754290235947
17.17820444538685,-83.52780946144784,-35.098495796547766,-2.7496492690195846,1.5169724657308503,0.00048604347627284063
17.124368009888247,-83.5439779401659,-35.155138841262065,-2.774991479780595,1.513323800190757,0.00048067974982901384
17.070487076681736,-83.56005030830931,-35.211358154005296,-2.800164034026567,1.509652429540767,0.00047538333226787295
17.01656486773512,-83.57602726891615,-35.26715720877594,-2.825168142547321,1.505958909568731,0.00047015331890661895
16.962604562237676,-83.59190951820474,-35.3225394501297,-2.850005007766263,1.5022437884175686,0.0004649888176249536
16.90860929700255,-83.60769774565718,-35.377508293409875,-2.874675823779545,1.498507606677343,0.0004598889486891829
16.85458216686787,-83.62339263410269,-35.43206712497691,-2.8991817763955536,1.4947508974763564,0.0004548528445778189
16.800526225094696,-83.6389948597985,-35.48621930243646,-2.9235240431747047,1.4909741865711328,0.0004498796498103961
16.74644448376314,-83.65450509251066,-35.53996815486664,-2.9477037934695973,1.4871779924354178,0.0004449685207786008
16.69233991416644,-83.6699239955929,-35.59331698304381,-2.971722188465392,1.4833628263481784,0.000440118625579114
16.63821544720248,-83.68525222606503,-35.64626905966766,-2.995580381220559,1.4795291924805953,0.0004353291438496982
16.584073973763026,-83.70049043469001,-35.698827629584905,-3.0192795167078903,1.4756775879820454,0.0004305992666067279
16.529918345120823,-83.71563926605006,-35.7509959100118,-3.0428207318556604,1.4718085030651324,0.00042592819608564615
16.47575137331432,-83.73069935862115,-35.80277709075528,-3.0662051555890795,1.4679224210897488,0.0004213151455831708
16.42157583152991,-83.7456713448477,-35.854174334433544,-3.089433908872064,1.4640198186461537,0.00041675933930216595
16.367394454482238,-83.7605558512147,-35.90519077669465,-3.1125081047489944,1.460101165637146,0.00041226001219792823
16.313209938791505,-83.77535349832009,-35.95582952643444,-3.1354288483868817,1.4561669253592564,0.00040781640982757696
16.25902494335884,-83.79006490094517,-36.0060936660128,-3.1581972371175486,1.4522175545830203,0.0004034277882008784
16.204842089739365,-83.80469066812515,-36.055986251469314,-3.1808143604800843,1.4482535036323796,0.0003990934136332275
16.15066396251254,-83.81923140321744,-36.10551031273697,-3.203281300263397,1.4442752164631099,0.0003948125626011736
16.09649310965011,-83.83368770397038,-36.15466885385529,-3.225599130548932,1.4402831307403847,0.00039058452159945034
16.042332042882016,-83.84806016258949,-36.203464853181494,-3.247768917753463,1.4362776779154574,0.0003864085869997828
15.988183238059285,-83.86234936580398,-36.25190126360087,-3.269791720672033,1.4322592833014223,0.00038228406491278276
15.934049135514986,-83.87655589493218,-36.29998101273593,-3.2916685905210397,1.4282283661481592,0.00037821027105058456
15.879932140422722,-83.89068032594565,-36.34770700315403,-3.31340057098135,1.4241853397164106,0.00037418653059195534
15.825834623152154,-83.9047232295325,-36.39508211257372,-3.3349886982415016,1.4201306113509513,0.00037021217804915796
15.771758919622531,-83.91868517115991,-36.442109194069815,-3.356434001040972,1.4160645825529639,0.00036628655713693057
15.71770733165378,-83.9325667111362,-36.48879107627757,-3.3777375007135877,1.411987649051599,0.0003624090206430433
15.66368212731503,-83.94636840467162,-36.535130563595004,-3.398900211230874,1.4079002008746822,0.0003585789303007758
15.609685541270078,-83.96009080193804,-36.58113043638424,-3.4199231392455145,1.4038026224185491,0.000354795656662994
15.555719775121702,-83.97373444812827,-36.626793451171295,-3.4408072841347748,1.3996952925172317,0.00035105857897844246
15.501786997752221,-83.98729988351486,-36.67212234084504,-3.4615536380440606,1.3955785845106772,0.0003473670850694373
15.447889345662151,-84.0007876435069,-36.717119814854115,-3.48216318593032,1.3914528663122747,0.0003437205712111829
15.394028923306244,-84.01419825870784,-36.761788559403634,-3.5026369056057103,1.3873185004755717,0.00034011844201292906
15.340207803427319,-84.02753225497051,-36.8061312376491,-3.5229757677809195,1.383175844260239,0.0003365601103012207
15.286428027387224,-84.04079015345297,-36.85015048989048,-3.543180736108792,1.3790252496972535,0.00033304499700382125
15.232691605495486,-84.05397247067299,-36.893848933764026,-3.563252767227767,1.374867063653321,0.0003295725310363377
15.17900051733555,-84.06707971856173,-36.93722916443316,-3.583192810805296,1.3707016278945763,0.000326142149189588
15.12535671208848,-84.08011240451683,-36.98029375477798,-3.6030018095813108,1.3665292791495336,0.0003227532960189297
15.0717621088541,-84.0930710314544,-37.02304525558328,-3.6226806994115464,1.3623503491712978,0.0003194054237355039
15.018218596969723,-84.10595609786117,-37.06548619572557,-3.6422304093108933,1.3581651647990536,0.0003160979920983891
14.964728036326637,-84.11876809784496,-37.107619082358575,-3.6616518614966527,1.3539740480188742,0.00031283046830821274
14.911292257683531,-84.13150752118513,-37.14944640109757,-3.6809459714317736,1.349777316023764,0.00030960232690326473
14.857913062978264,-84.14417485338205,-37.19097061620224,-3.7001136478679895,1.3455752812730732,0.00030641304965567807
14.804592225636448,-84.15677057570578,-37.23219417075823,-3.7191557928888415,1.3413682515511502,0.0003032621254701606
14.75133149087783,-84.16929516524463,-37.273119486857695,-3.7380733019527534,1.3371565300253514,0.00030014905028399896
14.698132576020837,-84.18174909495264,-37.31374896577828,-3.7568670639358954,1.3329404153034252,0.00029707332696744625
14.644997170783254,-84.19413283369607,-37.3540849881607,-3.7755379611749906,1.328720201490079,0.0002940344652273814
14.591926937582045,-84.2064468463002,-37.39412991418528,-3.794086869510046,1.3244961782430549,0.00029103198151043404
14.538923511829715,-84.21869159359449,-37.433886083747,-3.812514658326986,1.3202686308284524,0.00028806539890853983
14.485988502228565,-84.23086753245835,-37.47335581662971,-3.8308221906001956,1.3160378401754167,0.0002851342470659903
14.433123491062632,-84.24297511586467,-37.51254141267816,-3.849010322934869,1.3118040829302304,0.00028223806208667557
14.380330034486906,-84.25501479292434,-37.551445151969666,-3.867079905609347,1.307567631509703,0.00027937638644412845
14.327609662814625,-84.26698700892916,-37.59006929498394,-3.885031782617281,1.3033287541540242,0.00027654876889161183
14.27496388080165,-84.27889220539475,-37.628416082771984,-3.902866791709707,1.299087714978915,0.000273754764374057
14.222394167928876,-84.29073082010252,-37.66648773712342,-3.9205857644369555,1.2948447740272342,0.00027099393394108454
14.169901978682038,-84.30250328714095,-37.704286460732455,-3.9381895261903948,1.2906001873199318,0.000268265844661323
14.117488742829186,-84.31421003694695,-37.74181443736326,-3.9556788962441978,1.286354206906445,0.00026557006953824107
14.065155865695779,-84.3258514963462,-37.779073832013296,-3.9730546877967754,1.2821070809144672,0.00026290618742628985
14.012904728437563,-84.3374280885929,-37.816066791075784,-3.990317708012198,1.2778590535991625,0.00026027378294913266
13.960736688310973,-84.34894023340948,-37.852795442501105,-4.007468758061448,1.2736103653918,0.0002576724464187041
13.908653078941295,-84.36038834702502,-37.889261895956224,-4.024508633163434,1.2693612529478009,0.0002551017737551485
13.85665521058832,-84.37177284221374,-37.9254682429838,-4.041438122626002,1.2651119491942275,0.0002525613664085412
13.804744370409841,-84.38309412833298,-37.96141655715948,-4.0582580098867025,1.260862683376713,0.0002500508312810625
13.752921822723035,-84.39435261136006,-37.997108894247795,-4.074969072553321,1.2566136811058684,0.00024756978065036445
13.701188809263181,-84.40554869392984,-38.032547292357705,-4.091572082444476,1.2523651644031013,0.00024511783209440785
13.649546549440142,-84.41668277537033,-38.06773377209592,-4.108067805629835,1.2481173517459048,0.00024269460841740695
13.597996240593005,-84.42775525173887,-38.10267033671955,-4.124457002470253,1.2438704581126507,0.00024029973757597924
13.546539058241894,-84.43876651585775,-38.137358972287615,-4.140740427657778,1.239624695026802,0.00023793285260732084
13.495176156338056,-84.44971695734843,-38.17180164781075,-4.156918830255362,1.2353802706006523,0.00023559359155764413
13.44390866751129,-84.46060696266667,-38.20600031540055,-4.172992953736556,1.2311373895785207,0.00023328159741252248
13.392737751348614,-84.47143691235834,-38.239956923302735,-4.188963545261727,1.2268962690488676,0.0002309965159204149
13.341664394685123,-84.48220719271228,-38.273673362438494,-4.204831317270354,1.222657073248018,0.00022873799750373206
13.290689724405283,-84.49291817753894,-38.307151550290115,-4.220597007615275,1.2184200155987752,0.0002265057047555883
13.23981479019904,-84.50357024097296,-38.34039337281543,-4.236261337788154,1.2141852877668935,0.00022429929964243919
13.189040621639181,-84.51416375414813,-38.373400699799525,-4.251825023886559,1.2099530782584862,0.00022211844874215651
13.138368228425247,-84.5246990852294,-38.406175384999685,-4.2672887766543885,1.2057235724633597,0.00021996282317979875
13.087798600614773,-84.5351765994436,-38.4387192662853,-4.282653301519977,1.2014969526944475,0.000217832098562928
13.037332708852684,-84.5455966591114,-38.471034165777716,-4.297919298634163,1.1972733982268446,0.00021572595491838568
12.98697150459898,-84.55595962367731,-38.50312188998823,-4.313087462908101,1.1930530853364258,0.00021364407662953676
12.936715920353466,-84.56626584974018,-38.53498422995514,-4.3281584840508955,1.1888361873379336,0.00021158615237491148
12.886566869879251,-84.57651569108332,-38.56662296138007,-4.343133046607143,1.184622874622726,0.00020955187506768808
12.836525248423932,-84.58670949870347,-38.598039844762425,-4.358011829994161,1.1804133146960567,0.00020754094179577926
12.786591932938743,-84.59684762084053,-38.62923662553364,-4.372795508539145,1.1762076722139334,0.0002055530537631249
12.736767782295598,-84.60693040300544,-38.66021503418942,-4.387484751516083,1.172006109019544,0.00020358791623172604
12.6870536375027,-84.61695818800948,-38.69097678642177,-4.402080223182499,1.1678087841793137,0.00020164523846461372
12.63745032191705,-84.62693131599148,-38.7215235832492,-4.416582582815999,1.1636158540184443,0.00019972473366961695
12.587958641455916,-84.63685012444586,-38.75185711114628,-4.430992484750626,1.1594274721561297,0.00019782611894418484
12.538579384806066,-84.64671494824972,-38.781979042172075,-4.445310578413055,1.1552437895403433,0.00019594911522044945
12.48931332363101,-84.65652611969,-38.81189103409746,-4.459537508358561,1.1510649544822165,0.0001940934472115292
12.44016121277615,-84.66628396848971,-38.84159473053117,-4.473673914306777,1.1468911126900012,0.00019225884335877052
12.391123790472015,-84.67598882183417,-38.871091761045015,-4.487720431177249,1.1427224073026316,0.00019044503577920674
12.34220177853575,-84.68564100439711,-38.90038374129817,-4.501677689124904,1.1385589789229287,0.00018865176021414795
12.293395882570584,-84.69524083836636,-38.929472273160215,-4.515546313575177,1.1344009656503913,0.0001868787559787758
12.244706792163274,-84.70478864346839,-38.958358944832916,-4.52932692525898,1.1302485031135996,0.000185125765911735
12.196135181079883,-84.71428473699405,-38.987045330971625,-4.54302014024755,1.126101724502251,0.00018339253632598362
12.147681707459267,-84.72372943382265,-39.01553299280503,-4.556626569986983,1.1219607605987856,0.00018167881696039208
12.099347014005133,-84.73312304644641,-39.04382347825409,-4.570146821332626,1.1178257398096871,0.0001799843609317128
12.051131728176088,-84.74246588499456,-39.0719183220503,-4.583581496583308,1.1136967881963908,0.00017830892468744645
12.003036462373403,-84.75175825725664,-39.09981904585221,-4.596931193515234,1.1095740295057794,0.000176652267959258
11.955061814127783,-84.76100046870624,-39.127527158361694,-4.6101965054158365,1.1054575852004256,0.00017501415371737433
11.907208366283516,-84.77019282252395,-39.155044155438844,-4.623378021117333,1.1013475744883623,0.000173394348125008
11.859476687181367,-84.77933561962003,-39.18237152021575,-4.636476325030038,1.0972441143525835,0.00017179262049427937
11.811867330839178,-84.78842915865722,-39.20951072320994,-4.649491997175637,1.0931473195801413,0.0001702087432420253
11.76438083713103,-84.79747373607266,-39.236463222435944,-4.662425613220078,1.0890573027909092,0.00016864249184645562
11.717017731964619,-84.80646964609979,-39.263230463516486,-4.675277744506311,1.0849741744660346,0.00016709364480472168
11.66977852745654,-84.81541718079042,-39.28981387979278,-4.688048958086915,1.0808980429760005,0.0001655619835909517
11.62266372210652,-84.82431663003585,-39.31621489243351,-4.700739816756403,1.0768290146084254,0.0001640472926143548
11.575673800968717,-84.83316828158776,-39.34243491054289,-4.713350879083359,1.0727671935954144,0.00016254935917870173
11.528809235822667,-84.84197242107996,-39.36847533126852,-4.725882699442478,1.068712682140722,0.00016106797344211956
11.482070485341602,-84.85072933204779,-39.39433753990682,-4.738335828046142,1.064665580446498,0.0001596029283770201
11.435457995259293,-84.85943929594949,-39.42002291000925,-4.75071081097611,1.0606259867397285,0.00015815401973123604
11.38897219853535,-84.8681025921856,-39.44553280348626,-4.763008190214758,1.056593997298394,0.00015672104598943778
11.342613515518625,-84.87671949811946,-39.47086857071126,-4.7752285036762805,1.052569706477269,0.00015530380833492105
11.29638235410926,-84.88529028909647,-39.496031550623144,-4.787372285237578,1.0485532067334633,0.00015390211061231358
11.25027910991878,-84.8938152384637,-39.5210230708281,-4.799440064769008,1.0445445886516136,0.0001525157592905071
11.204304166428745,-84.90229461758837,-39.545844447700226,-4.81143236816485,1.0405439409687975,0.0001511445634260013
11.158457895147412,-84.91072869587742,-39.57049698648184,-4.823349717373691,1.036551350599105,0.00014978833462729927
11.112740655765677,-84.91911774079627,-39.59498198138267,-4.835192630428543,1.0325669026580258,0.0001484468870193376
11.067152796310173,-84.92746201788665,-39.6193007156778,-4.846961621476737,1.0285906804863854,0.00014712003720878481
11.021694653295782,-84.93576179078556,-39.64345446180538,-4.858657200809672,1.0246227656741205,0.0001458076042491697
10.976366551876243,-84.94401732124254,-39.66744448146284,-4.87027987489229,1.0206632380837277,0.0001445094096072412
10.93116880599303,-84.95222886913804,-39.691272025702865,-4.881830146392463,1.0167121758734052,0.0001432252771295129
10.886101718523138,-84.96039669250057,-39.71493833502794,-4.893308514210043,1.0127696555199717,0.00014195503300928007
10.841165581424802,-84.96852104752429,-39.73844463948452,-4.904715473505819,1.0088357518414472,0.00014069850575404978
10.796360675881822,-84.97660218858627,-39.76179215875632,-4.916051515730281,1.0049105380193861,0.00013945552615350388
10.751687272446668,-84.98464036826357,-39.7849821022566,-4.927317128652122,1.0009940856209538,0.00013822592724792448
10.707145631182076,-84.99263583734911,-39.80801566921931,-4.938512796386528,0.997086464620753,0.00013700954429688182
10.662736001800624,-85.00058884486909,-39.83089404879019,-4.94963899942335,0.9931877434223187,0.0001358062147487768
10.618458623803653,-85.00849963809915,-39.85361842011668,-4.960696214655061,0.989297988879438,0.00013461577821030456
10.574313726618042,-85.01636846258025,-39.87618995243669,-4.971684915404448,0.9854172663171545,0.00013343807641690256
10.530301529731618,-85.02419556213506,-39.89860980516742,-4.982605571452266,0.9815456395525137,0.00013227295320297378
10.486422242827796,-85.03198117888326,-39.92087912799234,-4.993458649064468,0.9776831709151297,0.00013112025447310243
10.44267606591773,-85.03972555325743,-39.94299906094835,-5.004244611019471,0.9738299212673968,0.0001299798281733057
10.399063189472248,-85.04742892401832,-39.964970734511496,-5.014963916635088,0.9699859500245707,0.00012885152426316202
10.355583794551297,-85.05509152827014,-39.98679526968223,-5.025617021795295,0.9661513151745063,0.00012773519468754242
10.312238052932743,-85.06271360147556,-40.00847377806999,-5.036204378976883,0.9623260732972251,0.0001266306933494983
10.269026129724274,-85.07029537738157,-40.030007362602475,-5.0467264377146694,0.9585102803705864,0.0001255378760058002
10.2259482114678,-85.07783708704105,-40.05139712464778,-5.057183649562118,0.9547040006389365,0.0001244565991392113
10.183004401582345,-85.08533896258751,-40.072644137765565,-5.067576449645706,0.9509072735068315,0.0001233867202585016
10.14019483663794,-85.09280123303331,-40.09374947699597,-5.077905277194269,0.9471201503261716,0.00012232810128193724
10.097519644482546,-85.10022412582522,-40.1147142083835,-5.088170568148286,0.9433426811151201,0.00012128060590591976
10.054978944361688,-85.10760786685802,-40.1355393890564,-5.098372755185144,0.93957491457599,0.00012024409958499898
10.012572847044137,-85.11495268048846,-40.15622606730783,-5.108512267745647,0.9358168981152851,0.00011921844951130972
9.970301454945549,-85.12225878954844,-40.17677528267586,-5.118589532060156,0.9320686778632856,0.00011820352459401541
9.92816486225007,-85.12952641535844,-40.197188066022726,-5.128604971174475,0.9283302986932133,0.00011719919543942918
9.88616315503079,-85.13675577774012,-40.21746543961276,-5.138559004975374,0.9246018042400879,0.00011620533433019968
9.844296411367791,-85.1439470950301,-40.23760841719044,-5.148452050215994,0.9208832369191361,0.00011522181520494978
9.802564701464686,-85.15110058409198,-40.257618004056646,-5.15828452054082,0.9171746379438886,0.00011424851363765729
9.760968087764047,-85.15821646033005,-40.2774951971451,-5.168056826510591,0.9134760473439827,0.0001132853068175168
9.719506625060564,-85.16529493770099,-40.29724098509703,-5.17776937562677,0.9097875039825857,0.00011233207352830449
9.678180360613139,-85.1723362287269,-40.31685634833589,-5.187422572355936,0.9061090455735654,0.00011138869412810722
9.636989334255263,-85.17934054450784,-40.33634225914123,-5.197016818153921,0.902440708698349,0.00011045505052958847
9.595933578504265,-85.18630809473309,-40.35569968172102,-5.206552511489589,0.8987825288225214,0.0001095310261795528
9.555013118668716,-85.19323908769462,-40.37492957228466,-5.216030047868616,0.8951345403121319,0.00010861650603933888
9.514227972954824,-85.20013373029794,-40.394032879114036,-5.2254498198569,0.8914967764497709,0.00010771137656482807
9.473578152571521,-85.20699222807451,-40.4130105426345,-5.2348122171038,0.8878692694503955,0.00010681552568710101
9.433063661833847,-85.21381478519336,-40.431863495485146,-5.244117626365209,0.8842520504768826,0.00010592884279316313
9.392684498265272,-85.22060160447269,-40.45059266258827,-5.253366431526436,0.8806451496553752,0.00010505121870648117
9.352440652699125,-85.22735288739133,-40.46919896121815,-5.262559013624781,0.8770485960904246,0.00010418254566830538
9.312332109378191,-85.23406883409996,-40.48768330106925,-5.271695750872072,0.8734624178798702,0.00010332271731859646
9.272358846053413,-85.24074964343278,-40.50604658432395,-5.280777018676929,0.8698866421295234,0.00010247162867758443
9.232520834081487,-85.24739551291796,-40.52428970571919,-5.289803189666849,0.8663212949676651,0.00010162917612722859
9.192818038520846,-85.2540066387892,-40.54241355261293,-5.29877463371011,0.8627664015592803,0.00010079525739304847
9.153250418227225,-85.26058321599677,-40.56041900505002,-5.30769171793757,0.8592219861201896,9.996977152643583e-05
9.113817925947384,-85.26712543821728,-40.57830693582669,-5.316554806764103,0.8556880719308945,9.915261888652207e-05
9.074520508412137,-85.27363349786519,-40.59607821055539,-5.325364261910061,0.852164681350286,9.834370112274663e-05
9.03535810642822,-85.28010758610344,-40.61373368772878,-5.334120442422511,0.8486518358291713,9.754292115755695e-05
8.996330654968716,-85.28654789285318,-40.63127421878264,-5.342823704696199,0.8451495559235672,9.675018316926896e-05
8.957438083263213,-85.29295460680451,-40.64870064815859,-5.351474402494423,0.8416578613079031,9.596539257516234e-05
8.918680314885938,-85.29932791542669,-40.66601381336641,-5.360072886969819,0.8381767707879596,9.518845601465907e-05
8.88005726784359,-85.30566800497802,-40.68321454504528,-5.368619506684783,0.834706302313697,9.441928133310539e-05
8.841568854661848,-85.311975060516,-40.70030366702488,-5.3771146076319205,0.8312464729918958,9.36577775650409e-05
8.803214982470823,-85.31824926590716,-40.71728199638575,-5.385558533254242,0.8277972990986323,9.290385491879587e-05
8.764995553089795,-85.32449080383667,-40.734150343519026,-5.393951624465187,0.8243587960916029,9.215742476001705e-05
8.726910463110457,-85.33069985581834,-40.750909512185885,-5.402294219668559,0.8209309786222626,9.141839959630941e-05
8.688959603979642,-85.33687660220389,-40.767560299576076,-5.41058665477822,0.8175138605478276,9.068669306181996e-05
8.651142862081107,-85.34302122219232,-40.7841034963661,-5.41882926323765,0.8141074549431514,8.996221990188628e-05
8.613460118816013,-85.3491338938396,-40.80053988677701,-5.427022376039433,0.8107117741123937,8.924489595816359e-05
8.575911250682458,-85.35521479406778,-40.81687024863154,-5.435166321744497,0.8073268296005509,8.85346381535989e-05
8.538496129354513,-85.36126409867406,-40.83309535341043,-5.4432614265011985,0.8039526322048761,8.783136447801925e-05
8.501214621760335,-85.36728198233973,-40.84921596630867,-5.451308014064296,0.8005891919861624,8.713499397343517e-05
8.464066590158323,-85.37326861863957,-40.865232846291164,-5.459306405813824,0.7972365182797666,8.644544672011926e-05
8.427051892213958,-85.37922418005047,-40.88114674614762,-5.467256920773698,0.7938946197066659,8.576264382231878e-05
8.390170381074627,-85.38514883795992,-40.89695841254699,-5.47515987563022,0.7905635041842454,8.508650739461784e-05
8.353421905444042,-85.39104276267541,-40.912668586091826,-5.483015584750524,0.7872431789370102,8.44169605480323e-05
8.316806309655313,-85.39690612343225,-40.92827800137154,-5.490824360200746,0.7839336505071108,8.375392737689522e-05
8.280323433743881,-85.40273908840261,-40.943787387015504,-5.498586511764102,0.7806349247648027,8.309733294510665e-05
8.243973113519084,-85.40854182470378,-40.9591974657457,-5.506302346958854,0.7773470069187264,8.244710327330853e-05
8.207755180634962,-85.41431449840614,-40.97450895442861,-5.513972171056086,0.7740699015260724,8.180316532610033e-05
8.171669462660448,-85.42005727454199,-40.98972256412696,-5.521596287097358,0.770803612502625,8.116544699894743e-05
8.135715783148227,-85.42577031711355,-41.004839000150966,-5.5291749959122765,0.7675481431326471,8.053387710584006e-05
8.09989396170335,-85.43145378910076,-41.019858962108714,-5.536708596135789,0.7643034960786754,7.990838536684611e-05
8.06420381405086,-85.43710785246952,-41.034783143956496,-5.54419738422547,0.7610696733912032,7.928890239577924e-05
8.028645152102438,-85.44273266817947,-41.04961223404856,-5.551641654478639,0.7578466765181926,7.867535968849537e-05
7.993217784022272,-85.44832839619178,-41.06434691518619,-5.559041699049259,0.7546345063144889,7.806768961043885e-05
7.957921514292522,-85.45389519547713,-41.07898786466683,-5.56639780796484,0.7514331630511489,7.746582538532564e-05
7.922756143777596,-85.45943322402317,-41.09353575433215,-5.573710269143087,0.7482426464246065,7.686970108354175e-05
7.88772146978757,-85.46494263884206,-41.10799125061611,-5.580979368408475,0.7450629555657144,7.627925161064328e-05
7.8528172861416285,-85.47042359597832,-41.12235501459262,-5.588205389508732,0.7418940890487613,7.569441269616766e-05
7.818043383229628,-85.47587625051591,-41.13662770202227,-5.595388614131064,0.7387360449002431,7.511512088262975e-05
7.783399548073908,-85.48130075658557,-41.150809963398984,-5.602529321918347,0.73558882060764,7.454131351423434e-05
7.748885564389667,-85.48669726737263,-41.16490244399661,-5.609627790485221,0.7324524131280002,7.39729287264331e-05
7.7145012126450405,-85.49206593512349,-41.17890578391409,-5.616684295433925,0.7293268188964671,7.340990543526832e-05
7.68024627012028,-85.49740691115325,-41.19282061812126,-5.623699110370144,0.7262120338346774,7.285218332681693e-05
7.646120510966332,-85.50272034585264,-41.206647576503514,-5.630672506918623,0.723108053359063,7.2299702846809e-05
7.612123706262383,-85.50800638869478,-41.220387283906305,-5.637604754738717,0.7200148723890145,7.175240519047887e-05
7.578255624073302,-85.51326518824305,-41.234040360179826,-5.644496121539879,0.7169324853550073,7.121023229246204e-05
7.5445160295056395,-85.5184968921564,-41.247607420221655,-5.651346873096775,0.7138608862065423,7.067312681696316e-05
7.510904684763798,-85.52370164719747,-41.26108907402097,-5.6581572732646155,0.7108000684200735,7.014103214793826e-05
7.4774213492047235,-85.52887959923885,-41.27448592670112,-5.664927583994114,0.7077500250067572,6.961389237945442e-05
7.44406577939237,-85.53403089326986,-41.28779857856217,-5.671658065346447,0.704710748520144,6.909165230616636e-05
7.410837729151503,-85.53915567340242,-41.301027625122735,-5.6783489755079914,0.7016822310637765,6.85742574137807e-05
7.377736949620666,-85.54425408287881,-41.31417365716216,-5.685000570805063,0.6986644642986638,6.806165387016621e-05
7.344763189304575,-85.54932626407705,-41.32723726076154,-5.691613105718469,0.6956574394506864,6.755378851601555e-05
7.311916194125901,-85.5543723585181,-41.340219017344964,-5.698186832897972,0.6926611473178909,6.705060885570736e-05
7.27919570747636,-85.5593925068716,-41.3531195037198,-5.704722003176581,0.6896755782776927,6.655206304882707e-05
7.24660147026743,-85.5643868489627,-41.3659392921172,-5.711218865584794,0.6867007222940181,6.605809990101993e-05
7.214133220979851,-85.56935552377757,-41.37867895023165,-5.717677667364686,0.6837365689242876,6.556866885573496e-05
7.18179069571314,-85.57429866947017,-41.391339041260665,-5.724098653983894,0.6807831073263804,6.508371998536684e-05
7.149573628234291,-85.57921642336825,-41.40392012394394,-5.730482069149521,0.6778403262654791,6.46032039830534e-05
7.117481750025598,-85.58410892197917,-41.41642275260195,-5.736828154821855,0.6749082141208141,6.412707215448541e-05
7.085514790332282,-85.58897630099587,-41.42884747717436,-5.743137151228027,0.6719867588923432,6.365527640966741e-05
7.053672476209223,-85.59381869530297,-41.4411948432582,-5.749409296875577,0.6690759482073356,6.318776925454748e-05
7.021954532567353,-85.59863623898279,-41.4534653921456,-5.755644828565879,0.6661757693268768,6.272450378377998e-05
6.990360682219442,-85.60342906532091,-41.46565966086102,-5.761843981407449,0.6632862091523011,6.226543367227673e-05
6.958890645924843,-85.60819730681175,-41.477778182198236,-5.76800698882915,0.6604072542314868,6.181051316775505e-05
6.927544142434477,-85.6129410951645,-41.48982148475701,-5.774134082593294,0.6575388907651508,6.135969708332323e-05
6.89632088853471,-85.61766056130915,-41.501790092979775,-5.780225492808721,0.6546811046130164,6.091294078936262e-05
6.865220599090581,-85.62235583540117,-41.513684527187,-5.786281447943558,0.6518338812998776,6.0470200206915494e-05
6.834242987089077,-85.62702704682809,-41.525505303613606,-5.792302174838154,0.6489972060216581,6.0031431799846e-05
6.8033877636811555,-85.6316743242141,-41.53725293444364,-5.79828789871765,0.6461710636513097,5.9596592567595236e-05
6.772654638223768,-85.63629779542607,-41.54892792784575,-5.80423884320464,0.6433554387447008,5.916564003864075e-05
6.742043318321152,-85.64089758757873,-41.560530788007654,-5.8101552303316,0.6405503155463926,5.8738532262949094e-05
6.711553509865476,-85.64547382703992,-41.5720620151706,-5.816037280553296,0.6377556779953417,5.831522780526757e-05
6.681184917077139,-85.65002663943595,-41.58352210566341,-5.8218852127590655,0.634971509730543,5.789568573838379e-05
6.65093724254462,-85.65455614965711,-41.59491155193636,-5.827699244284983,0.6321977940965973,5.74798656362592e-05
6.620810187263495,-85.65906248186266,-41.60623084259454,-5.833479590925975,0.629434514149188,5.706772756755097e-05
6.5908034506754145,-85.66354575948537,-41.61748046243065,-5.839226466947707,0.6266816526605221,5.6659232088905204e-05
6.560916730706079,-85.6680061052378,-41.62866089245853,-5.844940085098592,0.6239391921246493,5.6254340238815265e-05
6.5311497238031855,-85.67244364111649,-41.63977260994518,-5.850620656621525,0.6212071147627708,5.5853013531123727e-05
6.50150212497359,-85.67685848840732,-41.650816088443214,-5.856268391265553,0.6184854025284329,5.54552139485589e-05
6.471973627819989,-85.68125076769017,-41.6617917978226,-5.861883497297491,0.6157740371126588,5.506090393664616e-05
6.442563924577395,-85.6856205988442,-41.67270020430256,-5.8674661815134295,0.6130729999490497,5.467004639795098e-05
6.4132727061488195,-85.68996810105244,-41.683541770482755,-5.873016649250143,0.6103822722187692,5.428260468582884e-05
6.3840996621407005,-85.69429339280673,-41.69431695537433,-5.878535104396377,0.6077018348554963,5.3898542598164666e-05
6.35504448089775,-85.69859659191268,-41.70502621443101,-5.884021749404131,0.6050316685502963,5.351782437211206e-05
6.326106849537437,-85.7028778154939,-41.71566999957914,-5.889476785299724,0.6023717537564451,5.314041467800438e-05
6.297286453983967,-85.70713717999725,-41.7262487592483,-5.894900411694887,0.5997220706941666,5.276627861363087e-05
6.268582979001799,-85.71137480119734,-41.73676293840114,-5.900292826797697,0.5970825993553264,5.2395381698913446e-05
6.239996108228747,-85.7155907942009,-41.74721297856297,-5.905654227423427,0.5944533195080498,5.202768987015612e-05
6.2115255242087235,-85.71978527345146,-41.7575993178511,-5.910984809005298,0.5918342107012965,5.1663169474391846e-05
6.183170908423976,-85.72395835273426,-41.76792239100436,-5.916284765605247,0.5892252522693658,5.130178726450777e-05
6.1549319413266685,-85.72811014518008,-41.77818262941149,-5.921554289924425,0.5866264233363137,5.094351039361478e-05
6.126808302370634,-85.73224076327021,-41.788380461140065,-5.926793573313773,0.5840377028203781,5.0588306409661096e-05
6.098799670041985,-85.73635031884065,-41.798516310964736,-5.932002805784436,0.5814590694382678,5.023614325080357e-05
6.0709057218900275,-85.74043892308669,-41.80859060039539,-5.937182176018089,0.5788905017094671,4.988698923970743e-05
6.0431261345570055,-85.74450668656675,-41.81860374770477,-5.942331871377178,0.5763319779604068,4.9540813079017116e-05
6.01546058380826,-85.7485537192072,-41.828556167956215,-5.947452077915125,0.5737834763286641,4.91975838460615e-05
5.98790874456126,-85.75258013030648,-41.83844827303113,-5.952542980386428,0.5712449747670301,4.8857270988259566e-05
5.9604702909148,-85.75658602853939,-41.84828047165585,-5.95760476225664,0.5687164510475792,4.851984431780282e-05
5.933144896177266,-85.76057152196084,-41.858053169428395,-5.962637605712265,0.5661978827656295,4.8185274007746086e-05
5.905932232895103,-85.76453671801073,-41.867766768845385,-5.967641691670683,0.5636892473437155,4.785353058631596e-05
5.878831972880502,-85.76848172351724,-41.877421669327916,-5.972617199789809,0.5611905220354566,4.7524584933201445e-05
5.851843787238677,-85.7724066447015,-41.887018267248095,-5.977564308477877,0.5587016839293801,4.719840827435144e-05
5.824967346395186,-85.77631158718165,-41.89655695595474,-5.982483194902984,0.5562227099527263,4.687497217762887e-05
5.798202320122377,-85.78019665597651,-41.906038125798965,-5.987374035002628,0.5537535768751596,4.655424854876194e-05
5.771548377565735,-85.78406195550961,-41.91546216415957,-5.9922370034931705,0.5512942613124499,4.623620962652393e-05
5.745005187269977,-85.78790758961341,-41.92482945546824,-5.997072273879168,0.548844739730114,4.592082797836376e-05
5.718572417204411,-85.79173366153302,-41.934140381234606,-6.00188001846273,0.5464049884469826,4.560807649663329e-05
5.69224973478836,-85.79554027392994,-41.94339532007067,-6.00666040835267,0.543974983638741,4.529792839391208e-05
5.666036806915931,-85.79932752888634,-41.952594647715614,-6.011413613473698,0.5415547013414059,4.499035719903046e-05
5.639933299980763,-85.80309552790824,-41.96173873705978,-6.016139802575469,0.5391441174547835,4.468533675313805e-05
5.613938879899885,-85.80684437193008,-41.970827958168954,-6.020839143241569,0.5367432077458186,4.4382841205385815e-05
5.588053212137809,-85.81057416131748,-41.97986267830784,-6.02551180189842,0.534351947851969,4.408284500922985e-05
5.56227596173018,-85.81428499587189,-41.988843261964064,-6.030157943824176,0.5319703132845071,4.378532291828106e-05
5.536606793306646,-85.81797697483394,-41.99777007087147,-6.034777733157486,0.5295982794317479,4.349024998252455e-05
5.51104537111401,-85.82165019688672,-42.00664346403302,-6.039371332906157,0.5272358215622783,4.3197601544594084e-05
5.485591359038595,-85.82530476016014,-42.015463797744175,-6.043938904955832,0.5248829148281026,4.290735323583659e-05
5.460244420628657,-85.8289407622336,-42.0242314256152,-6.048480610078499,0.5225395342677803,4.261948097281603e-05
5.435004219116217,-85.83255830014036,-42.032946698594074,-6.052996607941026,0.5202056548094973,4.233396095334531e-05
5.409870417438546,-85.83615747037085,-42.041609964988815,-6.057487057113591,0.5178812512740862,4.205076965322837e-05
5.3848426782596865,-85.839738368876,-42.05022157048945,-6.061952115078013,0.5155662983780377,4.1769883822413645e-05
5.3599206639913115,-85.84330109107086,-42.05878185819009,-6.066391938236025,0.5132607707364454,4.149128048160415e-05
5.335104036813363,-85.84684573183796,-42.06729116861063,-6.070806681917521,0.510964642865906,4.121493691890077e-05
5.310392458694706,-85.85037238553082,-42.07574983971829,-6.075196500388682,0.508677889187413,4.09408306859245e-05
5.285785591412958,-85.85388114597737,-42.08415820694907,-6.079561546860081,0.5064004840291599,4.066893959509083e-05
5.261283096574375,-85.85737210648323,-42.09251660322873,-6.083901973494667,0.5041324016293397,4.0399241715771785e-05
5.236884635633356,-85.86084535983501,-42.10082535899398,-6.088217931415772,0.5018736161388925,4.013171537122682e-05
5.212589869911858,-85.86430099830365,-42.10908480221297,-6.092509570714922,0.4996241016242321,3.986633913531181e-05
5.18839846061806,-85.8677391136479,-42.11729525840632,-6.096777040459759,0.4973838320698998,3.960309182950104e-05
5.1643100688653325,-85.87115979711731,-42.12545705066709,-6.101020488701698,0.4951527813812194,3.9341952519236556e-05
5.140324355690409,-85.8745631394555,-42.13357049968113,-6.105240062483668,0.4929309233868771,3.908290051122406e-05
5.1164409820716745,-85.87794923090361,-42.14163592374736,-6.109435907847776,0.4907182318415014,3.882591535039205e-05
5.09265960894692,-85.88131816120327,-42.149653638797425,-6.11360816984285,0.48851468042817825,3.8570976816567796e-05
5.068979897230984,-85.88467001959971,-42.157623958415286,-6.117756992531904,0.4863202427609393,3.831806492172289e-05
5.045401507833174,-85.88800489484501,-42.16554719385689,-6.12188251899965,0.4841348923872319,3.8067159907004596e-05
5.02192410167424,-85.8913228752014,-42.17342365406958,-6.125984891359892,0.4819586027903281,3.781824223957503e-05
4.998547339703191,-85.89462404844367,-42.18125364571086,-6.130064250762756,0.4797913473917043,3.7571292610230123e-05
4.975270882913946,-85.89790850186301,-42.189037473167865,-6.13412073740208,0.47763309955340655,3.732629192999137e-05
4.952094392361589,-85.90117632226962,-42.19677543857582,-6.138154490522532,0.47548383258035715,3.70832213278645e-05
4.929017529178407,-85.90442759599578,-42.20446784183687,-6.1421656484268095,0.4733435197226376,3.684206214771661e-05
4.906039954589822,-85.90766240889904,-42.21211498063855,-6.146154348482719,0.47121213417775076,3.660279594565537e-05
4.88316132992993,-85.91088084636466,-42.21971715047181,-6.150120727130156,0.46908964909282974,3.636540448732217e-05
4.8603813166567225,-85.91408299330912,-42.227274644649555,-6.1540649198881665,0.4669760375668225,3.612986974541318e-05
4.83769957636746,-85.91726893418281,-42.234787754324444,-6.157987061361816,0.4648712726526607,3.589617389699945e-05
4.815115770813361,-85.92043875297308,-42.24225676850678,-6.161887285249076,0.462775327359373,3.566429932072946e-05
4.792629561914151,-85.92359253320647,-42.24968197408185,-6.165765724347567,0.4606881746541642,3.543422859461368e-05
4.770240611772817,-85.92673035795258,-42.25706365582804,-6.169622510561426,0.45860978746451597,3.5205944493352377e-05
4.7479485826894,-85.92985230982613,-42.26440209643357,-6.173457774907882,0.456540138680168,3.497942998569392e-05
4.725753137175283,-85.93295847099017,-42.27169757651417,-6.177271647523999,0.45447920115516,3.475466823256632e-05
4.703653937966806,-85.93604892315825,-42.278950374629524,-6.1810642576731505,0.45242694770979147,3.4531642583902773e-05
4.681650648038846,-85.93912374759822,-42.28616076730088,-6.184835733751682,0.45038335113256506,3.431033657675202e-05
4.659742930617975,-85.9421830251341,-42.29332902902726,-6.188586203295307,0.448348384182085,3.409073393307157e-05
4.637930449195801,-85.94522683614906,-42.30045543230222,-6.192315792985557,0.44632201958897183,3.38728185570001e-05
4.616212867541795,-85.94825526058823,-42.307540247630236,-6.196024628656153,0.44430423005770747,3.365657453268394e-05
4.594589849715842,-85.95126837796123,-42.31458374354302,-6.199712835299348,0.4422949882684574,3.34419861221769e-05
4.573061060080824,-85.95426626734499,-42.32158618661565,-6.203380537072172,0.4402942668788786,3.322903776329412e-05
4.551626163314961,-85.95724900738647,-42.328547841482774,-6.207027857302723,0.4383020385259072,3.3017714067057314e-05
4.530284824423855,-85.96021667630457,-42.33546897085391,-6.210654918496213,0.4363182758274994,3.280799981583092e-05
4.509036708752279,-85.96316935189384,-42.342349835529795,-6.21426184234121,0.4343429513843435,3.2599879961160075e-05
4.487881481995978,-85.96610711152631,-42.349190694417615,-6.217848749715657,0.43237603778157635,3.239333962162047e-05
4.466818810213097,-85.96903003215418,-42.35599180454646,-6.221415760692898,0.4304175075904389,3.218836408070352e-05
4.445848359835635,-85.97193819031231,-42.362753421082616,-6.224962994547643,0.42846733336994247,3.198493878472726e-05
4.424969797680288,-85.97483166212119,-42.36947579734493,-6.228490569761942,0.4265254876684592,3.178304934099008e-05
4.404182790959601,-85.97771052328896,-42.37615918481966,-6.231998604031009,0.42459194302534314,3.1582681515826876e-05
4.383487007292685,-85.98057484911396,-42.38280383317528,-6.235487214269069,0.42266667197249314,3.1383821232184274e-05
4.362882114715744,-85.9834247144875,-42.38940999027746,-6.238956516615155,0.4207496470359043,3.11864545680774e-05
4.342367781692389,-85.98626019389594,-42.3959779022035,-6.242406626438816,0.4188408407371747,3.099056775467384e-05
4.321943677124003,-85.9890813614232,-42.402507813256896,-6.245837658345825,0.4169402255950326,3.079614717443457e-05
4.301609470359666,-85.99188829075347,-42.408999965981856,-6.249249726183846,0.4150477741267927,3.060317935880673e-05
4.281364831206089,-85.99468105517329,-42.415454601177316,-6.252642943047994,0.4131634588498219,3.0411650986884892e-05
4.261209429937229,-85.99745972757412,-42.42187195791117,-6.256017421286393,0.4112872522829613,3.022154888341008e-05
4.241142937303834,-86.00022438045458,-42.42825227353431,-6.259373272505716,0.4094191269479351,3.0032860016889978e-05
4.221165024542776,-86.00297508592288,-42.43459578369441,-6.26271060757663,0.4075590553707415,2.9845571498066027e-05
4.201275363386296,-86.00571191569901,-42.44090272234965,-6.2660295366391905,0.40570701008301646,2.9659670577908057e-05
4.181473626071115,-86.00843494111726,-42.44717332178238,-6.269330169108247,0.40386296362338514,2.9475144646075667e-05
4.16175948534697,-86.01114423312839,-42.45340781261273,-6.272612613678791,0.4020268885387568,2.929198122903974e-05
4.142132614485706,-86.01383986230174,-42.459606423811714,-6.275876978331192,0.4001987573856584,2.911016798864998e-05
4.122592687289654,-86.01652189882788,-42.46576938271482,-6.279123370336505,0.39837854273150053,2.892969272023152e-05
4.1031393780999545,-86.01919041252079,-42.47189691503502,-6.282351896261649,0.39656621715582496,2.875054335113695e-05
4.083772361804939,-86.02184547281962,-42.477989244875694,-6.285562661974548,0.3947617532515621,2.857270793892873e-05
4.0644913138481,-86.02448714879132,-42.48404659474363,-6.288755772649279,0.3929651236262367,2.839617467012367e-05
4.045295910236183,-86.02711550913284,-42.49006918556189,-6.29193133277115,0.39117630090318367,2.822093185824651e-05
4.026185827546784,-86.02973062217326,-42.49605723668247,-6.295089446141739,0.38939525772270256,2.8046967942550902e-05
4.007160742936224,-86.03233255587595,-42.50201096589891,-6.298230215883909,0.38762196674324756,2.7874271486264717e-05
3.9882203341468068,-86.03492137784042,-42.50793058945859,-6.30135374444672,0.38585640064254245,2.7702831175340933e-05
3.9693642795143753,-86.0374971553052,-42.51381632207535,-6.304460133610407,0.3840985321187185,2.7532635816828064e-05
3.950592257975504,-86.04005995514919,-42.519668376941524,-6.307549484491208,0.38234833389142,2.736367433729781e-05
3.931903949074455,-86.0426098438939,-42.52548696574003,-6.310621897546203,0.3806057787028755,2.719593578158615e-05
3.9132990329703254,-86.04514688770614,-42.53127229865677,-6.313677472578204,0.3788708393189883,2.7029409311161457e-05
3.894777190443628,-86.04767115239937,-42.53702458439221,-6.316716308740409,0.37714348853035884,2.6864084203069812e-05
3.8763381029031527,-86.05018270343635,-42.54274403017343,-6.319738504541203,0.37542369915333873,2.669994984811843e-05
3.857981452392434,-86.05268160593063,-42.54843084176558,-6.322744157848777,0.37371144403103357,2.653699574964751e-05
3.839706921596189,-86.055167924649,-42.55408522348374,-6.325733365895852,0.37200669603431136,2.6375211522354706e-05
3.821514193846528,-86.05764172401321,-42.559707378204315,-6.328706225284225,0.3703094280627634,2.6214586890728182e-05
3.803402953129287,-86.06010306810244,-42.56529750737657,-6.3316628319894015,0.36861961304569313,2.6055111687713582e-05
3.785372884089948,-86.0625520206548,-42.570855811033844,-6.334603281365098,0.36693722394305284,2.58967758537228e-05
3.76742367203951,-86.06498864506936,-42.57638248780467,-6.3375276681477475,0.3652622337463667,2.5739569434879165e-05
3.7495550029603257,-86.06741300440866,-42.581877734924255,-6.340436086461006,0.3635946154796517,2.5583482582011944e-05
3.7317665635118393,-86.0698251613997,-42.58734174824495,-6.343328629820096,0.36193434220032417,2.5428505549571743e-05
3.7140580410360418,-86.07222517843681,-42.592774722247704,-6.346205391136305,0.3602813870000707,2.5274628693886812e-05
3.6964291235628677,-86.07461311758331,-42.59817685005277,-6.349066462721307,0.3586357230057172,2.5121842472566358e-05
3.678879499815639,-86.07698904057287,-42.60354832343003,-6.3519119362914385,0.35699732338009,2.4970137442815138e-05
3.661408859216147,-86.07935300881233,-42.60888933281036,-6.3547419029720915,0.35536616132284454,2.481950426036878e-05
3.644016891889832,-86.08170508338272,-42.61420006729544,-6.357556453301869,0.3537422100712904,2.4669933678413014e-05
3.6267032886706914,-86.0840453250417,-42.61948071466876,-6.360355677236876,0.35212544290120185,2.452141654632919e-05
3.609467741106267,-86.08637379422528,-42.62473146140572,-6.36313966415489,0.3505158331276154,2.4373943808569837e-05
3.592309941462128,-86.08869055104941,-42.62995249268393,-6.3659085028594955,0.34891335410558144,2.4227506503573424e-05
3.575229582726891,-86.09099565531235,-42.635143992393544,-6.368662281584259,0.34731797923097063,2.40820957624105e-05
3.5582263586163676,-86.0932891664959,-42.640306143147185,-6.371401087996771,0.34572968194117953,2.393770280827451e-05
3.5412999635784237,-86.09557114376764,-42.6454391262901,-6.374125009202746,0.3441484357159152,2.3794318954647087e-05
3.5244500927968927,-86.09784164598238,-42.65054312190982,-6.376834131749972,0.34257421407786565,2.365193560476947e-05
3.507676442196159,-86.1001007316844,-42.65561830884645,-6.3795285416324266,0.34100699059345774,2.3510544250348558e-05
3.4909787084450254,-86.10234845910878,-42.66066486470205,-6.382208324294142,0.33944673887351656,2.33701364705253e-05
3.4743565889609758,-86.1045848861834,-42.66568296585042,-6.384873564633174,0.337893432573977,2.323070393073827e-05
3.457809781913864,-86.10681007053064,-42.67067278744671,-6.3875243470054945,0.33634704539652693,2.3092238382090047e-05
3.4413379862299953,-86.10902406946917,-42.67563450343689,-6.390160755228857,0.33480755108928584,2.295473165996744e-05
3.424940901595753,-86.11122694001537,-42.680568286567166,-6.392782872586655,0.3332749234474493,2.2818175683206814e-05
3.4086182284611057,-86.11341873888568,-42.685474308393395,-6.395390781831712,0.33174913631389097,2.26825624529411e-05
3.3923696680434445,-86.1155995224976,-42.69035273929028,-6.397984565190072,0.3302301635798284,2.254788405204817e-05
3.376194922330773,-86.11776934697208,-42.69520374846065,-6.400564304364762,0.32871797918538737,2.2414132643518523e-05
3.3600936940853496,-86.11992826813432,-42.70002750394424,-6.403130080539445,0.32721255712023545,2.228130047015878e-05
3.3440656868466867,-86.12207634151648,-42.704824172627234,-6.405681974382217,0.3257138714241348,2.21493798533827e-05
3.328110604934992,-86.12421362235824,-42.70959392025063,-6.408220066049147,0.3242218961875384,2.2018363192249318e-05
3.312228153454084,-86.1263401656095,-42.714336911419565,-6.410744435187999,0.3227366055521306,2.1888242962767612e-05
3.296418038294534,-86.12845602593148,-42.71905330961203,-6.413255160941839,0.32125797371139264,2.175901171661075e-05
3.280679966136552,-86.13056125769818,-42.723743277187324,-6.415752321952531,0.3197859749111352,2.1630662080792563e-05
3.2650136444528144,-86.13265591499825,-42.72840697539491,-6.418235996364348,0.31832058345001846,2.1503186756203473e-05
3.249418781511344,-86.13474005163684,-42.73304456438307,-6.420706261827498,0.31686177368008545,2.1376578517024613e-05
3.2338950863779696,-86.13681372113673,-42.737656203207166,-6.4231631955015684,0.31540952000724015,2.1250830210030397e-05
3.2184422689192114,-86.13887697674005,-42.74224204983815,-6.42560687405902,0.31396379689177395,2.1125934753546738e-05
3.203060039804684,-86.1409298714102,-42.74680226117108,-6.428037373688638,0.31252457884883594,2.1001885136567192e-05
3.18774811050935,-86.14297245783256,-42.75133699303291,-6.4304547700988675,0.3110918404488849,2.0878674418184207e-05
3.1725061933162904,-86.14500478841722,-42.755846400191395,-6.432859138521314,0.30966555631819825,2.0756295726638082e-05
3.1573340013187208,-86.14702691529979,-42.760330636362845,-6.435250553714041,0.3082457011392956,2.0634742258298068e-05
3.1422312484221893,-86.1490388903427,-42.76478985421989,-6.437629089964833,0.3068322496513753,2.051400727717265e-05
3.1271976493469635,-86.15104076513767,-42.76922420540023,-6.439994821094643,0.3054251766507801,2.0394084114126727e-05
3.112232919629795,-86.15303259100617,-42.77363384051386,-6.4423478204607525,0.3040244569913848,2.0274966165947814e-05
3.097336775626144,-86.15501441900177,-42.77801890915136,-6.4446881609600855,0.30263006558503786,2.0156646894812983e-05
3.082508934512131,-86.15698629991101,-42.78237955989149,-6.447015915032411,0.30124197740196734,2.003911982730387e-05
3.0677491142861046,-86.15894828425515,-42.786715940308916,-6.449331154663543,0.29986016747114524,1.9922378553662165e-05
3.05305703377082,-86.16090042229182,-42.79102819698205,-6.451633951388551,0.2984846108807134,1.980641672723874e-05
3.038432412614837,-86.16284276401609,-42.79531647550038,-6.453924376294854,0.2971152827783317,1.9691228063650954e-05
3.02387497129439,-86.16477535916249,-42.7995809204724,-6.456202500025436,0.2957521583715684,1.9576806340211334e-05
3.0093844311148765,-86.16669825720585,-42.80382167553267,-6.458468392781878,0.2943952129282458,1.9463145395073507e-05
2.99496051421233,-86.16861150736307,-42.808038883349404,-6.460722124327444,0.2930444217767926,1.9350239126534288e-05
2.980602943555069,-86.17051515859453,-42.81223268563183,-6.462963763990167,0.29169976030659955,1.9238081492441207e-05
2.9663114429448845,-86.17240925960546,-42.81640322313744,-6.465193380665872,0.29036120396833637,1.912666650960417e-05
2.9520857370184745,-86.1742938588474,-42.82055063567922,-6.467411042821166,0.2890287282742897,1.9015988252708288e-05
2.9379255512486564,-86.17616900451961,-42.824675062132876,-6.4696168184964735,0.28770230879867076,1.8906040854155774e-05
2.923830611945647,-86.17803474457006,-42.828776640443586,-6.4718107753088905,0.286381921177934,1.8796818503240396e-05
2.9098006462582346,-86.17989112669774,-42.83285550763372,-6.473992980455282,0.2850675411110828,1.8688315445408267e-05
2.895835382174684,-86.18173819835314,-42.83691179980909,-6.476163500715053,0.28375914435994004,1.858052598156774e-05
2.8819345485239536,-86.18357600674018,-42.84094565216644,-6.478322402453153,0.2824567067494581,1.84734444676492e-05
2.8680978749766166,-86.18540459881712,-42.844957198999886,-6.480469751622847,0.28116020416798604,1.8367065313946026e-05
2.8543250920457535,-86.18722402129826,-42.84894657370797,-6.482605613768653,0.2798696125675445,1.8261382984483977e-05
2.840615931087771,-86.18903432065521,-42.85291390880037,-6.484730054029124,0.2785849079640787,1.8156391996268233e-05
2.8269701243033314,-86.1908355431179,-42.856859335904375,-6.486843137139641,0.2773060664377294,1.8052086919100727e-05
2.813387404737968,-86.19262773467665,-42.86078298577202,-6.488944927435261,0.27603306413306866,1.7948462374319874e-05
2.79986750628285,-86.19441094108282,-42.86468498828613,-6.491035488853408,0.27476587725934404,1.7845513034983222e-05
2.7864101636754963,-86.19618520785023,-42.86856547246713,-6.493114884936662,0.2735044820907252,1.7743233624713412e-05
2.7730151125001488,-86.19795058025674,-42.87242456647946,-6.495183178835452,0.2722488549665049,1.7641618917318454e-05
2.7596820891885607,-86.19970710334523,-42.87626239763791,-6.497240433310766,0.2709989722913451,1.7540663736349677e-05
2.746410831020343,-86.20145482192507,-42.88007909241405,-6.499286710736811,0.2697548105354768,1.7440362954303032e-05
2.7332010761234025,-86.20319378057339,-42.88387477644266,-6.501322073103738,0.26851634623490855,1.7340711492425428e-05
2.720052563474366,-86.20492402363611,-42.88764957452764,-6.5033465820201695,0.26728355599162607,1.7241704319781865e-05
2.706965032898959,-86.20664559522982,-42.891403610648695,-6.505360298715942,0.2660564164737928,1.7143336453095783e-05
2.693938225072262,-86.20835853924228,-42.89513700796709,-6.507363284044601,0.26483490441593327,1.7045602955714478e-05
2.6809718815188757,-86.21006289933409,-42.89884988883184,-6.509355598486029,0.2636189966191033,1.6948498937830674e-05
2.6680657446132554,-86.21175871893988,-42.90254237478587,-6.511337302148982,0.26240866995108014,1.6852019555133907e-05
2.6552195575797644,-86.21344604126946,-42.90621458657193,-6.513308454773649,0.2612039013465211,1.6756160008922602e-05
2.64243306449294,-86.21512490930931,-42.909866644138646,-6.515269115734182,0.2600046678071405,1.666091554540203e-05
2.6297060102773426,-86.21679536582323,-42.91349866664619,-6.517219344041138,0.25881094640184904,1.656628145511656e-05
2.6170381407076446,-86.21845745335425,-42.91711077247237,-6.51915919834401,0.2576227142669002,1.6472253072715186e-05
2.6044292024087583,-86.22011121422517,-42.92070307921825,-6.521088736933662,0.25643994860606245,1.637882577591967e-05
2.591878942855569,-86.22175669054032,-42.92427570371413,-6.523008017744823,0.2552626266907323,1.6285994985673874e-05
2.579387110372984,-86.22339392418651,-42.927828762025065,-6.52491709835845,0.2540907258600821,1.619375616529797e-05
2.5669534541356964,-86.22502295683388,-42.931362369456366,-6.526816036004117,0.2529242235211804,1.6102104820327425e-05
2.5545777241679586,-86.22664382993779,-42.93487664055976,-6.528704887562526,0.2517630971491134,1.6011036497464278e-05
2.54225967134346,-86.22825658473927,-42.938371689138314,-6.530583709567717,0.25060732428710536,1.592054678498929e-05
2.5299990473850587,-86.22986126226685,-42.94184762825251,-6.532452558209556,0.24945688254663795,1.5830631311415755e-05
2.517795604864384,-86.2314579033372,-42.945304570225325,-6.534311489335985,0.2483117496075401,1.5741285745852575e-05
2.5056490972016,-86.23304654855617,-42.94874262664768,-6.53616055845533,0.24717190321810756,1.565250579680251e-05
2.493559278664921,-86.23462723832054,-42.95216190838411,-6.5379998207386745,0.24603732119518185,1.556428721240187e-05
2.4815259043701685,-86.23620001281877,-42.95556252557794,-6.539829331022091,0.24490798142424056,1.5476625779697645e-05
2.4695487302805192,-86.23776491203213,-42.95894458765649,-6.5416491438089075,0.24378386185950685,1.5389517323987953e-05
2.4576275132058973,-86.23932197573583,-42.96230820333644,-6.54345931327195,0.2426649405240159,1.530295770887339e-05
2.445762010802385,-86.24087124350001,-42.96565348062891,-6.545259893255762,0.24155119550968504,1.5216942835503213e-05
2.433951981571683,-86.24241275469113,-42.96898052684483,-6.547050937278878,0.24044260497738862,1.5131468642485061e-05
2.4221971848606345,-86.24394654847313,-42.97228944860001,-6.548832498535963,0.23933914715703394,1.5046531104976238e-05
2.4104973808604777,-86.245472663808,-42.97558035182006,-6.550604629899996,0.23824080034761982,1.4962126234793818e-05
2.398852330606197,-86.24699113945738,-42.978853341745555,-6.552367383924447,0.23714754291728002,1.4878250079810295e-05
2.387261795975929,-86.24850201398331,-42.98210852293702,-6.55412081284542,0.23605935330336425,1.4794898723610434e-05
2.375725539690083,-86.25000532574961,-42.9853459992799,-6.555864968583788,0.23497621001245972,1.4712068285087734e-05
2.3642433253107664,-86.25150111292268,-42.9885658739895,-6.557599902747319,0.23389809162045858,1.4629754917930383e-05
2.352814917240898,-86.25298941347279,-42.99176824961584,-6.5593256666327555,0.23282497677258987,1.4547954810406288e-05
2.341440080723359,-86.25447026517466,-42.99495322804826,-6.561042311227871,0.23175684418344503,1.4466664185033942e-05
2.3301185818401047,-86.25594370560906,-42.99812091052062,-6.562749887213595,0.2306936726370153,1.4385879298204742e-05
2.318850187511589,-86.25740977216367,-43.00127139761581,-6.564448444966039,0.2296354409867441,1.4305596439530348e-05
2.307634665495392,-86.25886850203418,-43.00440478927061,-6.566138034558539,0.22858212815550594,1.4225811931993883e-05
2.2964717843857705,-86.26031993222522,-43.00752118478027,-6.567818705763677,0.22753371313567416,1.4146522131237356e-05
2.2853613136122344,-86.26176409955094,-43.010620682803,-6.569490508055241,0.22649017498909157,1.4067723425187457e-05
2.274303023438978,-86.2632010406371,-43.01370338136498,-6.571153490610315,0.2254514928471253,1.3989412234068197e-05
2.263296684963574,-86.26463079192102,-43.016769377864534,-6.57280770231115,0.22441764591064503,1.391158500955246e-05
2.252342070116022,-86.26605338965315,-43.01981876907685,-6.5744531917471924,0.2233886134500388,1.3834238234891065e-05
2.2414389516577296,-86.26746886989804,-43.022851651158525,-6.576090007217023,0.2223643748052161,1.375736842437594e-05
2.230587103180374,-86.26887726853496,-43.02586811965177,-6.577718196730244,0.2213449093856043,1.3680972122807736e-05
2.219786299104818,-86.27027862125973,-43.028868269489365,-6.579337808009502,0.22033019667014458,1.360504590569984e-05
2.209036314679789,-86.27167296358431,-43.031852194998145,-6.580948888492224,0.21932021620726497,1.3529586378622293e-05
2.198336925981083,-86.2730603308395,-43.034819989904456,-6.58255148533271,0.21831494761490564,1.345459017660175e-05
2.1876879099098865,-86.27444075817434,-43.037771747337494,-6.584145645403827,0.21731437058045097,1.3380053964417837e-05
2.1770890441920527,-86.27581428055781,-43.040707559834075,-6.58573141529896,0.21631846486076334,1.3305974435974226e-05
2.16654010737644,-86.27718093277987,-43.043627519342806,-6.587308841333863,0.2153272102821161,1.3232348313841657e-05
2.156040878833984,-86.27854074945262,-43.04653171722857,-6.5888779695485145,0.21434058674020037,1.3159172349419186e-05
2.1455911387562088,-86.27989376501027,-43.04942024427601,-6.590438845708833,0.21335857420007545,1.3086443321967818e-05
2.1351906681539727,-86.2812400137112,-43.05229319069438,-6.591991515308612,0.21238115269614374,1.3014158039131445e-05
2.124839248856189,-86.28257952963797,-43.05515064612112,-6.593536023571201,0.21140830233211555,1.29423133358974e-05
2.1145366635084164,-86.28391234669914,-43.05799269962645,-6.595072415451411,0.2104400032809699,1.2870906074860811e-05
2.104282695571437,-86.28523849862941,-43.060819439716916,-6.596600735637148,0.20947623578490265,1.2799933145509259e-05
2.0940771293200346,-86.28655801899107,-43.063630954339764,-6.59812102855127,0.2085169801553021,1.272939146439574e-05
2.0839197498415176,-86.28787094117462,-43.06642733088665,-6.599633338353258,0.2075622167726929,1.265927797429293e-05
2.0738103430342014,-86.28917729839979,-43.069208656197844,-6.601137708941017,0.2066119260866808,1.2589589644435486e-05
2.063748695606037,-86.29047712371661,-43.07197501656602,-6.602634183952531,0.20566608861590274,1.252032347003419e-05
2.053734595073146,-86.29177045000576,-43.07472649774001,-6.604122806767572,0.20472468494797535,1.245147647208078e-05
2.043767829758306,-86.29305730998018,-43.07746318492893,-6.6056036205094335,0.20378769573943145,1.2383045696867077e-05
2.0338481887894475,-86.29433773618545,-43.080185162805776,-6.60707666804657,0.20285510171565835,1.2315028216056748e-05
2.023975462098195,-86.29561176100107,-43.082892515511446,-6.608541991994292,0.20192688367084266,1.2247421126211658e-05
2.014149440418215,-86.29687941664092,-43.0855853266583,-6.60999963471639,0.20100302246789298,1.2180221548543122e-05
2.0043699152837964,-86.29814073515425,-43.08826367933377,-6.611449638326764,0.20008349903838013,1.2113426628723045e-05
1.9946366790282062,-86.2993957484269,-43.090927656104554,-6.612892044691129,0.19916829438246653,1.2047033536625368e-05
1.984949524782031,-86.30064448818176,-43.09357733901981,-6.614326895428548,0.19825738956881786,1.1981039465999934e-05
1.9753082464716654,-86.30188698597972,-43.09621280961503,-6.615754231913102,0.19735076573454519,1.1915441634326596e-05
1.9657126388177322,-86.30312327322082,-43.09883414891568,-6.617174095275443,0.19644840408512182,1.1850237282580091e-05
1.9561624973333378,-86.30435338114435,-43.101441437440485,-6.618586526404375,0.19555028589429713,1.1785423675117794e-05
1.946657618322404,-86.30557734083074,-43.104034755205426,-6.619991565948453,0.19465639250400796,1.1720998099010777e-05
1.9371977988781757,-86.30679518320143,-43.10661418172691,-6.621389254317526,0.19376670532431853,1.1656957864140629e-05
1.9277828368813756,-86.30800693902059,-43.10917979602565,-6.622779631684318,0.19288120583330906,1.159330030298849e-05
1.918412530998487,-86.30921263889495,-43.11173167662961,-6.624162737985885,0.19199987557698617,1.1530022770456464e-05
1.9090866806802234,-86.31041231327565,-43.11426990157797,-6.625538612925237,0.19112269616921093,1.1467122643265236e-05
1.8998050861596436,-86.31160599245831,-43.11679454842424,-6.626907295972786,0.19024964929158725,1.1404597320101273e-05
1.890567548450498,-86.31279370658417,-43.119305694239735,-6.628268826367873,0.18938071669337309,1.1342444221420633e-05
1.8813738693454256,-86.31397548564111,-43.121803415617094,-6.629623243120293,0.18851588019138063,1.1280660788845933e-05
1.8722238514142466,-86.31515135946373,-43.12428778867324,-6.630970585011699,0.18765512166988185,1.1219244485397226e-05
1.8631172980022204,-86.31632135773498,-43.126758889053086,-6.632310890597142,0.18679842308050598,1.1158192795117479e-05
1.8540540132279948,-86.31748550998644,-43.12921679193259,-6.633644198206508,0.18594576644211205,1.1097503222633606e-05
1.8450338019822463,-86.31864384559931,-43.131661572022175,-6.634970545945977,0.18509713384073234,1.1037173293393983e-05
1.836056469925425,-86.31979639380518,-43.13409330356976,-6.636289971699445,0.18425250742940844,1.0977200552962843e-05
1.827121823486342,-86.32094318368682,-43.13651206036423,-6.637602513129966,0.18341186942813498,1.0917582567232989e-05
1.8182296698599845,-86.32208424417895,-43.13891791573843,-6.638908207681184,0.18257520212370829,1.0858316922112367e-05
1.8093798170058777,-86.32321960406894,-43.1413109425723,-6.640207092578698,0.18174248786963348,1.0799401223316958e-05
1.800572073646251,-86.3243492919978,-43.143691213296236,-6.641499204831525,0.18091370908601712,1.0740833095941381e-05
1.7918062492639626,-86.32547333646059,-43.14605879989396,-6.642784581233434,0.18008884825942348,1.068261018460973e-05
1.783082154100884,-86.32659176580748,-43.1484137739057,-6.644063258364341,0.17926788794278933,1.0624730152997293e-05
1.774399599155749,-86.32770460824453,-43.15075620643137,-6.6453352725917085,0.1784508107552726,1.056719068407743e-05
1.765758396182536,-86.32881189183416,-43.15308616813334,-6.646600660071852,0.1776375993821644,1.0509989479455723e-05
1.7571583576884124,-86.3299136444962,-43.15540372923971,-6.647859456751321,0.1768282365747454,1.0453124259289866e-05
1.7485992969318178,-86.33100989400839,-43.157708959547115,-6.64911169836822,0.17602270515016916,1.0396592762400445e-05
1.7400810279205448,-86.33210066800744,-43.16000192842395,-6.6503574204536,0.17522098799133168,1.034039274565486e-05
1.73160336540979,-86.33318599398949,-43.16228270481301,-6.65159665833268,0.17442306804674124,1.028452198435186e-05
1.7231661249003214,-86.33426589931075,-43.16455135723454,-6.6528294471262335,0.17362892833041005,1.022897827141562e-05
1.7147691226364707,-86.33534041118864,-43.16680795378917,-6.654055821751855,0.17283855192170744,1.0173759417597741e-05
1.7064121756041395,-86.3364095567022,-43.1690525621608,-6.655275816925263,0.17205192196523067,1.0118863251261573e-05
1.6980951015288854,-86.33747336279266,-43.17128524961928,-6.656489467161572,0.1712690216706792,1.0064287618088379e-05
1.689817718873923,-86.3385318562651,-43.173506083023746,-6.65769680677664,0.17048983431271483,1.0010030381115581e-05
1.681579846838113,-86.33958506378774,-43.175715128824734,-6.658897869888208,0.16971434323082651,9.956089420422333e-06
1.6733813053540825,-86.34063301189352,-43.17791245306735,-6.660092690417226,0.1689425318291996,9.902462632953532e-06
1.6652219150861394,-86.34167572698095,-43.180098121394124,-6.661281302089125,0.1681743835765729,9.849147932470656e-06
1.657101497428296,-86.34271323531438,-43.18227219904767,-6.662463738435022,0.16740988200610524,9.796143249238922e-06
1.6490198745023126,-86.34374556302451,-43.184434750873045,-6.663640032792893,0.16664901071523314,9.743446529891645e-06
1.6409768691555593,-86.34477273610989,-43.18658584132115,-6.664810218308935,0.16589175336552534,9.69105573753991e-06
1.6329723049591331,-86.34579478043685,-43.18872553445089,-6.665974327938645,0.16513809368254795,9.63896885128869e-06
1.6250060062058027,-86.34681172174037,-43.19085389393188,-6.667132394448076,0.16438801545571796,9.58718386614178e-06
1.6170777979080213,-86.34782358562539,-43.19297098304752,-6.668284450415069,0.16364150253817056,9.535698792969101e-06
1.609187505795636,-86.34883039756645,-43.19507686469702,-6.669430528230365,0.16289853884658106,9.48451165823964e-06
1.601334956314201,-86.34983218290878,-43.19717160139828,-6.67057066009882,0.16215910836105618,9.433620504016212e-06
1.5935199766227057,-86.35082896686964,-43.1992552552907,-6.671704878040609,0.1614231951249651,9.383023387677899e-06
1.5857423945915774,-86.35182077453788,-43.20132788813728,-6.6728332138923045,0.16069078324479383,9.332718381913035e-06
1.5780020388007259,-86.35280763087553,-43.203389561327604,-6.6739556993081335,0.15996185689000972,9.282703574323914e-06
1.5702987385372866,-86.3537895607178,-43.205440335880034,-6.675072365761033,0.15923640029288905,9.232977067450524e-06
1.5626323237937854,-86.35476658877404,-43.2074802724443,-6.676183244543817,0.1585143977483887,9.183536978739814e-06
1.5550026252658127,-86.35573873962832,-43.20950943130406,-6.67728836677032,0.15779583361396862,9.134381440218662e-06
1.5474094743501479,-86.3567060377406,-43.2115278723796,-6.67838776337656,0.15708069230945976,9.085508598459587e-06
1.5398527031426223,-86.3576685074461,-43.21353565522958,-6.679481465121721,0.15636895831690417,9.036916614298448e-06
1.5323321444359974,-86.35862617295739,-43.21553283905418,-6.680569502589383,0.15566061618039267,8.988603662944626e-06
1.5248476317178983,-86.35957905836408,-43.2175194826972,-6.681651906188595,0.15495565050591817,8.94056793364821e-06
1.5173989991688899,-86.36052718763385,-43.2194956446484,-6.682728706154902,0.15425404596122852,8.892807629705067e-06
1.5099860816600228,-86.36147058461282,-43.221461383045984,-6.683799932551508,0.15355578727563854,8.845320968172893e-06
1.5026087147512048,-86.36240927302667,-43.223416755679004,-6.68486561527031,0.15286085923991757,8.798106179765724e-06
1.4952667346885606,-86.36334327648076,-43.22536181998963,-6.685925784032975,0.1521692467060733,8.751161508979128e-06
1.4879599784028945,-86.36427261846072,-43.22729663307527,-6.686980468391967,0.15148093458725495,8.704485213492278e-06
1.480688283507126,-86.36519732233373,-43.22922125169137,-6.688029697731695,0.15079590785754338,8.658075564669406e-06
1.4734514882944183,-86.36611741134837,-43.23113573225319,-6.689073501269442,0.1501141515518123,8.611930846811216e-06
1.4662494317360697,-86.36703290863574,-43.23304013083839,-6.690111908056472,0.14943565076557036,8.566049357533015e-06
1.459081953479339,-86.36794383720968,-43.234934503189095,-6.691144946979046,0.14876039065479324,8.52042940716351e-06
1.4519488938453236,-86.36885021996778,-43.236818904714326,-6.692172646759455,0.1480883564357595,8.475069319080965e-06
1.444850093826881,-86.36975207969154,-43.238693390491925,-6.6931950359569985,0.14741953338488759,8.429967429331423e-06
1.437785395086552,-86.37064943904758,-43.240558015271176,-6.694212142969064,0.14675390683857925,8.38512208658994e-06
1.4307546399542128,-86.37154232058737,-43.242412833474496,-6.695223996032041,0.14609146219303315,8.340531652094241e-06
1.4237576714253601,-86.37243074674878,-43.244257899200036,-6.696230623222403,0.14543218490412085,8.296194499334183e-06
1.4167943331586281,-86.37331473985587,-43.24609326622359,-6.697232052457642,0.14477606048718197,8.252109014088624e-06
1.4098644694738507,-86.37419432212,-43.24791898800077,-6.69822831149726,0.14412307451687828,8.208273594404407e-06
1.402967925349846,-86.37506951564005,-43.24973511766915,-6.699219427943751,0.14347321262702117,8.164686650396498e-06
1.3961045464223307,-86.37594034240337,-43.25154170805043,-6.700205429243592,0.1428264605104051,8.121346603870973e-06
1.3892741789817709,-86.37680682428606,-43.25333881165249,-6.701186342688169,0.1421828039186401,8.078251888809513e-06
1.3824766699713629,-86.37766898305378,-43.2551264806714,-6.702162195414751,0.14154222866199334,8.035400950784042e-06
1.375711866984731,-86.37852684036199,-43.256904766993486,-6.703133014407426,0.1409047206092044,7.992792246812095e-06
1.3689796182639111,-86.37938041775661,-43.258673722197344,-6.704098826498036,0.14027026568732825,7.950424245751536e-06
1.3622797726971805,-86.38022973667503,-43.26043339755607,-6.705059658367158,0.13963884988155859,7.90829542761627e-06
1.355612179816974,-86.38107481844611,-43.262183844039065,-6.706015536544984,0.1390104592350688,7.866404283798117e-06
1.3489766897977278,-86.38191568429092,-43.26392511231403,-6.706966487412262,0.13838507984883774,7.824749316903292e-06
1.3423731534536438,-86.38275235532342,-43.265657252749115,-6.707912537201228,0.13776269788146409,7.783329040787994e-06
1.3358014222368337,-86.38358485255092,-43.26738031541475,-6.708853711996504,0.13714329954903043,7.742141980122107e-06
1.329261348234787,-86.38441319687466,-43.26909435008566,-6.709790037735984,0.13652687112488468,7.701186670457005e-06
1.3227527841686955,-86.38523740909027,-43.27079940624269,-6.710721540211751,0.13591339893952223,7.660461658269037e-06
1.3162755833908992,-86.38605750988839,-43.27249553307493,-6.711648245070985,0.13530286938036623,7.619965500798999e-06
1.3098295998830922,-86.38687351985507,-43.27418277948139,-6.712570177816799,0.1346952688916329,7.5796967657764646e-06
1.303414688253969,-86.3876854594726,-43.27586119407314,-6.7134873638091905,0.13409058397413579,7.539654031611446e-06
1.2970307037372393,-86.3884933491199,-43.27753082517499,-6.714399828265835,0.13348880118512296,7.499835887082039e-06
1.290677502189432,-86.38929720907271,-43.279191720827356,-6.715307596263001,0.13288990713810567,7.460240931134931e-06
1.284354940087712,-86.39009705950491,-43.28084392878845,-6.716210692736436,0.13229388850267532,7.420867773161811e-06
1.278062874527856,-86.39089292048811,-43.2824874965356,-6.717109142482159,0.13170073200434304,7.3817150326869195e-06
1.271801163222118,-86.3916848119928,-43.28412247126741,-6.718002970157335,0.13111042442436102,7.342781339262866e-06
1.2655696644970602,-86.392472753889,-43.28574889990566,-6.718892200281173,0.13052295259954766,7.304065332421224e-06
1.259368237291437,-86.39325676594603,-43.28736682909682,-6.719776857235683,0.12993830342211626,7.265565661662035e-06
1.253196741154125,-86.3940368678337,-43.288976305213914,-6.720656965266544,0.12935646383950344,7.227280986170171e-06
1.2470550362418442,-86.39481307912241,-43.29057737435837,-6.721532548483927,0.12877742085417818,7.1892099750643194e-06
1.2409429833173033,-86.39558541928422,-43.292170082361935,-6.722403630863362,0.12820116152350075,7.151351306842735e-06
1.2348604437468584,-86.39635390769253,-43.29375447478799,-6.723270236246458,0.12762767295951488,7.113703669599716e-06
1.2288072794984057,-86.39711856362348,-43.29533059693379,-6.724132388341833,0.12705694232878853,7.07626576104423e-06
1.2227833531394645,-86.39787940625574,-43.29689849383182,-6.724990110725814,0.1264889568522433,7.039036288237259e-06
1.2167885278347883,-86.39863645467115,-43.29845821025151,-6.725843426843274,0.12592370380496476,7.002013967339904e-06
1.2108226673445073,-86.3993897278557,-43.300009790701274,-6.726692360008462,0.12536117051604628,6.965197524003964e-06
1.2048856360219016,-86.40013924469937,-43.301553279429804,-6.727536933405742,0.12480134436840458,6.928585692857172e-06
1.198977298811227,-86.40088502399708,-43.30308872042799,-6.728377170090406,0.1242442127985964,6.892177217750022e-06
1.1930975212457633,-86.40162708444892,-43.30461615743046,-6.729213092989437,0.12368976329666329,6.8559708514142935e-06
1.187246169445562,-86.40236544466062,-43.30613563391718,-6.730044724902269,0.12313798340593465,6.8199653555062645e-06
1.1814231101154502,-86.40310012314436,-43.307647193115315,-6.730872088501612,0.12258886072286848,6.784159500352413e-06
1.1756282105429663,-86.40383113831918,-43.30915087800082,-6.7316952063341855,0.12204238289687866,6.748552065322107e-06
1.1698613385960162,-86.40455850851095,-43.31064673129975,-6.732514100821442,0.12149853763013216,6.713141838287764e-06
1.1641223627211406,-86.40528225195334,-43.31213479549012,-6.733328794260349,0.12095731267741286,6.677927615846632e-06
1.1584111519411124,-86.40600238678832,-43.31361511280352,-6.734139308824152,0.1204186958459118,6.642908203022632e-06
1.1527275758530708,-86.40671893106604,-43.31508772522635,-6.734945666563051,0.11988267499507958,6.608082413324628e-06
1.1470715046262452,-86.40743190274617,-43.31655267450197,-6.73574788940505,0.11934923803642557,6.573449068745976e-06
1.141442808999992,-86.40814131969773,-43.3180100021318,-6.7365459991566095,0.1188183729333618,6.539006999489148e-06
1.135841360281773,-86.40884719969985,-43.31945974937702,-6.737340017503371,0.11829006770102601,6.504755044013931e-06
1.1302670303449391,-86.40954956044177,-43.32090195725991,-6.738129966010903,0.11776431040609915,6.470692048875623e-06
1.1247196916265814,-86.41024841952427,-43.32233666656587,-6.73891586612545,0.11724108916661785,6.436816869006971e-06
1.1191992171257366,-86.41094379445907,-43.32376391784445,-6.739697739174616,0.11672039215183191,6.403128367098131e-06
1.1137054804011537,-86.41163570266977,-43.32518375141095,-6.740475606368026,0.11620220758200756,6.3696254139988565e-06
1.1082383555692252,-86.41232416149224,-43.32659620734794,-6.741249488798104,0.11568652372825608,6.336306888359349e-06
1.1027977173018628,-86.41300918817514,-43.328001325506904,-6.742019407440735,0.11517332891235127,6.303171676789926e-06
1.0973834408245966,-86.41369079988027,-43.32939914550944,-6.74278538315598,0.1146626115065699,6.27021867352659e-06
1.0919954019143594,-86.41436901368326,-43.33078970674901,-6.743547436688756,0.11415435993350183,6.237446780701608e-06
1.0866334768975738,-86.4150438465733,-43.33217304839199,-6.744305588669501,0.1136485626658909,6.204854907777154e-06
1.081297542648078,-86.41571531545482,-43.33354920937975,-6.745059859614938,0.11314520822645649,6.17244197200774e-06
1.075987476584883,-86.41638343714645,-43.33491822842918,-6.745810269928605,0.11264428518769633,6.140206898176969e-06
1.0707031566703682,-86.41704822838255,-43.33628014403493,-6.746556839901665,0.11214578217174276,6.1081486185984135e-06
1.0654444614081766,-86.41770970581345,-43.3376349944705,-6.747299589713523,0.11164968785017447,6.076266072773703e-06
1.0602112698411714,-86.41836788600529,-43.33898281778941,-6.74803853943245,0.11115599094384929,6.044558207658298e-06
1.0550034615492911,-86.419022785441,-43.340323651826886,-6.748773709016293,0.11066468022271268,6.013023977387595e-06
1.0498209166477104,-86.41967442052083,-43.341657534201275,-6.749505118313135,0.11017574450564714,5.981662343291123e-06
1.0446635157846194,-86.42032280756219,-43.342984502315105,-6.750232787061899,0.10968917266027693,5.9504722741329054e-06
1.0395311401394653,-86.4209679628009,-43.34430459335695,-6.750956734893073,0.10920495360282088,5.919452745424414e-06
1.0344236714205632,-86.4216099023906,-43.345617844302076,-6.751676981329232,0.1087230762978828,5.88860273995162e-06
1.0293409918634524,-86.42224864240404,-43.346924291914455,-6.752393545785799,0.10824352975831601,5.857921247257004e-06
1.0242829842287149,-86.42288419883295,-43.3482239727476,-6.753106447571585,0.10776630304503024,5.8274072639118675e-06
1.0192495317998786,-86.42351658758885,-43.349516923146254,-6.753815705889492,0.10729138526681394,5.797059793452026e-06
1.0142405183815766,-86.42414582450301,-43.350803179247386,-6.7545213398370665,0.10681876558017481,5.7668778460312124e-06
1.0092558282974267,-86.42477192532719,-43.35208277698164,-6.755223368407166,0.1063484331891531,5.736860438748044e-06
1.0042953463881834,-86.42539490573407,-43.3533557520748,-6.755921810488601,0.10588037734517411,5.707006595080825e-06
0.9993589580096437,-86.42601478131753,-43.35462214004877,-6.756616684866683,0.10541458734685077,5.6773153455484275e-06
0.9944465490306416,-86.42663156759308,-43.35588197622304,-6.757308010223875,0.1049510525398245,5.647785726956816e-06
0.9895580058310577,-86.4272452799978,-43.35713529571565,-6.757995805140359,0.10448976231658189,5.618416782830404e-06
0.9846932152999353,-86.42785593389205,-43.35838213344515,-6.758680088094736,0.10403070611629867,5.589207563097032e-06
0.9798520648334875,-86.42846354455817,-43.359622524130955,-6.759360877464486,0.103573873424666,5.5601571240122545e-06
0.9750344423330034,-86.42906812720219,-43.360856502295235,-6.760038191526655,0.10311925377370554,5.531264528435129e-06
0.9702402362030248,-86.42966969695341,-43.36208410226376,-6.760712048458401,0.10266683674161209,5.502528845305482e-06
0.965469335349326,-86.43026826886543,-43.36330535816746,-6.761382466337616,0.10221661195257986,5.473949150095133e-06
0.9607216291769384,-86.43086385791602,-43.364520303943365,-6.76204946314349,0.10176856907663306,5.445524524263281e-06
0.9559970075882953,-86.43145647900778,-43.36572897333593,-6.762713056757068,0.10132269782945637,5.4172540554429005e-06
0.9512953609810648,-86.4320461469684,-43.36693139989823,-6.763373264961868,0.10087898797221262,5.389136837576449e-06
0.9466165802465193,-86.43263287655114,-43.36812761699306,-6.764030105444413,0.100437429311401,5.361171970684345e-06
0.941960556767313,-86.43321668243505,-43.36931765779418,-6.76468359579481,0.0999980116986584,5.33335856063015e-06
0.937327182415717,-86.43379757922546,-43.37050155528748,-6.765333753507308,0.09956072503060928,5.305695719266476e-06
0.9327163495515709,-86.43437558145442,-43.37167934227221,-6.765980595980896,0.0991255592486863,5.278182564540918e-06
0.9281279510204439,-86.43495070358091,-43.372851051362,-6.7666241405198,0.0986925043389682,5.250818220110998e-06
0.9235618801517916,-86.43552295999146,-43.37401671498615,-6.767264404334082,0.098261550332021,5.22360181561957e-06
0.9190180307567766,-86.4360923650001,-43.37517636539056,-6.767901404540152,0.09783268730270281,5.196532486455398e-06
0.9144962971266487,-86.43665893284917,-43.37633003463915,-6.768535158161357,0.09740590537002974,5.169609373721153e-06
0.9099965740305936,-86.43722267770968,-43.37747775461488,-6.769165682128505,0.09698119469697516,5.142831624221266e-06
0.9055187567140699,-86.43778361368103,-43.378619557020556,-6.76979299328036,0.09655854549033878,5.116198390354185e-06
0.9010627408966658,-86.4383417547921,-43.379755473380385,-6.770417108364235,0.09613794800054534,5.089708830285299e-06
0.8966284227703767,-86.43889711500142,-43.3808855350409,-6.771038044036517,0.09571939252150008,5.063362107618248e-06
0.892215698997661,-86.43944970819733,-43.38200977317201,-6.771655816863175,0.0953028693904201,5.0371573916094046e-06
0.8878244667095276,-86.43999954819856,-43.38312821876811,-6.772270443320282,0.09488836898765957,5.011093856787263e-06
0.8834546235037805,-86.4405466487542,-43.38424090264904,-6.772881939794532,0.09447588173655795,4.985170683297918e-06
0.8791060674429522,-86.44109102354464,-43.3853478554615,-6.773490322583798,0.09406539810326131,4.9593870566351756e-06
0.8747786970525355,-86.44163268618148,-43.38644910767975,-6.774095607897619,0.09365690859656252,4.9337421674896385e-06
0.8704724113192082,-86.44217165020815,-43.38754468960694,-6.774697811857723,0.09325040376774833,4.908235212184568e-06
0.8661871096888317,-86.44270792909978,-43.38863463137575,-6.775296950498464,0.09284587421041698,4.882865392023417e-06
0.8619226920646346,-86.44324153626441,-43.3897189629501,-6.775893039767485,0.09244331056032673,4.857631913675025e-06
0.8576790588054276,-86.44377248504222,-43.390797714125426,-6.776486095526038,0.09204270349522842,4.832533988968477e-06
0.8534561107236366,-86.44430078870695,-43.39187091453036,-6.77707613354963,0.09164404373469932,4.807570834764395e-06
0.8492537490835698,-86.44482646046534,-43.39293859362719,-6.7776631695284095,0.09124732203998652,4.782741673263484e-06
0.8450718755995914,-86.44534951345821,-43.394000780713405,-6.778247219067744,0.09085252921384745,4.75804573158077e-06
0.8409103924342634,-86.44586996076025,-43.39505750492226,-6.778828297688643,0.09045965610038369,4.733482241862279e-06
0.8367692021963365,-86.44638781538059,-43.39610879522401,-6.779406420828282,0.09006869358486003,4.709050441247601e-06
0.8326482079393331,-86.44690309026318,-43.39715468042686,-6.779981603840483,0.0896796325935878,4.68474957192683e-06
0.828547313159332,-86.44741579828703,-43.39819518917795,-6.780553861996181,0.08929246409371937,4.660578880938534e-06
0.8244664217934662,-86.44792595226652,-43.39923034996432,-6.781123210483915,0.08890717909312082,4.636537620124754e-06
0.8204054382178201,-86.44843356495186,-43.4002601911139,-6.781689664410291,0.08852376864018295,4.612625046137482e-06
0.8163642672459508,-86.44893864902907,-43.40128474079634,-6.7822532388004335,0.0881422238236903,4.588840420730361e-06
0.8123428141268024,-86.44944121712086,-43.40230402702425,-6.782813948598509,0.08776253577263379,4.565183010036327e-06
0.8083409845430963,-86.4499412817864,-43.40331807765389,-6.783371808668147,0.08738469565607293,4.541652085288033e-06
0.8043586846095456,-86.45043885552207,-43.404326920386325,-6.783926833792921,0.08700869468297531,4.518246922074902e-06
0.8003958208709936,-86.4509339507614,-43.405330582768094,-6.784479038676774,0.08663452410204549,4.494966800725528e-06
0.7964523003006683,-86.45142657987567,-43.406329092192415,-6.7850284379445185,0.08626217520157646,4.471811006473779e-06
0.7925280302984559,-86.4519167551745,-43.407322475900145,-6.785575046142304,0.08589163930929279,4.448778828701937e-06
0.7886229186890311,-86.45240448890505,-43.40831076098025,-6.786118877737974,0.08552290779218553,4.425869561654016e-06
0.7847368737202909,-86.45288979325375,-43.409293974371245,-6.786659947121614,0.08515597205636924,4.403082504091411e-06
0.7808698040613162,-86.45337268034552,-43.41027214286181,-6.7871982686059456,0.0847908235469037,4.380416959092309e-06
0.7770216188009699,-86.45385316224467,-43.41124529309174,-6.7877338564267795,0.08442745374767191,4.35787223417511e-06
0.7731922274458332,-86.45433125095519,-43.41221345155304,-6.788266724743478,0.08406585418118517,4.335447641568727e-06
0.7693815399187217,-86.45480695842056,-43.41317664459044,-6.788796887639344,0.0837060164084647,4.313142497530831e-06
0.7655894665567833,-86.45528029652459,-43.414134898402516,-6.789324359122073,0.08334793202885711,4.290956122808655e-06
0.7618159181097804,-86.45575127709182,-43.415088239042824,-6.789849153124257,0.082991592679894,4.268887842614654e-06
0.7580608057385166,-86.45621991188693,-43.41603669242002,-6.790371283503657,0.08263699003714198,4.2469369861851174e-06
0.7543240410130085,-86.45668621261603,-43.41698028429955,-6.790890764043782,0.08228411581404552,4.225102887299903e-06
0.7506055359106895,-86.45715019092684,-43.417919040304156,-6.791407608454263,0.0819329617617598,4.203384883617689e-06
0.7469052028149641,-86.4576118584079,-43.41885298591438,-6.79192183037118,0.0815835196690278,4.181782317325993e-06
0.743222954513201,-86.45807122659039,-43.41978214647012,-6.792433443357645,0.08123578136199647,4.16029453456732e-06
0.7395587041952022,-86.45852830694749,-43.420706547170994,-6.792942460904089,0.08088973870407898,4.138920885707048e-06
0.7359123654515756,-86.458983110895,-43.42162621307736,-6.793448896428741,0.08054538359581305,4.1176607251834565e-06
0.7322838522719913,-86.45943564979129,-43.42254116911091,-6.793952763277987,0.0802027079747021,4.096513411428683e-06
0.7286730790433674,-86.45988593493809,-43.4234514400559,-6.79445407472684,0.07986170381505128,4.075478306944574e-06
0.7250799605482756,-86.46033397758016,-43.42435705055956,-6.79495284397929,0.07952236312782465,4.054554778238776e-06
0.7215044119634718,-86.46077978890632,-43.42525802513316,-6.795449084168714,0.0791846779605155,4.0337421960446295e-06
0.7179463488579715,-86.46122338004928,-43.42615438815292,-6.795942808358349,0.0788486403969742,4.013039934616699e-06
0.7144056871914869,-86.46166476208576,-43.427046163860396,-6.79643402954156,0.07851424255726222,3.992447372459222e-06
0.7108823433128005,-86.46210394603725,-43.42793337636372,-6.7969227606423575,0.07818147659751107,3.9719638919062395e-06
0.7073762339580643,-86.46254094287005,-43.42881604963826,-6.797409014515738,0.07785033470976825,3.951588879061476e-06
0.7038872762491742,-86.46297576349525,-43.4296942075271,-6.797892803948033,0.07752080912184878,3.931321723848822e-06
0.7004153876921698,-86.46340841876969,-43.43056787374238,-6.798374141657382,0.07719289209719339,3.911161820275481e-06
0.6969604861755753,-86.46383891949526,-43.43143707186545,-6.7988530402940235,0.07686657593472067,3.8911085656572895e-06
0.6935224899688366,-86.46426727642034,-43.43230182534829,-6.7993295124407895,0.0765418529686842,3.871161361495926e-06
0.690101317720483,-86.46469350023943,-43.433162157513905,-6.799803570613405,0.07621871556850326,3.851319612809796e-06
0.6866968884568745,-86.46511760159326,-43.434018091557064,-6.800275227260884,0.07589715613865951,3.831582728386732e-06
0.6833091215801929,-86.46553959106906,-43.434869650545,-6.800744494765878,0.07557716711850478,3.811950120635677e-06
0.6799379368671051,-86.4659594792017,-43.43571685741868,-6.80121138544515,0.07525874098214874,3.792421205638165e-06
0.6765832544671805,-86.46637727647301,-43.436559734992976,-6.801675911549834,0.07494187023831476,3.772995402929269e-06
0.6732449949010618,-86.46679299331197,-43.43739830595743,-6.802138085265822,0.07462654743016806,3.7536721359870725e-06
0.6699230790591124,-86.46720664009582,-43.43823259287745,-6.802597918714208,0.07431276513520348,3.734450831588339e-06
0.6666174281996478,-86.46761822714987,-43.439062618194754,-6.803055423951593,0.07400051596508007,3.715330920159539e-06
0.6633279639475127,-86.46802776474743,-43.43988840422799,-6.803510612970436,0.07368979256549252,3.6963118356642635e-06
0.66005460829245,-86.46843526311046,-43.440709973173554,-6.803963497699423,0.0733805876160257,3.6773930153696447e-06
0.6567972835875363,-86.46884073241013,-43.4415273471066,-6.804414090003886,0.0730728938300124,3.658573900232602e-06
0.6535559125475827,-86.46924418276615,-43.44234054798115,-6.804862401686048,0.07276670395438894,3.63985393456845e-06
0.6503304182476762,-86.46964562424785,-43.44314959763137,-6.805308444485473,0.07246201076956234,3.6212325661640833e-06
0.6471207241214642,-86.4700450668743,-43.44395451777209,-6.805752230079396,0.07215880708925729,3.6027092460276668e-06
0.643926753959722,-86.47044252061433,-43.44475532999935,-6.806193770083022,0.07185708576038091,3.584283428668787e-06
0.6407484319088208,-86.47083799538682,-43.4455520557913,-6.8066330760499385,0.07155683966289186,3.565954572006953e-06
0.6375856824691223,-86.47123150106081,-43.44634471650865,-6.807070159472389,0.07125806170964855,3.547722136995435e-06
0.6344384304936059,-86.4716230474565,-43.44713333339579,-6.807505031781721,0.07096074484628975,3.5295855882687854e-06
0.63130660118615,-86.47201264434439,-43.4479179275809,-6.8079377043486025,0.07066488205107445,3.5115443935389245e-06
0.6281901201000333,-86.47240030144638,-43.44869852007718,-6.808368188483469,0.07037046633474758,3.4935980237351433e-06
0.6250889131366083,-86.47278602843565,-43.449475131783096,-6.8087964954367886,0.07007749074042094,3.4757459529417866e-06
0.62200290654357,-86.47316983493714,-43.45024778348341,-6.809222636399441,0.06978594834341552,3.457987658786137e-06
0.6189320269135528,-86.47355173052763,-43.451016495849636,-6.809646622503044,0.06949583225113257,3.440322621675718e-06
0.61587620118266,-86.47393172473562,-43.45178128944053,-6.810068464820225,0.06920713560292244,3.4227503254741836e-06
0.6128353566289307,-86.47430982704228,-43.4525421847031,-6.810488174365026,0.0689198515699439,3.405270256974195e-06
0.6098094208707555,-86.4746860468814,-43.453299201973216,-6.810905762093229,0.06863397335501906,3.3878819063135657e-06
0.6067983218657387,-86.47506039363944,-43.45405236147595,-6.811321238902606,0.06834949419253503,3.3705847664342263e-06
0.6038019879087406,-86.4754328766557,-43.45480168332643,-6.811734615633293,0.0680664073482593,3.353378333612507e-06
0.6008203476307031,-86.47580350522307,-43.455547187530556,-6.812145903068127,0.06778470611923956,3.3362621070965707e-06
0.5978533299972215,-86.47617228858789,-43.45628889398555,-6.812555111932945,0.06750438383366561,3.3192355889800716e-06
0.5949008643069251,-86.47653923595033,-43.45702682248058,-6.812962252896896,0.0672254338507322,3.302298284582882e-06
0.5919628801899763,-86.47690435646427,-43.457760992697345,-6.813367336572752,0.06694784956049256,3.2854497022182664e-06
0.5890393076068404,-86.47726765923807,-43.45849142421078,-6.8137703735172375,0.06667162438375518,3.2686893530842675e-06
0.5861300768467371,-86.47762915333448,-43.45921813648969,-6.81417137423134,0.06639675177193577,3.252016751243286e-06
0.5832351185262026,-86.4779888477708,-43.459941148897215,-6.8145703491605945,0.06612322520693333,3.235431413873965e-06
0.5803543635875352,-86.4783467515194,-43.460660480691644,-6.814967308695423,0.06585103820097919,3.2189328608665223e-06
0.5774877432974715,-86.47870287350776,-43.46137615102699,-6.815362263171445,0.06558018429652493,3.2025206152227525e-06
0.5746351892458249,-86.47905722261852,-43.46208817895328,-6.815755222869712,0.06531065706611319,3.1861942026518202e-06
0.571796633343972,-86.47940980769019,-43.46279658341766,-6.8161461980171065,0.06504245011224484,3.1699531517701907e-06
0.5689720078234876,-86.47976063751689,-43.46350138326468,-6.816535198786589,0.06477555706725015,3.153796993867328e-06
0.5661612452346821,-86.48010972084896,-43.464202597236905,-6.816922235297495,0.06450997159315527,3.137725263289643e-06
0.5633642784452733,-86.4804570663927,-43.46490024397554,-6.817307317615841,0.06424568738156494,3.121737496925821e-06
0.5605810406388939,-86.48080268281115,-43.465594342021056,-6.817690455754615,0.06398269815351934,3.1058332346507712e-06
0.5578114653138176,-86.48114657872395,-43.46628490981374,-6.818071659674088,0.06372099765938831,3.090012018848906e-06
0.5550554862814107,-86.48148876270758,-43.466971965694235,-6.8184509392820845,0.06346057967871879,3.074273394878602e-06
0.5523130376648591,-86.48182924329572,-43.46765552790415,-6.818828304434274,0.06320143802012676,3.0586169107919063e-06
0.5495840538978699,-86.48216802897953,-43.468335614586756,-6.81920376493448,0.0629435665211737,3.043042117051468e-06
0.5468684697230157,-86.48250512820726,-43.46901224378716,-6.819577330534918,0.06268695904821839,3.027548567104898e-06
0.5441662201906847,-86.48284054938537,-43.469685433453314,-6.819949010936527,0.062431609496319346,3.0121358169415633e-06
0.5414772406575704,-86.48317430087802,-43.470355201436384,-6.820318815789252,0.06217751178909852,2.996803425211391e-06
0.5388014667852594,-86.48350639100804,-43.4710215654914,-6.820686754692316,0.06192465987860969,2.9815509532114434e-06
0.5361388345390306,-86.48383682805606,-43.47168454327752,-6.821052837194459,0.06167304774522902,2.966377964672746e-06
0.5334892801863667,-86.48416562026155,-43.47234415235891,-6.821417072794276,0.06142266939752446,2.9512840260985475e-06
0.5308527402956498,-86.48449277582294,-43.473000410205195,-6.8217794709404735,0.06117351887212712,2.9362687065994824e-06
0.5282291517349093,-86.48481830289748,-43.47365333419183,-6.822140041032097,0.06092559023362024,2.921331577630174e-06
0.5256184516703518,-86.48514220960196,-43.47430294160103,-6.822498792418916,0.06067887757440889,2.9064722133470564e-06
0.5230205775651875,-86.48546450401217,-43.47494924962178,-6.822855734401557,0.06043337501461116,2.891690190212749e-06
0.5204354671780921,-86.48578519416401,-43.47559227535089,-6.8232108762319,0.060189076701911426,2.876985087553057e-06
0.5178630585621825,-86.48610428805272,-43.47623203579304,-6.823564227113225,0.05994597681147234,2.8623564867045076e-06
0.5153032900633842,-86.48642179363397,-43.4768685478617,-6.823915796200587,0.059704069545781654,2.8478039719435644e-06
0.5127561003193861,-86.48673771882343,-43.477501828379374,-6.824265592601009,0.059463349134562936,2.833327129666409e-06
0.510221428258225,-86.48705207149757,-43.478131894078466,-6.824613625373812,0.05922380983463787,2.818925548861863e-06
0.5076992130969532,-86.48736485949311,-43.478758761601334,-6.824959903530785,0.05898544592980765,2.804598820972065e-06
0.5051893943404634,-86.48767609060795,-43.47938244750122,-6.8253044360365465,0.058748251730746985,2.7903465396144535e-06
0.5026919117800733,-86.48798577260054,-43.480002968242324,-6.825647231808689,0.05851222157487047,2.7761683011053047e-06
0.500206705492322,-86.48829391319111,-43.480620340200794,-6.825988299718153,0.058277349826224706,2.7620637037569454e-06
0.497733715837642,-86.48860052006097,-43.48123457966488,-6.826327648589407,0.05804363087536617,2.7480323485544472e-06
0.4952728834591583,-86.48890560085336,-43.48184570283574,-6.826665287200759,0.05781105913925061,2.7340738387930477e-06
0.49282414928137064,-86.48920916317293,-43.48245372582748,-6.827001224284532,0.057579629061112664,2.7201877797707907e-06
0.49038745450893984,-86.48951121458671,-43.48305866466805,-6.827335468527362,0.057349335110351875,2.706373779480255e-06
0.487962740625272,-86.48981176262362,-43.48366053529963,-6.82766802857048,0.05712017178241047,2.6926314480466825e-06
0.48554994939145074,-86.49011081477518,-43.48425935357898,-6.827998913009881,0.056892133598663026,2.6789603978604147e-06
0.4831490228449914,-86.4904083784956,-43.48485513527823,-6.828328130396655,0.05666521510631156,2.6653602435707954e-06
0.4807599032984084,-86.49070446120153,-43.48544789608496,-6.82865568923716,0.05643941087825271,2.6518306020501503e-06
0.4783825333381811,-86.49099907027272,-43.486037651602906,-6.828981597993297,0.056214715512976174,2.63837109253527e-06
0.47601685582344105,-86.49129221305218,-43.48662441735257,-6.82930586508278,0.055991123634454854,2.624981336421257e-06
0.4736628138847084,-86.4915838968461,-43.487208208771406,-6.829628498879338,0.055768629892020985,2.6116609570652762e-06
0.47132035092267166,-86.49187412892404,-43.48778904121436,-6.829949507712942,0.05554722896025237,2.598409580335782e-06
0.4689894106070697,-86.49216291651955,-43.48836692995449,-6.830268899870095,0.055326915538876684,2.585226834237549e-06
0.4666699368753387,-86.49245026682998,-43.488941890183405,-6.83058668359405,0.05510768435264188,2.5721123488049437e-06
0.46436187393155093,-86.49273618701645,-43.4895139370114,-6.8309028670849905,0.05488953015121989,2.5590657561974985e-06
0.4620651662450719,-86.49302068420477,-43.49008308546848,-6.831217458500367,0.05467244770908261,2.546086690899546e-06
0.45977975854936,-86.4933037654848,-43.4906493505043,-6.8315304659550495,0.05445643182539468,2.533174789298372e-06
0.4575055958409611,-86.49358543791122,-43.491212746988914,-6.83184189752158,0.05424147732391295,2.520329689983229e-06
0.4552426233781708,-86.49386570850332,-43.49177328971306,-6.832151761230408,0.05402757905287415,2.5075510335448278e-06
0.45299078667985454,-86.49414458424546,-43.49233099338873,-6.832460065070117,0.05381473188487812,2.4948384627773922e-06
0.4507500315241724,-86.49442207208703,-43.49288587264955,-6.832766816987659,0.05360293071677226,2.482191622641908e-06
0.44852030394761844,-86.49469817894291,-43.493437942051344,-6.833072024888593,0.05339217046956664,2.469610159885442e-06
0.44630155024374235,-86.49497291169301,-43.493987216072156,-6.833375696637228,0.05318244608830844,2.457093723307337e-06
0.44409371696198774,-86.49524627718334,-43.49453370911333,-6.833677840056975,0.0529737525419863,2.444641963906345e-06
0.44189675090644165,-86.49551828222559,-43.49507743549944,-6.8339784629304665,0.0527660848234025,2.432254534732512e-06
0.43971059913490623,-86.4957889335974,-43.4956184094789,-6.834277572999828,0.052559437949096816,2.419931090549357e-06
0.4375352089574768,-86.49605823804244,-43.496156645224346,-6.834575177966861,0.052353806959211505,2.4076712883704336e-06
0.43537052793558667,-86.49632620227092,-43.49669215683319,-6.834871285493322,0.052149186917403216,2.39547478698583e-06
0.4332165038807848,-86.49659283295962,-43.497224958327955,-6.835165903201092,0.051945572910731215,2.383341247211091e-06
0.4310730848535916,-86.49685813675181,-43.497755063656626,-6.835459038672388,0.05174296004955266,2.3712703319243837e-06
0.4289402191623822,-86.4971221202575,-43.49828248669305,-6.8357506994499735,0.051541343467416255,2.359261705708349e-06
0.4268178553622864,-86.49738479005391,-43.49880724123756,-6.836040893037424,0.051340718320962264,2.347315035370314e-06
0.4247059422540387,-86.49764615268532,-43.499329341017216,-6.8363296268992935,0.051141079789822644,2.335429989324101e-06
0.42260442888286553,-86.49790621466336,-43.49984879968625,-6.8366169084613375,0.05094242307650717,2.3236062381322223e-06
0.42051326453724835,-86.49816498246727,-43.500365630826536,-6.836902745110725,0.05074474340629444,2.31184345408835e-06
0.4184323987481213,-86.49842246254367,-43.50087984794781,-6.837187144196224,0.05054803602716282,2.3001413112864486e-06
0.4163617812874477,-86.49867866130722,-43.501391464488286,-6.837470113028442,0.05035229620965141,2.2884994858655223e-06
0.41430136216728175,-86.49893358514055,-43.50190049381499,-6.837751658880025,0.05015751924677644,2.2769176556681997e-06
0.41225109163855445,-86.49918724039445,-43.50240694922422,-6.838031788985873,0.04996370045392121,2.265395500615878e-06
0.4102109201900989,-86.49943963338788,-43.50291084394167,-6.838310510543281,0.04977083516874027,2.253932702150034e-06
0.4081807985475919,-86.49969077040822,-43.50341219112302,-6.838587830712198,0.049578918751068256,2.2425289435796558e-06
0.40616067767229913,-86.49994065771168,-43.50391100385449,-6.838863756615438,0.049387946582799304,2.2311839101759984e-06
0.4041505087601581,-86.50018930152314,-43.50440729515297,-6.839138295338853,0.04919791406780386,2.2198972889457614e-06
0.40215024324053966,-86.50043670803646,-43.50490107796654,-6.8394114539315485,0.049008816631816346,2.208668768622622e-06
0.40015983277542677,-86.50068288341458,-43.505392365174785,-6.83968323940606,0.04882064972235638,2.197498039719315e-06
0.3981792292580948,-86.50092783378942,-43.50588116958904,-6.839953658738526,0.0486334088086045,2.186384794410554e-06
0.39620838481217563,-86.50117156526271,-43.5063675039532,-6.840222718868988,0.048447089381323465,2.1753287268015595e-06
0.3942472517906377,-86.50141408390543,-43.50685138094362,-6.840490426701464,0.04826168695275697,2.1643295327695923e-06
0.39229578277456195,-86.50165539575855,-43.50733281316986,-6.84075678910422,0.04807719705651667,2.1533869095785924e-06
0.3903539305722625,-86.50189550683244,-43.50781181317465,-6.841021812909901,0.04789361524750424,2.1425005566094183e-06
0.3884216482181617,-86.50213442310799,-43.50828839343483,-6.841285504915824,0.047710937101807606,2.1316701746691995e-06
-0.18784108964452395,-81.05017518774875,-41.73789924663731,-6.739451834867816,0.04911527608149933,3.632456264237807e-06
-0.18730435340928356,-81.05621932988255,-41.73973837716088,-6.739633693333121,0.04910196101484409,3.630961621040513e-06
-0.1867636556375985,-81.06232901767414,-41.74157202637213,-6.73981349149853,0.049088493293385056,3.6294409562130714e-06
-0.18621895252661133,-81.06850417460664,-41.743400222855705,-6.739991243763123,0.049074889780732635,3.627899059271949e-06
-0.18567025752197477,-81.07474472353135,-41.74522298379999,-6.740166956885535,0.049061150621936556,3.6263362219585443e-06
-0.1851175841310862,-81.08105058695443,-41.74704032650223,-6.740340637657563,0.04904727595896787,3.624752708915154e-06
-0.184560945912377,-81.08742168703739,-41.748852268369696,-6.740512292905323,0.049033265933739155,3.623148761169234e-06
-0.1840003564754608,-81.09385794559796,-41.750658826918894,-6.740681929488972,0.049019120687952535,3.6215245985148534e-06
-0.18343582948121928,-81.1003592841102,-41.75246001977443,-6.740849554302385,0.04900484036296714,3.6198804216457854e-06
-0.1828673786418524,-81.10692562370546,-41.75425586466827,-6.741015174272901,0.04899042509967936,3.618216414079828e-06
-0.1822950177209353,-81.11355688517277,-41.7560463794388,-6.741178796361035,0.04897587503841478,3.616532743891343e-06
-0.18171876053336175,-81.12025298895922,-41.7578315820297,-6.741340427560163,0.04896119031883567,3.6148295652672746e-06
-0.18113862094533845,-81.12701385517077,-41.75961149048933,-6.741500074896307,0.04894637107985039,3.6131070199100525e-06
-0.1805546128743051,-81.13383940357281,-41.761386122969654,-6.74165774542783,0.04893141745954213,3.6113652382987127e-06
-0.1799667502888502,-81.1407295535905,-41.76315549772535,-6.741813446245169,0.04891632959509652,3.6096043408220385e-06
-0.17937504720859818,-81.14768422430959,-41.764919633113024,-6.741967184470596,0.04890110762274721,3.6078244388036754e-06
-0.1787795177040899,-81.15470333447676,-41.76667854759017,-6.742118967257929,0.048885751677717665,3.606025635417974e-06
-0.1781801758966168,-81.16178680250042,-41.76843225971438,-6.742268801792294,0.04887026189417777,3.604208026517299e-06
-0.17757703595808094,-81.16893454645108,-41.77018078814246,-6.742416695289859,0.048854638405196105,3.60237170137643e-06
-0.1769701121108041,-81.17614648406204,-41.771924151629484,-6.742562654997579,0.04883888134271118,3.600516743358843e-06
-0.17635941862735247,-81.18342253272989,-41.77366236902792,-6.742706688192945,0.048822990837493425,3.598643230525629e-06
-0.17574496983033705,-81.19076260951519,-41.77539545928685,-6.742848802183741,0.04880696701911901,3.596751236171758e-06
-0.17512678009218427,-81.1981666311429,-41.77712344145096,-6.742989004307776,0.04879081001594516,3.594840829315453e-06
-0.17450486383493816,-81.20563451400321,-41.7788463346598,-6.743127301932665,0.048774519955089086,3.5929120751391597e-06
-0.17387923553003068,-81.21316617415182,-41.78056415814677,-6.74326370245554,0.04875809696240633,3.5909650353824217e-06
-0.17324990969804369,-81.22076152731069,-41.7822769312383,-6.74339821330284,0.048741541162480764,3.58899976869041e-06
-0.17261690090846715,-81.22842048886864,-41.78398467335305,-6.743530841930048,0.048724852678606836,3.5870163309470903e-06
-0.17198022377944464,-81.23614297388193,-41.78568740400096,-6.743661595821449,0.048708031632781486,3.585014775556948e-06
-0.17133989297754829,-81.24392889707475,-41.78738514278238,-6.743790482489893,0.04869107814569087,3.5829951536903195e-06
-0.17069592321748295,-81.25177817284003,-41.78907790938725,-6.743917509476536,0.048673992336705545,3.5809575145392575e-06
-0.1700483292618625,-81.25969071523974,-41.79076572359418,-6.744042684350614,0.048656774323877265,3.5789019055081306e-06
-0.16939712592090006,-81.2676664380058,-41.79244860526963,-6.744166014709193,0.04863942422392819,3.5768283724145458e-06
-0.16874232805219172,-81.27570525454045,-41.794126574367006,-6.7442875081769245,0.048621942152253975,3.57473695964688e-06
-0.1680839505603979,-81.2838070779169,-41.795799650925815,-6.7444071724058094,0.048604328222916,3.5726277103243914e-06
-0.1674220083969856,-81.29197182088004,-41.797467855070764,-6.744525015074949,0.04858658254864622,3.5705006664320605e-06
-0.16675651655994894,-81.3001993958469,-41.799131207010966,-6.7446410438903195,0.04856870524084436,3.5683558689462912e-06
-0.1660874900935372,-81.30848971490744,-41.80078972703902,-6.744755266584523,0.04855069640957673,3.5661933579424235e-06
-0.16541494408795368,-81.31684268982497,-41.802443435530165,-6.744867690916538,0.048532556163583006,3.564013172693376e-06
-0.1647388936790778,-81.32525823203683,-41.80409235294136,-6.74497832467149,0.048514284610272816,3.561815351763932e-06
-0.16405935404819455,-81.3337362526551,-41.80573649981058,-6.745087175660427,0.04849588185573343,3.5595999330898607e-06
-0.16337634042166832,-81.34227666246703,-41.80737589675573,-6.74519425172004,0.04847734800473025,3.5573669540465053e-06
-0.16268986807069466,-81.35087937193596,-41.809010564474036,-6.745299560712473,0.04845868316071328,3.555116451514323e-06
-0.16199995231097428,-81.35954429120149,-41.81064052374089,-6.745403110525038,0.04843988742582112,3.55284846194412e-06
-0.1613066085024473,-81.36827133008052,-41.812265795409246,-6.74550490907001,0.04842096090088515,3.550563021405973e-06
-0.16060985204898115,-81.37706039806773,-41.81388640040866,-6.7456049642843725,0.04840190368543531,3.548260165632548e-06
-0.1599096983980851,-81.38591140433611,-41.81550235974439,-6.745703284129584,0.048382715877705006,3.5459399300684902e-06
-0.15920616304060864,-81.39482425773772,-41.81711369449661,-6.745799876591341,0.04836339757464023,3.5436023499011768e-06
-0.15849926151044005,-81.40379886680427,-41.81872042581948,-6.7458947496793344,0.048343948871901556,3.541247460102202e-06
-0.15778900938424437,-81.4128351397478,-41.820322574940384,-6.745987911427027,0.04832436986387484,3.538875295458905e-06
-0.1570754222810982,-81.42193298446118,-41.82192016315892,-6.746079369891378,0.04830466064367592,3.536485890588586e-06
-0.15635851586226326,-81.43109230851896,-41.82351321184626,-6.746169133152667,0.048284821303158,3.5340792799806813e-06
-0.15563830583083452,-81.44031301917776,-41.825101742444005,-6.746257209314182,0.048264851932921,3.531655498009044e-06
-0.15491480793146295,-81.44959502337721,-41.82668577646365,-6.746343606502062,0.04824475262231352,3.5292145789573223e-06
-0.15418803795005998,-81.45893822774028,-41.82826533548544,-6.746428332864986,0.04822452345944833,3.526756557031502e-06
-0.15345801171348064,-81.4683425385742,-41.82984044115774,-6.746511396573993,0.04820416453120427,3.524281466377788e-06
-0.15272474508923073,-81.47780786187089,-41.831411115195976,-6.746592805822195,0.048183675923237614,3.521789341102168e-06
-0.15198825398516505,-81.48733410330773,-41.832977379381965,-6.746672568824592,0.04816305771998589,3.519280215277895e-06
-0.15124855434918194,-81.49692116824822,-41.83453925556294,-6.746750693817787,0.048142310004682075,3.516754122958385e-06
-0.15050566216892533,-81.50656896174272,-41.83609676565077,-6.746827189059799,0.04812143285935867,3.5142110981898607e-06
-0.14975959347148665,-81.51627738852866,-41.83764993162099,-6.746902062829763,0.04810042636485737,3.511651175015198e-06
-0.14901036432307976,-81.52604635303192,-41.83919877551213,-6.746975323427763,0.048079290600838105,3.5090743874868885e-06
-0.1482579908287725,-81.53587575936689,-41.84074331942469,-6.747046979174541,0.0480580256457872,3.5064807696767567e-06
-0.1475024891321397,-81.54576551133731,-41.842283585520356,-6.747117038411287,0.04803663157702523,3.5038703556764076e-06
-0.14674387541499903,-81.55571551243713,-41.843819596021206,-6.7471855094994035,0.04801510847071756,3.5012431796100904e-06
-0.14598216589708496,-81.56572566585105,-41.8453513732088,-6.7472524008202654,0.047993456401883135,3.4985992756356032e-06
-0.1452173768357591,-81.57579587445488,-41.846878939423256,-6.747317720774965,0.047971675444403304,3.495938677942916e-06
-0.14444952452567983,-81.58592604081683,-41.84840231706254,-6.747381477784111,0.04794976567102753,3.4932614207751684e-06
-0.14367862529852607,-81.59611606719768,-41.84992152858159,-6.747443680287572,0.04792772715338738,3.490567538418481e-06
-0.1429046955226776,-81.60636585555166,-41.85143659649136,-6.747504336744244,0.04790555996200303,3.4878570652091647e-06
-0.14212775160290836,-81.61667530752712,-41.852947543358084,-6.747563455631809,0.04788326416629346,3.485130035535493e-06
-0.14134780998009117,-81.62704432446712,-41.85445439180238,-6.747621045446514,0.04786083983458426,3.4823864838416933e-06
-0.14056488713088475,-81.63747280741032,-41.85595716449844,-6.747677114702926,0.047838287034117834,3.4796264446364185e-06
-0.13977899956742376,-81.64796065709145,-41.857455884173156,-6.747731671933701,0.04781560583106466,3.476849952484116e-06
-0.1389901638370245,-81.6585077739421,-41.85895057360529,-6.747784725689348,0.04779279629052854,3.474057042010965e-06
-0.13819839652187338,-81.66911405809131,-41.86044125562458,-6.747836284537983,0.04776985847655836,3.471247747912515e-06
-0.1374037142387117,-81.67977940936656,-41.861927953111,-6.747886357065122,0.047746792452159334,3.4684221049416315e-06
-0.1366061336385433,-81.69050372729396,-41.86341068899378,-6.74793495187341,0.04772359827929852,3.465580147923628e-06
-0.13580567140632194,-81.70128691109943,-41.8648894862507,-6.747982077582423,0.047700276018917874,3.46272191175022e-06
-0.1350023442606422,-81.71212885970915,-41.86636436790719,-6.748027742828406,0.047676825730941466,3.4598474313800236e-06
-0.1341961689534468,-81.72302947175041,-41.867835357035496,-6.748071956264065,0.04765324747428524,3.4569567418403026e-06
-0.13338716226968664,-81.73398864555202,-41.8693024767538,-6.748114726558294,0.04762954130686911,3.4540498782331612e-06
-0.13257534102704963,-81.74500627914537,-41.87076575022546,-6.748156062395986,0.04760570728562486,3.451126875727482e-06
-0.1317607220756356,-81.75608227026501,-41.87222520065811,-6.748195972477766,0.04758174546650276,3.448187769564374e-06
-0.13094332229765726,-81.76721651634921,-41.873680851302844,-6.74823446551978,0.0475576559044883,3.445232595052322e-06
-0.13012315860711482,-81.77840891454095,-41.87513272545347,-6.748271550253453,0.04753343865360443,3.4422613875796855e-06
-0.12930024794951486,-81.78965936168831,-41.87658084644543,-6.74830723542524,0.04750909376692825,3.4392741825993855e-06
-0.12847460730153443,-81.8009677543455,-41.87802523765527,-6.748341529796423,0.0474846212965945,3.436271015638231e-06
-0.12764625367074123,-81.81233398877345,-41.87946592249964,-6.748374442142864,0.0474600212938102,3.433251922293684e-06
-0.12681520409525446,-81.82375796094034,-41.8809029244344,-6.748405981254753,0.0474352938088603,3.4302169382419093e-06
-0.1259814756434732,-81.83523956652276,-41.88233626695399,-6.748436155936419,0.047410438891122335,3.4271660992232156e-06
-0.1251450854137282,-81.84677870090606,-41.88376597359048,-6.74846497500606,0.047385456589071555,3.4240994410551553e-06
-0.12430605053401898,-81.85837525918517,-41.88519206791268,-6.748492447295527,0.047360346950294785,3.4210169996240772e-06
-0.12346438816165221,-81.87002913616539,-41.88661457352545,-6.74851858165009,0.047335110021497186,3.417918810893516e-06
-0.12262011548297341,-81.88174022636315,-41.88803351406879,-6.748543386928204,0.04730974584851497,3.4148049108914426e-06
-0.12177324971305076,-81.89350842400665,-41.889448913217045,-6.748566872001281,0.04728425447632319,3.411675335720867e-06
-0.12092380809535365,-81.90533362303665,-41.89086079467808,-6.74858904575346,0.04725863594904467,3.408530121555216e-06
-0.12007180790144947,-81.91721571710714,-41.89226918219242,-6.748609917081368,0.047232890309965,3.405369304642124e-06
-0.11921726643070145,-81.9291545995863,-41.89367409953255,-6.748629494893904,0.047207017601538365,3.4021929213002845e-06
-0.11836020100994857,-81.94115016355691,-41.89507557050185,-6.748647788111977,0.04718101786539804,3.3990010079117043e-06
-0.11750062899319877,-81.95320230181748,-41.89647361893415,-6.7486648056683345,0.04715489114236571,3.3957936009393653e-06
-0.11663856776133003,-81.96531090688254,-41.897868268692484,-6.748680556507255,0.047128637472465915,3.3925707369065447e-06
-0.1157740347217691,-81.97747587098381,-41.89925954366859,-6.748695049584386,0.04710225689492959,3.389332452413419e-06
-0.11490704730817894,-81.9896970860708,-41.90064746778202,-6.748708293866479,0.04707574944821049,3.3860787841302493e-06
-0.11403762298015965,-82.00197444381145,-41.902032064979196,-6.7487202983311585,0.047049115169989796,3.3828097687897954e-06
-0.1131657792229364,-82.0143078355931,-41.903413359232786,-6.7487310719667155,0.047022354097190994,3.37952544319863e-06
-0.11229153354704444,-82.02669715252316,-41.904791374540835,-6.748740623771863,0.046995466265987676,3.3762258442289192e-06
-0.11141490348801543,-82.03914228542965,-41.90616613492577,-6.748748962755492,0.046968451711812575,3.372911008822781e-06
-0.11053590660607626,-82.05164312486248,-41.90753766443391,-6.7487560979364805,0.046941310469368225,3.3695809739911546e-06
-0.10965456048584302,-82.06419956109364,-41.90890598713443,-6.748762038343438,0.04691404257264043,3.3662357768146642e-06
-0.10877088273598887,-82.07681148411842,-41.91027112711863,-6.748766793014477,0.0468866480549049,3.362875454434921e-06
-0.1078848909889598,-82.08947878365596,-41.91163310849914,-6.748770370997003,0.04685912694873853,3.359500044063562e-06
-0.10699660290064095,-82.10220134914994,-41.91299195540902,-6.748772781347463,0.046831479286029515,3.356109582976533e-06
-0.10610603615005476,-82.11497906976973,-41.91434769200119,-6.74877403313115,0.046803705097987564,3.352704108521729e-06
-0.10521320843906141,-82.12781183441066,-41.91570034244733,-6.748774135421934,0.04677580441515296,3.3492836581056213e-06
-0.10431813749202921,-82.14069953169526,-41.91704993093731,-6.748773097302074,0.04674777726741039,3.3458482692026872e-06
-0.10342084105553452,-82.15364204997378,-41.918396481678315,-6.7487709278619725,0.046719623683993995,3.3423979793551e-06
-0.10252133689804076,-82.16663927732496,-41.91974001889399,-6.748767636199942,0.046691343693503654,3.3389328261624103e-06
-0.10161964280960417,-82.1796911015571,-41.921080566823775,-6.748763231422005,0.04666293732390973,3.3354528472961602e-06
-0.10071577660154642,-82.19279741020847,-41.922418149722,-6.748757722641647,0.04663440460256686,3.3319580804885885e-06
-0.099809756106153,-82.20595809054839,-41.923752791857154,-6.74875111897959,0.04660574555622197,3.328448563531928e-06
-0.09890159917634384,-82.21917302957777,-41.92508451751098,-6.748743429563571,0.04657696021102768,3.324924334282669e-06
-0.09799132368539165,-82.23244211403028,-41.926413350977946,-6.748734663528131,0.04654804859254711,3.321385430665071e-06
-0.09707894752657849,-82.24576523037283,-41.9277393165642,-6.74872483001438,0.046519010725770873,3.3178318906596393e-06
-0.09616448861290483,-82.25914226480636,-41.92906243858686,-6.748713938169754,0.04648984663512305,3.3142637523106713e-06
-0.0952479648767792,-82.27257310326692,-41.93038274137331,-6.7487019971478235,0.04646055634447209,3.3106810537228407e-06
-0.09432939426967887,-82.28605763142627,-41.93170024926032,-6.748689016108055,0.046431139877141626,3.307083833060663e-06
-0.09340879476187462,-82.29959573469266,-41.93301498659329,-6.748675004215576,0.046401597255922744,3.303472128551641e-06
-0.09248618434209162,-82.31318729821177,-41.93432697772553,-6.748659970640974,0.046371928503080105,3.2998459784806343e-06
-0.09156158101720266,-82.32683220686751,-41.93563624701744,-6.74864392456006,0.046342133640364616,3.296205421194654e-06
-0.09063500281192682,-82.34053034528263,-41.93694281883567,-6.7486268751536365,0.046312212689025245,3.2925504950976436e-06
-0.0897064677685046,-82.35428159781989,-41.938246717552445,-6.748608831607304,0.04628216566981735,3.2888812386561108e-06
-0.08877599394639024,-82.36808584858254,-41.939547967544755,-6.74858980311121,0.04625199260301277,3.285197690390167e-06
-0.08784359942193126,-82.3819429814154,-41.940846593193626,-6.748569798859844,0.046221693508411404,3.2814998888782536e-06
-0.08690930228807835,-82.39585287990555,-41.94214261888326,-6.748548828051815,0.046191268405351454,3.2777878727591823e-06
-0.0859731206540426,-82.40981542738312,-41.94343606900031,-6.748526899889615,0.04616071731271902,3.274061680727621e-06
-0.08503507264500319,-82.42383050692233,-41.94472696793319,-6.748504023579429,0.04613004024895886,3.270321351533921e-06
-0.08409517640178887,-82.43789800134198,-41.94601534007118,-6.748480208330871,0.04609923723208495,3.2665669239882953e-06
-0.08315345008054918,-82.45201779320664,-41.947301209803754,-6.748455463356809,0.046068308279688844,3.262798436949259e-06
-0.08220991185247814,-82.46618976482726,-41.94858460151982,-6.748429797873117,0.04603725340895452,3.2590159293384673e-06
-0.08126457990346889,-82.48041379826215,-41.949865539606925,-6.748403221098467,0.04600607263666477,3.255219440130412e-06
-0.08031747243380305,-82.49468977531765,-41.95114404845051,-6.748375742254103,0.0459747659792136,3.251409008351073e-06
-0.07936860765785339,-82.50901757754914,-41.952420152433156,-6.748347370563628,0.04594333345261394,3.247584673083456e-06
-0.0784180038037532,-82.52339708626177,-41.953693875933816,-6.748318115252774,0.045911775072511686,3.2437464734620703e-06
-0.07746567911310578,-82.53782818251142,-41.954965243327116,-6.748287985549209,0.045880090854193076,3.2398944486744155e-06
-0.07651165184063752,-82.55231074710545,-41.956234278982585,-6.748256990682296,0.04584828081259603,3.2360286379672502e-06
-0.07555594025391785,-82.56684466060356,-41.95750100726383,-6.748225139882877,0.04581634496232195,3.232149080633046e-06
-0.0745985626330213,-82.58142980331876,-41.958765452527935,-6.748192442383076,0.04578428331764385,3.2282558160165823e-06
-0.07363953727023183,-82.59606605531808,-41.960027639124576,-6.748158907416057,0.04575209589251859,3.2243488835186664e-06
-0.07267888246970382,-82.61075329642347,-41.96128759139536,-6.748124544215824,0.045719782700594805,3.220428322585612e-06
-0.07171661654718646,-82.6254914062127,-41.96254533367309,-6.748089362016995,0.045687343755225936,3.2164941727172388e-06
-0.07075275782966718,-82.64028026402036,-41.96380089028102,-6.748053370054611,0.04565477906947772,3.2125464734651084e-06
-0.06978732465509321,-82.65511974893836,-41.965054285532055,-6.748016577563875,0.04562208865614258,3.208585264430727e-06
-0.06882033537203233,-82.67000973981705,-41.966305543728076,-6.747978993779976,0.045589272527746263,3.2046105852610076e-06
-0.06785180833938176,-82.68495011526623,-41.967554689159265,-6.7479406279378775,0.04555633069655843,3.2006224756564313e-06
-0.06688176192603279,-82.6999407536557,-41.96880174610327,-6.747901489272068,0.0455232631746051,3.196620975362857e-06
-0.06591021451056385,-82.71498153311623,-41.97004673882444,-6.747861587016371,0.045490069973676314,3.1926061241763077e-06
-0.0649371844809326,-82.73007233154065,-41.97128969157334,-6.747820930403733,0.045456751105339706,3.188577961942768e-06
-0.06396269023415956,-82.74521302658452,-41.97253062858575,-6.747779528666012,0.04542330658094875,3.184536528550303e-06
-0.0629867501760088,-82.760403495667,-41.97376957408209,-6.747737391033751,0.04538973641165289,3.1804818639340955e-06
-0.062009382720670456,-82.77564361597187,-41.97500655226669,-6.747694526735979,0.04535604060840888,3.1764140080823445e-06
-0.061030606290465785,-82.79093326444837,-41.976241587327046,-6.747650944999995,0.04532221918198948,3.172333001020023e-06
-0.06005043931552071,-82.80627231781196,-41.97747470343308,-6.74760665505115,0.04528827214299431,3.168238882825796e-06
-0.05906890023342446,-82.82166065254546,-41.97870592473652,-6.747561666112655,0.04525419950186091,3.164131693621403e-06
-0.058086007488974155,-82.83709814489967,-41.97993527537007,-6.747515987405341,0.045220001268876445,3.1600114735726928e-06
-0.057101779533804964,-82.85258467089454,-41.98116277944683,-6.7474696281474875,0.04518567745418292,3.155878262888367e-06
-0.05611623482611435,-82.86812010631981,-41.98238846105942,-6.7474225975545705,0.045151228067791725,3.151732101821955e-06
-0.05512939183032978,-82.88370432673602,-41.98361234427946,-6.747374904839089,0.04511665311959455,3.1475730306711084e-06
-0.05414126901678059,-82.8993372074756,-41.984834453156786,-6.747326559210338,0.04508195261936861,3.1434010897765288e-06
-0.05315188486142004,-82.91501862364333,-41.98605481171866,-6.747277569874195,0.04504712657679234,3.1392163195211014e-06
-0.05216125784547871,-82.93074845011778,-41.98727344396926,-6.7472279460329325,0.04501217500145218,3.135018760328126e-06
-0.051169406455168376,-82.94652656155179,-41.98849037388884,-6.7471776968849975,0.04497709790285325,3.1308084526688315e-06
-0.05017634918135811,-82.96235283237355,-41.989705625433054,-6.747126831624797,0.044941895290432333,3.1265854370495843e-06
-0.04918210451926485,-82.97822713678765,-41.99091922253236,-6.747075359442514,0.04490656717356317,3.1223497540211136e-06
-0.048186690968139455,-82.99414934877572,-41.992131189091204,-6.747023289523871,0.044871113561569656,3.1181014441730653e-06
-0.04719012703095245,-83.01011934209748,-41.99334154898739,-6.746970631049951,0.04483553446373656,3.1138405481331124e-06
-0.04619243121406481,-83.02613699029179,-41.99455032607142,-6.746917393196977,0.04479982988931702,3.109567106575026e-06
-0.045193622026943756,-83.0422021666773,-41.995757544165755,-6.746863585136116,0.0447639998475462,3.1052811602039596e-06
-0.04419371798182369,-83.05831474435372,-41.99696322706429,-6.746809216033277,0.04472804434764728,3.1009827497717165e-06
-0.043192737593398846,-83.07447459620242,-41.99816739853138,-6.746754295048879,0.04469196339884631,3.0966719160619394e-06
-0.04219069937851484,-83.09068159488743,-41.99937008230143,-6.746698831337689,0.044655757010377016,3.092348699898235e-06
-0.04118762185584955,-83.10693561285656,-42.00057130207811,-6.746642834048584,0.04461942519149401,3.0880131421441925e-06
-0.04018352354559755,-83.12323652234224,-42.00177108153375,-6.746586312324386,0.04458296795148353,3.0836652836993216e-06
-0.039178422969154664,-83.13958419536229,-42.002969444308555,-6.746529275301609,0.04454638529967068,3.0793051654970515e-06
-0.0381723386488177,-83.15597850372106,-42.00416641401005,-6.746471732110299,0.04450967724543151,3.0749328285110244e-06
-0.037165289107453384,-83.17241931901043,-42.005362014212416,-6.746413691873831,0.04447284379820348,3.070548313752187e-06
-0.03615729286818689,-83.18890651261037,-42.00655626845569,-6.746355163708671,0.044435884967492754,3.0661516622583063e-06
-0.03514836845411032,-83.2054399556904,-42.00774920024529,-6.746296156724224,0.04439880076288606,3.061742915109176e-06
-0.03413853438792183,-83.22201951921016,-42.00894083305126,-6.7462366800226015,0.04436159119406126,3.057322113418564e-06
-0.03312780919167277,-83.23864507392047,-42.010131190307604,-6.746176742698429,0.044324256270796135,3.052889298335391e-06
-0.0321162113864028,-83.2553164903643,-42.01132029541163,-6.746116353838654,0.044286796002978565,3.0484445110366766e-06
-0.031103759491851273,-83.27203363887782,-42.01250817172345,-6.746055522522348,0.04424921040061577,3.0439877927380213e-06
-0.030090472026141245,-83.28879638959114,-42.01369484256507,-6.745994257820502,0.04421149947384405,3.0395191846843916e-06
-0.029076367505454875,-83.30560461242942,-42.014880331219985,-6.745932568795827,0.044173663232940995,3.0350387281566757e-06
-0.028061464443741333,-83.32245817711383,-42.016064660932415,-6.7458704645025716,0.04413570168833427,3.0305464644679574e-06
-0.027045781352382663,-83.33935695316244,-42.017247854906664,-6.745807953986305,0.04409761485060844,3.0260424349583317e-06
-0.026029336739885552,-83.35630080989118,-42.01842993630657,-6.745745046283749,0.04405940273051885,3.0215266810041554e-06
-0.0250121491115817,-83.37328961641494,-42.01961092825472,-6.745681750422543,0.04402106533899824,3.0169992440088704e-06
-0.023994236969293828,-83.39032324164839,-42.020790853832004,-6.745618075421087,0.043982602687170115,3.012460165410347e-06
-0.022975618811042122,-83.40740155430709,-42.02196973607686,-6.745554030288336,0.04394401478635475,3.007909486669582e-06
-0.02195631313072439,-83.42452442290822,-42.02314759798462,-6.745489624023592,0.04390530164808173,3.0033472492868336e-06
-0.020936338417785534,-83.44169171577192,-42.02432446250704,-6.74542486561633,0.04386646328409626,2.998773494782448e-06
-0.019915713156933797,-83.45890330102188,-42.02550035255148,-6.745359764045982,0.04382749970637333,2.994188264709118e-06
-0.018894455827827377,-83.47615904658664,-42.026675290980485,-6.745294328281784,0.04378841092712461,2.9895916006487126e-06
-0.01787258490472758,-83.49345882020032,-42.02784930061095,-6.745228567282533,0.04374919695880619,2.984983544208196e-06
-0.016850118856223267,-83.51080248940389,-42.029022404213755,-6.745162489996438,0.04370985781413403,2.980364137024409e-06
-0.015827076144901833,-83.52818992154585,-42.03019462451292,-6.745096105360915,0.0436703935060866,2.975733420756981e-06
-0.0148034752270383,-83.5456209837834,-42.03136598418515,-6.745029422302389,0.04363080404791973,2.971091437098967e-06
-0.013779334552294744,-83.56309554308332,-42.032536505859134,-6.744962449736109,0.04359108945317444,2.9664382277678036e-06
-0.012754672563386204,-83.58061346622321,-42.03370621211505,-6.744895196565971,0.043551249735684534,2.9617738345005045e-06
-0.011729507695799174,-83.59817461979209,-42.034875125483815,-6.744827671684308,0.04351128490958911,2.9570982990659003e-06
-0.010703858377447929,-83.61577887019176,-42.03604326844665,-6.744759883971724,0.04347119498934108,2.9524116632541293e-06
-0.00967774302838408,-83.63342608363759,-42.03721066343432,-6.744691842296886,0.043430979989714125,2.9477139688837993e-06
-0.008651180060491329,-83.65111612615956,-42.03837733282668,-6.744623555516355,0.04339063992581675,2.9430052577925877e-06
-0.007624187877143314,-83.66884886360332,-42.039543298951976,-6.744555032474379,0.043350174813098066,2.9382855718431423e-06
-0.006596784872935337,-83.68662416163114,-42.040708584086396,-6.744486282002748,0.04330958466735726,2.933554952925446e-06
-0.005568989433332095,-83.70444188572297,-42.04187321045331,-6.74441731292055,0.04326886950475615,2.9288134429456416e-06
-0.004540819934399508,-83.72230190117733,-42.04303720022277,-6.74434813403403,0.04322802934182361,2.9240610838365137e-06
-0.0035122947424477764,-83.7402040731125,-42.044200575511006,-6.744278754136396,0.04318706419546935,2.9192979175553268e-06
-0.002483432213766786,-83.75814826646734,-42.04536335837971,-6.744209182007631,0.04314597408299181,2.914523986073737e-06
-0.0014542506942806462,-83.77613434600248,-42.04652557083553,-6.744139426414303,0.04310475902208406,2.909739331391088e-06
-0.0004247685192558117,-83.79416217630127,-42.04768723482956,-6.744069496109409,0.04306341903084882,2.9049439955223643e-06
0.0006049959870006774,-83.81223162177066,-42.04884837225658,-6.743999399832153,0.04302195412780232,2.900138020504625e-06
0.001635024511477592,-83.83034254664246,-42.05000900495474,-6.743929146307803,0.042980364331887004,2.8953214483973867e-06
0.0026652987527427886,-83.84849481497426,-42.051169154704795,-6.743858744247495,0.04293864966247933,2.890494321276862e-06
0.003695800421261016,-83.86668829065042,-42.05232884322969,-6.743788202348046,0.042896810139399215,2.8856566812395524e-06
0.004726511239707312,-83.88492283738304,-42.05348809219381,-6.7437175292917795,0.0428548457829184,2.8808085703989406e-06
0.005757412943264559,-83.90319831871315,-42.05464692320265,-6.743646733746349,0.04281275661376973,2.8759500308894323e-06
0.006788487279948508,-83.92151459801171,-42.055805357802114,-6.743575824364566,0.042770542653157974,2.871081104860456e-06
0.007819716010890926,-83.93987153848052,-42.05696341747802,-6.74350480978421,0.04272820392276477,2.8662018344800304e-06
0.008851080910671846,-83.95826900315333,-42.05812112365555,-6.7434336986278565,0.042685740444761325,2.8613122619310628e-06
0.009882563767612955,-83.9767068548968,-42.05927849769863,-6.743362499502692,0.042643152241815696,2.8564124294170184e-06
0.01091414638409105,-83.99518495641185,-42.060435560909546,-6.743291221000366,0.042600439337102496,2.8515023791572965e-06
0.011945810576840207,-84.01370317023428,-42.06159233452831,-6.743219871696787,0.042557601754309324,2.8465821533846478e-06
0.012977538177251164,-84.03226135873592,-42.06274883973196,-6.743148460151941,0.04251463951764998,2.841651794346062e-06
0.014009311031711148,-84.05085938412606,-42.063905097634475,-6.7430769949097655,0.04247155265186966,2.836711344306563e-06
0.01504111100186274,-84.06949710845177,-42.06506112928567,-6.743005484497905,0.04242834118225556,2.8317608455423923e-06
0.01607291996494349,-84.0881743935997,-42.06621695567118,-6.742933937427616,0.042385005134644105,2.82680034034585e-06
0.01710471981407851,-84.10689110129671,-42.06737259771164,-6.742862362193534,0.04234154453543073,2.821829871024947e-06
0.018136492458591474,-84.12564709311089,-42.06852807626217,-6.742790767273519,0.04229795941157703,2.816849479897356e-06
0.019168219824295438,-84.14444223045282,-42.06968341211204,-6.7427191611285044,0.042254249790622776,2.811859209298227e-06
0.020199883853823784,-84.16327637457655,-42.070838625983974,-6.742647552202304,0.04221041570069105,2.8068591015688707e-06
0.02123146650690993,-84.1821493865806,-42.07199373853371,-6.742575948921445,0.0421664571704979,2.801849199069594e-06
0.022262949760703428,-84.20106112740905,-42.073148770349476,-6.74250435969501,0.042122374229361985,2.7968295441646883e-06
0.02329431561007209,-84.22001145785269,-42.074303741951525,-6.742432792914468,0.04207816690721157,2.7918001792382488e-06
0.024325546067899467,-84.23900023854986,-42.075458673791516,-6.742361256953479,0.04203383523459341,2.786761146676597e-06
0.02535662316539732,-84.25802732998784,-42.076613586252186,-6.742289760167774,0.04198937924268219,2.7817124888821666e-06
0.026387528952405877,-84.27709259250355,-42.07776849964666,-6.742218310894939,0.041944798963287094,2.776654248264894e-06
0.02741824549769133,-84.29619588628493,-42.0789234342181,-6.742146917454293,0.0419000944288625,2.7715864672491454e-06
0.028448754889254472,-84.31533707137191,-42.080078410139194,-6.742075588146696,0.041855265672513624,2.7665091882598955e-06
0.029479039234621394,-84.3345160076573,-42.08123344751155,-6.742004331254379,0.04181031272800818,2.761422453738236e-06
0.03050908066116752,-84.35373255488813,-42.08238856636535,-6.741933155040807,0.04176523562977946,2.7563263061336035e-06
0.03153886131638901,-84.37298657266658,-42.083543786658765,-6.741862067750492,0.04172003441294189,2.751220787898563e-06
0.03256836336822673,-84.39227792045112,-42.08469912827757,-6.741791077608842,0.041674709113290964,2.7461059414960383e-06
0.03359756900536084,-84.41160645755747,-42.085854611034534,-6.741720192821996,0.04162925976731948,2.7409818093956945e-06
0.034626460437505766,-84.43097204315988,-42.08701025466909,-6.741649421576652,0.0415836864122181,2.7358484340757797e-06
0.03565501989570439,-84.45037453629199,-42.08816607884675,-6.7415787720399285,0.04153798908588872,2.7307058580193143e-06
0.03668322963264699,-84.46981379584814,-42.08932210315873,-6.741508252359199,0.04149216782695132,2.7255541237149004e-06
0.03771107192296194,-84.48928968058425,-42.09047834712138,-6.741437870661907,0.041446222674750996,2.7203932736572547e-06
0.03873852906349668,-84.50880204911904,-42.09163483017579,-6.741367635055438,0.041400153669366224,2.7152233503478668e-06
0.039765583373642846,-84.528350759935,-42.09279157168729,-6.741297553626937,0.04135396085161863,2.710044396288836e-06
0.04079221719561242,-84.54793567137966,-42.09394859094509,-6.741227634443193,0.041307644263075496,2.7048564539936806e-06
0.04181841289475225,-84.56755664166654,-42.09510590716168,-6.741157885550424,0.041261203946065604,2.6996595659738862e-06
0.042844152859825985,-84.58721352887622,-42.09626353947245,-6.741088314974163,0.041214639943679444,2.6944537747470594e-06
0.04386941950331952,-84.60690619095757,-42.09742150693526,-6.741018930719082,0.04116795229978275,2.6892391228329873e-06
0.044894195261735464,-84.6266344857287,-42.09857982852998,-6.740949740768856,0.04112114105902073,2.6840156527560464e-06
0.04591846259588825,-84.6463982708782,-42.099738523157995,-6.7408807530859844,0.041074206266827035,2.6787834070400474e-06
0.04694220399119929,-84.66619740396611,-42.1008976096419,-6.740811975611672,0.04102714796943283,2.6735424282139047e-06
0.04796540195798752,-84.68603174242524,-42.10205710672492,-6.7407434162656426,0.040979966213870414,2.668292758808948e-06
0.0489880390317688,-84.70590114356176,-42.10321703307045,-6.740675082945984,0.04093266104798436,2.6630344413546252e-06
0.050010097773557805,-84.7258054645571,-42.10437740726187,-6.740606983529046,0.04088523252043767,2.6577675183846007e-06
0.05103156077013224,-84.7457445624683,-42.10553824780186,-6.7405391258692475,0.040837680680721675,2.652492032428387e-06
0.052052410634368385,-84.76571829422952,-42.10669957311203,-6.740471517798912,0.040790005579157546,2.6472080260202703e-06
0.053072630005495634,-84.78572651665313,-42.107861401532645,-6.740404167128172,0.040742207266911794,2.641915541688994e-06
0.05409220154940473,-84.8057690864307,-42.10902375132203,-6.740337081644786,0.040694285795996286,2.636614621969668e-06
0.05511110795894552,-84.82584586013418,-42.1101866406562,-6.740270269113979,0.04064624121928086,2.6313053093930006e-06
0.05612933195419926,-84.84595669421692,-42.11135008762854,-6.740203737278333,0.040598073590498045,2.625987646485693e-06
0.05714685628278493,-84.86610144501502,-42.11251411024927,-6.740137493857605,0.04054978296425037,2.6206616757797537e-06
0.05816366372015379,-84.88627996874817,-42.11367872644514,-6.740071546548615,0.04050136939601831,2.615327439793827e-06
0.05917973706984913,-84.9064921215209,-42.11484395405893,-6.74000590302506,0.0404528329421663,2.609984981056047e-06
0.06019505916383844,-84.92673775932377,-42.11600981084915,-6.739940570937409,0.040404173659951845,2.604634342082791e-06
0.06120961286275858,-84.94701673803439,-42.11717631448962,-6.739875557912746,0.04035539160753121,2.5992755653913945e-06
0.06222338105624008,-84.96732891341847,-42.11834348256894,-6.739810871554604,0.0403064868439689,2.593908693495335e-06
0.06323634666315993,-84.98767414113114,-42.11951133259034,-6.739746519442872,0.04025745942923865,2.5885337689030404e-06
0.06424849263196351,-85.00805227671785,-42.120679881971064,-6.739682509133595,0.04020830942423702,2.5831508341139957e-06
0.06525980194092136,-85.0284631756159,-42.12184914804219,-6.739618848158899,0.04015903689078758,2.5777599316308444e-06
0.06627025759844139,-85.0489066931549,-42.12301914804801,-6.73955554402678,0.04010964189164551,2.5723611039488575e-06
0.06727984264332625,-85.06938268455868,-42.12418989914594,-6.739492604221039,0.04006012449051032,2.5669543935536184e-06
0.06828854014507577,-85.08989100494567,-42.12536141840585,-6.739430036201068,0.040010484752027585,2.5615398429283213e-06
0.06929633320417496,-85.11043150933062,-42.126533722809896,-6.739367847401771,0.039960722741795754,2.556117494551609e-06
0.07030320495235688,-85.1310040526255,-42.12770682925211,-6.739306045233407,0.03991083852637643,2.550687390890506e-06
0.07130913855290023,-85.15160848964054,-42.12888075453797,-6.739244637081453,0.03986083217329829,2.545249574405563e-06
0.07231411720091739,-85.1722446750855,-42.130055515384086,-6.739183630306456,0.03981070375106447,2.5398040875536287e-06
0.07331812412361775,-85.19291246357076,-42.13123112841785,-6.739123032243926,0.03976045332915909,2.534350972779617e-06
0.07432114258060807,-85.21361170960861,-42.13240761017709,-6.739062850204193,0.03971008097805312,2.528890272523237e-06
0.07532315586416047,-85.23434226761405,-42.133584977109564,-6.7390030914722345,0.039659586769212433,2.5234220292129738e-06
0.07632414729948696,-85.25510399190625,-42.13476324557291,-6.738943763307619,0.03960897077510312,2.5179462852676367e-06
0.07732410024503833,-85.27589673670954,-42.13594243183398,-6.738884872944304,0.03955823306919719,2.5124630831026626e-06
0.07832299809277309,-85.29672035615465,-42.13712255206874,-6.738826427590551,0.03950737372598048,2.5069724651178573e-06
0.07932082426841654,-85.31757470427974,-42.13830362236177,-6.738768434428765,0.039456392820959495,2.5014744737046693e-06
0.08031756223177168,-85.33845963503155,-42.13948565870598,-6.7387109006153825,0.03940529043066511,2.4959691512472183e-06
0.08131319547697821,-85.35937500226675,-42.140668677002324,-6.738653833280739,0.039354066632660584,2.490456540112152e-06
0.0823077075327823,-85.3803206597528,-42.14185269305941,-6.738597239528945,0.0393027215055466,2.4849366826608284e-06
0.08330108196282456,-85.40129646116925,-42.14303772259314,-6.738541126437738,0.03925125512896942,2.4794096212383237e-06
0.08429330236590384,-85.42230226010899,-42.14422378122653,-6.738485501058398,0.03919966758362432,2.4738753981821676e-06
0.08528435237626282,-85.4433379100792,-42.14541088448921,-6.738430370415583,0.03914795895126518,2.4683340558152304e-06
0.08627421566385317,-85.46440326450262,-42.1465990478172,-6.738375741507213,0.03909612931470598,2.462785636450992e-06
0.0872628759346134,-85.48549817671856,-42.147788286552576,-6.738321621304354,0.03904417875782903,2.4572301823829287e-06
0.08825031693073042,-85.5066224999845,-42.14897861594323,-6.738268016751103,0.038992107365593984,2.451667735896356e-06
0.08923652243092353,-85.52777608747648,-42.15017005114237,-6.738214934764434,0.03893991522403684,2.446098339265313e-06
0.0902214762507087,-85.54895879229097,-42.151362607208405,-6.738162382234111,0.038887602420281914,2.4405220347432645e-06
0.09120516224266915,-85.57017046744582,-42.1525562991046,-6.738110366022557,0.03883516904254507,2.43493886457042e-06
0.09218756429672166,-85.59141096588114,-42.153751141698734,-6.738058892964717,0.03878261518013841,2.429348870978289e-06
0.09316866634038985,-85.61268014046077,-42.15494714976276,-6.738007969867953,0.038729940923477785,2.4237520961761768e-06
0.09414845233907505,-85.63397784397331,-42.15614433797258,-6.737957603511924,0.038677146364087284,2.418148582362931e-06
0.09512690629630449,-85.65530392913355,-42.15734272090789,-6.737907800648488,0.038624231594605186,2.4125383717165053e-06
0.09610401225402301,-85.676658248583,-42.15854231305152,-6.7378585680015295,0.03857119670878961,2.4069215064032924e-06
0.09707975429284058,-85.69804065489181,-42.15974312878955,-6.737809912266908,0.03851804180152505,2.4012980285696795e-06
0.09805411653230882,-85.71945100055939,-42.16094518241077,-6.737761840112297,0.03846476696882605,2.395667980344672e-06
0.09902708313116515,-85.74088913801575,-42.162148488106496,-6.737714358177083,0.03841137230784156,2.3900314038473164e-06
0.0999986382876211,-85.76235491962294,-42.16335305997038,-6.737667473072281,0.038357857916864156,2.3843883411688056e-06
0.10096876623961502,-85.78384819767564,-42.16455891199789,-6.7376211913803585,0.038304223895332105,2.3787388343888498e-06
0.1019374512650588,-85.80536882440289,-42.165766058086355,-6.737575519655191,0.03825047034383511,2.373082925565591e-06
0.10290467768212089,-85.82691665196889,-42.1669745120344,-6.737530464421895,0.03819659736412039,2.3674206567422786e-06
0.10387042984947913,-85.84849153247436,-42.16818428754196,-6.737486032176758,0.03814260505909752,2.3617520699391284e-06
0.10483469216656897,-85.87009331795767,-42.16939539820982,-6.737442229387108,0.03808849353284408,2.356077207160684e-06
0.10579744907385467,-85.89172186039598,-42.17060785753941,-6.737399062491202,0.03803426289060852,2.3503961103886713e-06
0.10675868505308471,-85.91337701170642,-42.17182167893263,-6.7373565378981315,0.037979913238816415,2.3447088215841274e-06
0.10771838462754939,-85.93505862374725,-42.17303687569148,-6.737314661987706,0.03792544468507629,2.339015382690852e-06
0.10867653236231928,-85.95676654831921,-42.17425346101796,-6.73727344111035,0.03787085733818453,2.333315835629723e-06
0.10963311286453044,-85.97850063716639,-42.17547144801368,-6.737232881586996,0.03781615130812918,2.327610222299553e-06
0.11058811078361953,-86.00026074197757,-42.17669084967965,-6.73719298970897,0.037761326706093876,2.3218985845844054e-06
0.11154151081158055,-86.02204671438757,-42.17791167891623,-6.737153771737915,0.03770638364446412,2.3161809643373787e-06
0.11249329768320866,-86.04385840597797,-42.17913394852255,-6.737115233905648,0.03765132223683246,2.310457403395629e-06
0.11344345617636677,-86.06569566827885,-42.18035767119663,-6.7370773824141015,0.0375961425980022,2.3047279435697444e-06
0.11439197111224096,-86.08755835276945,-42.1815828595349,-6.7370402234351685,0.03754084484399084,2.2989926266488968e-06
0.1153388273555644,-86.10944631087976,-42.18280952603212,-6.73700376311066,0.037485429092037545,2.2932514944019156e-06
0.11628400981489327,-86.13135939399147,-42.18403768308115,-6.736968007552169,0.03742989546060431,2.2875045885700005e-06
0.117227503442835,-86.15329745343924,-42.18526734297264,-6.736932962840973,0.03737424406938275,2.2817519508763436e-06
0.11816929323630947,-86.17526034051177,-42.186498517894854,-6.7368986350279405,0.0373184750392985,2.2759936230108507e-06
0.11910936423678427,-86.19724790645309,-42.18773121993353,-6.73686503013344,0.03726258849251346,2.2702296466506196e-06
0.1200477015305302,-86.21926000246381,-42.18896546107164,-6.736832154147245,0.03720658455243113,2.2644600634378417e-06
0.12098429024887117,-86.24129647970216,-42.19020125318909,-6.73680001302841,0.03715046334370395,2.2586849149923154e-06
0.12191911556840207,-86.26335718928517,-42.191438608062654,-6.736768612705216,0.03709422499223169,2.2529042429126996e-06
0.12285216271125181,-86.28544198228998,-42.19267753736569,-6.736737959075041,0.037037869625169424,2.2471180887652524e-06
0.12378341694533128,-86.30755070975493,-42.19391805266799,-6.736708058004296,0.03698139737093153,2.241326494096993e-06
0.12471286358455101,-86.32968322268083,-42.19516016543557,-6.736678915328307,0.036924808359194955,2.235529500420936e-06
0.12564048798908287,-86.35183937203206,-42.19640388703048,-6.736650536851238,0.036868102720901734,2.229727149229272e-06
0.12656627556559305,-86.37401900873769,-42.197649228710546,-6.736622928345991,0.036811280588266715,2.223919481988782e-06
0.12749021176746472,-86.39622198369287,-42.198896201629395,-6.736596095554127,0.03675434209477682,2.2181065401327915e-06
0.12841228209506067,-86.41844814775997,-42.200144816836065,-6.736570044185774,0.03669728737519869,2.212288365068295e-06
0.12933247209593884,-86.44069735176959,-42.201395085274896,-6.736544779919525,0.03664011656558101,2.2064649981769014e-06
0.13025076736509805,-86.46296944652187,-42.20264701778538,-6.736520308402357,0.036582829803257416,2.2006364808083497e-06
0.131167153545216,-86.48526428278785,-42.20390062510202,-6.736496635249574,0.03652542722685188,2.194802854285803e-06
0.13208161632686932,-86.50758171131027,-42.20515591785404,-6.736473766044656,0.036467908976279405,2.188964159906406e-06
0.1329941414487685,-86.52992158280517,-42.206412906565404,-6.736451706339243,0.03641027519275369,2.1831204389343054e-06
0.13390471469799983,-86.55228374796273,-42.20767160165446,-6.736430461653002,0.03635252601878885,2.177271732602581e-06
0.13481332191025086,-86.57466805744878,-42.208932013433945,-6.736410037473575,0.036294661598200564,2.1714180821172334e-06
0.13571994897002337,-86.59707436190563,-42.2101941521107,-6.736390439256465,0.036236682076112574,2.1655595286517036e-06
0.13662458181089654,-86.6195025119537,-42.21145802778567,-6.7363716724249905,0.03617858759895807,2.159696113353131e-06
0.13752720641572064,-86.64195235819226,-42.21272365045357,-6.736353742370169,0.036120378314485564,2.1538278773310665e-06
0.13842780881685723,-86.66442375120111,-42.21399103000297,-6.736336654450676,0.03606205437176022,2.1479548616710645e-06
0.13932637509640258,-86.68691654154112,-42.21526017621586,-6.736320413992716,0.0360036159211669,2.142077107422465e-06
0.14022289138641508,-86.70943057975623,-42.216531098767824,-6.736305026289993,0.03594506311441403,2.136194655605643e-06
0.14111734386913735,-86.7319657163739,-42.21780380722768,-6.736290496603601,0.03588639610453684,2.1303075472064534e-06
0.14200971877720456,-86.75452180190676,-42.21907831105746,-6.736276830161966,0.035827615045897945,2.124415823180278e-06
0.14290000239389047,-86.77709868685362,-42.220354619612195,-6.736264032160747,0.035768720094195135,2.1185195244459817e-06
0.14378818105330446,-86.79969622170076,-42.2216327421399,-6.736252107762796,0.035709711406460135,2.1126186918940683e-06
0.14467424114062866,-86.82231425692292,-42.22291268778134,-6.736241062098045,0.035650589141063574,2.106713366380225e-06
0.14555816909231817,-86.8449526429849,-42.224194465570015,-6.736230900263461,0.035591353457718015,2.1008035887262293e-06
0.1464399513963291,-86.86761123034228,-42.225478084431955,-6.736221627322968,0.035532004517478,2.094889399718038e-06
0.14731957459233314,-86.8902898694429,-42.22676355318562,-6.7362132483073545,0.035472542482746595,2.088970840108835e-06
0.1481970252719226,-86.91298841072805,-42.228050880541915,-6.736205768214241,0.035412967517275074,2.0830479506176563e-06
0.149072290078851,-86.93570670463352,-42.22934007510385,-6.736199192007971,0.0353532797861673,2.0771207719304615e-06
0.14994535570919193,-86.95844460159088,-42.23063114536667,-6.736193524619573,0.03529347945588137,2.0711893446967545e-06
0.15081620891161468,-86.98120195202874,-42.23192409971759,-6.73618877094666,0.035233566694234324,2.065253709526616e-06
0.15168483648755435,-87.0039786063738,-42.23321894643579,-6.736184935853402,0.03517354167039983,2.059313907000135e-06
0.1525512252914275,-87.02677441505219,-42.23451569369228,-6.736182024170432,0.03511340455491598,2.0533699776597327e-06
0.15341536223083463,-87.04958922849049,-42.23581434954983,-6.7361800406947765,0.03505315551968481,2.0474219620089e-06
0.1542772342667839,-87.07242289711715,-42.23711492196283,-6.736178990189811,0.03499279473797623,2.0414699005162623e-06
0.15513682841389337,-87.09527527136343,-42.238417418777274,-6.73617887738518,0.03493232238442533,2.035513833615509e-06
0.1559941317405731,-87.11814620166483,-42.23972184773067,-6.73617970697675,0.03487173863504338,2.029553801700529e-06
0.15684913136925227,-87.14103553846225,-42.24102821645194,-6.736181483626531,0.03481104366721165,2.0235898451253794e-06
0.15770181447658077,-87.16394313220282,-42.24233653246123,-6.736184211962603,0.03475023765968786,2.0176220042139014e-06
0.158552168293608,-87.18686883334172,-42.24364680317013,-6.736187896579113,0.03468932079260782,2.011650319248307e-06
0.15940018010601006,-87.20981249234288,-42.24495903588129,-6.736192542036143,0.03462829324748736,2.0056748304671184e-06
0.16024583725426458,-87.23277395968037,-42.24627323778856,-6.736198152859705,0.03456715520722182,1.999695578080405e-06
0.16108912713386941,-87.25575308583956,-42.247589415976826,-6.7362047335416495,0.034505906856092464,1.9937126022498458e-06
0.1619300371955236,-87.27874972131823,-42.24890757742193,-6.73621228853962,0.03444454837976467,1.987725943103194e-06
0.16276855494533093,-87.30176371662803,-42.250227728990765,-6.736220822277014,0.034383079965289776,1.981735640728385e-06
0.1636046679449789,-87.32479492229531,-42.25154987744102,-6.7362303391428915,0.034321501801111695,1.975741735171072e-06
0.1644383638119587,-87.34784318886264,-42.252874029421314,-6.7362408434919665,0.03425981407705999,1.969744266439208e-06
0.16526963021972965,-87.37090836688964,-42.2542001914709,-6.736252339644492,0.03419801698436075,1.9637432745004944e-06
0.16609845489791966,-87.39399030695469,-42.255528370019995,-6.736264831886287,0.03413611071563144,1.9577387992787362e-06
0.16692482563252312,-87.41708885965554,-42.25685857138931,-6.736278324468596,0.03407409546488378,1.9517308806635056e-06
0.16774873026606832,-87.44020387561095,-42.25819080179039,-6.736292821608121,0.03401197142753027,1.945719558496057e-06
0.1685701566978353,-87.46333520546169,-42.25952506732531,-6.736308327486917,0.03394973880037867,1.9397048725806014e-06
0.16938909288399975,-87.48648269987169,-42.26086137398675,-6.736324846252348,0.03388739778163628,1.9336868626791872e-06
0.1702055268378502,-87.50964620952935,-42.26219972765796,-6.7363423820170665,0.03382494857091184,1.9276655685122146e-06
0.17101944662996693,-87.53282558514854,-42.2635401341127,-6.736360938858936,0.03376239136921743,1.9216410297549575e-06
0.1718308403883769,-87.55602067747023,-42.26488259901535,-6.736380520821017,0.03369972637896676,1.9156132860465877e-06
0.17263969629877537,-87.57923133726307,-42.26622712792066,-6.736401131911479,0.03363695380397937,1.9095823769738036e-06
0.17344600260466883,-87.60245741532496,-42.26757372627388,-6.736422776103589,0.03357407384947993,1.9035483420878323e-06
0.1742497476075742,-87.62569876248426,-42.26892239941072,-6.736445457335649,0.033511086722100084,1.8975112208971363e-06
0.17505091966718522,-87.64895522960087,-42.270273152557436,-6.736469179510983,0.033447992629879145,1.891471052862913e-06
0.17584950720155088,-87.67222666756724,-42.27162599083052,-6.736493946497836,0.0333847917822649,1.8854278774045046e-06
0.1766454986872507,-87.69551292730999,-42.272980919237035,-6.73651976212939,0.03332148439011685,1.8793817338925746e-06
0.17743888265957056,-87.71881385979069,-42.274337942674464,-6.736546630203703,0.03325807066570239,1.873332661661753e-06
0.17822964771265734,-87.74212931600725,-42.27569706593065,-6.736574554483662,0.033194550822701334,1.8672806999961252e-06
0.17901778249971972,-87.76545914699511,-42.27705829368392,-6.736603538696952,0.03313092507620523,1.861225888138596e-06
0.17980327573316118,-87.78880320382828,-42.278421630502976,-6.7366335865360085,0.033067193642718366,1.8551682652843018e-06
0.1805861161847816,-87.81216133762072,-42.279787080847015,-6.736664701657994,0.033003356740159216,1.849107870581021e-06
0.18136629268590737,-87.83553339952739,-42.28115464906567,-6.736696887684765,0.03293941458785928,1.8430447431378794e-06
0.18214379412760273,-87.85891924074551,-42.28252433939905,-6.736730148202814,0.032875367406564375,1.836978922012063e-06
0.1829186094607814,-87.88231871251551,-42.28389615597767,-6.736764486763244,0.0328112154184368,1.830910446216721e-06
0.183690727696406,-87.90573166612269,-42.28527010282265,-6.736799906881749,0.03274695884705303,1.8248393547220688e-06
0.1844601379056319,-87.92915795289791,-42.286646183845576,-6.736836412038571,0.032682597917406214,1.8187656864454467e-06
0.18522682921998992,-87.9525974242191,-42.28802440284863,-6.736874005678461,0.03261813285590644,1.8126894802600368e-06
0.18599079083149742,-87.97604993151222,-42.28940476352449,-6.736912691210654,0.03255356389037885,1.8066107749948913e-06
0.18675201199286687,-87.99951532625259,-42.29078726945656,-6.736952472008852,0.032488891250065106,1.8005296094263573e-06
0.18751048201763781,-88.02299345996595,-42.292171924118776,-6.736993351411165,0.03242411516562455,1.7944460222850736e-06
0.1882661902803229,-88.04648418422981,-42.293558730875866,-6.737035332720114,0.03235923586913426,1.788360052257629e-06
0.1890191262165799,-88.06998735067437,-42.29494769298316,-6.737078419202574,0.03229425359408643,1.7822717379805346e-06
0.18976927932334847,-88.09350281098398,-42.29633881358685,-6.737122614089772,0.03222916857539192,1.7761811180408509e-06
0.19051663915900519,-88.11703041689815,-42.29773209572393,-6.737167920577258,0.03216398104937911,1.7700882309730432e-06
0.19126119534351904,-88.14057002021265,-42.29912754232221,-6.737214341824855,0.03209869125379229,1.7639931152725452e-06
0.19200293755859088,-88.16412147278089,-42.300525156200436,-6.737261880956662,0.03203329942779208,1.757895809380874e-06
0.1927418555477994,-88.18768462651504,-42.301924940068346,-6.737310541061024,0.03196780581195742,1.751796351686451e-06
0.1934779391167455,-88.21125933338695,-42.303326896526656,-6.737360325190502,0.031902210648283656,1.7456947805336288e-06
0.19421117813321442,-88.23484544542968,-42.30473102806717,-6.737411236361851,0.031836514180182705,1.739591134212976e-06
0.19494156252727537,-88.25844281473847,-42.30613733707289,-6.737463277556021,0.03177071665248014,1.7334854509725848e-06
0.19566908229146857,-88.28205129347198,-42.30754582581799,-6.737516451718104,0.03170481831141976,1.727377769000973e-06
0.19639372748092201,-88.30567073385336,-42.30895649646792,-6.737570761757338,0.03163881940465732,1.7212681264424739e-06
0.19711548821348282,-88.32930098817145,-42.31036935107948,-6.737626210547073,0.03157272018126624,1.7151565613885084e-06
0.19783435466986857,-88.3529419087822,-42.31178439160096,-6.737682800924786,0.03150652089173315,1.7090431118772331e-06
0.1985503170937928,-88.37659334810934,-42.31320161987206,-6.737740535692013,0.03144022178795897,1.702927815902604e-06
0.19926336579211068,-88.400255158646,-42.314621037624136,-6.73779941761438,0.031373823123254214,1.696810711400467e-06
0.19997349113492277,-88.42392719295557,-42.31604264648014,-6.737859449421557,0.031307325152344655,1.6906918362603254e-06
0.20068068355575328,-88.44760930367312,-42.31746644795487,-6.73792063380727,0.03124072813136765,1.6845712283160953e-06
0.20138493355162232,-88.47130134350633,-42.31889244345487,-6.737982973429266,0.031174032317868985,1.6784489253504523e-06
0.20208623168322531,-88.49500316523667,-42.32032063427864,-6.738046470909302,0.031107237970806813,1.6723249650952136e-06
0.20278456857502708,-88.51871462172082,-42.321751021616755,-6.7381111288331645,0.031040345350546176,1.6661993852303926e-06
0.20347993491539143,-88.54243556589147,-42.32318360655184,-6.738176949750606,0.030973354718862,1.6600722233796306e-06
0.2041723214567286,-88.56616585075876,-42.32461839005876,-6.738243936175391,0.030906266338933668,1.6539435171193674e-06
0.20486171901557296,-88.58990532941128,-42.32605537300474,-6.738312090585245,0.030839080475348595,1.6478133039659524e-06
0.20554811847275825,-88.61365385501713,-42.32749455614932,-6.738381415421858,0.03077179739410049,1.6416816213894617e-06
0.2062315107734921,-88.63741128082549,-42.3289359401447,-6.7384519130908975,0.03070441736258331,1.635548506802401e-06
0.2069118869274839,-88.66117746016721,-42.33037952553564,-6.7385235859619765,0.03063694064959538,1.6294139975665254e-06
0.2075892380090804,-88.68495224645633,-42.33182531275965,-6.738596436368659,0.03056936752533721,1.62327813098273e-06
0.2082635551573666,-88.70873549319126,-42.333273302147184,-6.738670466608461,0.030501698261409835,1.6171409443078978e-06
0.208934829576277,-88.73252705395554,-42.33472349392155,-6.738745678942821,0.03043393313080993,1.6110024747363645e-06
0.2096030525347091,-88.7563267824195,-42.3361758881993,-6.738822075597139,0.03036607240793431,1.6048627594131052e-06
0.21026821536664123,-88.780134532341,-42.33763048499009,-6.738899658760736,0.030298116368576163,1.598721835426283e-06
0.21093030947123206,-88.80395015756677,-42.33908728419702,-6.738978430586872,0.030230065289920616,1.5925797398091548e-06
0.21158932631294017,-88.82777351203353,-42.34054628561664,-6.739058393192752,0.030161919450548164,1.5864365095408057e-06
0.21224525742160552,-88.85160444976908,-42.342007488939096,-6.739139548659499,0.0300936791304305,1.5802921815430676e-06
0.21289809439259075,-88.8754428248935,-42.34347089374832,-6.739221899032183,0.030025344610927415,1.5741467926825212e-06
0.21354782888685797,-88.89928849162017,-42.34493649952207,-6.73930544631981,0.029956916174788677,1.5680003797707446e-06
0.21419445263106385,-88.923141304257,-42.346404305632134,-6.739390192495323,0.029888394106151118,1.561852979565337e-06
0.2148379574176959,-88.94700111720768,-42.34787431134451,-6.739476139495626,0.029819778690534034,1.5557046287642834e-06
0.2154783351051311,-88.97086778497257,-42.349346515819455,-6.7395632892215485,0.02975107021484089,1.5495553640131727e-06
0.21611557761776376,-88.99474116214995,-42.35082091811167,-6.739651643537893,0.029682268967354486,1.543405221896722e-06
0.21674967694607813,-89.01862110343721,-42.35229751717051,-6.739741204273421,0.029613375237740196,1.5372542389421843e-06
0.21738062514675519,-89.04250746363189,-42.353776311840036,-6.739831973220861,0.029544389317036446,1.531102451628309e-06
0.21800841434276583,-89.06640009763288,-42.35525730085923,-6.739923952136919,0.02947531149766104,1.5249498963675682e-06
0.2186330367234565,-89.09029886044131,-42.35674048286207,-6.740017142742274,0.029406142073401406,1.518796609518716e-06
0.21925448454464436,-89.11420360716221,-42.35822585637792,-6.740111546721629,0.029336881339419012,1.5126426273841014e-06
0.2198727501287012,-89.13811419300488,-42.35971341983132,-6.740207165723658,0.02926752959224144,1.5064879862068704e-06
0.22048782586464052,-89.16203047328472,-42.36120317154249,-6.740304001361069,0.029198087129765196,1.5003327221718903e-06
0.22109970420820313,-89.18595230342399,-42.362695109727376,-6.740402055210616,0.029128554251249196,1.4941768714066136e-06
0.22170837768195142,-89.20987953895286,-42.36418923249767,-6.74050132881305,0.029058931257315707,1.4880204699787476e-06
0.22231383887533085,-89.23381203551074,-42.36568553786125,-6.740601823673219,0.028989218449948347,1.481863553904842e-06
0.22291608044477085,-89.25774964884734,-42.36718402372218,-6.74070354126002,0.028919416132485658,1.4757061591322188e-06
0.22351509511374187,-89.28169223482362,-42.36868468788088,-6.7408064830064385,0.028849524609623135,1.4695483215556205e-06
0.22411087567286134,-89.3056396494132,-42.370187528034435,-6.740910650309566,0.02877954418740857,1.4633900770134623e-06
0.2247034149799505,-89.32959174870317,-42.37169254177663,-6.741016044530605,0.028709475173239504,1.457231461278549e-06
0.22529270596010642,-89.35354838889529,-42.373199726598195,-6.741122666994898,0.02863931787586076,1.451072510066924e-06
0.22587874160578553,-89.37750942630727,-42.37470907988706,-6.741230518991944,0.028569072605362778,1.4449132590338354e-06
0.22646151497687836,-89.40147471737363,-42.37622059892841,-6.741339601775412,0.028498739673178692,1.438753743779546e-06
0.2270410192007652,-89.42544411864685,-42.3777342809049,-6.741449916563156,0.028428319392079345,1.4325939998385448e-06
0.22761724747239312,-89.44941748679871,-42.37925012289704,-6.741561464537273,0.028357812076174743,1.426434062689352e-06
0.22819019305434424,-89.47339467862098,-42.3807681218831,-6.741674246844063,0.028287218040909466,1.4202739677496583e-06
0.2287598492768927,-89.49737555102689,-42.38228827473951,-6.7417882645941125,0.028216537603057923,1.4141137503752714e-06
0.2293262095380881,-89.52135996105207,-42.383810578241004,-6.741903518862278,0.0281457710807219,1.4079534458647962e-06
0.2298892673037926,-89.54534776585554,-42.38533502906079,-6.742020010687723,0.028074918793332643,1.4017930894525639e-06
0.23044901610775537,-89.56933882272091,-42.38686162377078,-6.74213774107394,0.028003981061639295,1.395632716313024e-06
0.23100544955168018,-89.59333298905757,-42.38839035884182,-6.742256710988786,0.027932958207714745,1.3894723615595864e-06
0.23155856130525448,-89.61733012240157,-42.38992123064387,-6.742376921364506,0.027861850554945538,1.3833120602446302e-06
0.23210834510624648,-89.64133008041685,-42.39145423544625,-6.742498373097749,0.027790658428033937,1.3771518473636747e-06
0.23265479476052045,-89.66533272089629,-42.39298936941782,-6.742621067049612,0.027719382152991728,1.3709917578426262e-06
0.2331979041421184,-89.68933790176268,-42.394526628627155,-6.7427450040456485,0.027648022057137307,1.3648318265495316e-06
0.23373766719328695,-89.71334548107002,-42.396066009042876,-6.742870184875917,0.027576578469092887,1.3586720882918969e-06
0.23427407792455518,-89.73735531700436,-42.39760750653379,-6.7429966102950125,0.027505051718783008,1.3525125778138578e-06
0.23480713041475923,-89.76136726788509,-42.39915111686915,-6.743124281022085,0.027433442137428578,1.3463533297972585e-06
0.23533681881110802,-89.7853811921658,-42.40069683571883,-6.743253197740874,0.027361750057545143,1.3401943788628763e-06
0.23586313732919706,-89.80939694843549,-42.402244658653615,-6.743383361099749,0.0272899758129383,1.334035759567692e-06
0.23638608025311322,-89.83341439541962,-42.40379458114536,-6.7435147717117365,0.027218119738700995,1.3278775064085373e-06
0.2369056419353937,-89.85743339198122,-42.405346598567355,-6.743647430154564,0.027146182171209628,1.321719653817638e-06
0.2374218167971464,-89.8814537971217,-42.40690070619435,-6.74378133697067,0.027074163448122898,1.3155622361620302e-06
0.23793459932803748,-89.90547546998233,-42.40845689920302,-6.743916492667281,0.027002063908373678,1.3094052877491497e-06
0.23844398408634151,-89.92949826984496,-42.410015172672026,-6.744052897716407,0.026929883892170457,1.3032488428235396e-06
0.23894993717557944,-89.95352205662034,-42.411575515551725,-6.744190548584542,0.026857616333678294,1.2970923977121392e-06
0.23945251323708758,-89.9775466888082,-42.413137935369846,-6.744329454042928,0.026785277300844297,1.2909341124727904e-06
0.23995167532369532,-90.00157202670788,-42.41470242024113,-6.744469610016063,0.026712858727576186,1.2847767851330516e-06
0.24044741829738736,-90.02559793017363,-42.41626896486069,-6.744611016839842,0.02664036096836137,1.2786204121652477e-06
0.24093973708602764,-90.04962425920573,-42.417837563826374,-6.744753674814736,0.026567784378018922,1.272464993934624e-06
0.24142862668367898,-90.07365087395154,-42.41940821163899,-6.744897584205867,0.026495129311787283,1.2663105342828907e-06
0.2419140821509132,-90.09767763470651,-42.42098090270269,-6.745042745243089,0.0264223961254042,1.260157040155286e-06
0.2423960986150342,-90.12170440191534,-42.42255563132528,-6.745189158121078,0.026349585175179515,1.2540045212692586e-06
0.242874671270342,-90.14573103617288,-42.42413239171843,-6.7453368229993735,0.02627669681805567,1.247852989809773e-06
0.2433497953783291,-90.16975739822509,-42.42571117799806,-6.745485740002495,0.02620373141166786,1.2417024601694302e-06
0.24382146626786927,-90.1937833489704,-42.427291984184635,-6.745635909219986,0.02613068931438957,1.235552948704564e-06
0.24428967933540402,-90.21780874946029,-42.42887480420336,-6.745787330706474,0.026057570885380077,1.2294044735186153e-06
0.24475443004508998,-90.24183346090079,-42.43045963188465,-6.745940004481776,0.025984376484626807,1.2232570542788886e-06
0.24521571392892574,-90.26585734465296,-42.43204646096419,-6.746093930530909,0.025911106472977903,1.2171107120408893e-06
0.24567352658690222,-90.28988026223443,-42.43363528508343,-6.746249108804213,0.02583776121217236,1.210965469095963e-06
0.24612786368711378,-90.31390207532012,-42.43522609778981,-6.746405539217364,0.025764341064871632,1.2048213488265661e-06
0.24657872096582145,-90.33792264574328,-42.43681889253701,-6.746563221651474,0.02569084639468411,1.1986783755962196e-06
0.24702609422760755,-90.36194183549662,-42.4384136626853,-6.746722155953138,0.025617277566181432,1.1925365746284395e-06
0.24746997934539236,-90.3859595067333,-42.44001040150182,-6.746882341934495,0.02554363494492638,1.1863959719204384e-06
0.24791037226056317,-90.4099755217677,-42.4416091021608,-6.747043779373283,0.025469918897481805,1.1802565941367397e-06
0.24834726898299653,-90.43398974307686,-42.443209757743986,-6.747206468012926,0.02539612979142973,1.1741184685543888e-06
0.24878066559113513,-90.45800203330107,-42.44481236124084,-6.74737040756256,0.025322267995381093,1.167981622970714e-06
0.24921055823203694,-90.48201225524508,-42.446416905548844,-6.7475355976971265,0.02524833387898871,1.161846085652144e-06
0.24963694312141452,-90.50602027187924,-42.448023383473874,-6.747702038057418,0.02517432781295673,1.1557118852742816e-06
0.25005981654367065,-90.53002594634009,-42.449631787730326,-6.747869728250128,0.025100250169047055,1.149579050873473e-06
0.25047917485193605,-90.55402914193168,-42.45124211094163,-6.748038667847938,0.0250261013200871,1.1434476117986394e-06
0.2508950144680946,-90.57802972212653,-42.452854345640404,-6.748208856389559,0.024951881639975727,1.137317597674563e-06
0.2513073318828059,-90.60202755056659,-42.45446848426884,-6.74838029337981,0.02487759150368321,1.1311890383601755e-06
0.2517161236555163,-90.626022491064,-42.45608451917882,-6.748552978289648,0.024803231287261893,1.1250619639279036e-06
0.25212138641448784,-90.65001440760254,-42.457702442632566,-6.74872691055628,0.024728801367844333,1.1189364046170164e-06
0.252523116856797,-90.67400316433823,-42.45932224680261,-6.74890208958318,0.02465430212364488,1.1128123908239818e-06
0.25292131174834626,-90.69798862560035,-42.4609439237722,-6.749078514740171,0.024579733933961873,1.1066899530682291e-06
0.2533159679238563,-90.72197065589272,-42.462567465535784,-6.749256185363498,0.024505097179179862,1.1005691219774474e-06
0.25370708228687394,-90.74594911989418,-42.46419286399903,-6.749435100755872,0.02443039224076652,1.0944499282687133e-06
0.2540946518097825,-90.76992388246009,-42.465820110979394,-6.749615260186552,0.024355619501274614,1.0883324027297024e-06
0.2544786735337643,-90.79389480862285,-42.46744919820622,-6.7497966628913915,0.024280779344337824,1.0822165762050612e-06
0.25485914456882597,-90.8178617635932,-42.469080117321205,-6.749979308072924,0.024205872154672636,1.0761024795835322e-06
0.25523606209375416,-90.84182461276102,-42.47071285987872,-6.750163194900424,0.024130898318075175,1.0699901437871611e-06
0.25560942335613884,-90.8657832216962,-42.47234741734592,-6.750348322509949,0.024055858221419445,1.063879599750931e-06
0.2559792256723036,-90.88973745614982,-42.47398378110335,-6.7505346900044465,0.023980752252652053,1.0577708784291203e-06
0.25634546642735667,-90.91368718205504,-42.47562194244506,-6.750722296453785,0.023905580800793583,1.0516640107759854e-06
0.2567081430750927,-90.93763226552791,-42.477261892579016,-6.750911140894857,0.023830344255934666,1.0455590277394402e-06
0.257067253138036,-90.96157257286846,-42.478903622627385,-6.751101222331616,0.023755043009228996,1.039455960258555e-06
0.25742279420737074,-90.98550797056167,-42.48054712362692,-6.751292539735168,0.023679677452893483,1.033354839255956e-06
0.2577747639429419,-91.0094383252782,-42.48219238652915,-6.75148509204382,0.023604247980204666,1.0272556956243618e-06
0.2581231600732093,-91.03336350387569,-42.48383940220089,-6.751678878163178,0.023528754985490858,1.0211585602348368e-06
0.25846798039521385,-91.05728337339933,-42.48548816142445,-6.751873896966191,0.023453198864134307,1.0150634639212887e-06
0.25880922277455465,-91.081197801083,-42.487138654897954,-6.752070147293244,0.023377580012561544,1.0089704374826068e-06
0.25914688514535655,-91.10510665435018,-42.488790873235764,-6.752267627952213,0.023301898828240686,1.0028795116826692e-06
0.2594809655102125,-91.12900980081483,-42.490444806968725,-6.752466337718549,0.023226155709676788,9.967907172335668e-07
0.2598114619401705,-91.15290710828242,-42.4921004465446,-6.752666275335361,0.023150351056409918,9.907040848054187e-07
0.2601383725746668,-91.17679844475063,-42.49375778232825,-6.752867439513452,0.023074485269004356,9.846196450204386e-07
0.2604616956215051,-91.20068367841058,-42.49541680460217,-6.753069828931443,0.02299855874905142,9.785374284479443e-07
0.2607814293568118,-91.22456267764751,-42.49707750356666,-6.753273442235815,0.022922571899159666,9.724574656075932e-07
0.2610975721249637,-91.24843531104172,-42.49873986934022,-6.753478278040988,0.022846525122948422,9.663797869607796e-07
0.2614101223385677,-91.27230144736959,-42.50040389195998,-6.753684334929421,0.022770418825049075,9.603044229168322e-07
0.2617190784784148,-91.29616095560444,-42.50206956138187,-6.7538916114516505,0.02269425341109207,9.542314038218104e-07
0.2620244390934018,-91.32001370491737,-42.50373686748117,-6.754100106126416,0.022618029287707658,9.481607599626569e-07
0.2623262028004929,-91.34385956467837,-42.505405800052735,-6.754309817440695,0.022541746862517687,9.420925215697548e-07
0.26262436828468055,-91.36769840445679,-42.507076348811275,-6.7545207438497945,0.022465406544132344,9.360267188123762e-07
0.2629189342989009,-91.39153009402274,-42.508748503391864,-6.7547328837774545,0.022389008742141038,9.299633817930082e-07
0.26320989966400377,-91.41535450334763,-42.510422253350214,-6.7549462356158925,0.02231255386711046,9.239025405535668e-07
0.26349726326867434,-91.43917150260532,-42.51209758816306,-6.755160797725917,0.022236042330577785,9.178442250718882e-07
0.26378102406938575,-91.46298096217271,-42.513774497228425,-6.755376568436976,0.022159474545046114,9.117884652596382e-07
0.2640611810903189,-91.48678275263077,-42.515452969866054,-6.755593546047262,0.022082850923975057,9.057352909644627e-07
0.2643377334233325,-91.51057674476563,-42.517132995317795,-6.755811728823794,0.02200617188177958,8.996847319639472e-07
0.26461068022785056,-91.53436280956907,-42.51881456274793,-6.756031115002491,0.021929437833822833,8.936368179730026e-07
0.26488002073084443,-91.55814081823969,-42.52049766124347,-6.75625170278826,0.021852649196410494,8.875915786410686e-07
0.26514575422673387,-91.58191064218356,-42.52218227981459,-6.7564734903550825,0.021775806386782198,8.815490435449877e-07
0.2654078800773146,-91.60567215301526,-42.523868407394964,-6.756696475846088,0.021698909823108632,8.755092421972892e-07
0.2656663977117171,-91.62942522255877,-42.52555603284222,-6.756920657373668,0.021621959924486456,8.694722040419089e-07
0.2659213066263016,-91.65316972284805,-42.52724514493809,-6.757146033019524,0.021544957110928877,8.634379584522208e-07
0.266172606384604,-91.67690552612828,-42.52893573238904,-6.757372600834781,0.021467901803363085,8.574065347354579e-07
0.2664202966172463,-91.70063250485639,-42.530627783826404,-6.757600358840069,0.021390794423623235,8.513779621283799e-07
0.2666643770218706,-91.72435053170211,-42.532321287806944,-6.75782930502561,0.021313635394442795,8.453522697955101e-07
0.2669048473630633,-91.74805947954871,-42.534016232813045,-6.758059437351292,0.021236425139450385,8.393294868361025e-07
0.2671417074722535,-91.77175922149391,-42.53571260725326,-6.758290753746792,0.021159164083162086,8.333096422787827e-07
0.2673749572476631,-91.7954496308507,-42.53741039946255,-6.758523252111626,0.02108185265097723,8.272927650779045e-07
0.26760459665418884,-91.81913058114817,-42.539109597702726,-6.758756930315269,0.021004491269172622,8.212788841246368e-07
0.26783062572335015,-91.84280194613228,-42.540810190162794,-6.758991786197234,0.020927080364891902,8.152680282335313e-07
0.26805304455317935,-91.86646359976687,-42.54251216495937,-6.759227817567155,0.020849620366145405,8.092602261511044e-07
0.26827185330815534,-91.89011541623434,-42.54421551013699,-6.759465022204902,0.020772111701798372,8.032555065520636e-07
0.26848705221908203,-91.91375726993634,-42.54592021366855,-6.759703397860643,0.020694554801570876,7.972538980440796e-07
0.26869864158304146,-91.93738903549513,-42.54762626345576,-6.759942942254978,0.02061695009602408,7.912554291611389e-07
0.26890662176326774,-91.9610105877536,-42.54933364732924,-6.7601836530789745,0.020539298016561677,7.852601283648833e-07
0.2691109931890671,-91.98462180177683,-42.551042353049276,-6.760425527994319,0.02046159899541663,7.792680240474306e-07
0.26931175635572524,-92.00822255285229,-42.55275236830587,-6.76066856463337,0.020383853465649113,7.7327914452989e-07
0.26950891182440884,-92.03181271649127,-42.55446368071944,-6.760912760599289,0.020306061861140555,7.672935180589787e-07
0.26970246022205957,-92.05539216842908,-42.55617627784091,-6.761158113466102,0.020228224616582666,7.613111728154546e-07
0.2698924022413162,-92.07896078462618,-42.55789014715231,-6.761404620778813,0.020150342167477683,7.553321369031783e-07
0.27007873864038623,-92.102518441269,-42.55960527606706,-6.761652280053511,0.020072414950124223,7.493564383613807e-07
0.2702614702429692,-92.12606501477055,-42.561321651930385,-6.761901088777435,0.019994443401618763,7.433841051507844e-07
0.27044059793814534,-92.14960038177131,-42.563039262019686,-6.762151044409102,0.019916427959841766,7.374151651613547e-07
0.2706161226802629,-92.17312441914005,-42.56475809354499,-6.762402144378398,0.019838369063457664,7.314496462162542e-07
0.2707880454888421,-92.19663700397459,-42.56647813364927,-6.762654386086663,0.019760267151905014,7.254875760595651e-07
0.27095636744846985,-92.2201380136025,-42.56819936940891,-6.762907766906811,0.019682122665387474,7.195289823701291e-07
0.27112108970867665,-92.24362732558191,-42.56992178783399,-6.763162284183409,0.019603936044873572,7.135738927517369e-07
0.27128221348383996,-92.26710481770243,-42.57164537586886,-6.763417935232798,0.019525707732085378,7.076223347346843e-07
0.27143974005308125,-92.29057036798561,-42.57337012039229,-6.763674717343168,0.019447438169491238,7.016743357784352e-07
0.27159367076012014,-92.31402385468607,-42.575096008218146,-6.763932627774694,0.019369127800304857,6.957299232739709e-07
0.27174400701318935,-92.33746515629197,-42.57682302609557,-6.764191663759606,0.01929077706847139,6.897891245331593e-07
0.27189075028492193,-92.36089415152595,-42.57855116070949,-6.7644518225023065,0.019212386418665725,6.838519668035745e-07
0.2720339021122105,-92.38431071934569,-42.58028039868092,-6.764713101179462,0.0191339562962859,6.779184772551727e-07
0.27217346409611026,-92.40771473894488,-42.582010726567546,-6.764975496940132,0.01905548714744224,6.719886829875736e-07
0.2723094379017044,-92.43110608975381,-42.5837421308639,-6.76523900690583,0.01897697941895324,6.660626110251725e-07
0.27244182525800154,-92.4544846514402,-42.585474598001944,-6.76550362817068,0.01889843355834162,6.601402883226454e-07
0.2725706279577964,-92.47785030390983,-42.58720811435136,-6.765769357801473,0.018819850013822075,6.542217417645769e-07
0.27269584785754075,-92.50120292730745,-42.588942666220035,-6.7660361928378006,0.018741229234298825,6.48306998156687e-07
0.2728174868772491,-92.52454240201737,-42.59067823985445,-6.7663041302921565,0.018662571669356597,6.423960842391876e-07
0.2729355470003516,-92.54786860866417,-42.59241482143996,-6.766573167150029,0.018583877769254492,6.364890266758773e-07
0.273050030273559,-92.5711814281136,-42.59415239710147,-6.766843300370029,0.018505147984919614,6.305858520612462e-07
0.2731609388067452,-92.59448074147306,-42.59589095290352,-6.767114526883976,0.018426382767938197,6.24686586912189e-07
0.2732682747728327,-92.61776643009249,-42.59763047485093,-6.767386843597012,0.018347582570552867,6.187912576738548e-07
0.2733720404076094,-92.64103837556505,-42.59937094888922,-6.767660247387732,0.01826874784565205,6.128998907261235e-07
0.2734722380096681,-92.66429645972768,-42.60111236090471,-6.767934735108235,0.01818987904676558,6.07012512367845e-07
0.27356886994021545,-92.68754056466226,-42.60285469672543,-6.768210303584316,0.01811097662805465,6.011291488256152e-07
0.27366193862295496,-92.71077057269558,-42.60459794212104,-6.768486949615493,0.018032041044308035,5.952498262583365e-07
0.27375144654396144,-92.73398636640071,-42.606342082803586,-6.768764669975166,0.01795307275093234,5.893745707506105e-07
0.273837396251533,-92.75718782859724,-42.608087104427696,-6.769043461410712,0.017874072203948595,5.835034083127682e-07
0.27391979035603287,-92.78037484235246,-42.60983299259123,-6.7693233206436085,0.01779503985998382,5.776363648819337e-07
0.2739986315297995,-92.80354729098137,-42.61157973283539,-6.769604244369515,0.017715976176262554,5.717734663266653e-07
0.27407392250695856,-92.82670505804796,-42.61332731064537,-6.769886229258407,0.017636881610600532,5.659147384393203e-07
0.2741456660832905,-92.84984802736567,-42.61507571145073,-6.770169271954696,0.0175577566213989,5.600602069380786e-07
0.2742138651161009,-92.87297608299798,-42.61682492062573,-6.77045336907731,0.017478601667637622,5.542098974705646e-07
0.27427852252406176,-92.89608910925917,-42.618574923489845,-6.770738517219843,0.017399417208864294,5.483638356104571e-07
0.27433964128707033,-92.91918699071499,-42.62032570530808,-6.771024712950632,0.017320203705194832,5.425220468620092e-07
0.2743972244461002,-92.94226961218337,-42.622077251291515,-6.7713119528128995,0.017240961617297088,5.366845566543249e-07
0.27445127510304806,-92.96533685873496,-42.623829546597634,-6.771600233324858,0.017161691406392267,5.308513903406777e-07
0.2745017964205953,-92.98838861569382,-42.625582576330736,-6.77188955097981,0.017082393534241538,5.25022573203457e-07
0.27454879162204454,-93.0114247686382,-42.62733632554242,-6.772179902246286,0.017003068463143877,5.191981304547659e-07
0.2745922639911611,-93.03444520340085,-42.62909077923192,-6.772471283568131,0.01692371665592446,5.133780872334826e-07
0.2746322168720466,-93.05744980607034,-42.630845922346744,-6.7727636913646725,0.016844338575931,5.075624686020673e-07
0.2746686536689596,-93.08043846299083,-42.6326017397827,-6.773057122030751,0.016764934687025237,5.01751299554467e-07
0.27470157784615656,-93.10341106076335,-42.634358216384754,-6.773351571936934,0.016685505453576242,4.959446050053708e-07
0.27473099292775044,-93.12636748624612,-42.63611533694709,-6.773647037429544,0.01660605134045451,4.901424098029504e-07
0.27475690249754964,-93.14930762655541,-42.637873086213844,-6.773943514830842,0.016526572813020734,4.843447387213547e-07
0.2747793101988838,-93.17223136906588,-42.63963144887925,-6.774241000439099,0.016447070337123726,4.785516164607578e-07
0.2747982197344675,-93.19513860141146,-42.641390409588276,-6.7745394905287455,0.01636754437908981,4.7276306764579117e-07
0.2748136348662021,-93.21802921148588,-42.64314995293698,-6.774838981350479,0.01628799540571625,4.669791168323434e-07
0.27482555941504944,-93.24090308744319,-42.644910063472885,-6.775139469131368,0.01620842388426711,4.6119978850136807e-07
0.2748339972608416,-93.26376011769838,-42.64667072569541,-6.775440950074981,0.0161288302824623,4.5542510705821555e-07
0.2748389523421348,-93.28660019092825,-42.64843192405643,-6.775743420361522,0.016049215068470974,4.496550968429726e-07
0.27484042865602343,-93.30942319607159,-42.650193642960495,-6.776046876147914,0.01596957871090557,4.4388978211763524e-07
0.2748384302579865,-93.33222902233021,-42.65195586676548,-6.776351313567963,0.015889921678815918,4.381291870715941e-07
0.2748329612617071,-93.35501755916911,-42.653718579782826,-6.776656728732435,0.015810244441677498,4.3237333581860353e-07
0.2748240258389206,-93.37778869631744,-42.65548176627807,-6.776963117729197,0.015730547469389414,4.266222524037374e-07
0.2748116282192131,-93.40054232376878,-42.65724541047123,-6.777270476623351,0.01565083123226373,4.2087596080162256e-07
0.2747957726898814,-93.42327833178203,-42.65900949653729,-6.777578801457321,0.015571096201020365,4.151344849053828e-07
0.2747764635957394,-93.44599661088168,-42.66077400860653,-6.777888088251004,0.015491342846778599,4.093978485446999e-07
0.2747537053389455,-93.46869705185858,-42.66253893076511,-6.778198333001882,0.01541157164104815,4.0366607546943584e-07
0.27472750237883803,-93.49137954577051,-42.66430424705532,-6.7785095316851365,0.01533178305572691,3.9793918936035677e-07
0.2746978592317475,-93.51404398394254,-42.66606994147612,-6.77882168025378,0.0152519775630892,3.922172138227077e-07
0.27466478047081194,-93.53669025796786,-42.66783599798359,-6.779134774638775,0.015172155635780456,3.8650017239346265e-07
0.274628270725824,-93.55931825970822,-42.66960240049128,-6.7794488107491615,0.01509231774680989,3.807880885279183e-07
0.27458833468302635,-93.58192788129442,-42.671369132870716,-6.779763784472172,0.015012464369543593,3.750809856179475e-07
0.27454497708493664,-93.60451901512695,-42.67313617895176,-6.780079691673357,0.014932595977693966,3.693788869789466e-07
0.2744982027301734,-93.62709155387648,-42.6749035225231,-6.780396528196717,0.014852713045318013,3.6368181585590853e-07
0.2744480164732622,-93.64964539048454,-42.67667114733271,-6.780714289864824,0.014772816046806463,3.5798979541453484e-07
0.2743944232244534,-93.6721804181637,-42.67843903708812,-6.78103297247892,0.014692905456876933,3.523028487522215e-07
0.27433742794954136,-93.69469653039866,-42.68020717545711,-6.781352571819098,0.014612981750566724,3.4662099889493476e-07
0.27427703566968603,-93.71719362094615,-42.68197554606785,-6.781673083644357,0.014533045403226062,3.409442687969978e-07
0.2742132514612067,-93.73967158383599,-42.68374413250959,-6.78199450369279,0.014453096890510594,3.352726813317501e-07
0.2741460804553965,-93.76213031337136,-42.685512918332975,-6.782316827681678,0.014373136688374205,3.2960625931013993e-07
0.2740755278383465,-93.78456970412924,-42.68728188705043,-6.782640051307605,0.014293165273062616,3.2394502546507074e-07
0.27400159885074404,-93.80698965096111,-42.689051022136695,-6.782964170246612,0.014213183121103704,3.182890024543478e-07
0.273924298787704,-93.82939004899337,-42.69082030702917,-6.783289180154303,0.014133190709301326,3.1263821286967747e-07
0.2738436329985227,-93.85177079362786,-42.692589725128485,-6.783615076665991,0.014053188514730464,3.069926792247829e-07
0.273759606886545,-93.87413178054231,-42.69435925979876,-6.783941855396799,0.013973177014726113,3.013524239649466e-07
0.2736722259089302,-93.89647290569098,-42.696128894368165,-6.784269511941811,0.013893156686878865,2.9571746945770027e-07
0.2735814955764908,-93.91879406530485,-42.69789861212927,-6.784598041876177,0.013813128009024952,2.900878380032963e-07
0.2734874214534527,-93.9410951558926,-42.699668396339604,-6.784927440755267,0.01373309145924186,2.8446355182902964e-07
0.2733900091572925,-93.9633760742406,-42.70143823022196,-6.785257704114774,0.013653047515838294,2.788446330853745e-07
0.2732892643585259,-93.98563671741353,-42.70320809696479,-6.785588827470845,0.01357299665735037,2.7323110385325885e-07
0.27318519278050896,-94.00787698275515,-42.70497797972292,-6.785920806320242,0.01349293936253089,2.676229861419742e-07
0.27307780019924677,-94.03009676788838,-42.70674786161762,-6.786253636140411,0.013412876110342673,2.620203018884305e-07
0.27296709244318024,-94.05229597071596,-42.70851772573731,-6.786587312389671,0.013332807379954337,2.5642307295463725e-07
0.2728530753929878,-94.07447448942095,-42.71028755513785,-6.786921830507303,0.013252733650726985,2.5083132113141346e-07
0.272735754981383,-94.096632222467,-42.71205733284304,-6.787257185913696,0.013172655402214649,2.452450681358279e-07
0.2726151371929226,-94.11876906859901,-42.71382704184503,-6.787593374010469,0.013092573114151016,2.396643356185489e-07
0.2724912280637716,-94.14088492684348,-42.71559666510478,-6.787930390180614,0.013012487266442762,2.3408914515236137e-07
0.27236403368153755,-94.16297969650903,-42.71736618555245,-6.788268229788596,0.01293239833916627,2.2851951823803408e-07
0.27223356018503336,-94.18505327718675,-42.719135586087894,-6.788606888180528,0.012852306812556686,2.2295547630641828e-07
0.27209981376407916,-94.20710556875052,-42.72090484958097,-6.78894636068425,0.01277221316699995,2.173970407171217e-07
0.27196280065929046,-94.22913647135799,-42.72267395887226,-6.7892866426095155,0.012692117883030974,2.118442327538069e-07
0.27182252716188854,-94.25114588545023,-42.7244428967731,-6.789627729248059,0.01261202144131853,2.0629707362876998e-07
0.2716789996134573,-94.2731337117527,-42.726211646066346,-6.789969615873777,0.012531924322664326,2.007555844867323e-07
0.27153222440577907,-94.29509985127558,-42.727980189506624,-6.790312297742835,0.012451827007992593,1.9521978639509385e-07
0.27138220798056234,-94.31704420531403,-42.7297485098209,-6.790655770093807,0.012371729978345127,1.8968970035350944e-07
0.27122895682927217,-94.3389666754489,-42.73151658970884,-6.7910000281478204,0.012291633714870208,1.8416534728909883e-07
0.27107247749292357,-94.36086716354659,-42.73328441184316,-6.791345067108638,0.01221153869881944,1.7864674805123658e-07
0.2709127765618225,-94.38274557176015,-42.735051958870216,-6.791690882162845,0.01213144541153999,1.7313392342426002e-07
0.270749860675404,-94.40460180252919,-42.736819213410385,-6.792037468479959,0.012051354334463051,1.6762689411999408e-07
0.2705837365219669,-94.42643575858041,-42.738586158058425,-6.792384821212552,0.01197126594910167,1.6212568077387544e-07
0.27041441083849704,-94.4482473429281,-42.74035277538404,-6.792732935496399,0.011891180737041667,1.5663030395361548e-07
0.2702418904104394,-94.47003645887442,-42.742119047932206,-6.793081806450604,0.011811099179934708,1.5114078415534354e-07
0.27006618207144817,-94.4918030100097,-42.74388495822359,-6.793431429177722,0.011731021759488239,1.4565714180011614e-07
0.2698872927032231,-94.51354690021309,-42.745650488755125,-6.793781798763913,0.01165094895746274,1.401793972422662e-07
0.2697052292352522,-94.53526803365273,-42.74741562200033,-6.7941329102790595,0.011570881255663724,1.347075707609057e-07
0.26951999864457704,-94.55696631478605,-42.74918034040968,-6.794484758776898,0.011490819135929082,1.2924168256599168e-07
0.2693316079556392,-94.57864164836035,-42.75094462641122,-6.794837339295153,0.011410763080130653,1.2378175279307908e-07
0.2691400642399712,-94.60029393941315,-42.75270846241087,-6.7951906468556915,0.01133071357015886,1.1832780150841467e-07
0.26894537461603696,-94.62192309327233,-42.75447183079287,-6.795544676464618,0.011250671087920366,1.1287984870550292e-07
0.26874754624898467,-94.6435290155567,-42.75623471392026,-6.795899423112442,0.011170636115331424,1.0743791431157337e-07
0.2685465863504142,-94.6651116121762,-42.75799709413521,-6.796254881774188,0.011090609134305544,1.0200201817512991e-07
0.2683425021781934,-94.68667078933245,-42.759758953759615,-6.796611047409541,0.011010590626753346,9.657218007873886e-08
0.26813530103616584,-94.7082064535189,-42.76152027509536,-6.796967914962982,0.010930581074568554,9.114841973056669e-08
0.26792499027397454,-94.72971851152128,-42.763281040424914,-6.797325479363923,0.010850580959626321,8.573075677003199e-08
0.26771157728682654,-94.7512068704179,-42.76504123201155,-6.797683735526816,0.010770590763771262,8.031921076160847e-08
0.2674950695152579,-94.77267143757982,-42.76680083209996,-6.798042678351322,0.010690610968814905,7.491380120628088e-08
0.2672754744449016,-94.79411212067147,-42.7685598229166,-6.798402302722422,0.010610642056526095,6.951454752636017e-08
0.26705279960626965,-94.81552882765097,-42.77031818667019,-6.798762603510571,0.010530684508624896,6.412146907781253e-08
0.26682705257450995,-94.83692146677004,-42.77207590555203,-6.799123575571803,0.010450738806772959,5.873458514234387e-08
0.2665982409691943,-94.85828994657469,-42.77383296173646,-6.7994852137478885,0.010370805432569494,5.33539149352117e-08
0.26636637245407085,-94.87963417590554,-42.775589337381454,-6.799847512866477,0.010290884867542944,4.797947759767159e-08
0.2454818359863459,-94.72771790495595,-42.717834391677826,-6.797406376443505,0.00836021845730002,0.0009343261133542705
0.2271081566117085,-94.372870735496,-42.56098198165484,-6.773922519542173,0.006911154172419421,0.0017686370426130186
0.2268854654979669,-94.09604697556904,-42.43004366946812,-6.75313383708037,0.008208352371929298,0.002356767185911784
0.22487370223818884,-93.88699261629404,-42.32652161404908,-6.736620437226678,0.008167856581663444,0.0030287658201305118
0.22402875197884733,-93.73261313023772,-42.24621455640415,-6.723336252582286,0.008015082902530965,0.0036131948892837583
0.22474904014173255,-93.61943497255669,-42.18425996126428,-6.712433287772953,0.008133566966681504,0.004052218764948329
0.2262963795996858,-93.53748138207919,-42.13718516019882,-6.703650655636017,0.008527123877956098,0.004367028676762728
0.22793673686711932,-93.4799972603488,-42.102551363087215,-6.696892433121482,0.009118325959792995,0.004594384006105329
0.22684669795194695,-93.44321833410237,-42.07996516796227,-6.693113578019361,0.009396181802431238,0.004895874559588115
0.2278507142992324,-93.42087511117215,-42.0642809828175,-6.689746049262604,0.010298712822780644,0.005016350976390452
0.22972609894101959,-93.40943159563484,-42.054342681655484,-6.687176154116089,0.01154554285759776,0.005047014665584048
0.23132188890570435,-93.40772293837391,-42.049969143479096,-6.685774250825218,0.012873912001493687,0.005055967257420377
0.23263722772146617,-93.41360817707906,-42.04999800136748,-6.685349261251795,0.01425547923418762,0.005054690166807545
0.23273850025335957,-93.4239050243483,-42.05269285478036,-6.685601263036437,0.015399934452171403,0.00507562917819033
0.23279412989713366,-93.43420513491384,-42.05540832003966,-6.685867058115748,0.016534713375579983,0.005098257375074111
0.232857651046587,-93.44450002709345,-42.05811847999242,-6.686130876802548,0.017670303658303604,0.005120506618530772
0.23292802382540131,-93.45478981344736,-42.060823780614875,-6.686392989116579,0.018806478691483518,0.005142408535101024
0.23300226687416922,-93.46507495456275,-42.063525725812504,-6.686654312609935,0.019942613404090804,0.005163902425058846
0.23308429980812687,-93.47535469352987,-42.06622212036202,-6.686913504553848,0.021079507066061112,0.005185220644426096
0.23317055777376033,-93.48562959995274,-42.06891479696226,-6.687171683421684,0.02221641216655459,0.005206264142027053
0.23326042152618243,-93.49589972634998,-42.07160401892736,-6.687429009858685,0.023353192595863763,0.005227055939029682
0.2333533357588536,-93.50616511639267,-42.07429002256473,-6.687685628374612,0.024489725952369847,0.00524761675097935
0.2334488025295312,-93.51642580578722,-42.076973019850655,-6.687941668935495,0.02562590212136612,0.005267965216325853
0.23354637536119824,-93.52668182307058,-42.07965320084123,-6.688197248398529,0.026761622001084562,0.0052881181026658945
0.23364565394873882,-93.53693319032703,-42.08233073584479,-6.688452471805581,0.027896796360687034,0.005308090492804273
0.23374627940935708,-93.54717992383377,-42.08500577737947,-6.688707433549203,0.029031344816602824,0.005327895952552175
0.23384793002095094,-93.55742203464257,-42.087678461936676,-6.688962218423666,0.030165194914946947,0.005347546682009582
0.23395031739842145,-93.56765952910428,-42.09034891157067,-6.689216902572467,0.03129828130906566,0.005367053651920647
0.2340531830629908,-93.57789240934056,-42.093017235330095,-6.689471554342249,0.032430545022354075,0.005386426726545075
0.23415629536422505,-93.58812067367013,-42.09568353054833,-6.6897262350526825,0.03356193278752252,0.005405674774354843
0.23425944671855012,-93.5983443169918,-42.098347884005925,-6.689980999690274,0.03469239645440521,0.005424805767743104
0.23436245113175222,-93.60856333113024,-42.101010372977825,-6.690235897533782,0.03582189245920088,0.005443826872820116
0.2344651419763457,-93.61877770514725,-42.10367106617707,-6.690490972717926,0.036950381348792624,0.005462744530268979
0.2345673699976042,-93.62898742562253,-42.10633002460493,-6.690746264741454,0.03807782735444098,0.00548156452814088
0.23466900152477552,-93.6391924769062,-42.108987302316834,-6.69100180892505,0.03920419800973015,0.005500292067385028
0.23476991686638102,-93.64939284134704,-42.11164294711242,-6.691257636824061,0.04032946380818349,0.005518931820831515
0.23487000887073514,-93.65958849949747,-42.11429700115739,-6.691513776600476,0.041453597896432076,0.005537487986275743
0.23496918163463584,-93.6697794302988,-42.116949501543374,-6.6917702533581425,0.04257657579926433,0.00555596433424972
0.23506734934501475,-93.67996561124767,-42.11960048079265,-6.692027089444895,0.04369837517322959,0.005574364251008425
0.2351644352399216,-93.69014701854661,-42.122249967312726,-6.692284304724849,0.0448189755858549,0.005592690777207455
0.23526037067648675,-93.70032362723893,-42.12489798580565,-6.692541916823746,0.045938358317797495,0.005610946642701503
0.23535524246001727,-93.7104953816129,-42.12754446866663,-6.692799886691492,0.04705653560810548,0.005629141250867371
0.2354485362826467,-93.72066234696645,-42.13018971016232,-6.693058397566265,0.048173400195022954,0.005647255240919824
0.23554067920272015,-93.73082439996242,-42.132833440151515,-6.693317286133325,0.04928903248608775,0.005665312917209778
0.2356314626420189,-93.74098154523203,-42.135475770809244,-6.693576623800893,0.05040338603487656,0.005683308317895751
0.23572084762508883,-93.75113375362633,-42.13811671315611,-6.69383641990854,0.05151644837337989,0.005701243030808275
0.23580879940573693,-93.76128099541073,-42.140756276240204,-6.694096682597068,0.05262820792374513,0.0057191184794292095
0.2358952870319562,-93.77142324032997,-42.14339446733406,-6.694357418926855,0.05373865390660715,0.005736935939480405
0.23598028295573215,-93.78156045766725,-42.1460312921122,-6.694618634984516,0.054847776258953596,0.005754696553843113
0.23606376268304433,-93.79169261629703,-42.14866675481089,-6.6948803359790094,0.05595556556054611,0.005772401345975682
0.23614570446004587,-93.8018196847325,-42.151300858372096,-6.695142526328198,0.057062012968004894,0.0057900512319804245
0.23622608899153535,-93.81194163116895,-42.15393360457316,-6.695405209736887,0.058167110155749276,0.005807647031455337
0.2363048991885629,-93.8220584235223,-42.15656499414364,-6.695668389267128,0.05927084926310343,0.005825189477252845
0.23638211994200203,-93.83217002946382,-42.15919502687042,-6.695932067401551,0.06037322284690269,0.005842679224255451
0.2364577379195453,-93.84227641645185,-42.161823701692455,-6.696196246100438,0.061474223839044814,0.0058601168572671985
0.23653174138364336,-93.85237755175979,-42.16445101678613,-6.696460926853131,0.06257384550846143,0.005877502898109892
0.23660412002819767,-93.86247340250189,-42.16707696964211,-6.6967261107243985,0.06367208142705745,0.005894837812004107
0.23667486483217492,-93.87256393565586,-42.16970155713446,-6.696991798396127,0.06476892543920353,0.005912122013306994
0.23674396792830266,-93.88264911808386,-42.17232477558309,-6.697257990204986,0.0658643716344042,0.005929355870671626
0.23681142248531822,-93.89272891655092,-42.17494662080982,-6.697524686176269,0.06695841432282279,0.005946539711686183
0.23687722260238955,-93.90280329774184,-42.177567088188916,-6.69779188605445,0.06805104801335896,0.005963673827045301
0.2369413632144416,-93.91287222827613,-42.18018617269267,-6.698059589330681,0.06914226739401039,0.005980758474300781
0.23700384000724561,-93.92293567472169,-42.18280386893234,-6.6983277952675735,0.0702320673142882,0.005997793881233995
0.23706464934131932,-93.93299360360712,-42.18542017119513,-6.698596502921542,0.07132044276946663,0.006014780248888144
0.23712378818363852,-93.9430459814325,-42.18803507347732,-6.698865711162893,0.07240738888648048,0.006031717754294638
0.2371812540464143,-93.95309277467976,-42.19064856951445,-6.699135418693998,0.07349290091128603,0.006048606552924407
0.23723704493224634,-93.96313394982091,-42.19326065280789,-6.699405624065568,0.0745769741975565,0.0060654467808919366
0.23729115928486288,-93.97316947332673,-42.195871316649495,-6.699676325691413,0.0756596041965479,0.006082238556936866
0.23734359594501944,-93.98319931167372,-42.1984805541433,-6.699947521861686,0.07674078644802564,0.006098981984205689
0.23739435411089496,-93.99322343135047,-42.201088358225164,-6.700219210754832,0.07782051657214295,0.006115677151853608
0.2374434333026327,-94.00324179886383,-42.203694721680606,-6.700491390448343,0.07889879026216877,0.006132324136484748
0.23749083333052184,-94.01325438074392,-42.20629963716072,-6.700764058928482,0.07997560327797029,0.006148923003447018
0.23753655426644976,-94.02326114354884,-42.20890309719644,-6.701037214098993,0.08105095144018455,0.006165473807996261
0.23758059641831428,-94.03326205386914,-42.21150509421173,-6.701310853789015,0.08212483062499412,0.006181976596342917
0.23762296030711338,-94.04325707833144,-42.21410562053499,-6.70158497576014,0.08319723675945358,0.0061984314065930005
0.2376636466463334,-94.05324618360197,-42.21670466840969,-6.701859577712852,0.08426816581730089,0.006214838269594109
0.2377026563235241,-94.06322933638964,-42.219302230003784,-6.7021346572922695,0.08533761381521557,0.006231197209695993
0.2377399903837473,-94.07320650344872,-42.2218982974182,-6.70241021209335,0.08640557680945764,0.006247508245434365
0.23777565001473325,-94.08317765158147,-42.224492862694554,-6.702686239665584,0.08747205089286578,0.006263771390145628
0.23780963653358833,-94.09314274764026,-42.22708591782199,-6.702962737517212,0.08853703219217025,0.006279986652519559
0.2378419513748478,-94.1031017585296,-42.22967745474339,-6.703239703119027,0.0896005168655833,0.006296154037096155
0.23787259607977237,-94.11305465120797,-42.23226746536106,-6.7035171339078365,0.09066250110064707,0.006312273544712322
0.23790157228675554,-94.12300139268939,-42.23485594154165,-6.703795027289528,0.0917229811123039,0.006328345172903431
0.2379288817227004,-94.13294195004485,-42.23744287512076,-6.704073380641895,0.0927819531411682,0.006344368916264332
0.237954526195303,-94.1428762904036,-42.24002825790703,-6.704352191317134,0.0938394134519831,0.006360344766773884
0.2379785075861149,-94.15280438095434,-42.242612081685735,-6.704631456644123,0.094895358332237,0.006376272714086698
0.2380008278443256,-94.16272618894624,-42.24519433822225,-6.70491117393051,0.0959497840909285,0.006392152745795436
0.23802148898116632,-94.1726416816898,-42.24777501926488,-6.7051913404645145,0.09700268705745353,0.006407984847666565
0.23804049306493139,-94.1825508265577,-42.25035411654763,-6.705471953516634,0.09805406358061741,0.006423769003852316
0.23805784221645152,-94.1924535909856,-42.25293162179263,-6.7057530103411525,0.09910391002774754,0.006439505197081219
0.23807353860507707,-94.20234994247257,-42.25550752671222,-6.706034508177498,0.10015222278389971,0.006455193408829382
0.23808758444505104,-94.21223984858204,-42.2580818230111,-6.706316444251495,0.10119899825114573,0.006470833619474449
0.23809998199223745,-94.22212327694183,-42.260654502387894,-6.706598815776457,0.10224423284794036,0.0064864258084339895
0.23811073354121534,-94.23200019524505,-42.263225556536895,-6.706881619954226,0.10328792300855157,0.006501969954289935
0.2381198414226434,-94.24187057125015,-42.26579497714939,-6.707164853976056,0.10433006518255161,0.006517466034900371
0.23812730800089896,-94.25173437278153,-42.268362755915035,-6.707448515023463,0.10537065583436395,0.006532914027500089
0.23813313567196304,-94.26159156772967,-42.27092888452302,-6.707732600268988,0.10640969144285248,0.006548313908790914
0.23813732686149067,-94.27144212405139,-42.27349335466304,-6.708017106876832,0.10744716850096081,0.006563665655022925
0.23813988402311634,-94.2812860097703,-42.27605615802634,-6.708302032003518,0.10848308351538619,0.006578969242067452
0.23814080963689452,-94.29112319297667,-42.27861728630649,-6.708587372798426,0.10951743300628461,0.0065942246454826796
0.2381401062079092,-94.30095364182786,-42.2811767312002,-6.708873126404328,0.11055021350701597,0.006609431840572618
0.23813777626500438,-94.31077732454844,-42.283734484408036,-6.7091592899578245,0.11158142156390677,0.006624590802440084
0.23813382235969005,-94.32059420943011,-42.286290537635,-6.709445860589779,0.11261105373604516,0.006639701506034356
0.23812824706507277,-94.33040426483201,-42.288844882591064,-6.709732835425705,0.11363910659508988,0.006654763926193952
0.2381210529749725,-94.34020745918082,-42.29139751099182,-6.710020211586119,0.1146655767251075,0.006669778037685117
0.23811224270307355,-94.35000376097061,-42.29394841455877,-6.7103079861868515,0.11569046072242538,0.006684743815236363
0.23810181888216755,-94.35979313876307,-42.29649758501986,-6.710596156339359,0.11671375519549475,0.006699661233569556
0.23808978416346552,-94.36957556118749,-42.29904501410979,-6.7108847191509655,0.11773545676477239,0.006714530267427806
0.2380761412160082,-94.37935099694083,-42.30159069357041,-6.71117367172514,0.11875556206261796,0.006729350891600561
0.23806089272607114,-94.3891194147877,-42.304134615150986,-6.711463011161709,0.11977406773319474,0.006744123080946121
0.23804404139667382,-94.39888078356029,-42.306676770608476,-6.711752734557059,0.12079097043238698,0.006758846810411875
0.23802558994710588,-94.4086350721585,-42.309217151707806,-6.712042839004353,0.12180626682772457,0.006773522055052494
0.23800554111251662,-94.41838224954994,-42.31175575022214,-6.712333321593698,0.12281995359831452,0.006788148790046251
0.2379838976435045,-94.42812228476961,-42.314292557932895,-6.7126241794122805,0.12383202743478139,0.006802726990709688
0.23796066230580581,-94.43785514692041,-42.31682756663025,-6.712915409544585,0.12484248503921434,0.006817256632510803
0.23793583787991812,-94.44758080517248,-42.31936076811296,-6.713207009072473,0.12585132312511443,0.006831737691080842
0.23790942716083688,-94.45729922876379,-42.32189215418881,-6.713498975075373,0.126858538417358,0.00684617014222495
0.2378814329577943,-94.46701038699955,-42.32442171667455,-6.713791304630351,0.12786412765215543,0.006860553961931687
0.2378518580939667,-94.47671424925254,-42.32694944739615,-6.7140839948122775,0.1288680875770148,0.006874889126381574
0.23782070540625552,-94.48641078496283,-42.329475338188836,-6.714377042693904,0.129870414950716,0.006889175611954783
0.23778797774511945,-94.49609996363787,-42.33199938089722,-6.714670445345983,0.13087110654328116,0.006903413395238019
0.2377536779742725,-94.50578175485245,-42.33452156737546,-6.714964199837372,0.13187015913594893,0.006917602453030685
0.23771780897060876,-94.51545612824846,-42.33704188948721,-6.71525830323511,0.1328675695211557,0.006931742762350433
0.2376803736239526,-94.52512305353497,-42.33956033910584,-6.715552752604517,0.13386333450251525,0.006945834300438119
0.23764137483690517,-94.5347825004882,-42.342076908114436,-6.715847545009281,0.1348574508948021,0.006959877044762252
0.2376008155247295,-94.54443443895143,-42.34459158840591,-6.716142677511541,0.13584991552393688,0.006973870973022982
0.23755869861515086,-94.55407883883476,-42.34710437188301,-6.716438147171948,0.13684072522696977,0.006987816063155656
0.2375150270482688,-94.56371567011516,-42.349615250458356,-6.716733951049755,0.1378298768520729,0.007001712293334021
0.2374698037763762,-94.57334490283667,-42.35212421605469,-6.7170300862028975,0.13881736725852514,0.007015559641973071
0.23742303176389934,-94.58296650710983,-42.35463126060461,-6.717326549688037,0.13980319331670715,0.0070293580877316
0.23737471398719515,-94.59258045311195,-42.35713637605091,-6.717623338560653,0.1407873519080893,0.007043107609514481
0.23732485343451684,-94.60218671108693,-42.35963955434642,-6.717920449875087,0.14176983992522563,0.007056808186474695
0.2372734531058639,-94.61178525134525,-42.362140787454166,-6.71821788068463,0.142750654271748,0.0070704597980151464
0.23722051601288593,-94.62137604426373,-42.364640067347366,-6.718515628041568,0.14372979186235937,0.007084062423790276
0.23716604517876635,-94.63095906028563,-42.36713738600941,-6.718813688997236,0.14470724962282652,0.007097616043707491
0.23711004363815347,-94.64053426992054,-42.36963273543401,-6.719112060602101,0.14568302448998063,0.00711112063792845
0.23705251443704223,-94.65010164374415,-42.3721261076251,-6.719410739905793,0.14665711341170584,0.007124576186870183
0.23699346063268642,-94.6596611523985,-42.374617494597004,-6.719709723957187,0.14762951334694455,0.007137982671206104
0.23693288529351236,-94.66921276659156,-42.377106888374364,-6.720009009804445,0.14860022126568484,0.007151340071866873
0.2368707914990199,-94.67875645709718,-42.379594280992116,-6.720308594495057,0.14956923414896564,0.0071646483700412
0.23680718233971107,-94.68829219475536,-42.38207966449571,-6.720608475075925,0.15053654898886862,0.007177907547176512
0.23674206091700103,-94.6978199504718,-42.384563030940924,-6.720908648593393,0.1515021627885187,0.007191117584979548
0.23667543034310973,-94.70733969521801,-42.38704437239406,-6.7212091120933275,0.15246607256207975,0.007204278465416895
0.23660729374102454,-94.71685140003099,-42.38952368093173,-6.721509862621108,0.15342827533475722,0.007217390170715432
0.23653765424436546,-94.72635503601366,-42.39200094864124,-6.721810897221769,0.1543887681427924,0.007230452683362722
0.23646651499736696,-94.73585057433417,-42.39447616762022,-6.722112212939968,0.15534754803346343,0.007243465986107339
0.23639387915473928,-94.74533798622619,-42.396949329976906,-6.722413806820082,0.15630461206507956,0.00725643006195916
0.236319749881628,-94.75481724298888,-42.39942042783006,-6.722715675906247,0.15725995730698866,0.007269344894189605
0.2362441303535244,-94.76428831598635,-42.401889453308925,-6.723017817242391,0.1582135808395657,0.007282210466331822
0.23616702375618132,-94.77375117664837,-42.404356398553496,-6.723320227872323,0.1591654797542221,0.007295026762180859
0.23608843328554915,-94.7832057964694,-42.40682125571418,-6.7236229048397345,0.16011565115339588,0.00730779376579378
0.2360083621477002,-94.79265214700918,-42.40928401695209,-6.723925845188276,0.16106409215055767,0.007320511461489768
0.23592681355873546,-94.80209019989233,-42.41174467443891,-6.724229045961599,0.1620107998702054,0.007333179833850201
0.23584379074472128,-94.81151992680834,-42.414203220357,-6.724532504203418,0.16295577144786638,0.007345798867718678
0.23575929694163136,-94.82094129951153,-42.416659646899355,-6.724836216957514,0.16389900403009555,0.00735836854820105
0.2356733353952455,-94.8303542898209,-42.419113946269654,-6.725140181267839,0.16484049477447635,0.007370888860665431
0.23558590936106974,-94.83975886962017,-42.42156611068226,-6.725444394178526,0.16578024084961857,0.007383359790742176
0.2354970221043143,-94.84915501085759,-42.42401613236223,-6.725748852733951,0.1667182394351586,0.007395781324323836
0.23540667689975558,-94.85854268554576,-42.4264640035453,-6.726053553978756,0.1676544877217569,0.0074081534475651314
0.23531487703170564,-94.86792186576186,-42.42890971647799,-6.726358494957939,0.16858898291110144,0.0074204761468828805
0.23522162579391662,-94.8772925236473,-42.43135326341751,-6.72666367271686,0.169521722215904,0.007432749408955919
0.23512692648952438,-94.88665463140788,-42.43379463663193,-6.726969084301319,0.17045270285990208,0.007444973220725034
0.23503078243096082,-94.89600816131332,-42.43623382839992,-6.727274726757562,0.1713819220778553,0.007457147569392854
0.23493319693988787,-94.90535308569757,-42.438670831011066,-6.727580597132369,0.172309377115547,0.007469272442423741
0.23483417334713264,-94.9146893769587,-42.44110563676572,-6.727886692473083,0.17323506522978346,0.0074813478275437
0.2347337149926006,-94.92401700755843,-42.44353823797496,-6.728193009827633,0.17415898368839414,0.007493373712740241
0.23463182522520495,-94.93333595002262,-42.44596862696082,-6.728499546244629,0.17508112977023016,0.0075053500862622535
0.23452850740281303,-94.94264617694073,-42.44839679605607,-6.728806298773358,0.17600150076516355,0.0075172769366198735
0.23442376489214023,-94.95194766096596,-42.450822737604355,-6.7291132644638525,0.17692009397408776,0.007529154252584354
0.23431760106871488,-94.96124037481519,-42.45324644396021,-6.729420440366948,0.17783690670891644,0.007540982023187907
0.23421001931677726,-94.97052429126873,-42.45566790748898,-6.729727823534297,0.1787519362925817,0.007552760237723563
0.23410102302922894,-94.9797993831705,-42.45808712056695,-6.730035411018438,0.17966518005903714,0.007564488885745006
0.23399061560754286,-94.98906562342765,-42.460504075581255,-6.730343199872824,0.18057663535325177,0.007576167957066418
0.2338788004616918,-94.99832298501076,-42.46291876492998,-6.7306511871518815,0.18148629953121512,0.00758779744176233
0.23376558101010128,-95.00757144095363,-42.46533118102214,-6.7309593699110515,0.1823941699599326,0.007599377330167433
0.23365096067955513,-95.01681096435311,-42.467741316277596,-6.731267745206813,0.18330024401742656,0.0076109076128764155
0.23353494290511032,-95.02604152836928,-42.47014916312726,-6.731576310096771,0.18420451909273358,0.007622388280743802
0.2334175311300757,-95.03526310622517,-42.47255471401295,-6.7318850616396535,0.18510699258590743,0.007633819324883762
0.23329872880587973,-95.04447567120668,-42.47495796138748,-6.732193996895388,0.1860076619080128,0.0076452007366699356
0.23317853939204014,-95.05367919666261,-42.477358897714566,-6.732503112925114,0.1869065244811316,0.007656532507735254
0.23305696635607623,-95.06287365600461,-42.479757515469046,-6.732812406791275,0.18780357773835718,0.007667814629971752
0.23293401317344023,-95.07205902270681,-42.48215380713662,-6.733121875557607,0.18869881912379247,0.007679047095530378
0.23280968332744156,-95.08123527030627,-42.48454776521414,-6.733431516289233,0.18959224609255526,0.007690229896820815
0.23268398030918505,-95.09040237240234,-42.486939382209385,-6.733741326052654,0.1904838561107683,0.007701363026511274
0.2325569076174923,-95.09956030265704,-42.48932865064125,-6.734051301915844,0.19137364665556725,0.007712446477528321
0.23242846875882553,-95.10870903479459,-42.4917155630396,-6.734361440948253,0.1922616152150961,0.00772348024305666
0.23229866724722645,-95.1178485426018,-42.49410011194546,-6.7346717402208744,0.19314775928850197,0.007734464316538945
0.23216750660423818,-95.12697879992739,-42.49648228991078,-6.734982196806266,0.19403207638594264,0.007745398691675591
0.23203499035884,-95.13609978068258,-42.49886208949878,-6.7352928077786265,0.1949145640285771,0.007756283362424553
0.2319011220473636,-95.14521145884056,-42.50123950328368,-6.735603570213808,0.19579521974857078,0.007767118323001148
0.23176590521343804,-95.15431380843647,-42.50361452385075,-6.735914481189356,0.19667404108909098,0.0077779035678778126
0.23162934340790067,-95.16340680356757,-42.50598714379652,-6.736225537784584,0.19755102560430635,0.007788639091783944
0.2314914401887389,-95.17249041839274,-42.508357355728464,-6.736536737080571,0.1984261708593878,0.007799324889705662
0.2313521991210278,-95.18156462713301,-42.5107251522654,-6.7368480761602605,0.19929947443050422,0.007809960956885605
0.23121162377682425,-95.19062940407096,-42.513090526037196,-6.737159552108447,0.20017093390482255,0.007820547288822727
0.231069717735125,-95.19968472355082,-42.51545346968486,-6.737471162011846,0.20104054688050732,0.007831083881272075
0.23092648458179985,-95.20873055997836,-42.51781397586062,-6.7377829029591325,0.20190831096671788,0.007841570730244584
0.2307819279094963,-95.21776688782107,-42.520172037227866,-6.738094772040981,0.20277422378360876,0.007852007832006864
0.23063605131758824,-95.22679368160763,-42.522527646461185,-6.7384067663501,0.2036382829623265,0.007862395183080973
0.23048885841209324,-95.23581091592834,-42.52488079624642,-6.738718882981301,0.20450048614501096,0.007872732780244212
0.23034035280560483,-95.24481856543458,-42.527231479280545,-6.739031119031496,0.2053608309847899,0.007883020620528893
0.23019053811722956,-95.2538166048391,-42.52957968827184,-6.739343471599777,0.20621931514578257,0.00789325870122213
0.23003941797249594,-95.26280500891573,-42.531925415939774,-6.739655937787432,0.2070759363030919,0.007903447019865614
0.22988699600332155,-95.27178375249947,-42.53426865501511,-6.739968514698012,0.20793069214281112,0.007913585574255389
0.22973327584789935,-95.28075281048625,-42.536609398239825,-6.740281199437333,0.20878358036201305,0.007923674362441631
0.22957826115064828,-95.28971215783294,-42.5389476383672,-6.74059398911356,0.20963459866875833,0.007933713382728415
0.229421955562135,-95.29866176955731,-42.541283368161764,-6.740906880837213,0.2104837447820847,0.0079437026336735
0.22926436273902545,-95.30760162073797,-42.543616580399416,-6.741219871721235,0.2113310164320125,0.007953642114088088
0.22910548634397904,-95.31653168651422,-42.54594726786727,-6.74153295888101,0.21217641135953882,0.007963531823036602
0.22894533004560594,-95.32545194208599,-42.54827542336378,-6.74184613943441,0.21301992731663622,0.00797337175983647
0.22878389751837863,-95.33436236271388,-42.55060103969879,-6.742159410501847,0.21386156206625237,0.007983161924057852
0.22862119244258203,-95.34326292371892,-42.55292410969337,-6.742472769206292,0.21470131338230963,0.007992902315523461
0.22845721850422637,-95.3521536004827,-42.55524462618002,-6.742786212673338,0.21553917904969883,0.008002592934308286
0.22829197939497753,-95.36103436844706,-42.55756258200255,-6.743099738031213,0.21637515686428305,0.008012233780739375
0.22812547881208597,-95.36990520311419,-42.55987797001614,-6.743413342410845,0.2172092446328901,0.008021824855395604
0.22795772045834414,-95.3787660800467,-42.56219078308739,-6.743727022945891,0.21804144017331653,0.00803136615910742
0.22778870804196322,-95.38761697486707,-42.56450101409423,-6.744040776772768,0.21887174131432213,0.008040857692956626
0.22761844527655684,-95.39645786325814,-42.56680865592603,-6.744354601030709,0.21970014589562714,0.008050299458276124
0.22744693588104942,-95.40528872096262,-42.56911370148352,-6.7446684928617815,0.2205266517679115,0.008059691456649672
0.22727418357958848,-95.4141095237833,-42.57141614367892,-6.744982449410954,0.22135125679281598,0.00806903368991166
0.22710019210150356,-95.42292024758285,-42.573715975435796,-6.745296467826101,0.2221739588429362,0.008078326160146858
0.2269249651812216,-95.43172086828375,-42.57601318968922,-6.745610545258076,0.22299475580182224,0.008087568869690151
0.22674850655820114,-95.44051136186823,-42.57830777938567,-6.745924678860715,0.22381364556397565,0.00809676182112633
0.22657081997686268,-95.44929170437824,-42.580599737483084,-6.746238865790906,0.2246306260348491,0.00810590501728982
0.22639190918652596,-95.45806187191543,-42.58288905695091,-6.746553103208618,0.22544569513084292,0.008114998461264433
0.22621177794131603,-95.46682184064089,-42.585175730770025,-6.7468673882769234,0.2262588507793021,0.008124042156383123
0.2260304300001355,-95.47557158677527,-42.5874597519328,-6.747181718162051,0.2270700909185162,0.008133036106227749
0.22584786912654606,-95.4843110865987,-42.58974111344316,-6.7474960900334295,0.2278794134977169,0.008141980314628795
0.22566409908874913,-95.49304031645057,-42.59201980831645,-6.747810501063701,0.22868681647707526,0.008150874785665148
0.22547912365947315,-95.50175925272968,-42.594295829579615,-6.748124948428788,0.2294922978276993,0.008159719523663822
0.2252929466159354,-95.51046787189404,-42.59656917027109,-6.748439429307913,0.23029585553163134,0.008168514533199707
0.2251055717397714,-95.51916615046079,-42.59883982344086,-6.748753940883639,0.2310974875818454,0.008177259819095327
0.22491700281693658,-95.52785406500615,-42.601107782150436,-6.749068480341896,0.2318971919822476,0.008185955386420566
0.22472724363766436,-95.5365315921654,-42.60337303947287,-6.749383044872043,0.2326949667476719,0.008194601240492413
0.22453629799640223,-95.545198708633,-42.60563558849291,-6.749697631666894,0.23349080990387588,0.008203197386874713
0.22434416969172333,-95.55385539116187,-42.607895422306704,-6.750012237922734,0.2342847194875411,0.0082117438313779
0.2241508625262681,-95.5625016165642,-42.61015253402208,-6.750326860839386,0.23507669354627037,0.008220240580058718
0.22395638030668155,-95.57113736171081,-42.6124069167585,-6.750641497620234,0.2358667301385838,0.008228687639219991
0.22376072684353082,-95.57976260353122,-42.614658563646984,-6.750956145472263,0.23665482733391724,0.008237085015410348
0.22356390595125855,-95.58837731901362,-42.61690746783015,-6.7512708016060765,0.2374409832126207,0.008245432715423941
0.22336592144809037,-95.5969814852047,-42.619153622462264,-6.751585463235961,0.2382251958659534,0.008253730746300193
0.22316677715597796,-95.6055750792099,-42.621397020709274,-6.751900127579909,0.2390074633960834,0.008261979115323528
0.22296647690054705,-95.61415807819292,-42.62363765574871,-6.752214791859647,0.23978778391608488,0.008270177830023106
0.22276502451099522,-95.62273045937594,-42.625875520769796,-6.752529453300684,0.24056615554993252,0.00827832689817255
0.22256242382006247,-95.63129220003941,-42.62811060897337,-6.752844109132334,0.24134257643250362,0.008286426327789673
0.22235867866394438,-95.63984327752222,-42.63034291357203,-6.753158756587768,0.24211704470957124,0.008294476127136229
0.22215379288220993,-95.64838366922132,-42.63257242778999,-6.753473392904035,0.24288955853780328,0.008302476304717595
0.22194777031776414,-95.65691335259199,-42.63479914486327,-6.753788015322115,0.24366011608475982,0.008310426869282538
0.22174061481677274,-95.66543230514722,-42.63702305803938,-6.754102621086907,0.24442871552888976,0.008318327829822919
0.2215323302285863,-95.67394050445857,-42.63924416057782,-6.754417207447334,0.24519535505952839,0.00832617919557344
0.22132292040566665,-95.68243792815505,-42.64146244574954,-6.754731771656311,0.24596003287689566,0.008333980976011327
0.22111238920354592,-95.69092455392402,-42.643677906837446,-6.755046310970832,0.24672274719209084,0.008341733180856096
0.22090074048074465,-95.69940035951034,-42.645890537136054,-6.755360822651973,0.2474834962270911,0.00834943582006924
0.220687978098692,-95.70786532271696,-42.64810032995176,-6.755675303964937,0.24824227821474887,0.008357088903853973
0.22047410592169853,-95.71631942140421,-42.65030727860254,-6.75598975217907,0.24899909139878895,0.008364692442654935
0.22025912781685025,-95.72476263349039,-42.65251137641829,-6.75630416456792,0.24975393403380225,0.00837224644715791
0.22004304765395302,-95.7331949369513,-42.65471261674066,-6.756618538409276,0.25050680438524797,0.008379750928289555
0.21982586930548428,-95.74161630982029,-42.6569109929231,-6.7569328709851675,0.2512577007294487,0.00838720589721709
0.21960759664651006,-95.75002673018811,-42.65910649833078,-6.757247159581911,0.25200662135358487,0.008394611365348043
0.21938823355462453,-95.75842617620313,-42.6612991263408,-6.757561401490177,0.252753564555695,0.008401967344329948
0.2191677839098873,-95.76681462607095,-42.66348887034201,-6.757875594004963,0.25349852864467065,0.008409273846050051
0.21894625159473607,-95.7751920580545,-42.665675723735085,-6.758189734425674,0.2542415119402532,0.008416530882635038
0.21872364049397,-95.78355845047398,-42.6678596799326,-6.758503820056141,0.25498251277303197,0.00842373846645072
0.21849995449463303,-95.79191378170684,-42.670040732358935,-6.758817848204649,0.25572152948443977,0.008430896610101782
0.2182751974859883,-95.80025803018759,-42.67221887445033,-6.759131816183964,0.2564585604267513,0.00843800532643145
0.21804937335942634,-95.80859117440784,-42.67439409965492,-6.759445721311391,0.2571936039630771,0.008445064628521229
0.21782248600840282,-95.81691319291627,-42.67656640143271,-6.75975956090877,0.2579266584673644,0.008452074529690582
0.2175945393283974,-95.82522406431848,-42.678735773255575,-6.760073332302539,0.25865772232438866,0.008459035043496658
0.2173655372168195,-95.83352376727697,-42.68090220860731,-6.760387032823747,0.25938679392975383,0.008465946183733988
0.21713548357297366,-95.84181228051114,-42.68306570098362,-6.760700659808094,0.2601138716898884,0.008472807964434188
0.21690438229796583,-95.85008958279717,-42.68522624389212,-6.761014210595965,0.2608389540220411,0.008479620399865653
0.21667223729466728,-95.85835565296794,-42.68738383085233,-6.761327682532444,0.26156203935427846,0.008486383504533271
0.21643905246761547,-95.86661046991317,-42.68953845539581,-6.761641072967379,0.26228312612548244,0.008493097293178117
0.21620483172300045,-95.87485401257898,-42.69169011106592,-6.761954379255371,0.2630022127853415,0.008499761780777156
0.2159695789685557,-95.88308625996818,-42.693838791418074,-6.762267598755838,0.2637192977943548,0.00850637698254293
0.21573329811350692,-95.89130719114011,-42.69598449001961,-6.762580728833029,0.26443437962382293,0.008512942913923264
0.21549599306853603,-95.89951678521058,-42.69812720044989,-6.762893766856058,0.26514745675584805,0.00851945959060097
0.21525766774566962,-95.90771502135189,-42.70026691630026,-6.763206710198951,0.26585852768332463,0.008525927028493523
0.21501832605827403,-95.91590187879251,-42.702403631174,-6.763519556240638,0.2665675909099442,0.008532345243752763
0.21477797192093012,-95.92407733681729,-42.704537338686464,-6.763832302365018,0.26727464495018394,0.008538714252764593
0.2145366092494239,-95.93224137476733,-42.70666803246493,-6.764144945960973,0.26797968832930813,0.008545034072148674
0.2142942419606568,-95.94039397204003,-42.70879570614884,-6.764457484422407,0.2686827195833621,0.008551304718758092
0.21405087397258626,-95.94853510808878,-42.71092035338958,-6.764769915148269,0.2693837372591696,0.008557526209679088
0.2138065092041692,-95.95666476242307,-42.713041967850565,-6.765082235542575,0.27008273991432674,0.0085636985622307
0.21356115157528993,-95.96478291460862,-42.715160543207354,-6.7653944430144675,0.27077972611720036,0.00856982179396449
0.2133148050067291,-95.97288954426683,-42.717276073147474,-6.765706534978193,0.27147469444692357,0.008575895922664216
0.21306747342004842,-95.98098463107527,-42.71938855137059,-6.766018508853183,0.27216764349339334,0.008581920966345519
0.21281916073758161,-95.98906815476728,-42.721497971588434,-6.7663303620640525,0.2728585718572652,0.008587896943255596
0.21256987088233772,-95.99714009513215,-42.72360432752487,-6.766642092040648,0.27354747814994773,0.008593823871872908
0.21231960777797013,-96.00520043201476,-42.72570761291577,-6.766953696218049,0.27423436099360193,0.00859970177090684
0.21206837534868578,-96.01324914531578,-42.72780782150921,-6.767265172036622,0.27491921902113375,0.008605530659297405
0.21181617751919987,-96.02128621499165,-42.729904947065364,-6.76757651694204,0.2756020508761944,0.008611310556214913
0.2115630182146811,-96.02931162105438,-42.731998983356576,-6.767887728385308,0.276282855213172,0.008617041481059642
0.21130890136067146,-96.0373253435714,-42.734089924167236,-6.768198803822783,0.2769616306971906,0.008622723453461531
0.21105383088304963,-96.04532736266599,-42.73617776329402,-6.768509740716234,0.27763837600410524,0.008628356493279862
0.21079781070795328,-96.0533176585165,-42.73826249454566,-6.768820536532824,0.2783130898204961,0.008633940620602928
0.21054084476172574,-96.06129621135713,-42.740344111743134,-6.76913118874517,0.27898577084366666,0.008639475855747706
0.21028293697086142,-96.06926300147704,-42.742422608719565,-6.769441694831362,0.2796564177816403,0.00864496221925954
0.2100240912619337,-96.07721800922104,-42.74449797932031,-6.769752052274989,0.2803250293531519,0.008650399731911815
0.20976431156154687,-96.08516121498901,-42.74657021740289,-6.77006225856516,0.2809916042876468,0.008655788414705634
0.20950360179627198,-96.09309259923614,-42.748639316837064,-6.770372311196533,0.2816561413252785,0.00866112828886948
0.2092419658925868,-96.10101214247285,-42.750705271504856,-6.770682207669362,0.2823186392168987,0.008666419375858886
0.20897940777682286,-96.10891982526455,-42.75276807530045,-6.770991945489489,0.28297909672405774,0.008671661697356137
0.20871593137509953,-96.1168156282318,-42.754827722130315,-6.771301522168393,0.2836375126189999,0.008676855275269894
0.20845154061327112,-96.12469953205033,-42.756884205913224,-6.771610935223217,0.28429388568465586,0.008682000131734889
0.20818623941686173,-96.13257151745053,-42.75893752058012,-6.771920182176771,0.2849482147146408,0.008687096289111603
0.2079200317110158,-96.14043156521805,-42.760987660074306,-6.7722292605575936,0.2856004985132521,0.008692143769985906
0.20765292142044278,-96.1482796561933,-42.76303461835135,-6.772538167899943,0.2862507358954583,0.008697142597168738
0.20738491246933183,-96.1561157712715,-42.7650783893791,-6.772846901743847,0.2868989256869015,0.008702092793695777
0.20711600878134917,-96.16393989140278,-42.76711896713775,-6.773155459635111,0.2875450667238881,0.008706994382827099
0.2068462142795055,-96.17175199759188,-42.76915634561979,-6.773463839125366,0.2881891578533874,0.008711847388046841
0.20657553288617866,-96.17955207089837,-42.77119051883004,-6.773772037772059,0.2888311979330276,0.008716651833062862
0.2063039685229925,-96.18734009243643,-42.77322148078567,-6.7740800531385075,0.289471185831087,0.00872140774180641
0.20603152511079562,-96.19511604337485,-42.775249225516234,-6.77438788279392,0.2901091204264923,0.008726115138431778
0.20575820656959803,-96.202879904937,-42.77727374706356,-6.7746955243133975,0.29074500060881425,0.008730774047315962
0.20548401681849965,-96.21063165840083,-42.779295039481966,-6.775002975277996,0.291378825278263,0.00873538449305833
0.20520895977565656,-96.21837128509863,-42.78131309683804,-6.775310233274708,0.2920105933456817,0.00873994650048027
0.20493303935822088,-96.22609876641732,-42.78332791321088,-6.775617295896527,0.29264030373254246,0.008744460094624854
0.2046562594822607,-96.23381408379805,-42.785339482691896,-6.775924160742436,0.2932679553709422,0.008748925300756487
0.20437862406273138,-96.24151721873642,-42.78734779938497,-6.776230825417461,0.2938935472035979,0.008753342144360566
0.20410013701341698,-96.24920815278226,-42.78935285740638,-6.776537287532667,0.29451707818384376,0.00875771065114314
0.20382080224685598,-96.25688686753975,-42.791354650884855,-6.7768435447052084,0.29513854727562033,0.008762030847030556
0.20354062367431416,-96.26455334466725,-42.79335317396161,-6.777149594558335,0.29575795345347594,0.008766302758169113
0.20325960520570238,-96.27220756587727,-42.79534842079026,-6.77745543472141,0.2963752957025578,0.008770526410924715
0.20297775074954022,-96.2798495129365,-42.79734038553696,-6.777761062829956,0.2969905730186104,0.008774701831882526
0.2026950642128983,-96.28747916766564,-42.79932906238026,-6.7780664765256535,0.29760378440796753,0.008778829047846616
0.20241154950133464,-96.29509651193956,-42.801314445511274,-6.77837167345637,0.2982149288875497,0.008782908085839609
0.20212721051885071,-96.30270152768708,-42.80329652913362,-6.7786766512762,0.2988240054848574,0.008786938973102332
0.20184205116783857,-96.31029419689102,-42.80527530746342,-6.7789814076454595,0.2994310132379656,0.00879092173709347
0.2015560753490182,-96.31787450158808,-42.80725077472931,-6.779285940230727,0.30003595119552284,0.008794856405489201
0.2012692869613884,-96.32544242386886,-42.80922292517249,-6.779590246704862,0.30063881841674084,0.008798743006182854
0.20098168990217585,-96.33299794587778,-42.81119175304668,-6.779894324747013,0.3012396139713911,0.008802581567284546
0.20069328806678507,-96.3405410498132,-42.81315725261822,-6.780198172042661,0.3018383369398036,0.008806372117120818
0.2004040853487382,-96.34807171792707,-42.81511941816596,-6.780501786283634,0.30243498641285405,0.008810114684234304
0.20011408563961355,-96.35558993252515,-42.81707824398138,-6.7808051651681085,0.30302956149196714,0.008813809297383355
0.199823292829012,-96.36309567596693,-42.81903372436855,-6.781108306400657,0.30362206128910535,0.008817455985541674
0.1995317108045117,-96.37058893066545,-42.82098585364413,-6.78141120769226,0.30421248492676534,0.008821054777897982
0.19923934345157965,-96.37806967908743,-42.822934626137425,-6.781713866760316,0.304800831537974,0.00882460570385563
0.1989461946535515,-96.38553790375313,-42.82488003619036,-6.782016281328681,0.30538710026628063,0.008828108793032257
0.19865226829156685,-96.3929935872364,-42.826822078157534,-6.782318449127676,0.30597129026575354,0.008831564075259422
0.19835756824453799,-96.40043671216449,-42.82876074640615,-6.7826203678941,0.3065534007009761,0.00883497158058225
0.19806209838906103,-96.40786726121816,-42.83069603531611,-6.7829220353712705,0.3071334307470359,0.008838331339259046
0.1977658625993858,-96.41528521713164,-42.83262793928005,-6.783223449309041,0.3077113795895275,0.008841643381760952
0.19746886474738132,-96.42269056269237,-42.834556452703154,-6.783524607463782,0.3082872464245374,0.008844907738771593
0.19717110870246418,-96.4300832807413,-42.836481570003464,-6.783825507598461,0.30886103045864866,0.008848124441186668
0.1968725983315466,-96.43746335417265,-42.83840328561167,-6.784126147482625,0.3094327309089262,0.008851293520113634
0.19657333749899372,-96.44483076593392,-42.84032159397121,-6.78442652489242,0.31000234700291696,0.008854415006871298
0.19627333006658035,-96.45218549902577,-42.84223648953823,-6.784726637610618,0.3105698779786421,0.008857488932989476
0.19597257989342984,-96.45952753650216,-42.8441479667817,-6.78502648342664,0.3111353230845944,0.008860515330208615
0.1956710908359574,-96.46685686147013,-42.84605602018327,-6.785326060136565,0.3116986815797281,0.008863494230479418
0.19536886674786397,-96.4741734570899,-42.84796064423741,-6.785625365543147,0.3122599527334551,0.008866425665962482
0.19506591148001612,-96.48147730657479,-42.84986183345144,-6.785924397455861,0.3128191358256416,0.008869309669027927
0.1947622288804554,-96.48876839319111,-42.851759582345366,-6.78622315369087,0.313376230146601,0.008872146272255016
0.19445782279434123,-96.49604670025825,-42.85365388545211,-6.786521632071092,0.31393123499708475,0.008874935508431785
0.1941526970638705,-96.50331221114861,-42.85554473731739,-6.786819830426193,0.31448414968828164,0.008877677410554676
0.19384685552826508,-96.51056490928751,-42.857432132499746,-6.7871177465926085,0.3150349735418084,0.00888037201182816
0.1935403020236992,-96.51780477815315,-42.85931606557061,-6.787415378413573,0.3155837058897078,0.008883019345664354
0.19323304038327838,-96.5250318012767,-42.86119653111426,-6.787712723739104,0.3161303460744385,0.008885619445682658
0.19292507443695298,-96.53224596224217,-42.863073523727856,-6.788009780426067,0.31667489344887106,0.008888172345709376
0.1926164080115173,-96.53944724468637,-42.864947038021484,-6.788306546338156,0.317217347376284,0.008890678079777318
0.19230704493051934,-96.54663563229896,-42.86681706861814,-6.788603019345932,0.3177577072303552,0.008893136682125456
0.1919969890142465,-96.55381110882222,-42.86868361015365,-6.788899197326812,0.31829597239515534,0.008895548187198522
0.19168624407965837,-96.56097365805118,-42.87054665727685,-6.789195078165112,0.3188321422651447,0.008897912629646638
0.191374813940347,-96.56812326383374,-42.87240620464953,-6.789490659752063,0.31936621624516465,0.008900230044324924
0.19106270240649137,-96.57525991007033,-42.87426224694644,-6.789785939985813,0.3198981937504341,0.008902500466293135
0.19074991328482852,-96.58238358071401,-42.87611477885527,-6.790080916771449,0.3204280742065419,0.008904723930815263
0.19043645037856477,-96.58949425977046,-42.87796379507673,-6.790375588021017,0.32095585704943896,0.008906900473359167
0.19012231748737035,-96.59659193129787,-42.87980929032448,-6.79066995165352,0.3214815417254372,0.008909030129596174
0.18980751840731616,-96.60367657940706,-42.881651259325274,-6.790964005594972,0.3220051276911983,0.008911112935400723
0.18949205693083362,-96.61074818826145,-42.8834896968189,-6.791257747778376,0.3225266144137307,0.008913148926849945
0.18917593684667142,-96.61780674207662,-42.88532459755806,-6.791551176143749,0.3230460013703819,0.0089151381402233
0.1888591619398396,-96.62485222512085,-42.88715595630861,-6.791844288638134,0.32356328804883216,0.00891708061200219
0.18854173599158405,-96.6318846217149,-42.888983767849545,-6.792137083215657,0.3240784739470882,0.008918976378869568
0.1882236627793241,-96.63890391623168,-42.89080802697278,-6.792429557837458,0.32459155857347854,0.008920825477709544
0.18790494607661695,-96.6459100930966,-42.89262872848344,-6.792721710471787,0.3251025414466463,0.008922627945607014
0.18758558965312017,-96.65290313678747,-42.89444586719976,-6.793013539093975,0.32561142209554084,0.008924383819847252
0.18726559727452533,-96.65988303183424,-42.89625943795305,-6.793305041686462,0.3261182000594155,0.00892609313791553
0.18694497270255528,-96.66684976281927,-42.89806943558781,-6.793596216238798,0.32662287488781605,0.008927755937496727
0.18662371969487945,-96.67380331437718,-42.899875854961685,-6.793887060747682,0.3271254461405793,0.008929372256474943
0.1863018420050845,-96.68074367119468,-42.90167869094547,-6.794177573216952,0.32762591338782343,0.00893094213293309
0.185979343382646,-96.68767081801072,-42.90347793842314,-6.7944677516576055,0.32812427620994333,0.008932465605152526
0.1856562275728666,-96.69458473961659,-42.90527359229195,-6.79475759408782,0.3286205341976019,0.008933942711612637
0.18533249831685555,-96.70148542085552,-42.90706564746227,-6.795047098532963,0.32911468695172585,0.008935373490990451
0.18500815935146303,-96.70837284662296,-42.908854098857745,-6.795336263025593,0.3296067340834985,0.008936757982160256
0.18468321440925003,-96.71524700186632,-42.91063894141524,-6.79562508560549,0.33009667521435093,0.008938096224193188
0.1843576672184508,-96.72210787158531,-42.91242017008494,-6.79591356431967,0.3305845099759601,0.008939388256356843
0.1840315215029196,-96.72895544083143,-42.914197779830225,-6.796201697222371,0.3310702380102358,0.008940634118114884
0.18370478098209828,-96.73578969470833,-42.91597176562781,-6.796489482375097,0.33155385896932027,0.008941833849126623
0.1833774493709878,-96.74261061837176,-42.91774212246776,-6.79677691784662,0.33203537251557813,0.008942987489246662
0.18304953038008195,-96.74941819702914,-42.91950884535332,-6.7970640017129655,0.33251477832158916,0.00894409507852446
0.18272102771533072,-96.75621241594,-42.921271929301184,-6.797350732057475,0.3329920760701446,0.008945156657203942
0.1823919450781307,-96.7629932604159,-42.92303136934141,-6.797637106970781,0.33346726545423677,0.00894617226572311
0.18206228616525022,-96.76976071582004,-42.924787160517326,-6.797923124550825,0.3339403461770526,0.008947141944713638
0.18173205466880188,-96.77651476756775,-42.926539297885725,-6.798208782902881,0.3344113179519718,0.008948065735000453
0.18140125427620807,-96.78325540112597,-42.92828777651676,-6.798494080139553,0.3348801805025521,0.008948943677601365
0.18106988867015844,-96.78998260201365,-42.930032591494026,-6.798779014380796,0.3353469335625298,0.008949775813726637
0.18073796152856283,-96.79669635580144,-42.9317737379145,-6.799063583753919,0.335811576875807,0.0089505621847786
0.18040547652453326,-96.8033966481118,-42.93351121088864,-6.799347786393606,0.33627411019644776,0.008951302832351241
0.18007243732631775,-96.81008346461893,-42.93524500554037,-6.7996316204419145,0.3367345332886718,0.008951997798229796
0.17973884759729553,-96.81675679104883,-42.93697511700705,-6.799915084048299,0.33719284592684345,0.008952647124390355
0.17940471099589883,-96.82341661317906,-42.93870154043957,-6.80019817536961,0.33764904789546984,0.008953250852999443
0.17907003117561437,-96.83006291683904,-42.94042427100232,-6.800480892570111,0.3381031389891887,0.008953809026413628
0.1787348117849121,-96.83669568790977,-42.9421433038732,-6.800763233821489,0.3385551190127666,0.0089543216871791
0.17839905646723578,-96.843314912324,-42.9438586342437,-6.801045197302871,0.33900498778108734,0.008954788878031278
0.17806276886095543,-96.84992057606591,-42.94557025731879,-6.801326781200802,0.3394527451191463,0.00895521064189439
0.17772595259932478,-96.85651266517152,-42.94727816831709,-6.801607983709303,0.33989839086204293,0.00895558702188107
0.17738861131043734,-96.8630911657283,-42.94898236247077,-6.801888803029846,0.34034192485497494,0.008955918061291946
0.17705074861722278,-96.8696560638753,-42.9506828350256,-6.802169237371366,0.34078334695323004,0.008956203803615235
0.1767123681373746,-96.87620734580325,-42.95237958124105,-6.802449284950293,0.34122265702217824,0.008956444292526329
0.17637347348334192,-96.88274499775414,-42.95407259639008,-6.802728943990527,0.3416598549372659,0.008956639571887387
0.1760340682622669,-96.88926900602185,-42.9557618757595,-6.803008212723487,0.3420949405840062,0.00895678968574691
0.17569415607597272,-96.8957793569514,-42.957447414649636,-6.80328708938808,0.3425279138579731,0.008956894678339348
0.17535374052091193,-96.90227603693954,-42.95912920837461,-6.803565572230738,0.342958774664795,0.008956954594084675
0.17501282518815933,-96.90875903243428,-42.96080725226218,-6.803843659505411,0.343387522920145,0.008956969477587983
0.17467141366333014,-96.91522832993525,-42.96248154165389,-6.804121349473582,0.3438141585497332,0.008956939373639056
0.17432950952659165,-96.92168391599343,-42.96415207190501,-6.8043986404042816,0.3442386814893054,0.00895686432721196
0.17398711635259914,-96.92812577721115,-42.96581883838456,-6.804675530574074,0.34466109168462516,0.008956744383464653
0.17364423771046653,-96.93455390024226,-42.967481836475365,-6.8049520182670955,0.3450813890914761,0.00895657958773852
0.1733008771637651,-96.94096827179189,-42.969141061574014,-6.805228101775031,0.3454995736756473,0.008956369985557997
0.17295703827043876,-96.94736887861642,-42.97079650909089,-6.805503779397133,0.34591564541293157,0.008956115622630134
0.1726127245827994,-96.95375570752385,-42.972448174450314,-6.805779049440255,0.346329604289112,0.008955816544844198
0.17226793964749695,-96.96012874537341,-42.9740960530904,-6.806053910218829,0.34674145029995823,0.008955472798271224
0.17192268700546978,-96.96648797907541,-42.97574014046305,-6.806328360054855,0.34715118345121637,0.00895508442916362
0.17157697019192633,-96.97283339559176,-42.9773804320342,-6.80660239727796,0.34755880375860443,0.008954651483954742
0.171230792736321,-96.97916498193553,-42.97901692328359,-6.8068760202253715,0.3479643112478024,0.008954174009258473
0.17088415816228486,-96.98548272517097,-42.98064960970492,-6.807149227241922,0.34836770595444305,0.008953652051868799
0.17053706998762883,-96.99178661241379,-42.98227848680583,-6.807422016680076,0.3487689879241063,0.008953085658759396
0.17018953172430765,-96.9980766308307,-42.98390355010789,-6.807694386899906,0.3491681572123125,0.008952474877083203
0.16984154687838288,-97.00435276763982,-42.9855247951467,-6.807966336269133,0.34956521388451056,0.008951819754172002
0.16949311894996993,-97.01061501011041,-42.98714221747185,-6.808237863163112,0.3499601580160746,0.008951120337535996
0.16914425143325684,-97.01686334556292,-42.9887558126469,-6.808508965964837,0.3503529896922938,0.008950376674863387
0.16879494781641616,-97.02309776136899,-42.99036557624948,-6.808779643064953,0.35074370900836194,0.008949588814019943
0.16844521158162656,-97.02931824495148,-42.991971503871305,-6.809049892861775,0.35113231606937434,0.008948756803048588
0.16809504620500654,-97.03552478378431,-42.993573591118064,-6.809319713761248,0.35151881099031734,0.008947880690168969
0.1677444551566049,-97.04171736539266,-42.99517183360966,-6.809589104177014,0.3519031938960591,0.00894696052377703
0.16739344190035169,-97.04789597735285,-42.99676622698005,-6.809858062530371,0.3522854649213447,0.008945996352444596
0.1670420098940495,-97.05406060729219,-42.9983567668773,-6.810126587250297,0.35266562421078407,0.008944988224918932
0.16669016258932903,-97.06021124288917,-42.999943448963634,-6.8103946767734405,0.3530436719188474,0.008943936190122325
0.1663379034316358,-97.06634787187349,-43.001526268915505,-6.810662329544158,0.35341960820985596,0.008942840297151661
0.16598523586017078,-97.07247048202576,-43.00310522242347,-6.810929544014475,0.3537934332579711,0.008941700595277992
0.16563216330790598,-97.0785790611779,-43.00468030519238,-6.811196318644128,0.3541651472471907,0.008940517133946098
0.165278689201513,-97.08467359721264,-43.00625151294122,-6.8114626519005395,0.35453475037133925,0.008939289962774075
0.16492481696136624,-97.09075407806398,-43.00781884140331,-6.8117285422588445,0.3549022428340557,0.008938019131552906
0.1645705500014982,-97.09682049171687,-43.009382286326186,-6.811993988201878,0.3552676248487928,0.00893670469024601
0.16421589172957762,-97.10287282620727,-43.01094184347167,-6.8122589882201865,0.3556308966388003,0.008935346688988835
0.16386084554687388,-97.10891106962235,-43.012497508615944,-6.812523540812045,0.35599205843712356,0.008933945178088418
0.16350541484824987,-97.1149352101001,-43.014049277549454,-6.812787644483425,0.3563511104865906,0.008932500208022944
0.16314960302210613,-97.12094523582968,-43.015597146077056,-6.81305129774804,0.35670805303980596,0.00893101182944134
0.16279341345038495,-97.12694113505114,-43.01714111001792,-6.8133144991273165,0.357062886359143,0.008929480093162816
0.1624368495085265,-97.1329228960556,-43.01868116520562,-6.8135772471504055,0.3574156107167312,0.00892790505017645
0.16207991456543208,-97.1388905071852,-43.02021730748815,-6.8138395403542,0.357766226394452,0.008926286751640741
0.16172261198346122,-97.14484395683296,-43.02174953272795,-6.814101377283327,0.3581147336839303,0.00892462524888319
0.16136494511839503,-97.150783233443,-43.023277836801874,-6.814362756490139,0.35846113288652304,0.008922920593399853
0.16100691731940917,-97.15670832551028,-43.024802215601255,-6.814623676534731,0.3588054243133099,0.008921172836854915
0.16064853192905526,-97.16261922158097,-43.026322665031984,-6.814884135984958,0.3591476082850909,0.008919382031080251
0.16028979228321427,-97.1685159102518,-43.02783918101433,-6.815144133416383,0.35948768513236884,0.008917548228074994
0.15993070171111445,-97.17439838017086,-43.02935175948323,-6.81540366741235,0.35982565519534937,0.008915671480005093
0.15957126353525647,-97.18026662003693,-43.03086039638811,-6.8156627365639295,0.3601615188239262,0.008913751839202882
0.15921148107142585,-97.18612061859982,-43.03236508769295,-6.815921339469946,0.3604952763776736,0.008911789358166642
0.1588513576286584,-97.1919603646603,-43.03386582937643,-6.816179474736989,0.36082692822584067,0.008909784089560169
0.15849089650920445,-97.19778584707008,-43.035362617431765,-6.816437140979386,0.3611564747473391,0.008907736086212318
0.15813010100851274,-97.20359705473166,-43.03685544786678,-6.816694336819216,0.3614839163307358,0.008905645401116585
0.1577689744152204,-97.20939397659866,-43.03834431670407,-6.816951060886334,0.361809253374242,0.008903512087430657
0.15740752001111763,-97.21517660167542,-43.039829219980795,-6.8172073118183265,0.36213248628570877,0.008901336198475985
0.1570457410711055,-97.2209449190174,-43.04131015374893,-6.817463088260554,0.3624536154826126,0.008899117787737328
0.15668364086321784,-97.22669891773079,-43.042787114075104,-6.817718388866139,0.3627726413920518,0.008896856908862326
0.1563212226485531,-97.23243858697275,-43.04426009704072,-6.81797321229595,0.36308956445073304,0.008894553615661051
0.15595848968128415,-97.23816391595143,-43.04572909874195,-6.818227557218631,0.3634043851049646,0.008892207962105575
0.1555954452086257,-97.24387489392574,-43.04719411528974,-6.8184814223105645,0.36371710381064665,0.008889820002329518
0.15523209247080072,-97.24957151020564,-43.04865514280993,-6.818734806255922,0.36402772103326425,0.008887389790627616
0.15486843470103928,-97.25525375415182,-43.05011217744306,-6.8189877077466186,0.36433623724787395,0.008884917381455281
0.15450447512553708,-97.26092161517603,-43.05156521534468,-6.81924012548234,0.3646426529391004,0.008882402829428142
0.1541402169634566,-97.26657508274069,-43.05301425268508,-6.819492058170511,0.36494696860111997,0.00887984618932162
0.15377566342687907,-97.2722141463594,-43.05445928564957,-6.819743504526351,0.36524918473765905,0.008877247516070485
0.15341081772080573,-97.27783879559648,-43.05590031043836,-6.819994463272823,0.3655493018619786,0.008874606864768379
0.1530456830431325,-97.28344902006712,-43.05733732326655,-6.8202449331406445,0.3658473204968695,0.008871924290667436
0.15268026258462747,-97.28904480943744,-43.05877032036426,-6.8204949128683,0.3661432411746398,0.008869199849177771
0.15231455952889444,-97.29462615342445,-43.0601992979766,-6.8207444012020355,0.3664370644371083,0.008866433595867076
0.15194857705239545,-97.30019304179608,-43.061624252363714,-6.820993396895849,0.3667287908355925,0.008863625586460158
0.15158231832438193,-97.30574546437109,-43.06304517980078,-6.821241898711505,0.3670184209309026,0.008860775876838508
0.15121578650690826,-97.31128341101918,-43.064462076578025,-6.821489905418517,0.3673059552933288,0.008857884523039828
0.15084898475479774,-97.31680687166083,-43.065874939000715,-6.821737415794142,0.36759139450263223,0.008854951581257615
0.15048191621563062,-97.32231583626758,-43.06728376338936,-6.821984428623419,0.3678747391480384,0.008851977107840697
0.1501145840297331,-97.32781029486172,-43.06868854607948,-6.822230942699112,0.3681559898282236,0.008848961159292797
0.14974699133011993,-97.33329023751655,-43.070089283421844,-6.822476956821756,0.36843514715130876,0.008845903792272071
0.1493791412425393,-97.33875565435613,-43.0714859717823,-6.822722469799614,0.3687122117348482,0.008842805063590664
0.14901103688539769,-97.3442065355555,-43.072878607542,-6.822967480448713,0.36898718420582177,0.008839665030214269
0.14864268136977618,-97.34964287134055,-43.07426718709724,-6.82321198759281,0.36926006520062027,0.00883648374926168
0.14827407779938798,-97.35506465198817,-43.075651706859645,-6.823455990063422,0.3695308553650438,0.008833261278004335
0.1479052292705875,-97.36047186782606,-43.07703216325608,-6.823699486699794,0.3697995553542847,0.008829997673865862
0.14753613887233938,-97.36586450923281,-43.07840855272867,-6.8239424763489085,0.3700661658329219,0.008826692994421653
0.14716680968618842,-97.37124256663793,-43.07978087173492,-6.824184957865482,0.3703306874749104,0.008823347297398379
0.1467972447862781,-97.37660603052194,-43.08114911674768,-6.824426930111979,0.3705931209635693,0.008819960640673566
0.14642744723928922,-97.38195489141617,-43.082513284255135,-6.824668391958572,0.3708534669915764,0.008816533082275141
0.14605742010446504,-97.38728913990295,-43.08387337076091,-6.824909342283182,0.3711117262609555,0.008813064680380974
0.14568716643357507,-97.39260876661542,-43.08522937278401,-6.825149779971431,0.3713678994830653,0.008809555493318423
0.14531668927088218,-97.39791376223775,-43.0865812868589,-6.825389703916681,0.37162198737859253,0.008806005579563896
0.1449459916531743,-97.403204117505,-43.08792910953551,-6.825629113020005,0.37187399067754034,0.008802414997742383
0.14457507660970081,-97.40847982320311,-43.08927283737925,-6.825868006190179,0.3721239101192189,0.008798783806627023
0.1442039471621782,-97.41374087016924,-43.09061246697115,-6.8261063823437205,0.37237174645223425,0.008795112065138626
0.14383260632479367,-97.41898724929104,-43.091947994907585,-6.826344240404812,0.3726175004344799,0.008791399832345247
0.14346105710414286,-97.42421895150746,-43.09327941780065,-6.826581579305373,0.3728611728331263,0.008787647167461714
0.14308930249926358,-97.42943596780825,-43.094606732277974,-6.826818397984994,0.3731027644246081,0.008783854129849179
0.1427173455015885,-97.43463828923433,-43.09592993498288,-6.8270546953909985,0.37334227599462017,0.008780020779014665
0.14234518909495994,-97.43982590687735,-43.0972490225742,-6.827290470478365,0.3735797083381034,0.008776147174610605
0.1419728362555816,-97.44499881188003,-43.09856399172656,-6.827525722209778,0.37381506225923133,0.008772233376434412
0.14160028995202747,-97.45015699543612,-43.09987483913019,-6.827760449555602,0.3740483385714065,0.008768279444427981
0.14122755314523228,-97.45530044879028,-43.101181561491074,-6.827994651493871,0.37427953809724707,0.008764285438677284
0.14085462878846422,-97.46042916323826,-43.102484155530924,-6.8282283270103,0.37450866166857594,0.008760251419411863
0.1404815198273136,-97.4655431301267,-43.1037826179872,-6.828461475098267,0.3747357101264108,0.008756177447004425
0.14010822919968868,-97.47064234085339,-43.10507694561325,-6.828694094758829,0.3749606843209554,0.00875206358197034
0.13973475983580297,-97.47572678686707,-43.106367135178104,-6.828926185000681,0.37518358511158756,0.008747909884967212
0.13936111465814116,-97.48079645966756,-43.107653183466766,-6.829157744840188,0.3754044133668512,0.008743716416794424
0.13898729658148487,-97.4858513508056,-43.10893508727998,-6.829388773301349,0.3756231699644409,0.008739483238392657
0.13861330851286616,-97.49089145188317,-43.11021284343452,-6.829619269415832,0.3758398557911953,0.00873521041084346
0.13823915335156936,-97.49591675455315,-43.11148644876295,-6.829849232222909,0.37605447174308715,0.008730897995368775
0.13786483398912497,-97.50092725051948,-43.11275590011387,-6.830078660769504,0.37626701872521195,0.008726546053330488
0.1374903533092866,-97.50592293153736,-43.11402119435183,-6.830307554110172,0.376477497651776,0.008722154646229956
0.13711571418803728,-97.51090378941282,-43.115282328357324,-6.830535911307073,0.37668590944608554,0.008717723835707574
0.13674091949354905,-97.5158698160032,-43.11653929902697,-6.8307637314299985,0.37689225504054047,0.0087132536835423
0.1363659720862047,-97.52082100321692,-43.11779210327336,-6.830991013556337,0.37709653537661775,0.00870874425165119
0.13599087481856695,-97.52575734301334,-43.11904073802517,-6.831217756771082,0.3772987514048659,0.008704195602088951
0.13561563053537648,-97.53067882740315,-43.120285200227215,-6.831443960166829,0.3774989040848923,0.008699607797047478
0.13524024207353108,-97.53558544844815,-43.12152548684041,-6.8316696228437666,0.3776969943853511,0.008694980898855393
0.13486471226209387,-97.54047719826116,-43.12276159484183,-6.831894743909652,0.3778930232839344,0.008690314969977587
0.13448904392227137,-97.54535406900627,-43.12399352122472,-6.8321193224798344,0.37808699176735927,0.008685610073014742
0.1341132398673994,-97.55021605289873,-43.12522126299854,-6.832343357677227,0.3782789008313614,0.008680866270702916
0.1337373029029477,-97.55506314220493,-43.126444817188975,-6.832566848632313,0.37846875148067877,0.008676083625913029
0.13336123582650347,-97.55989532924254,-43.12766418083801,-6.832789794483125,0.3786565447290445,0.008671262201650438
0.13298504142775622,-97.5647126063804,-43.128879351003896,-6.833012194375249,0.37884228159917466,0.008666402061054455
0.13260872248850356,-97.56951496603855,-43.13009032476115,-6.833234047461817,0.3790259631227553,0.008661503267397893
0.13223228178262833,-97.57430240068823,-43.13129709920067,-6.8334553529034885,0.37920759034043694,0.008656565884086613
0.13185572207609775,-97.57907490285207,-43.13249967142979,-6.833676109868472,0.37938716430181924,0.008651589974659049
0.13147904612695657,-97.58383246510377,-43.13369803857208,-6.833896317532468,0.37956468606544,0.008646575602785755
0.1311022566853125,-97.58857508006842,-43.13489219776762,-6.834115975078705,0.37974015669876526,0.008641522832268928
0.13072535649334022,-97.59330274042244,-43.13608214617298,-6.834335081697923,0.3799135772781804,0.008636431727041972
0.13034834828525038,-97.59801543889348,-43.137267880961154,-6.834553636588357,0.38008494888897265,0.008631302351168997
0.1299712347873202,-97.60271316826044,-43.13844939932161,-6.834771638955721,0.3802542726253267,0.008626134768844402
0.12959401871784898,-97.60739592135371,-43.13962669846039,-6.834989088013227,0.38042154959031055,0.008620929044392359
0.12921670278716954,-97.61206369105494,-43.14079977560008,-6.835205982981553,0.38058678089586434,0.008615685242266408
0.12883928969764247,-97.61671647029706,-43.14196862797983,-6.835422323088841,0.3807499676627887,0.008610403427048937
0.12846178214363563,-97.62135425206458,-43.14313325285545,-6.835638107570705,0.3809111110207342,0.008605083663450763
0.128084182811544,-97.62597702939314,-43.144293647499296,-6.835853335670185,0.38107021210819114,0.008599726016310632
0.1277064943797553,-97.63058479537007,-43.14544980920053,-6.836068006637788,0.38122727207247487,0.008594330550594782
0.12732871951865146,-97.63517754313389,-43.146601735264845,-6.836282119731432,0.38138229206971797,0.00858889733139647
0.12695086089062563,-97.63975526587467,-43.14774942301478,-6.836495674216474,0.38153527326485775,0.00858342642393549
0.12657292115004212,-97.6443179568338,-43.148892869789506,-6.836708669365672,0.38168621683162396,0.00857791789355774
0.1261949029432585,-97.64886560930435,-43.15003207294508,-6.8369211044592015,0.3818351239525275,0.008572371805734733
0.12581680890859348,-97.65339821663072,-43.1511670298543,-6.837132978784636,0.38198199581884973,0.008566788226063134
0.12543864167636115,-97.65791577220888,-43.152297737906814,-6.8373442916369305,0.3821268336306308,0.0085611672202643
0.12506040386881767,-97.66241826948632,-43.15342419450912,-6.8375550423184235,0.3822696385966582,0.008555508854183814
0.12468209810019952,-97.66690570196194,-43.15454639708457,-6.837765230138817,0.382410411934453,0.008549813193791025
0.12430372697669866,-97.6713780631864,-43.1556643430735,-6.8379748544151795,0.38254915487026236,0.008544080305178562
0.1239252930964508,-97.67583534676172,-43.15677802993308,-6.838183914471926,0.3826858686390435,0.008538310254561894
0.12354679904955615,-97.68027754634164,-43.15788745513755,-6.83839240964082,0.38282055448445684,0.00853250310827884
0.12316824741805234,-97.68470465563159,-43.158992616178125,-6.838600339260953,0.3829532136588489,0.008526658932789121
0.12278964077591116,-97.68911666838841,-43.16009351056301,-6.838807702678739,0.3830838474232428,0.008520777794673879
0.12241098168905895,-97.69351357842066,-43.16119013581746,-6.839014499247897,0.38321245704733,0.008514859760635212
0.12203227271535388,-97.6978953795886,-43.16228248948382,-6.839220728329457,0.38333904380945405,0.008508904897495723
0.12165351640458252,-97.70226206580419,-43.16337056912158,-6.839426389291734,0.3834636089965982,0.008502913272198029
0.12127471529845002,-97.706613631031,-43.164454372307304,-6.839631481510341,0.3835861539043782,0.008496884951804309
0.1208958719306126,-97.71095006928441,-43.165533896634756,-6.83983600436814,0.38370667983702583,0.008490820003495835
0.12051698882662652,-97.71527137463147,-43.166609139714915,-6.840039957255275,0.3838251881073799,0.008484718494572507
0.12013806850398887,-97.71957754119099,-43.16768009917588,-6.840243339569123,0.38394168003687246,0.008478580492452365
0.11975911347211154,-97.72386856313364,-43.16874677266314,-6.840446150714318,0.3840561569555181,0.008472406064671143
0.11938012623231375,-97.72814443468168,-43.16980915783932,-6.840648390102707,0.3841686202019012,0.008466195278881799
0.11900110927783178,-97.73240515010951,-43.17086725238448,-6.840850057153384,0.38427907112316406,0.008459948202854043
0.1186220650938362,-97.73665070374302,-43.17192105399589,-6.841051151292611,0.38438751107499497,0.008453664904473855
0.11824299615738186,-97.74088108996017,-43.17297056038826,-6.841251671953885,0.3844939414216166,0.008447345451743032
0.1178639049374536,-97.74509630319076,-43.174015769293675,-6.841451618577871,0.3845983635357726,0.008440989912778729
0.11748479389493097,-97.74929633791643,-43.175056678461615,-6.841650990612414,0.38470077879871656,0.008434598355812962
0.1171056654826218,-97.75348118867082,-43.176093285659014,-6.841849787512523,0.38480118860019874,0.00842817084919216
0.11672652214522088,-97.7576508500394,-43.17712558867031,-6.8420480087403615,0.384899594338453,0.008421707461376689
0.11634736631935386,-97.76180531665968,-43.17815358529738,-6.842245653765231,0.38499599742018875,0.008415208260940388
0.11596820043352483,-97.7659445832212,-43.17917727335972,-6.842442722063574,0.3850903992605748,0.008408673316570088
0.11558902690817001,-97.77006864446534,-43.180196650694285,-6.842639213118938,0.3851828012832281,0.00840210269706516
0.1152098481556233,-97.77417749518567,-43.181211715155705,-6.842835126421992,0.3852732049202014,0.008395496471337022
0.11483066658012032,-97.77827113022771,-43.18222246461615,-6.843030461470488,0.38536161161197025,0.008388854708408694
0.11445148457780199,-97.78234954448907,-43.18322889696551,-6.843225217769274,0.38544802280742213,0.00838217747741432
0.11407230453673002,-97.78641273291949,-43.18423101011128,-6.843419394830264,0.3855324399638434,0.008375464847598685
0.11369312883687015,-97.79046069052073,-43.185228801978695,-6.843612992172432,0.38561486454690486,0.008368716888316764
0.11331395985007814,-97.79449341234687,-43.18622227051073,-6.843806009321809,0.38569529803065083,0.008361933669033237
0.11293479994014373,-97.79851089350389,-43.18721141366807,-6.843998445811444,0.38577374189748975,0.008355115259322029
0.11255565146275369,-97.80251312915016,-43.188196229429224,-6.844190301181429,0.38585019763817485,0.008348261728865838
0.11217651676550955,-97.80650011449622,-43.18917671579053,-6.844381574978867,0.38592466675179604,0.008341373147455656
0.1117973981879239,-97.81047184480471,-43.19015287076612,-6.844572266757846,0.3859971507457677,0.008334449584990316
0.11141829806142912,-97.81442831539076,-43.19112469238807,-6.84476237607946,0.38606765113581454,0.008327491111476001
0.1110392187093701,-97.81836952162156,-43.19209217870631,-6.844951902511766,0.38613616944595813,0.00832049779702579
0.11066016244701772,-97.82229545891656,-43.19305532778861,-6.845140845629773,0.38620270720850575,0.008313469711859173
0.11028113158154584,-97.82620612274786,-43.19401413772093,-6.845329205015478,0.3862672659640373,0.008306406926301597
0.10990212841207025,-97.8301015086396,-43.19496860660702,-6.845516980257775,0.3863298472613906,0.00829930951078399
0.10952315522961234,-97.83398161216832,-43.19591873256867,-6.845704170952493,0.38639045265765276,0.008292177535842268
0.10914421431714454,-97.8378464289631,-43.1968645137458,-6.845890776702385,0.3864490837181434,0.008285011072116898
0.10876530794955704,-97.84169595470544,-43.197805948296384,-6.8460767971171,0.3865057420164025,0.00827781019035241
0.10838643839366076,-97.84553018512905,-43.198743034396365,-6.84626223181315,0.38656042913417943,0.008270574961396918
0.10800760790822345,-97.84934911602039,-43.199675770240006,-6.846447080413951,0.3866131466614178,0.008263305456201672
0.10762881874394793,-97.85315274321832,-43.20060415403965,-6.846631342549762,0.386663896196244,0.008256001745820566
0.10725007314346739,-97.85694106261408,-43.20152818402575,-6.846815017857682,0.386712679344953,0.008248663901409672
0.10687137334137166,-97.86071407015172,-43.2024478584471,-6.846998105981657,0.3867594977219965,0.008241291994226768
0.10649272156419923,-97.8644717618276,-43.20336317557064,-6.847180606572437,0.38680435294996857,0.008233886095630886
0.1061141200304381,-97.86821413369093,-43.204274133681686,-6.847362519287601,0.3868472466595946,0.008226446277081802
0.10573557095054023,-97.87194118184334,-43.205180731083765,-6.847543843791492,0.3868881804897153,0.008218972610139602
0.10535707652690737,-97.87565290243916,-43.20608296609875,-6.847724579755248,0.38692715608727546,0.00821146516646419
0.10497863895392619,-97.87934929168551,-43.20698083706693,-6.847904726856774,0.38696417510731124,0.008203924017814824
0.10460026041793455,-97.88303034584196,-43.20787434234688,-6.848084284780708,0.3869992392129355,0.008196349236049633
0.10422194309725841,-97.88669606122119,-43.20876348031572,-6.848263253218455,0.38703235007532333,0.00818874089312517
0.10384368916219242,-97.89034643418826,-43.209648249368925,-6.848441631868116,0.3870635093737044,0.008181099061095917
0.103465500775022,-97.89398146116118,-43.21052864792044,-6.848619420434508,0.3870927187953415,0.008173423812113816
0.10308738009001842,-97.89760113861084,-43.21140467440279,-6.848796618629164,0.38711998003552545,0.008165715218427806
0.10270932925345538,-97.9012054630608,-43.21227632726694,-6.848973226170268,0.3871452947975559,0.008157973352383352
0.1023313504035952,-97.90479443108757,-43.213143604982456,-6.849149242782685,0.38716866479272805,0.008150198286421972
0.10195344567071603,-97.90836803932062,-43.21400650603752,-6.84932466819794,0.3871900917403233,0.008142390093080756
0.10157561717710553,-97.91192628444215,-43.21486502893885,-6.8494995021541785,0.387209577367594,0.008134548844991906
0.10119786703705043,-97.91546916318752,-43.21571917221192,-6.849673744396193,0.38722712340974785,0.00812667461488225
0.10082019735687904,-97.91899667234489,-43.216568934400776,-6.849847394675367,0.3872427316099362,0.008118767475572794
0.10044261023494919,-97.92250880875547,-43.217414314068186,-6.850020452749681,0.3872564037192404,0.008110827499978221
0.10006510776163831,-97.92600556931359,-43.21825530979571,-6.8501929183837085,0.3872681414966577,0.008102854761106443
0.09968769201937322,-97.92948695096646,-43.21909192018361,-6.8503647913485795,0.3872779467090884,0.008094849332058118
0.09931036508263781,-97.93295295071454,-43.21992414385093,-6.850536071421971,0.3872858211313215,0.008086811286026183
0.09893312901794733,-97.93640356561127,-43.220751979435526,-6.850706758388101,0.3872917665460203,0.008078740696295378
0.09855598588389598,-97.93983879276337,-43.22157542559418,-6.850876852037717,0.3872957847437116,0.008070637636241773
0.0981789377311419,-97.94325862933056,-43.222394481002446,-6.851046352168069,0.38729787752276945,0.008062502179332309
0.09780198660240502,-97.94666307252596,-43.22320914435485,-6.851215258582887,0.38729804668940143,0.0080543343991243
0.09742513453250742,-97.95005211961563,-43.22401941436473,-6.851383571092389,0.38729629405763377,0.008046134369264992
0.097048383548347,-97.95342576791919,-43.224825289764524,-6.851551289513251,0.387292621449303,0.008037902163491078
0.09667173566891654,-97.95678401480934,-43.22562676930557,-6.851718413668595,0.3872870306940345,0.008029637855628217
0.09629519290532239,-97.9601268577122,-43.226423851758256,-6.851884943387984,0.3872795236292352,0.008021341519590578
0.0959187572607705,-97.96345429410711,-43.22721653591196,-6.852050878507373,0.38727010210007445,0.008013013229380354
0.09554243073059687,-97.96676632152695,-43.22800482057521,-6.852216218869147,0.38725876795947206,0.008004653059087305
0.09516621530225543,-97.97006293755781,-43.22878870457555,-6.852380964322059,0.38724552306808663,0.007996261082888275
0.09479011295534674,-97.97334413983938,-43.22956818675968,-6.852545114721227,0.38723036929429966,0.007987837375046733
0.09441412566159586,-97.97660992606463,-43.230343265993454,-6.852708669928138,0.3872133085141991,0.00797938200991228
0.09403825538490565,-97.97986029398018,-43.23111394116191,-6.852871629810605,0.38719434261156954,0.007970895061920195
0.09366250408131523,-97.98309524138607,-43.23188021116929,-6.853033994242771,0.38717347347787423,0.007962376605590973
0.09328687369903896,-97.98631476613593,-43.232642074939065,-6.853195763105088,0.387150703012244,0.007953826715529817
0.09291136617848084,-97.98951886613696,-43.233399531413994,-6.853356936284293,0.3871260331214618,0.007945245466426209
0.09253598345221938,-97.99270753934992,-43.234152579556095,-6.8535175136734,0.3870994657199496,0.00793663293305341
0.09216072744502492,-97.99588078378919,-43.234901218346685,-6.853677495171681,0.38707100272975026,0.007927989190268001
0.0917856000738904,-97.99903859752301,-43.23564544678655,-6.853836880684664,0.3870406460805187,0.007919314313009409
0.09141060324799759,-98.00218097867305,-43.23638526389566,-6.853995670124087,0.38700839770950424,0.007910608376299436
0.09103573886877331,-98.00530792541483,-43.23712066871356,-6.854153863407915,0.386974259561538,0.007901871455241785
0.09066100882985965,-98.00841943597769,-43.237851660299135,-6.8543114604603,0.3869382335890173,0.007893103625021599
0.0902864150171519,-98.01151550864458,-43.23857823773072,-6.854468461211575,0.3869003217518898,0.007884304960904974
0.08991195930879273,-98.01459614175248,-43.23930040010621,-6.854624865598248,0.38686052601764226,0.007875475538238506
0.0895376435751847,-98.01766133369203,-43.240018146542916,-6.85478067356295,0.3868188483612856,0.0078666154324488
0.08916346967900783,-98.02071108290787,-43.24073147617775,-6.8549358850544655,0.38677529076533845,0.007857724719042026
0.08878943947521596,-98.0237453878984,-43.24144038816712,-6.8550905000276785,0.38672985521981496,0.007848803473603417
0.08841555481105758,-98.02676424721625,-43.242144881687196,-6.85524451844359,0.38668254372220623,0.007839851771796831
0.08804181752608012,-98.02976765946765,-43.24284495593353,-6.855397940269261,0.3866333582774732,0.007830869689364245
0.08766822945214955,-98.03275562331311,-43.2435406101215,-6.855550765477827,0.3865823008980236,0.007821857302125316
0.08729479241345431,-98.03572813746703,-43.24423184348611,-6.85570299404848,0.38652937360370404,0.007812814685976902
0.08692150822650704,-98.03868520069793,-43.24491865528201,-6.855854625966427,0.38647457842178007,0.0078037419168925735
0.08654837870017401,-98.04162681182841,-43.24560104478364,-6.856005661222911,0.38641791738692516,0.007794639070922171
0.08617540563567597,-98.04455296973518,-43.24627901128519,-6.856156099815158,0.3863593925412047,0.007785506224191313
0.08580259082658855,-98.04746367334906,-43.2469525541006,-6.856305941746382,0.38629900593406086,0.007776343452900941
0.08542993605887404,-98.05035892165519,-43.24762167256363,-6.85645518702576,0.3862367596223001,0.007767150833326838
0.08505744311088818,-98.05323871369283,-43.24828636602792,-6.856603835668421,0.3861726556700746,0.007757928441819168
0.08468511375337413,-98.0561030485555,-43.248946633866886,-6.856751887695427,0.38610669614887116,0.0077486763548020015
0.08431294974949252,-98.05895192539097,-43.24960247547387,-6.856899343133742,0.3860388831374925,0.00773939464877284
0.08394095285482632,-98.06178534340143,-43.25025389026218,-6.857046202016253,0.38596921872204676,0.007730083400302167
0.083569124817386,-98.0646033018433,-43.250900877665,-6.857192464381701,0.3858977049959278,0.007720742686032955
0.0831974673776436,-98.06740580002737,-43.251543437135446,-6.857338130274696,0.38582434405980476,0.007711372582680207
0.08282598226850846,-98.07019283731896,-43.25218156814673,-6.857483199745715,0.385749138021604,0.00770197316703049
0.08245467121537592,-98.0729644131377,-43.25281527019202,-6.857627672851041,0.3856720889964958,0.00769254451594146
0.08208353593610701,-98.0757205269577,-43.25344454278452,-6.857771549652778,0.3855931991068783,0.0076830867063413955
0.08171257814108157,-98.07846117830773,-43.254069385457555,-6.857914830218827,0.38551247048236487,0.007673599815228728
0.08134179953315714,-98.08118636677085,-43.25468979776446,-6.858057514622864,0.385429905259763,0.007664083919671578
0.08097120180772778,-98.0838960919848,-43.255305779278764,-6.858199602944323,0.3853455055830674,0.0076545390968072845
0.080600786652708,-98.086590353642,-43.25591732959416,-6.858341095268395,0.3852592736034373,0.007644965423841927
0.08023055574856768,-98.08926915148932,-43.256524448324406,-6.858481991685971,0.38517121147918604,0.007635362978049872
0.07986051076832004,-98.09193248532847,-43.257127135103595,-6.858622292293677,0.38508132137576334,0.007625731836773292
0.07949065337755626,-98.09458035501564,-43.25772538958591,-6.858761997193804,0.3849896054657429,0.007616072077421705
0.07912098523443958,-98.09721276046204,-43.25831921144592,-6.858901106494351,0.38489606592880454,0.007606383777471509
0.07875150798974508,-98.09982970163335,-43.25890860037834,-6.859039620308932,0.3848007049517194,0.007596667014465506
0.07838222328683576,-98.10243117855008,-43.25949355609825,-6.859177538756828,0.3847035247283358,0.007586921866012438
0.07801313276170485,-98.10501719128773,-43.26007407834107,-6.85931486196293,0.38460452745956136,0.007577148409786529
0.07764423804297571,-98.10758773997654,-43.260650166862554,-6.859451590057742,0.38450371535335154,0.007567346723526995
0.07727554075192991,-98.11014282480153,-43.26122182143874,-6.859587723177324,0.38440109062468814,0.007557516885037599
0.07690704250249533,-98.11268244600286,-43.26178904186624,-6.859723261463347,0.3842966554955727,0.007547658972186176
0.07653874490128569,-98.11520660387544,-43.26235182796193,-6.85985820506299,0.3841904121950022,0.007537773062904164
0.07617064954759536,-98.11771529876924,-43.26291017956322,-6.8599925541289934,0.3840823629589603,0.007527859235186138
0.07580275803341671,-98.12020853108923,-43.26346409652798,-6.860126308819596,0.38397251003039584,0.007517917567089356
0.07543507194347368,-98.12268630129542,-43.26401357873454,-6.860259469298541,0.38386085565921085,0.007507948136733258
0.0750675928552018,-98.12514860990288,-43.26455862608179,-6.860392035735039,0.383747402102246,0.007497951022299049
0.07470032233879208,-98.12759545748182,-43.265099238489135,-6.8605240083037735,0.38363215162326375,0.007487926302029186
0.07433326195717338,-98.13002684465751,-43.26563541589658,-6.860655387184862,0.3835151064929291,0.007477874054226949
0.07396641326607636,-98.13244277211051,-43.26616715826473,-6.860786172563856,0.3833962689888011,0.007467794357255947
0.07359977781399533,-98.13484324057642,-43.266694465574716,-6.8609163646316915,0.38327564139531106,0.00745768728953968
0.07323335714223274,-98.13722825084628,-43.26721733782843,-6.861045963584721,0.3831532260037494,0.0074475529295610415
0.07286715278489506,-98.13959780376621,-43.26773577504837,-6.86117496962465,0.3830290251122493,0.007437391355861879
0.07250116626893267,-98.14195190023767,-43.26824977727772,-6.861303382958534,0.38290304102576966,0.0074272026470425245
0.07213539911412632,-98.14429054121743,-43.268759344580324,-6.861431203798769,0.3827752760560838,0.00741698688176132
0.07176985283312724,-98.14661372771775,-43.26926447704089,-6.861558432363065,0.3826457325217596,0.007406744138734161
0.07140452893144883,-98.14892146080624,-43.2697651747648,-6.861685068874438,0.38251441274814335,0.0073964744967340255
0.07103942890749396,-98.15121374160567,-43.270261437878155,-6.861811113561156,0.382381319067345,0.007386178034590523
0.0706745542525692,-98.15349057129471,-43.270753266528025,-6.861936566656785,0.38224645381822414,0.007375854831189416
0.07030990645090136,-98.15575195110718,-43.27124066088216,-6.862061428400106,0.3821098193463691,0.007365504965472155
0.06994548697965305,-98.15799788233247,-43.271723621129176,-6.862185699035128,0.38197141800408735,0.007355128516435434
0.06958129730891663,-98.16022836631564,-43.27220214747862,-6.862309378811072,0.3818312521503854,0.007344725563130703
0.06921733890176619,-98.16244340445729,-43.272676240160926,-6.862432467982349,0.38168932415095164,0.007334296184663726
0.0688536132142423,-98.1646429982135,-43.27314589942736,-6.8625549668085295,0.3815456363781434,0.007323840460194101
0.06849012169538612,-98.16682714909618,-43.27361112555023,-6.862676875554341,0.3814001912109707,0.0073133584689348075
0.06812686578724439,-98.16899585867283,-43.274071918822756,-6.862798194489643,0.38125299103507776,0.00730285029015174
0.06776384692488355,-98.17114912856667,-43.27452827955915,-6.862918923889408,0.38110403824272887,0.0072923160031632475
0.0674010665364282,-98.17328696045661,-43.27498020809456,-6.863039064033692,0.3809533352327907,0.007281755687339665
0.06703852604302617,-98.17540935607737,-43.27542770478527,-6.863158615207648,0.38080088441071647,0.007271169422102867
0.0666762268589282,-98.17751631721954,-43.27587077000856,-6.8632775777014725,0.380646688188532,0.007260557286925782
0.06631417039145686,-98.17960784572946,-43.27630940416278,-6.863395951810406,0.38049074898481705,0.007249919361331958
0.06595235804103683,-98.18168394350927,-43.27674360766731,-6.863513737834704,0.38033306922468796,0.007239255724895074
0.0655907912012162,-98.1837446125172,-43.27717338096278,-6.863630936079638,0.3801736513397842,0.007228566457238501
0.06522947125867397,-98.18578985476717,-43.27759872451079,-6.86374754685544,0.38001249776825047,0.007217851638034827
0.06486839959323926,-98.18781967232927,-43.27801963879419,-6.863863570477329,0.3798496109547217,0.00720711134700541
0.06450757757791525,-98.18983406732951,-43.27843612431705,-6.863979007265462,0.3796849933503038,0.007196345663919901
0.06414700657888563,-98.19183304194982,-43.27884818160448,-6.8640938575449155,0.37951864741256036,0.007185554668595793
0.06378668795552495,-98.1938165984283,-43.279255811202916,-6.8642081216456825,0.3793505756054938,0.007174738440897961
0.06342662306043767,-98.19578473905909,-43.279659013680025,-6.86432179990265,0.3791807803995321,0.0071638970607382085
0.06306681323944098,-98.1977374661924,-43.28005778962464,-6.864434892655558,0.3790092642715066,0.007153030608074789
0.06270725983162298,-98.19967478223465,-43.28045213964702,-6.86454740024902,0.37883602970464103,0.007142139162911966
0.06234796416931969,-98.20159668964847,-43.28084206437859,-6.864659323032468,0.3786610791885334,0.007131222805299547
0.06198892757815886,-98.2035031909525,-43.28122756447209,-6.864770661360152,0.37848441521913867,0.007120281615332421
0.061630151377062764,-98.20539428872185,-43.2816086406017,-6.864881415591122,0.3783060402987509,0.007109315673150105
0.06127163687827122,-98.20726998558777,-43.28198529346286,-6.864991586089202,0.37812595693598944,0.007098325058936284
0.060913385387343054,-98.20913028423779,-43.282357523772404,-6.865101173222972,0.37794416764578054,0.007087309852918357
0.06055539820320238,-98.21097518741577,-43.282725332268534,-6.865210177365743,0.3777606749493428,0.007076270135366968
0.06019767661812768,-98.21280469792205,-43.28308871971095,-6.865318598895568,0.37757548137416524,0.007065205986595562
0.05984022191779406,-98.2146188186132,-43.28344768688069,-6.865426438195178,0.37738858945399584,0.007054117486959917
0.05948303538125167,-98.21641755240229,-43.28380223458028,-6.865533695652,0.3772000017288241,0.007043004716857698
0.05912611828099312,-98.21820090225877,-43.28415236363369,-6.865640371658116,0.3770097207448603,0.007031867756727987
0.05876947188292466,-98.2199688712086,-43.28449807488636,-6.865746466610254,0.376817749054524,0.007020706687050839
0.058413097446413806,-98.22172146233426,-43.28483936920531,-6.865851980909769,0.3766240892164237,0.007009521588346822
0.05805699622429272,-98.22345867877482,-43.28517624747903,-6.865956914962625,0.3764287437953402,0.006998312541176552
0.05770116946288144,-98.22518052372574,-43.28550871061751,-6.866061269179361,0.3762317153622115,0.006987079626140253
0.05734561840199234,-98.22688700043925,-43.285836759552375,-6.866165043975099,0.37603300649411386,0.006975822923877292
0.05699034427497152,-98.22857811222407,-43.28616039523676,-6.866268239769495,0.3758326197742464,0.006964542515065722
0.05663534830869934,-98.23025386244564,-43.2864796186454,-6.866370856986744,0.3756305577919127,0.00695323848042183
0.05628063172359331,-98.23191425452612,-43.286794430774705,-6.8664728960555514,0.3754268231425054,0.006941910900699694
0.05592619573366921,-98.23355929194427,-43.287104832642605,-6.866574357409107,0.37522141842748613,0.006930559856690702
0.05557204154651554,-98.23518897823571,-43.287410825288774,-6.866675241485079,0.37501434625437446,0.006919185429223131
0.05521817036333106,-98.2368033169927,-43.287712409774485,-6.8667755487255935,0.3748056092367247,0.006907787699161665
0.054864583378943815,-98.23840231186442,-43.28800958718269,-6.8668752795772,0.3745952099941102,0.006896366747406956
0.05451128178182137,-98.23998596655677,-43.288302358618076,-6.86697443449087,0.3743831511521089,0.0068849226548951745
0.05415826675408681,-98.24155428483252,-43.288590725206944,-6.867073013921963,0.3741694353422826,0.006873455502597539
0.053805539471556044,-98.24310727051143,-43.28887468809743,-6.867171018330225,0.3739540652021615,0.006861965371519884
0.053453101103724164,-98.24464492746996,-43.28915424845935,-6.86726844817975,0.37373704337523045,0.006850452342702199
0.05310095281380915,-98.24616725964177,-43.28942940748428,-6.867365303938978,0.37351837251090403,0.006838916497218169
0.05274909575875706,-98.24767427101723,-43.2897001663856,-6.8674615860806725,0.37329805526451654,0.006827357916174737
0.05239753108927218,-98.24916596564393,-43.289966526398445,-6.86755729508188,0.3730760942972997,0.006815776680711651
0.05204625994981841,-98.25064234762618,-43.29022848877971,-6.867652431423934,0.3728524922763684,0.00680417287200099
0.05169528347863852,-98.25210342112574,-43.290486054808255,-6.867746995592445,0.37262725187470086,0.006792546571246755
0.05134460280780457,-98.253549190361,-43.290739225784556,-6.86784098807724,0.3724003757711245,0.006780897859684376
0.050994219063179254,-98.25497965960786,-43.29098800303114,-6.867934409372394,0.37217186665029595,0.006769226818580298
0.05064413336448141,-98.25639483319904,-43.29123238789226,-6.868027259976163,0.37194172720268476,0.006757533529231495
0.05029434682529617,-98.25779471552461,-43.29147238173412,-6.868119540391008,0.371709960124554,0.006745818072965061
0.049944860553071714,-98.25917931103174,-43.29170798594476,-6.868211251123538,0.37147656811794827,0.006734080531137722
0.04959567564915846,-98.26054862422482,-43.291939201934184,-6.868302392684521,0.37124155389066793,0.006722320985135424
0.04924679320881626,-98.26190265966545,-43.29216603113425,-6.8683929655888445,0.3710049201562592,0.006710539516372847
0.04889821432123467,-98.26324142197258,-43.29238847499879,-6.868482970355508,0.37076666963399146,0.006698736206292989
0.04854994006956322,-98.26456491582228,-43.292606535003536,-6.868572407507592,0.3705268050488432,0.006686911136366702
0.04820197153091042,-98.26587314594804,-43.29282021264619,-6.868661277572253,0.37028532913148127,0.006675064388092248
0.04785430977637546,-98.26716611714079,-43.29302950944651,-6.868749581080697,0.3700422446182471,0.006663196042994852
0.04750695587106473,-98.26844383424857,-43.293234426946086,-6.868837318568155,0.36979755425113514,0.006651306182626251
0.04715991087409599,-98.2697063021771,-43.29343496670863,-6.868924490573875,0.3695512607777785,0.006639394888564257
0.04681317583865393,-98.27095352588927,-43.293631130319774,-6.869011097641092,0.369303366951427,0.0066274622424123
0.04646675181196105,-98.27218551040552,-43.29382291938723,-6.8690971403170185,0.36905387553093455,0.006615508325799001
0.0461206398353305,-98.27340226080373,-43.2940103355407,-6.869182619152815,0.3688027892807399,0.006603533220377693
0.04577484094417618,-98.27460378221942,-43.29419338043199,-6.869267534703585,0.3685501109708466,0.006591537007826011
0.04542935616801745,-98.27579007984532,-43.29437205573488,-6.869351887528333,0.36829584337680676,0.006579519769845432
0.04508418653052069,-98.27696115893198,-43.29454636314529,-6.869435678189973,0.36803998927970266,0.006567481588160825
0.04473933304950438,-98.27811702478729,-43.294716304381126,-6.869518907255286,0.36778255146612904,0.006555422544520021
0.04439479673695462,-98.27925768277694,-43.2948818811825,-6.869601575294917,0.3675235327281783,0.006543342720693351
0.044050578599060274,-98.28038313832403,-43.295043095311506,-6.869683682883336,0.3672629358634191,0.006531242198473225
0.04370667963620956,-98.28149339690954,-43.29519994855248,-6.869765230598855,0.367000763674877,0.006519121059673673
0.0433631008430255,-98.28258846407181,-43.29535244271173,-6.869846219023555,0.36673701897102173,0.006506979386129903
0.043019843208382286,-98.28366834540708,-43.29550057961781,-6.869926648743322,0.366471704565745,0.0064948172596978665
0.04267690771541308,-98.28473304656926,-43.29564436112138,-6.870006520347793,0.36620482327834586,0.006482634762253816
0.04233429534154376,-98.28578257326981,-43.29578378909518,-6.870085834430338,0.3659363779335073,0.006470431975693852
0.04199200705850785,-98.2868169312782,-43.29591886543423,-6.870164591588066,0.36566637136128594,0.006458208981933499
0.04165004383236302,-98.28783612642145,-43.29604959205561,-6.870242792421769,0.36539480639708605,0.00644596586290725
0.041308406623499175,-98.2888401645847,-43.29617597089873,-6.870320437535954,0.3651216858816492,0.006433702700568137
0.040967096386688384,-98.28982905171038,-43.29629800392495,-6.870397527538746,0.36484701266102826,0.006421419576887283
0.0406261140710583,-98.29080279379927,-43.296415693118064,-6.8704740630419625,0.36457078958657696,0.006409116573853467
0.040285460620154666,-98.29176139690975,-43.296529040483925,-6.870550044661017,0.36429301951492543,0.006396793773472677
0.03994513697193642,-98.29270486715808,-43.29663804805065,-6.870625473014939,0.36401370530796695,0.006384451257767693
0.03960514405881082,-98.29363321071848,-43.29674271786855,-6.8707003487263405,0.36373284983283577,0.0063720891087776154
0.03926548280761568,-98.29454643382316,-43.29684305201022,-6.870774672421414,0.3634504559618929,0.006359707408557457
0.038926154139705064,-98.29544454276216,-43.29693905257045,-6.870848444729889,0.36316652657270354,0.006347306239177687
0.0385871589709018,-98.2963275438835,-43.297030721666246,-6.8709216662850245,0.36288106454802216,0.006334885682723794
0.03824849821154124,-98.2971954435932,-43.29711806143689,-6.870994337723597,0.36259407277577405,0.006322445821295868
0.03791017276650944,-98.29804824835534,-43.297201074043976,-6.87106645968587,0.36230555414903576,0.006309986737008143
0.037572183535230085,-98.29888596469202,-43.297279761671305,-6.871138032815582,0.3620155115660158,0.006297508511988564
0.03723453141170882,-98.29970859918322,-43.297354126524915,-6.871209057759921,0.3617239479300397,0.006285011228378363
0.0368972172845429,-98.30051615846715,-43.2974241708332,-6.87127953516951,0.36143086614952824,0.006272494968331612
0.03656024203693306,-98.30130864924014,-43.297489896846834,-6.871349465698391,0.36113626913798347,0.006259959814014793
0.03622360654671473,-98.30208607825644,-43.297551306838656,-6.87141885000399,0.3608401598139637,0.006247405847606362
0.035887311686373144,-98.3028484523286,-43.29760840310401,-6.871487688747128,0.3605425411010723,0.006234833151296317
0.035551358323064136,-98.30359577832722,-43.29766118796035,-6.871555982591962,0.360243415927934,0.006222241807285756
0.035215747318622675,-98.30432806318106,-43.29770966374754,-6.871623732206002,0.3599427872281783,0.0062096318977864625
0.03488047952959806,-98.30504531387706,-43.29775383282771,-6.871690938260071,0.3596406579404211,0.006197003505020452
0.03454555580726215,-98.3057475374603,-43.29779369758532,-6.871757601428289,0.35933703100824643,0.006184356711219545
0.034210976997640564,-98.30643474103424,-43.297829260427164,-6.871823722388067,0.35903190938018903,0.006171691598624941
0.03387674394150684,-98.3071069317604,-43.29786052378233,-6.8718893018200635,0.35872529600971215,0.0061590082494867885
0.03354285747444114,-98.3077641168585,-43.297887490102234,-6.871954340408183,0.35841719385519366,0.006146306746063742
0.03320931842679939,-98.3084063036069,-43.29791016186075,-6.872018838839584,0.3581076058799035,0.006133587170622536
0.03287612762378935,-98.30903349934167,-43.29792854155384,-6.872082797804571,0.35779653505198883,0.006120849605437565
0.032543285885438575,-98.30964571145762,-43.29794263170003,-6.872146217996683,0.3574839843444508,0.006108094132790441
0.03221079402664563,-98.31024294740769,-43.29795243484009,-6.872209100112604,0.3571699567351289,0.006095320834969557
0.03187865285719238,-98.31082521470313,-43.29795795353712,-6.872271444852167,0.3568544552066844,0.006082529794269686
0.031546863181751136,-98.31139252091363,-43.29795919037666,-6.872333252918343,0.3565374827465771,0.006069721092991521
0.031215425799925162,-98.31194487366712,-43.29795614796647,-6.8723945250171985,0.356219042347049,0.006056894813441271
0.03088434150624817,-98.31248228064997,-43.297948828936754,-6.872455261857897,0.3558991370051058,0.006044051037930212
0.030553611090215583,-98.31300474960695,-43.29793723594005,-6.8725154641526744,0.35557776972249844,0.006031189848774278
0.030223235336298303,-98.31351228834117,-43.29792137165126,-6.872575132616819,0.3552549435057041,0.006018311328293619
0.029893215023958017,-98.31400490471425,-43.297901238767636,-6.872634267968655,0.3549306613659044,0.006005415558812185
0.029563550927688486,-98.31448260664607,-43.29787684000876,-6.872692870929508,0.35460492631897084,0.005992502622657299
0.029234243817005883,-98.31494540211514,-43.29784817811663,-6.872750942223719,0.35427774138544477,0.0059795726021592225
0.028905294456483776,-98.3153932991583,-43.29781525585556,-6.87280848257859,0.3539491095905179,0.005966625579650744
0.028576703605768767,-98.31582630587093,-43.297778076012264,-6.872865492724394,0.35361903396401434,0.005953661637466732
0.028248472019609568,-98.31624443040684,-43.29773664139578,-6.872921973394329,0.3532875175403718,0.005940680857943739
0.027920600447854306,-98.31664768097835,-43.297690954837535,-6.872977925324523,0.3529545633586195,0.005927683323419556
0.027593089635495113,-98.31703606585621,-43.29764101919126,-6.873033349253994,0.3526201744623647,0.005914669116232805
0.027265940322669407,-98.31740959336986,-43.29758683733316,-6.8730882459246665,0.3522843538997704,0.005901638318722493
0.026939153244685262,-98.31776827190713,-43.297528412161704,-6.8731426160813065,0.3519471047235357,0.005888591013227617
0.026612729132042674,-98.31811210991437,-43.29746574659772,-6.8731964604715285,0.35160842999087905,0.0058755272820867205
0.026286668710451606,-98.31844111589663,-43.297398843584496,-6.873249779845784,0.35126833276352,0.005862447207637482
0.025960972700849794,-98.31875529841734,-43.29732770608756,-6.87330257495732,0.35092681610765586,0.005849350872216293
0.025635641819417986,-98.31905466609861,-43.29725233709485,-6.873354846562177,0.3505838830939476,0.005836238358157836
0.025310676777615386,-98.31933922762114,-43.29717273961667,-6.873406595419174,0.35023953679749864,0.005823109747794664
0.024986078282189687,-98.31960899172402,-43.29708891668559,-6.873457822289859,0.3498937802978351,0.005809965123456777
0.024661847035177983,-98.31986396720534,-43.29700087135671,-6.873508527938544,0.3495466166788891,0.0057968045674712055
0.024337983733947334,-98.3201041629214,-43.296908606707255,-6.873558713132229,0.34919804902897583,0.005783628162161605
0.024014489071222785,-98.32032958778724,-43.29681212583693,-6.873608378640616,0.3488480804407777,0.005770435989847809
0.023691363735084067,-98.32054025077665,-43.29671143186778,-6.873657525236097,0.3484967140113254,0.005757228132845436
0.023368608408993418,-98.32073616092188,-43.2966065279441,-6.8737061536937025,0.34814395284197797,0.005744004673465463
0.023046223771818607,-98.32091732731394,-43.296497417232615,-6.87375426479112,0.34778980003840154,0.005730765694013803
0.02272421049784288,-98.32108375910246,-43.29638410292235,-6.8738018593086485,0.34743425871055467,0.005717511276790897
0.022402569256798507,-98.3212354654957,-43.296266588224626,-6.873848938029193,0.3470773319726631,0.005704241504091298
0.02208130071387803,-98.32137245576055,-43.29614487637308,-6.8738955017382395,0.34671902294320867,0.005690956458203241
0.021760405529741927,-98.32149473922266,-43.29601897062372,-6.873941551223846,0.346359334744902,0.005677656221408257
0.02143988436056631,-98.32160232526633,-43.29588887425485,-6.873987087276616,0.3459982705046677,0.005664340875980725
0.02111973785802473,-98.32169522333436,-43.29575459056699,-6.874032110689674,0.3456358333536245,0.005651010504187481
0.020799966669351733,-98.32177344292852,-43.2956161228831,-6.874076622258664,0.34527202642706634,0.005637665188287392
0.020480571437311672,-98.3218369936091,-43.29547347454834,-6.87412062278172,0.34490685286444006,0.005624305010530945
0.02016155280027018,-98.32188588499508,-43.295326648930185,-6.874164113059446,0.34454031580933303,0.005610930053159849
0.01984291139216674,-98.32192012676427,-43.29517564941842,-6.8742070938949125,0.3441724184094454,0.005597540398406596
0.019524647842572015,-98.32193972865304,-43.29502047942507,-6.874249566093613,0.34380316381657694,0.0055841361284940695
0.01920676277667467,-98.32194470045647,-43.29486114238441,-6.874291530463463,0.3434325551866039,0.005570717325635137
0.018889256815316575,-98.32193505202842,-43.29469764175304,-6.874332987814786,0.34306059567946323,0.005557284072032212
0.018572130575023466,-98.3219107932815,-43.29452998100978,-6.874373938960284,0.34268728845913055,0.005543836449876871
0.018255384667992005,-98.32187193418694,-43.294358163655694,-6.874414384715024,0.34231263669360207,0.005530374541349438
0.017939019702148295,-98.32181848477474,-43.294182193214105,-6.874454325896412,0.34193664355487396,0.005516898428618563
0.017623036281126537,-98.32175045513354,-43.29400207323054,-6.8744937633241925,0.34155931221892427,0.005503408193840824
0.017307435004329536,-98.32166785541072,-43.29381780727271,-6.874532697820398,0.34118064586569224,0.005489903919160324
0.016992216466903427,-98.32157069581255,-43.29362939893069,-6.874571130209388,0.34080064767905976,0.005476385686708264
0.016677381259798774,-98.32145898660389,-43.293436851816644,-6.874609061317769,0.3404193208468327,0.005462853578602561
0.016362929969751965,-98.32133273810828,-43.29324016956494,-6.874646491974411,0.3400366685607196,0.005449307676947411
0.01604886317934138,-98.32119196070798,-43.29303935583213,-6.874683423010411,0.33965269401631315,0.005435748063832917
0.01573518146697855,-98.32103666484414,-43.292834414296976,-6.8747198552591,0.33926740041307174,0.005422174821334657
0.01542188540692691,-98.32086686101648,-43.29262534866045,-6.87475578955601,0.3388807909542967,0.005408588031513285
0.01510897556934035,-98.32068255978344,-43.292412162645554,-6.874791226738843,0.3384928688471172,0.005394987776414137
0.0147964525202737,-98.32048377176221,-43.29219485999752,-6.8748261676474725,0.3381036373024664,0.005381374138066815
0.014484316821698298,-98.32027050762885,-43.291973444483766,-6.87486061312393,0.3377130995350671,0.005367747198484785
0.014172569031501728,-98.32004277811785,-43.291747919893744,-6.87489456401236,0.3373212587634061,0.005354107039664978
0.013861209703556454,-98.31980059402257,-43.29151829003903,-6.874928021159025,0.3369281182097179,0.005340453743587392
0.013550239387688526,-98.3195439661952,-43.291284558753404,-6.874960985412289,0.3365336810999674,0.005326787392214675
70.61807679676971,-113.97145934900252,-48.251920905552105,-7.163552916445587,6.441439702866251,-0.20523281743741068
70.39894698434915,-113.92321964667175,-48.23643423842688,-7.16287006412799,6.422201140964621,-0.20271421983817048
70.1804891173078,-113.87514537620774,-48.220768108504004,-7.162116636776693,6.402952016545546,-0.20065611330678668
69.962600550399,-113.82723047628654,-48.20491958441673,-7.161288603166255,6.383692637283675,-0.19895439936002837
69.74520149334776,-113.77947003195737,-48.1888868586781,-7.160383055321997,6.364423218314366,-0.19752788723303727
69.87534867868435,-113.76030883205783,-48.15417383328202,-7.133600327427896,6.448195487428254,-0.19127220316527965
69.86619010800406,-113.86034074973097,-48.19772757561959,-7.132861171062976,6.48307683972446,-0.18835256839295658
69.65027276554342,-113.8152351068888,-48.18497134902805,-7.135057779373556,6.459081669742413,-0.18779689380452055
69.4237414792677,-113.57490459552524,-48.03663744317653,-7.095364815482197,6.417584183136925,-0.19007017551161792
69.20442358400187,-113.53318453592007,-48.02193436416628,-7.095054269574907,6.3934470596335204,-0.1894089230465152
68.9853612747598,-113.49182290323719,-48.00723167239235,-7.094725307072861,6.369341254839466,-0.18877046131260514
68.74110519544429,-113.43875535799012,-47.99113411685534,-7.097057902393443,6.338853049497223,-0.18827821006250128
68.48543288385656,-113.3814801416802,-47.975101561069565,-7.100800193624019,6.305668897542339,-0.1878430590907579
68.23437013724329,-113.32729222090765,-47.959849202757944,-7.1042122337360425,6.273900630896252,-0.18738407635599227
67.98766355012309,-113.2757284775224,-47.9451694755514,-7.10728409149137,6.243447366108629,-0.18690301813024726
67.74733214777704,-113.21672658009287,-47.92526740843122,-7.108687572312485,6.214879825504475,-0.18638134072996046
67.51358657043066,-113.14384570044578,-47.8967726367005,-7.107843990536986,6.188266652641061,-0.1858074315576205
67.28455651063321,-113.06848473776986,-47.86615100914175,-7.106198990099798,6.162945328704781,-0.1852090131313711
67.05740307167603,-112.99963789141792,-47.83871696677402,-7.105048487193183,6.138074848122514,-0.18460959693227172
66.83149748421994,-112.93707014932234,-47.81442262713617,-7.104427319455415,6.113493416802498,-0.18401075782084833
66.6066072830877,-112.8804938242164,-47.79310829591983,-7.104300370444186,6.089140762755652,-0.18341339017858993
66.38254932920715,-112.82956316076249,-47.774578607908076,-7.104623503321534,6.06497038511829,-0.18281815345193425
66.15810171205179,-112.78820135785332,-47.761077708353845,-7.105896304660389,6.040636492563659,-0.1822330477437992
65.93434803755868,-112.74721996813297,-47.747589078465246,-7.107127533200981,6.016509776648452,-0.1816426653815759
65.7129977826183,-112.70699695448964,-47.73388128970452,-7.108020327468597,5.993001712086864,-0.18104722081895042
65.49315539162565,-112.66730486595995,-47.72003860378719,-7.108713393536774,5.969877615853617,-0.18044725065632633
65.27463784022093,-112.62807179999577,-47.706054685618646,-7.109225628835731,5.947081951841438,-0.17984364996038715
65.05732683575474,-112.58924917406424,-47.69192120066812,-7.10956680506211,5.924576459793021,-0.17923714370471217
64.84111680871092,-112.55079611903348,-47.67763245557848,-7.109746132548962,5.902327022588504,-0.1786283592749755
64.62591702665394,-112.51267895465088,-47.6631842797203,-7.1097715799783625,5.880304050599792,-0.17801783849344543
64.41164598479976,-112.47486895398231,-47.6485741719576,-7.1096507090769165,5.858481000098627,-0.17740604872416382
64.19823049778552,-112.43734150707898,-47.63380095246203,-7.109390680938366,5.836834070862078,-0.17679339075779976
63.98560487494184,-112.40007543484347,-47.61886448120029,-7.10899826580134,5.815341932252218,-0.17618020621433517
63.773710179961746,-112.3630524267427,-47.603765429229135,-7.108479853898729,5.793985476926298,-0.17556678444917886
63.56249352446215,-112.32625657039459,-47.58850510175948,-7.1078414764895,5.772747590194215,-0.1749533687584414
63.35184761094482,-112.28965720144828,-47.573096412433955,-7.107102604511427,5.751598966605983,-0.1743399696476387
63.14147252902522,-112.2530807806588,-47.55753004709262,-7.106310539239752,5.730464035663158,-0.17372321842216118
62.93138367621028,-112.21661825548458,-47.54186905496994,-7.105483982096614,5.709348658868096,-0.17310584424617328
62.72158883394065,-112.18030108817136,-47.52613654743273,-7.104629825393213,5.688255450507403,-0.17248879864346234
62.512090522652954,-112.14412256051001,-47.51032962616394,-7.1037470869514925,5.667184698293171,-0.17187189052780216
62.30289154455399,-112.10807746756457,-47.494446392264045,-7.102835071224557,5.646136768001863,-0.17125499687028561
62.093994937727054,-112.07216176287754,-47.47848571098624,-7.101893300397786,5.625112097849858,-0.17063804869782612
61.88540393713477,-112.03637227982951,-47.46244702095714,-7.100921455755248,5.604111188713626,-0.170021020112494
61.677121947898236,-112.00070650952753,-47.44633018585454,-7.09991933516584,5.583134589846747,-0.1694039222488608
61.469152517623435,-111.9651624448501,-47.43013538346174,-7.098886816799743,5.562182892722023,-0.16878679584474748
61.2614993145612,-111.92973846165158,-47.4138630216027,-7.097823832401065,5.541256724654202,-0.16816970596998274
61.05416611090594,-111.8944332226474,-47.3975136713174,-7.096730346700555,5.520356740474392,-0.16755273833454085
60.84715676799993,-111.85924560778261,-47.38108801706237,-7.095606341455632,5.499483616940249,-0.16693599610149537
60.640475223578726,-111.82417466248809,-47.364586819088636,-7.094451803195335,5.478638048305616,-0.16631959728150872
60.434125481002965,-111.78921955785968,-47.34801088439599,-7.093266713779226,5.457820742171614,-0.16570367269311842
60.228111599880144,-111.75437956057822,-47.331361044539605,-7.092051043126879,5.437032415919195,-0.1650883643072092
60.02243768777449,-111.71965401019666,-47.314638138671995,-7.090804743627602,5.4162737936189655,-0.16447382388981208
59.81710789276352,-111.68504230200614,-47.297843000591655,-7.089527745854166,5.395545603330845,-0.163860211876325
59.612126396654766,-111.65054387409936,-47.280976448849344,-7.08821995528969,5.374848574708515,-0.1632476964262714
59.4074974087038,-111.61615819765058,-47.2640392792208,-7.086881249849301,5.3541834368643055,-0.16263645261678616
59.20322515972314,-111.58188476959566,-47.247032258983026,-7.085511478023075,5.333550916427117,-0.1620266617452843
58.99931389648275,-111.5477231071674,-47.22995612260174,-7.084110457512992,5.312951735768896,-0.1614185107159167
58.79576787251338,-111.51367276277537,-47.21281157779383,-7.082677975856192,5.292386618414977,-0.1608121905047313
58.5925913501741,-111.4797332854716,-47.19559928590505,-7.081213786977785,5.271856273871323,-0.16020789753138265
58.3897885923168,-111.44590423452847,-47.17831986777431,-7.079717611920206,5.2513614024157835,-0.1596058323681586
58.18736385717053,-111.41218517852533,-47.160973902875824,-7.078189138698999,5.230902693976601,-0.15900619928507317
57.98532139341981,-111.37857569431986,-47.143561928601514,-7.076628022289771,5.210480826834885,-0.15840920585206114
57.783665435314326,-111.34507536655644,-47.12608443997022,-7.07503388477612,5.190096466436465,-0.15781506255814448
57.582400197798094,-111.31168378764733,-47.1085418897097,-7.073406315637282,5.169750264310444,-0.157223982443655
57.381529871667794,-111.27840055807503,-47.09093468861916,-7.07174487214926,5.14944285705351,-0.15663618074397462
57.181058618747414,-111.24522528706764,-47.07326320622003,-7.0700490798901,5.12917486541332,-0.15605187454297972
56.98099056713682,-111.21215759326819,-47.055527771496415,-7.06831843330701,5.1089468933414945,-0.15547128244540356
56.78132980663333,-111.17919710471706,-47.03772867338368,-7.066552396283673,5.088759526783847,-0.15489462428853668
56.58208038445821,-111.14634345719581,-47.019866160537184,-7.0647504026331305,5.06861333188531,-0.15432212092721864
56.383246301403936,-111.11359628988765,-47.00194043987852,-7.062911856449946,5.048508852265476,-0.15375399412934732
56.184831508331584,-111.0809552383328,-46.98395167391989,-7.061036132345666,5.0284466053965735,-0.15319046658548652
55.98683992701853,-111.04841972196694,-46.96589988423531,-7.059122565533286,5.008427004548321,-0.15263176403092282
55.78927540862757,-111.01598925060021,-46.94778509250606,-7.057170468200324,4.988450472471039,-0.1520781128545431
55.59214172800483,-110.98366342936207,-46.929607323471984,-7.055179130125445,4.968517440465398,-0.15152973895858307
55.395442589733605,-110.95144186782184,-46.91136656453736,-7.053147815408872,4.948628312724596,-0.15098686831166458
55.199181623333345,-110.91932418131856,-46.89306276728406,-7.051075763392059,4.928783465696992,-0.15044972677122448
55.00317001116089,-110.88724677648648,-46.87458938259342,-7.048902920579075,4.908926820628353,-0.14991607666718337
54.80768596707962,-110.85532143559432,-46.85611784431052,-7.046721137303564,4.88914048586763,-0.14939051844896634
54.612873350114405,-110.82357699155627,-46.837710599597244,-7.044566689456329,4.869464726740978,-0.1488742933171438
54.41790493177353,-110.79173088939555,-46.81890697098096,-7.0421843749211,4.849656995018532,-0.14835498388780666
54.22477774924921,-110.76045086037199,-46.80079818532435,-7.040176722490743,4.8302989006720995,-0.14786377890128213
54.03058304584791,-110.72885506900214,-46.78193410224881,-7.037751818476852,4.8105678125048374,-0.1473566880479028
53.83759156690326,-110.69758101049095,-46.7633851866882,-7.035490606589017,4.791095865746409,-0.1468644822291822
53.64499038906526,-110.66634150584473,-46.744698082914624,-7.033145221064816,4.77164499106107,-0.1463750187858717
53.45274960200587,-110.63512751117834,-46.72584908076134,-7.030698766503048,4.752203513961047,-0.1458880006587485
53.26092629864069,-110.60398099127725,-46.7068922999951,-7.02817943231411,4.732790825564459,-0.14540545460229265
53.069553705897754,-110.57292653151909,-46.687861012174615,-7.025604914837891,4.7134185992470785,-0.1449285578252515
52.87864026523891,-110.54197042535944,-46.668764301795505,-7.0229797427290945,4.694089646609926,-0.1444577505433039
52.688185956467436,-110.51111249224174,-46.6496025516371,-7.020303615835622,4.674803616372888,-0.1439933137836632
52.498188309579156,-110.48035037182687,-46.63037311716148,-7.0175744886449785,4.6555590974732315,-0.14353561797485934
52.30864509387563,-110.4496802419733,-46.611071441261515,-7.014789169646215,4.636354324602533,-0.1430852531318775
52.11955852512097,-110.41909585047748,-46.59169034836001,-7.01194292030783,4.617187905783438,-0.14264317869239027
51.930948000291664,-110.38858550107754,-46.572217968205976,-7.009028329985833,4.598061106750461,-0.14221099762460776
51.742905105626356,-110.35812527659033,-46.55263681969631,-7.0060351214701875,4.578989267510193,-0.14179182215854438
51.56101057116418,-110.32924950351911,-46.535648010700655,-7.004544638372092,4.561552742154856,-0.14165031713861523
51.373945481115975,-110.29847469475935,-46.515504465692466,-7.001260931754024,4.54252819431245,-0.14124175701053643
51.18741051711882,-110.2680853243327,-46.495456388638125,-6.9979507577760796,4.523562127397593,-0.1408504451036726
51.0014099780765,-110.23808078979155,-46.475503638112,-6.994613835062189,4.504654540564347,-0.14047673877487216
50.815945102372744,-110.20843869857367,-46.455632706163,-6.991246599336297,4.485804511808131,-0.1401205464112312
50.63101365596558,-110.1791178854919,-46.43581913988058,-6.9878431357573385,4.467010345065721,-0.13978131103380861
50.446609672461875,-110.15006144262652,-46.41602927832451,-6.984395528410128,4.448269529468817,-0.13945804963461444
50.2627319539267,-110.12120400469288,-46.396226922090996,-6.980896646127375,4.429581089670596,-0.13915004701014416
50.07922181879148,-110.0916108971418,-46.37586365166152,-6.977226710747381,4.410906821492946,-0.13883376728894398
49.89618785084397,-110.06203814948354,-46.35537977059325,-6.973478345243847,4.392270733259541,-0.1385269921797314
49.71362985949985,-110.03255169996018,-46.334810500546524,-6.969656585785535,4.373671277511482,-0.13823087262187686
49.531576251793346,-110.00316349985454,-46.31417103462299,-6.965768758408757,4.355115495303045,-0.13794786275555435
49.35000961600418,-109.97386635385384,-46.293452187164995,-6.961809484327349,4.3365976515170255,-0.13767685214494976
49.16892794313063,-109.94465987202265,-46.27265330847863,-6.957777803491417,4.3181163484173615,-0.13741794954903447
48.98832973214006,-109.91554405991859,-46.251774185381265,-6.953672970805217,4.299670345300746,-0.1371713157165775
48.808212016452075,-109.88651750276719,-46.23081345529152,-6.949493814670136,4.281258018072587,-0.1369370172199169
48.62855972094456,-109.85757575578083,-46.209765095149756,-6.9452365370397295,4.262874470566917,-0.1367142028927213
48.449395656551275,-109.82872972148778,-46.188641551653454,-6.9409066936420265,4.2445251200951795,-0.1365049201200939
48.270704720946554,-109.79997388973402,-46.16743624866843,-6.936500416679415,4.226205073474403,-0.13630834583144957
48.09248863334919,-109.77130860510532,-46.14615024409589,-6.932017863014119,4.207914033128984,-0.1361249573266742
47.91471797715824,-109.74272547479382,-46.12477249741753,-6.927452647792922,4.189643347989284,-0.13595287571209674
47.73743015611447,-109.71423979563659,-46.10332103039026,-6.922813242811218,4.171402304193369,-0.13579528658273604
47.56058803422154,-109.68583834926663,-46.08178058038592,-6.9180915734922515,4.153180243975461,-0.13564977303073075
47.38417349720198,-109.6573689859194,-46.06006658175341,-6.913271604253395,4.1349741976229115,-0.13551310267413974
47.20816364463892,-109.62880472834905,-46.03816023956469,-6.908346926464424,4.116777571549635,-0.13538377112389174
47.03257144121524,-109.6001580529751,-46.01607296002515,-6.903321688225888,4.098593135669758,-0.1352627995363221
46.85736673063834,-109.57143151102635,-45.99380040410761,-6.898190943110768,4.080411812194142,-0.13514886900850612
46.68257625706926,-109.54266260090994,-45.971370435279866,-6.8929634402674145,4.062239621213258,-0.13504428318117062
46.50818467433427,-109.51387537980241,-45.948793536522494,-6.887638730076551,4.044071043486486,-0.1349490909557745
46.33420428912914,-109.48511152707258,-45.92609602302667,-6.882222982655205,4.025907875842696,-0.13486512374673
46.15003130891725,-109.4536810514562,-45.89631765062161,-6.872176612246906,4.004576438502062,-0.13441037926502888
45.94549509286757,-109.41778497606661,-45.85393451719687,-6.853834869678533,3.9770511106882838,-0.13321847695561195
45.742682191873634,-109.38386311368092,-45.81441769660607,-6.837199367309004,3.9499088581622983,-0.1320822020776684
45.54225239149994,-109.3523197509452,-45.77810599036579,-6.822381241089853,3.923328963932823,-0.13104997573405772
45.37487992384142,-109.36128880867656,-45.777916499435555,-6.822603400085662,3.9061533343394137,-0.13188322296768568
45.18407290035263,-109.33966322664129,-45.75272159585134,-6.813348991694047,3.8823309726779476,-0.1314224754605141
44.99235983748365,-109.31385062266602,-45.7238761524161,-6.802606844428133,3.8579011981319926,-0.1307396098573097
44.80153154100874,-109.28800516395607,-45.69570804390899,-6.792466999270727,3.8336335649013513,-0.1300654153613951
44.61157509717068,-109.26211427844822,-45.66815893211191,-6.782882616156253,3.8095256450903108,-0.1294032322803937
44.42246783812911,-109.23617568561555,-45.64116542404226,-6.7738000521494,3.7855711370810625,-0.12875398847023084
44.23418515552383,-109.21019004279735,-45.61467037509062,-6.765170162231482,3.761763136566071,-0.12811809470369132
44.04670144459582,-109.18415989289898,-45.5886226952139,-6.7569484152530395,3.7380944608011926,-0.12749563318074414
43.85999062770092,-109.15808906451878,-45.56297670310219,-6.749094514464681,3.714557800314319,-0.12688644434315888
43.67402655285822,-109.13198222346331,-45.537691535102105,-6.7415720224033775,3.6911458324338846,-0.1262901924999862
43.48878330568499,-109.10584453250112,-45.512730623843815,-6.73434801422309,3.667851309900744,-0.12570641741076638
43.30423545134072,-109.07968139572927,-45.488061238268536,-6.727392759120387,3.644667129478936,-0.125134574679181
43.12035821937928,-109.05349826924346,-45.46365407696872,-6.720679428214105,3.6215863842842557,-0.1245740671416476
42.93712763871985,-109.02730056277163,-45.4394829329815,-6.714183837132494,3.5986024099433447,-0.12402426890702081
42.75452064231568,-109.00109347323692,-45.415524329084526,-6.70788418338352,3.575708799536492,-0.12348454386371997
42.57251513748114,-108.97488194142461,-45.391757249060404,-6.701760829938794,3.552899428398892,-0.12295425945814091
42.39109004908386,-108.94867061536429,-45.36816288785378,-6.6957961031207915,3.530168467444853,-0.12243279677267398
42.21022534344652,-108.92246382569631,-45.344724425237494,-6.68997410712857,3.5075103897243034,-0.12191955774013846
42.0298968509562,-108.89627455033221,-45.32142787262022,-6.684278578441215,3.4849182016565425,-0.1214133482738122
41.85009400296967,-108.87010249445584,-45.29826332116334,-6.678700752560834,3.462389366296501,-0.12091439275476308
41.67080329512998,-108.84394523246745,-45.27521779567785,-6.673230176022736,3.4399203575186896,-0.12042253552073129
41.49200397931972,-108.81780782481168,-45.252278171591776,-6.667853983180334,3.4175052922639084,-0.11993679190474799
41.31368090935155,-108.79169322460169,-45.22943486227274,-6.662562818045804,3.395140063918529,-0.11945667092013217
41.13582008164594,-108.76560404749283,-45.20667943798371,-6.657348400557757,3.3728209054487097,-0.11898173041493355
40.958408372501694,-108.73954261169784,-45.18400438823263,-6.652203318323895,3.350544298066143,-0.11851155754632077
40.78143353116088,-108.71351098904958,-45.16140305062217,-6.647120951052119,3.3283069747079006,-0.11804576717576085
40.60488412372653,-108.68751102195255,-45.13886952173026,-6.642095390461418,3.3061059039668184,-0.1175840002453555
40.428752945821564,-108.66154423267423,-45.11639915138399,-6.637121838619572,3.283939215261256,-0.11712598466353794
40.25282834235061,-108.63565634576409,-45.09399374642381,-6.632185038689628,3.2617460285916953,-0.11666772833972625
40.07762078410686,-108.60973713197983,-45.07159081701606,-6.62727234224719,3.239661605309348,-0.11621355757068123
39.902731290849275,-108.58383467124733,-45.04931648861599,-6.62246593565173,3.217597525844726,-0.11577744684549571
39.72808464350806,-108.55804959513321,-45.0270262684152,-6.617622102362221,3.195515137623853,-0.11532322930549596
39.5538890080086,-108.53228749368812,-45.0048129631306,-6.612841601757913,3.1734798761556444,-0.11487736694122297
39.379972855726635,-108.50656130684119,-44.982606710119086,-6.608065553665406,3.1514392949676013,-0.11442810418782315
39.2064115339473,-108.48085216174397,-44.96042778907451,-6.603315027788456,3.1294155597432525,-0.11398110885838568
39.033195572544834,-108.45514963006694,-44.93825983872766,-6.59857982394858,3.107404275155688,-0.11353581538445823
38.86020650350332,-108.42944145721815,-44.91608348276438,-6.593848007854239,3.0853736423855365,-0.11308860630125867
38.68736308511236,-108.40372111688022,-44.89388192989114,-6.589108226242106,3.063301986790384,-0.11263583614443239
38.51466308829343,-108.37795618888232,-44.87161722465616,-6.584340755632982,3.0411849313733947,-0.11217574227636608
38.34199715028117,-108.35209068010106,-44.84923303423613,-6.579519051319168,3.01899000328851,-0.11170343050990024
38.16916273568144,-108.32601751910896,-44.82663203754368,-6.574600768745353,2.9966584865655204,-0.11121108704558533
37.99575146098891,-108.29951567962277,-44.80364348716049,-6.56952256986495,2.974077812081154,-0.11068670761839107
37.82072000279768,-108.27257099146429,-44.78024581941757,-6.564267442259443,2.9509703870744066,-0.11011070591949522
37.6442198413519,-108.24548366683257,-44.75676151065497,-6.558991810044569,2.927400826963756,-0.10951229576420352
37.47551282673658,-108.22555874829416,-44.73995084207134,-6.5567974747238935,2.9065655530962298,-0.10941339622827409
37.310096290222354,-108.20045475913098,-44.71883642682466,-6.552780170210609,2.885913540184924,-0.10904193439096452
37.14480263804631,-108.17514047037234,-44.69751199376988,-6.548662840767601,2.8652044959908545,-0.10866703553803894
36.97980348292851,-108.14988328900861,-44.67616745751901,-6.544509300247574,2.8444941253538376,-0.10829339871543432
36.81509654417091,-108.12468224456913,-44.65480344436145,-6.540320267164393,2.8237816702858725,-0.10792103483829253
36.64857591489774,-108.09956496784525,-44.63327364644199,-6.535974035331793,2.802508427542323,-0.10751292329149865
36.479718141322905,-108.07453188832427,-44.61157227638364,-6.531468515807658,2.7805381039653767,-0.10706054783180191
36.31120224770306,-108.0495349435295,-44.58991267995064,-6.526987346332101,2.758586705354643,-0.10660988693800191
36.143025114382446,-108.02457397638842,-44.56829422748166,-6.52252973546119,2.7366535874833398,-0.10616084383636619
35.97518291089614,-107.99964878802649,-44.54671634602313,-6.518094959398027,2.71473792889062,-0.10571331252877089
35.807672152415016,-107.97475913383622,-44.525178575870356,-6.513682407376905,2.692839008109994,-0.10526719679615726
35.64048991169416,-107.9499045709655,-44.50368028136394,-6.509291387187367,2.6709562062112298,-0.10482241577501994
35.472504071622,-107.92484723705856,-44.48187953262401,-6.504733795728746,2.6487702058778737,-0.10432255370408686
35.30584693714621,-107.90002232670336,-44.46042958470034,-6.500377961467197,2.6268860171542823,-0.10387389777144289
35.139674185946625,-107.87526538242814,-44.439072057549716,-6.496073615663401,2.6050639944348823,-0.10343516637159458
34.97382504447516,-107.85054385012926,-44.41775429956574,-6.491789555906353,2.5832577901391427,-0.10299768695118003
34.80983024741778,-107.82618785847875,-44.39692364430767,-6.4877652589469905,2.561898455082789,-0.10263942667971068
34.644052800495544,-107.80129274815162,-44.37543043116589,-6.483393226104404,2.5399516018139687,-0.10218158568636729
34.47817240932011,-107.77638891773219,-44.35390468242962,-6.479003235344765,2.5179124670832134,-0.10170064578552471
34.313502470686466,-107.75176304321367,-44.33269991188912,-6.474774518087987,2.496139062426371,-0.10126336517610005
34.149208149744325,-107.72721411257781,-44.31158065518879,-6.470587293575297,2.4744006120965305,-0.1008297351570289
33.98516761957134,-107.70266887236393,-44.29047063662614,-6.466404617752687,2.452658384136503,-0.10039440156495538
33.82154767472988,-107.67819505658531,-44.269423407921465,-6.4622468326235305,2.430958329428112,-0.09996262276807145
33.65872663215723,-107.65404961496417,-44.24871503398048,-6.458247878015789,2.4094327677915306,-0.09955208123470585
33.49499238403273,-107.62940784638099,-44.227549151555436,-6.454047926893391,2.3875644411810466,-0.09908870305057232
33.332178392229366,-107.6050025874266,-44.2066113846981,-6.44994827990831,2.3658773681853162,-0.09865420405288679
33.16973471912492,-107.58061999797184,-44.18570834955584,-6.445866212592117,2.3442196769081387,-0.09822351124333449
33.007599456888094,-107.55626616535766,-44.16484677515886,-6.441804720803923,2.3225767231164465,-0.09779389225629344
32.84577097562277,-107.53193606201567,-44.144025133601055,-6.4377641203186915,2.3009486391699427,-0.09736518280629625
32.68404799008117,-107.50774425028028,-44.12333742226007,-6.433778366804583,2.2792873883544686,-0.09693095142562047
32.522983253793456,-107.48348761334195,-44.10262557535441,-6.429793751706007,2.2577316080227314,-0.09651081456800635
32.36215073738188,-107.45925271843674,-44.081948205666485,-6.42582523838579,2.2361708668735027,-0.09608856721780515
32.20154468442603,-107.43504144161946,-44.0613067455442,-6.421873285070177,2.214603900643013,-0.09566347935996423
32.04100106434684,-107.41084535166068,-44.0407424268311,-6.41797176091283,2.1929981733263553,-0.09523337037518512
31.881016123212166,-107.38668987876099,-44.02019722640215,-6.4140690039332595,2.1714672468709892,-0.09481084242358774
31.72136568869187,-107.36255662022715,-43.99969376892644,-6.410187472562832,2.1499600961897007,-0.094390560182517
31.56202945019018,-107.33844335984155,-43.979231510243636,-6.406327145387909,2.1284718597667522,-0.09397167183566565
31.402944494695344,-107.31439158819389,-43.958845264414855,-6.402501026854792,2.1069878110715816,-0.09355244092204724
31.244228306695106,-107.29033523679168,-43.9384868683856,-6.398693315996792,2.085537929338283,-0.09313668456148114
31.085812784091804,-107.26630270875022,-43.91816796209711,-6.394903693288797,2.0641038826018834,-0.09271939125024296
30.927704321658847,-107.24229522791101,-43.897902587877994,-6.391142311984834,2.042689669813282,-0.09230358391950352
30.769571754095992,-107.21820470514824,-43.87763253371346,-6.387396064692656,2.021207064289431,-0.09187858726088616
30.612220386432504,-107.19424163485155,-43.85746760434832,-6.383687535725376,1.9998711296496705,-0.09147154834060671
30.45483141026982,-107.17016432552846,-43.83727539062135,-6.379985093771702,1.978465001732075,-0.09105592685405305
30.297621988386407,-107.14612062052299,-43.81712866548789,-6.376301149039695,1.957044300613039,-0.09062840895627247
30.14063410590031,-107.12203170054643,-43.79699766631273,-6.372636488728437,1.9356222203905988,-0.09020214848759406
29.98363471286419,-107.09788463008121,-43.776916279752264,-6.369019438890532,1.9141452023705952,-0.08976924397724868
29.82648789798593,-107.07361426314878,-43.75685990714372,-6.3654502511406585,1.8925810835444643,-0.08932334362884677
29.668627706687445,-107.04905749307311,-43.736791261386415,-6.36194681003582,1.870789138225265,-0.08884804815775371
29.50959142639986,-107.02397726505922,-43.71665384423303,-6.35853697758106,1.8486644748509111,-0.08832746877711821
29.348069693048096,-106.99863825858465,-43.69695106754572,-6.3555130436281715,1.8259194221441322,-0.08773495836206607
29.19546313880955,-106.97901285662142,-43.680813224973214,-6.35350693571587,1.8055841881260488,-0.08758409387532268
29.044029031951432,-106.95523253939952,-43.66068776036287,-6.349727923871898,1.785178941288389,-0.08721241427910056
28.892674755368905,-106.93148219836763,-43.64063413731334,-6.345983469373773,1.7647373210500301,-0.08684289357719979
28.741647347351506,-106.90774472249795,-43.62056983818393,-6.342217207553426,1.7443133648130436,-0.08647332893374443
28.59085461205595,-106.88402968648965,-43.600529330674696,-6.338451955650588,1.7238871106018978,-0.08610558477842102
28.440298443035072,-106.86033588768264,-43.580511587770886,-6.334687311883395,1.703459150745164,-0.08573976043749049
28.290010989019855,-106.83665482669242,-43.560499586993195,-6.330913006162524,1.6830357630827264,-0.08537767614916417
28.13851947729733,-106.81292532287222,-43.54080974444653,-6.327380189409876,1.6622765104745991,-0.08498850842506372
27.985581734427008,-106.78909733404613,-43.52150264526272,-6.324148719716448,1.6411299822875487,-0.084565971783473
27.83179175385362,-106.76487277285176,-43.5021780469011,-6.321012304837474,1.6197281450854106,-0.08408528635204737
27.679477975549577,-106.74099467077421,-43.482973101861944,-6.317857731402776,1.5986518893730712,-0.08366054346923715
27.528000002834908,-106.71738681759365,-43.463927802917006,-6.314734459208436,1.5777401753938427,-0.08325480007274168
27.37647652033448,-106.69356457890558,-43.44483899516458,-6.3116320206618495,1.5567650013982741,-0.08283597568429818
27.224975028852867,-106.66975596853362,-43.42591885401901,-6.308641384756124,1.535768084818567,-0.08241521272664643
27.07425960063164,-106.64605379033343,-43.4069955841586,-6.305606151910528,1.5149029940976135,-0.08200679115047642
26.92404769462784,-106.6224165855527,-43.38810778047968,-6.302567304275663,1.494107925908706,-0.08160218663622269
26.774224279559835,-106.598744991495,-43.36926286550427,-6.299563094885462,1.473372270173576,-0.08120611491780146
26.624830314453348,-106.57511707837028,-43.35047882044231,-6.296581092980656,1.4526964486553966,-0.08081586497120628
26.47561390439791,-106.55144087245013,-43.33174537644216,-6.293639502674941,1.4320200184926557,-0.08041917097276703
26.32664625216953,-106.52787029635648,-43.31316520330134,-6.2907687125509755,1.4113649663251902,-0.08002219050953951
26.1780997179362,-106.50420118181611,-43.294540570039416,-6.287883441314684,1.390766256893231,-0.0796278946551238
26.02986847518943,-106.48053409516673,-43.27598150309471,-6.2850347064398955,1.3702033493980041,-0.07923418662707106
25.8819974107111,-106.45687615372445,-43.25747677806313,-6.282211876659082,1.3496860426105644,-0.07884195920144588
25.73424083321561,-106.43334101326674,-43.239255247842735,-6.279551303532567,1.329174541094461,-0.07843336847887268
25.587099024287074,-106.40967803112751,-43.22084401546265,-6.276775210248376,1.308751643919029,-0.07804591879358119
25.440022119576017,-106.38588971573789,-43.20246187714325,-6.274043924994538,1.2883060057405413,-0.07765075764983974
25.293235254066595,-106.36210758611479,-43.18418700683568,-6.27137707478498,1.2678975280662732,-0.0772512691492795
25.146815850652853,-106.33831798611781,-43.16595426482863,-6.268730642096876,1.2475404739578362,-0.07685207896831084
25.000730266006205,-106.31453914209845,-43.147795158659996,-6.266122369567612,1.2272293435566226,-0.07645490749962983
24.854914227476936,-106.29075692051315,-43.12971929901172,-6.2635629181100105,1.206950279207957,-0.07605822004813297
24.709091397970507,-106.26693094767207,-43.11180736328519,-6.261123089921202,1.1866510945905182,-0.07565245130089963
24.563402729355765,-106.24309793778694,-43.09400928214945,-6.258752955736806,1.1663487929832124,-0.07524090374781987
24.41731046752364,-106.21912693941924,-43.07644116847218,-6.256575279335383,1.1459380422208454,-0.0748010984781054
24.270240309028715,-106.19499582157042,-43.05934122489095,-6.254769453066403,1.1253114034502807,-0.07431180715732974
24.122843840194683,-106.17114152934042,-43.04313808367118,-6.2535321592868085,1.1046862685353485,-0.07380651161810764
24.025238909351902,-106.12966009451577,-43.021337703511016,-6.276659375027569,1.1105754791284619,-0.16630712069984044
23.87770058185644,-106.10115128709278,-42.999048229875996,-6.271308260716691,1.0895912243596368,-0.16576304045617804
23.73239973335559,-106.07812602068633,-42.981625457575426,-6.2680581251726215,1.069452337337975,-0.1652560641405695
23.586475848321886,-106.05386375282966,-42.96367298912452,-6.264721559246433,1.049137948256218,-0.16473725589211813
23.442825839863275,-106.03023178010284,-42.94556973867585,-6.26104691157515,1.0292620447490308,-0.16423034453592206
23.30618895338402,-106.00595307959259,-42.92501891552323,-6.2556931080148805,1.010927288420423,-0.16378369905788928
23.164167132136633,-105.98235822720362,-42.90676639782235,-6.2518809185995785,0.9913587915467443,-0.1632884686664987
23.022461078245435,-105.95877310160192,-42.888591035075976,-6.248103969859261,0.9718280840118918,-0.1627930570289482
22.881052072687144,-105.93523544219137,-42.870521846945515,-6.2443714924846105,0.9523301893375826,-0.16229756609124724
22.739939972724926,-105.91174487229264,-42.85255886561396,-6.240683447239209,0.9328651435355302,-0.16180201926530596
22.599124692625228,-105.88830099778589,-42.834702095764776,-6.237039775117263,0.9134329964874199,-0.16130643400223885
22.457709604735257,-105.86532963207321,-42.817181562273,-6.233699192779677,0.8939112431375575,-0.16161553694386133
22.317001061020775,-105.8422064501003,-42.79963681282792,-6.2302652119995985,0.8744777284037177,-0.16158015234073494
22.176607547304318,-105.81911835704709,-42.78217616215929,-6.226857789569711,0.8550795109479346,-0.16154507150436562
22.03652905828411,-105.7960651289801,-42.76479988609,-6.223477027404106,0.8357166583980999,-0.16151023978734583
21.896765577702,-105.77304656527504,-42.74750827058592,-6.220123033611892,0.8163892399686123,-0.16147561346760864
21.757317074931613,-105.75006240750511,-42.7303015691529,-6.216795909733148,0.797097309851279,-0.16144115766646316
21.618183514238414,-105.72711242909712,-42.71318004827052,-6.21349576232115,0.7778409272621163,-0.16140684450208548
21.479364854094314,-105.7041964094637,-42.696143973960716,-6.210222699040239,0.758620150932243,-0.1613726517238786
21.34086104523555,-105.68131408102153,-42.67919358427321,-6.206976820484441,0.7394350283514004,-0.1613385616552156
21.202672035369268,-105.65846519332699,-42.66232912202928,-6.203758229012494,0.7202856095536982,-0.1613045602232417
21.064797769901777,-105.63564951079009,-42.645550833197326,-6.200567027975722,0.7011719468463238,-0.16127063624347537
20.927238189496627,-105.61286675967499,-42.6288589400929,-6.197403314241925,0.682094083676279,-0.16123678090618937
20.789993228783633,-105.59011666800957,-42.61225366413473,-6.194267186508088,0.6630520609085166,-0.16120298727451296
20.65306281743817,-105.56739896890475,-42.595735226956094,-6.191158745072579,0.6440459179474007,-0.16116924991026715
20.516446890259918,-105.54471340890971,-42.57930384817332,-6.188078085660951,0.6250757002487224,-0.16113556455412278
20.380145379191067,-105.5220596967385,-42.562959723853226,-6.185025297074717,0.6061414449575442,-0.16110192795692227
20.244158229138794,-105.49943750744957,-42.54670301718952,-6.182000448852967,0.5872431919737753,-0.16106833765992867
20.108485372941566,-105.4768465483671,-42.53053391316668,-6.179003624576725,0.568380979382938,-0.16103479181053948
19.973126741010425,-105.45428653192401,-42.51445259527112,-6.176034907548876,0.5495548453255295,-0.16100128905303354
19.838082262825182,-105.43175719640766,-42.498459255071396,-6.17309438285212,0.5307648328581496,-0.16096782840386512
19.703351865728095,-105.4092582241904,-42.482554052512164,-6.170182126668917,0.512010972974376,-0.16093440926981425
19.56893547690331,-105.38678931383606,-42.466737150755286,-6.16729821527013,0.493293300088019,-0.16090103129877922
19.434833022878923,-105.36435016607106,-42.451008709415134,-6.164442723339728,0.47461184893260205,-0.16086769434633194
19.30104442933287,-105.34194047973446,-42.43536888268142,-6.161615723540025,0.45596665364738603,-0.16083439844003944
19.1675733504195,-105.31953945860141,-42.419799280201865,-6.15880928054329,0.4373579279481747,-0.16080090914623008
19.03455847098615,-105.29724982748844,-42.40433182909439,-6.15601622106103,0.41881424353844626,-0.16076895840854258
18.902195432465412,-105.27476630643979,-42.388989836336755,-6.1532230638999135,0.4003495638638181,-0.1602704307335196
18.76917421303077,-105.25267443293839,-42.373648753649036,-6.150559654512258,0.3817843730646439,-0.1607931984532482
18.636966684356192,-105.2304089855111,-42.3584622157287,-6.147876999500573,0.3633223008029555,-0.16074178614771956
18.505079471479007,-105.20816634529517,-42.34335762076174,-6.1452202307252906,0.3448984992032797,-0.16069408622980735
18.373497752186182,-105.18595335802092,-42.32834495098975,-6.142594438820443,0.3265097396758058,-0.16064935959876686
18.24222395511177,-105.1637691940367,-42.31342346950931,-6.139998983524124,0.3081565181005052,-0.16060702244509154
18.111282252312503,-105.14159896818086,-42.29857620672242,-6.137425462580362,0.2898441750206619,-0.16056660632588265
17.980607973119234,-105.11952676633084,-42.28389008523314,-6.134913779760386,0.2715599877705272,-0.16052844051587775
17.85025699681806,-105.09742183475113,-42.269240381452725,-6.132408466372694,0.25331265338831604,-0.16049072740859915
17.720223942728527,-105.07533824996322,-42.25467576743949,-6.1299301088896,0.2351029954790826,-0.16045403131986527
17.59022352837765,-105.05331977064745,-42.24031516871648,-6.1275546193497705,0.21687049847777823,-0.16041813320291626
17.46078508781946,-105.03127847336845,-42.22593592868339,-6.125140404891233,0.1987273542572136,-0.1603829460508992
17.331679059806344,-105.00926444084784,-42.21164213919786,-6.12275081925699,0.18062470367637412,-0.16034833058504727
17.202891106420378,-104.9872746637726,-42.19743677107189,-6.120389052947465,0.16255973741717805,-0.1603141720604352
17.074421481983133,-104.96531005454753,-42.183320683001384,-6.118055350875465,0.14453252122056942,-0.16028038837846323
16.94627805972459,-104.94337329577006,-42.169293471497085,-6.115748428584251,0.12654464140579685,-0.16024692122428905
16.818464808602855,-104.92146403713595,-42.15535397044908,-6.113467439860494,0.10859695689263366,-0.1602137198552236
16.69096480184614,-104.89957445532936,-42.141502497368194,-6.111215074926524,0.09068618536042988,-0.1601807220769869
16.56392998990601,-104.87756949395838,-42.12759764905262,-6.108925974408854,0.07284558837747407,-0.16014762091663698
16.437031197347654,-104.85571027230445,-42.11392729565415,-6.106737127875772,0.05500374357773169,-0.16011501982330725
16.3104448244592,-104.83387193995398,-42.100346424665744,-6.104577289739614,0.037198868270988006,-0.1600825275873589
16.184170042243057,-104.8120555883848,-42.086856706280955,-6.102447322502619,0.019430912202239303,-0.16005015484440988
16.058207020828032,-104.79026083959923,-42.0734580832839,-6.100347195736265,0.0016999649600259459,-0.1600178932947256
15.932555608243728,-104.76848737726242,-42.06015061613444,-6.098276948503717,-0.01599396217822907,-0.15998573271650365
15.807215051770555,-104.74673502075869,-42.04693467499251,-6.0962368195219145,-0.03365098162097363,-0.15995366198636887
15.682186983209041,-104.7250019802626,-42.033808522777534,-6.094225930849292,-0.05127075536005449,-0.15992171013931972
15.557470244187142,-104.70329041070067,-42.02077456063436,-6.0922453579552815,-0.06885338022681148,-0.15988981451458686
15.433017850848639,-104.6815358584679,-42.00780421586483,-6.090294745856627,-0.08640558524331926,-0.1598580174345283
15.308920211758075,-104.65985341442565,-41.99494726164838,-6.088373272129363,-0.10391400959722269,-0.15982632373986458
15.185136451148793,-104.63819403955442,-41.98218240885648,-6.086480867038663,-0.12138530251102947,-0.15979466648528431
15.061662895305846,-104.61655591716865,-41.96951086286157,-6.0846191776376335,-0.13881973573307832,-0.1597630928306162
14.938499637457717,-104.59493611645878,-41.95693058417048,-6.0827874881216175,-0.15621718490362163,-0.1597315941379476
14.815646551515947,-104.57333402506028,-41.94444135976666,-6.08098573419535,-0.17357761648238018,-0.15970017207912654
14.693103682195746,-104.55174927500954,-41.932043100293455,-6.079213871807127,-0.190900968399147,-0.1596688274578984
14.570871029370892,-104.53018153739713,-41.91973575316077,-6.077471874535513,-0.2081871884453344,-0.1596375612227847
14.448948847190021,-104.50863048858636,-41.907519193419894,-6.0757596665888665,-0.225436170704221,-0.159606373245337
14.327337730095632,-104.48709567873091,-41.895393113158164,-6.074077087156012,-0.24264773114650545,-0.1595752615422013
14.20603814026735,-104.46557671845211,-41.883357300151154,-6.072424037752493,-0.2598217144084754,-0.1595442224264725
14.085048862341448,-104.44407372858704,-41.87141237320787,-6.07080085462506,-0.2769583407959058,-0.15951325891445714
13.964380710682128,-104.42259654889509,-41.859563808544166,-6.069208706968625,-0.29405516085190514,-0.15948253118215677
13.844027190868063,-104.40111052434789,-41.84778530155692,-6.067638231994698,-0.31111330874928794,-0.1594518020134818
13.72398525532353,-104.37963822547154,-41.83609641360509,-6.066097163587572,-0.3281336093719783,-0.15942118107341735
13.604254082578976,-104.35817746567103,-41.82449587182801,-6.064585105904145,-0.34511620503189017,-0.1593906617608572
13.48513635577315,-104.33658657946066,-41.81313356428905,-6.063136847568957,-0.3620250547175475,-0.1589078341949181
13.365654189761452,-104.31531436179739,-41.80153209194705,-6.061647082058616,-0.37897626777545274,-0.15941964955281124
13.247473403317075,-104.29371032563671,-41.789871756469,-6.060026211425813,-0.3957228664881081,-0.1593750999216548
13.129119578277106,-104.27226410822048,-41.778577167490056,-6.058602092931197,-0.412523106649706,-0.15933053536807282
13.011013437166662,-104.25080996412356,-41.76737428006773,-6.0572150937056675,-0.4292991590345841,-0.15928919680939102
12.893209395216637,-104.2293808009061,-41.75627082424582,-6.055859685439729,-0.4460410611338271,-0.15925046972171075
12.775731758936436,-104.20797948702047,-41.74526176982848,-6.054530734296298,-0.4627443396651845,-0.15921383891363874
12.658618328591453,-104.18658467205603,-41.73432193047814,-6.053217097133971,-0.4794007350617096,-0.15917857783258846
12.541932011458968,-104.16515484239503,-41.723405217732704,-6.051900225297631,-0.4959964722453885,-0.15914363510777946
12.425566978424198,-104.14372425683337,-41.7125672246214,-6.050608207018452,-0.5125538920445989,-0.1591098431155478
12.309526040484675,-104.12229506525983,-41.70180789564854,-6.049339792429896,-0.5290727602337686,-0.15907710261676444
12.1938222264798,-104.1008660750675,-41.6911222450332,-6.048091590624715,-0.5455506651334399,-0.15904536267226577
12.078480324164218,-104.0794349844296,-41.68049979472716,-6.046856493519504,-0.5619834430237711,-0.15901467105577935
11.963380672820044,-104.05808741523559,-41.670056240997155,-6.045701132951113,-0.5784064990856792,-0.15898729997397998
11.848350011169883,-104.03654965127113,-41.659594638271685,-6.044544612608818,-0.5948417099084851,-0.158964218904316
11.731974104335748,-104.01552808262413,-41.65023722719453,-6.0440350540010375,-0.6115207237621643,-0.15891614166427673
11.61758413241311,-103.99398731351108,-41.63994631933283,-6.04292958027231,-0.6278669341277248,-0.1588896130274609
11.50319173297326,-103.97251805673001,-41.62990595751846,-6.041955235788142,-0.6442331499250715,-0.15886056758863976
11.38904253110495,-103.95103826928808,-41.61996175165964,-6.041018083622064,-0.6605763917003777,-0.1588322151570566
11.27483775140733,-103.92958156157056,-41.61023843988669,-6.040200393319014,-0.6769574928799784,-0.15880394210420723
11.157495010841407,-103.90887177565314,-41.60221927500258,-6.0403660962674115,-0.6940422990048358,-0.15878840101394298
11.046756934538672,-103.88929821773725,-41.593633094614255,-6.039642098675759,-0.7097809600643983,-0.15833633570236638
10.937662298532189,-103.86351871599152,-41.57890041652584,-6.036400861695502,-0.7252089946297693,-0.15883499936571122
10.822145853720016,-103.84502308575028,-41.573206235251774,-6.03764371504139,-0.7417508423842156,-0.15867701124530226
10.710660439446768,-103.81929699751424,-41.559625861707545,-6.034981701622241,-0.7578596378799429,-0.1587582576567009
10.59751966211326,-103.8018637689261,-41.5543046368179,-6.036093207880854,-0.7739820526208443,-0.15860569487341564
10.486796609634268,-103.77639108275507,-41.54104533996384,-6.033535581492322,-0.7899637521310077,-0.15868444080320232
10.373291721193183,-103.75944755237076,-41.536569102158126,-6.0350489363315365,-0.806203073334157,-0.15853156445262842
10.265253483605829,-103.73453657326796,-41.52325834972378,-6.03222174172231,-0.8216507470316388,-0.15859221911705035
10.154886206540256,-103.71195750289702,-41.51324422600462,-6.031215482169774,-0.837454641588468,-0.15857907045288983
10.042175652747446,-103.69536080690902,-41.50917102732009,-6.032774110033172,-0.8536324770078068,-0.15843166137334275
9.93465879047397,-103.66972535854171,-41.49575019166096,-6.030014535148119,-0.8690814947284491,-0.15851444197807696
9.822473856172415,-103.6519707848496,-41.49090704468321,-6.031274907958957,-0.8852390989927015,-0.15839609997630255
9.715568145921205,-103.62688762608538,-41.47817149302907,-6.028808294331589,-0.9005632277646287,-0.1584620371922782
9.603890919965783,-103.60922151884573,-41.47359747125651,-6.030168773343847,-0.9166626901696031,-0.158345270190657
9.49768359977124,-103.58378127350619,-41.46072031877067,-6.027641156318518,-0.9318940379845762,-0.1584142987655981
9.386234700176434,-103.56614431622974,-41.45644387468752,-6.02913551052099,-0.9479964934376006,-0.15829827772316535
9.278346832900768,-103.54419263849343,-41.44747886331463,-6.028392132240069,-0.9635431993872476,-0.15828678446528627
9.172999694925776,-103.51962616324269,-41.43562973752775,-6.026273117667814,-0.9786215352650267,-0.15833600157032263
9.062424481224381,-103.50115064618132,-41.4308629313592,-6.027534731832881,-0.9946568841724976,-0.15823576019946275
8.955372948210284,-103.48050350989854,-41.42330255326682,-6.027344261736046,-1.0100500744144527,-0.15820065969353186
8.84820261745276,-103.45846692926068,-41.41480773268026,-6.026855605762565,-1.0255110963000051,-0.1582007873637881
8.744188900435116,-103.43420444871727,-41.40377748351581,-6.0249378531002185,-1.0404881098835455,-0.1576696522774005
8.634950694595636,-103.41837114754746,-41.4010159419055,-6.0269587781965575,-1.0562476761653847,-0.15823797306688198
8.532058041808439,-103.39488819615693,-41.3903252848708,-6.025215266174256,-1.0708812644880343,-0.15823611960392234
8.426263315154358,-103.37453615932866,-41.383398958829225,-6.025272516927233,-1.0861110878746756,-0.15818691926487116
8.320746270500635,-103.35361830621326,-41.37612748112822,-6.025225226842402,-1.1012863955938665,-0.15814589471796847
8.215545325939152,-103.33268397556617,-41.36891851957836,-6.025194503697053,-1.116422377602077,-0.15810877967648485
8.107916114490296,-103.31378477533049,-41.36445140766263,-6.02654929114905,-1.1320298325532534,-0.15805386374979663
8.006425665130784,-103.290057539285,-41.353940077190614,-6.024834098597333,-1.1465199464227431,-0.1580564729369236
7.902036839688596,-103.2698852817484,-41.34762367169822,-6.025123208043381,-1.161569026041766,-0.15801597504585757
7.797243149602986,-103.24955777906563,-41.341541719768976,-6.025612010645863,-1.1766937812453833,-0.15797963687051786
7.694380805966654,-103.22808461106774,-41.33398053308837,-6.0253051671752,-1.1914915027127913,-0.15795911076461866
7.58818453304339,-103.20924660065242,-41.329995173073385,-6.0268179935939825,-1.2069292042942112,-0.15789908839916916
7.48824695227499,-103.18604965553956,-41.320293661680786,-6.025368525250294,-1.2212312548150293,-0.15792038010501613
7.385267440510617,-103.1654276118972,-41.31410166465948,-6.025734327853445,-1.2360721545018547,-0.15788434750660355
7.27997073335688,-103.1466170043895,-41.310400266146715,-6.027346457135455,-1.2513917536602228,-0.15782449143628946
7.180921963176155,-103.12346287127436,-41.30097618546171,-6.02598712051472,-1.2655837816958815,-0.15784821379809721
7.078810326440127,-103.10283423565409,-41.29504481513821,-6.026447026900249,-1.2803113512283881,-0.15781329084471052
6.974568399062555,-103.08392616403184,-41.291437844832345,-6.0280438691929055,-1.2955005499839478,-0.1577446721114374
6.876214955955175,-103.06097560008075,-41.28254370058688,-6.026929481860955,-1.309593143501729,-0.1577803498160129
6.773746442869656,-103.04126725492799,-41.27809256575738,-6.028104687662949,-1.324439096462811,-0.15773825978605793
6.674692638983928,-103.01911361114806,-41.27075093788798,-6.0276843431272775,-1.338765802414523,-0.15719263758419377
6.571321953962539,-103.00063581837561,-41.26764206380795,-6.0295519268659215,-1.3537856825885493,-0.1577665673740894
6.474177519451988,-102.97763505005707,-41.25902911139702,-6.0285159881133294,-1.3677311758448207,-0.1577809659683497
6.3717194006717985,-102.9588428691874,-41.256132300078946,-6.0304256873230395,-1.3826387409165484,-0.15771229714811408
6.2749677893398985,-102.93595759148295,-41.247740385723944,-6.0294204423113404,-1.3965912531800526,-0.1577018888611627
6.174501972909387,-102.91616101272382,-41.24370819641345,-6.03073875759099,-1.4111419099184792,-0.15765730565643693
6.076564997023513,-102.8945432453478,-41.23738499752993,-6.030869108084822,-1.4252640363651834,-0.1576498918906777
5.975675679410679,-102.87579297572759,-41.23466117056413,-6.032733490718605,-1.4399852699460618,-0.15757647905290745
5.8796847895793585,-102.8527462163006,-41.226685847501535,-6.031984942899107,-1.4538278443683934,-0.15760467172434114
5.779451576889451,-102.83412784311211,-41.224246127220475,-6.03395686801516,-1.4684449954167518,-0.15752631424424654
5.6842742867942935,-102.81119815092622,-41.21646201533661,-6.033251747605557,-1.4821570520059308,-0.15755747554740088
5.584346629107082,-102.79251214134368,-41.21423456145491,-6.035334248955969,-1.496757124688736,-0.1574853100281844
5.490109351036494,-102.76967907950926,-41.20657693271696,-6.03462715561114,-1.5103181851688785,-0.15751322166746906
5.390197338446615,-102.75106637737383,-41.20480593683537,-6.036967535112955,-1.5249450027900082,-0.1574568771079318
5.296797071363163,-102.7279851209665,-41.19697918372482,-6.03612908712729,-1.538402964654965,-0.15747344470745106
5.197409475043278,-102.70951145771271,-41.19554521556483,-6.038617285505033,-1.5529517812326634,-0.15742623075269008
5.10497723072098,-102.6859771563475,-41.187570529355085,-6.037603119139722,-1.5663312388395612,-0.15688790193989344
5.005948216813424,-102.6680440672533,-41.186574634563506,-6.0403406983109695,-1.5807732230339682,-0.15749434183139477
4.9137074990104175,-102.64475416479489,-41.17889866303512,-6.0395299762727355,-1.5940979584040027,-0.15748403226382598
4.815940686050217,-102.62636602681424,-41.177722517531954,-6.042038504052388,-1.6084093929085148,-0.15741614211496585
4.724066024541661,-102.60314651716602,-41.170356746352375,-6.041377266032575,-1.621694145163522,-0.1574185829788909
4.627268259203676,-102.5844878632358,-41.168938206742936,-6.0437051048064125,-1.6358809756367254,-0.15734420723891293
4.535634382296231,-102.56158610120514,-41.16218571300785,-6.0433569856947384,-1.649124249612425,-0.15736879579807983
4.439263227804784,-102.5429313864086,-41.160990195142105,-6.045779703779478,-1.6632707391420012,-0.15729796875674934
4.348311964115105,-102.5199779587563,-41.154327850557145,-6.045447358243396,-1.6764207529871584,-0.15732791173632302
4.2524832776403985,-102.50133412921907,-41.15332993905256,-6.04794609539481,-1.6904980908009886,-0.157258764352929
4.160338998406824,-102.47986442126067,-41.14878064210904,-6.04866066860356,-1.7038959881114184,-0.15727525925742242
4.069498330319486,-102.45748967499587,-41.14310342086847,-6.048764576106208,-1.7170974442795635,-0.15727542390540192
3.9746305138144615,-102.43889838055944,-41.142382001306935,-6.051352063706787,-1.7310402820219057,-0.15720783723937823
3.8826745248143117,-102.41794172200444,-41.13873710737293,-6.0524614780842585,-1.7444763632871692,-0.1572020112105236
3.793331364169977,-102.39495041752552,-41.13256851197276,-6.052303390312599,-1.7574351394045136,-0.15723484823212258
3.699539349096064,-102.37642368277827,-41.132095438118014,-6.054955099253543,-1.7712215925395267,-0.1571692572576389
3.6083438089237556,-102.35536945777966,-41.1286522489567,-6.056141562776498,-1.784570501645479,-0.15716279921228965
3.519814621162951,-102.33242886672268,-41.12280643844909,-6.056110255181493,-1.7974237336099779,-0.15720054147892573
3.4269025505110697,-102.31394139144895,-41.12262597000695,-6.0588666387764585,-1.8110921092331804,-0.15713415498880545
3.3366131060594473,-102.29295341110121,-41.119479797395485,-6.060154280568921,-1.824320059602375,-0.15713035989782903
3.247593347050607,-102.27098623577393,-41.115241676340375,-6.06091526621671,-1.8373108548770416,-0.15715555416584792
3.1572422438764627,-102.25069222189629,-41.11319520129929,-6.062611287943214,-1.8506483873608068,-0.15658159523819826
3.0670963250545227,-102.23036036695409,-41.11106793423822,-6.064514134831923,-1.8637878583949632,-0.1572257471297742
2.9804848105143593,-102.207125053756,-41.10531490016166,-6.0644084727346454,-1.8764269275880048,-0.1572175004678448
2.8913002440354716,-102.1878116570422,-41.10434835291998,-6.066607222405685,-1.8894856107190712,-0.1571598285242023
2.8028282230160277,-102.1667318952819,-41.101688615739555,-6.068052135901689,-1.9024782537853082,-0.15713900591670601
2.7146439787764756,-102.14564989242895,-41.099109372177544,-6.069525475964546,-1.915432427353376,-0.1571211428511317
2.62674767998373,-102.12456418754401,-41.09660909601602,-6.0710264518694395,-1.928348184656571,-0.1571057076236024
2.539139282711255,-102.10347436494239,-41.09418736736887,-6.072554834974789,-1.9412255669693115,-0.15709229834141686
2.451818681233406,-102.08238007427411,-41.091843814333174,-6.074110436306428,-1.9540646185374217,-0.1570805940794166
2.3647860531009064,-102.06128090911578,-41.08957790378473,-6.075692962784294,-1.9668653045138365,-0.1570703383708426
2.278041200670341,-102.04017655358828,-41.08738928058716,-6.0773022467405005,-1.9796276659502792,-0.1570613269989206
2.191593210911336,-102.01907410041451,-41.08528307120237,-6.078940448494866,-1.9923487530508717,-0.15705296143218483
2.105429159824574,-101.99796138538207,-41.0832500032067,-6.080603622789102,-2.0050329352435243,-0.15704574457168902
2.0195468205601874,-101.97683724634825,-41.08128916852417,-6.082291399409398,-2.0176808003077302,-0.1570396513390579
1.933951063682832,-101.95570658502346,-41.07940412532799,-6.084005319680443,-2.0302906092943314,-0.15703433979153356
1.8486424724704371,-101.93456948651483,-41.0775946252335,-6.085745235525725,-2.042862160788692,-0.15702972672725285
1.7636205034200685,-101.91342588004134,-41.07586056976589,-6.087511163123758,-2.055395548581695,-0.1570257604265633
1.678885179493158,-101.89227555450319,-41.07420155728347,-6.0893029170422155,-2.067890736701654,-0.15702239957442288
1.5944362592150536,-101.87111839638882,-41.07261734397097,-6.091120422354246,-2.0803477525917966,-0.15701961233637798
1.5102734268520717,-101.84995427446748,-41.07110769091682,-6.092963606413419,-2.0927666351969303,-0.15701737377128724
1.4263971083645013,-101.82878297942365,-41.06967205446617,-6.094832195375189,-2.105147261347546,-0.15701566310898296
1.3428065777065787,-101.80760441470116,-41.068310348718754,-6.0967262251894505,-2.11748976079294,-0.15701446668637575
1.2595019729107246,-101.78641844446733,-41.06702217656979,-6.098645520179447,-2.129794071975946,-0.15701377157343932
1.1764834359144938,-101.76522490384681,-41.065807111256206,-6.100589890839284,-2.142060135168968,-0.1570135685345622
1.0937511609591568,-101.74402363366079,-41.0646647091399,-6.102559139131872,-2.1542878794884226,-0.15701385049156547
1.0113052900068378,-101.72281448236508,-41.063594545158786,-6.104553081906975,-2.1664772450732483,-0.15701461226644853
0.9291460194188226,-101.70159728994163,-41.06259616972589,-6.106571522653633,-2.178628161158885,-0.15701584990974207
0.8472743959264817,-101.68037185810203,-41.061668818969686,-6.1086140599021,-2.1907403740105504,-0.15701755892354768
0.765691078738912,-101.65913798213356,-41.060811844321265,-6.110680378422921,-2.2028137169450375,-0.1570197375047107
0.6843984476899063,-101.63789538058626,-41.06002397012834,-6.1127697529605625,-2.214847653476211,-0.1570223806012846
0.6040011087695549,-101.6161122780974,-41.05852563647305,-6.114383767559434,-2.22680695382184,-0.15655246129071046
0.5225676808395314,-101.59548940778855,-41.05881097081775,-6.117122333721023,-2.2388023964612165,-0.15712280644560955
0.4421890951780519,-101.5741985897721,-41.05819186954081,-6.119255770360768,-2.2507128489471304,-0.1571080007899432
0.3621093647812083,-101.55290133485794,-41.057640575857256,-6.121412229917742,-2.2625813827237553,-0.15709743483129998
0.2823516330826522,-101.53159707359558,-41.057149149438956,-6.123586395498253,-2.274402956609436,-0.157090213627995
0.20294930189564514,-101.51028338644042,-41.056704430720984,-6.125769854354709,-2.286170514060662,-0.15708564124229932
0.12395784386552611,-101.48895502149342,-41.05628327068194,-6.127948079787257,-2.2978724941281,-0.1570831853827436
0.04547452022891413,-101.4676097898835,-41.055855253785765,-6.130102000411012,-2.3094864492884084,-0.15708204069214562
-0.0328247250509319,-101.44568188991249,-41.05499516429175,-6.132081279895339,-2.3210800431994314,-0.15709695313660324
-0.1120769218545186,-101.42505320315517,-41.055823463332956,-6.134878054705421,-2.3328983880371545,-0.1570839575141046
-0.189563040194105,-101.40301362702718,-41.054924379373,-6.136802104826972,-2.3443717284088454,-0.1571057294091826
-0.2680439325765407,-101.38240350769983,-41.05586627477338,-6.139622763064985,-2.3560635366589078,-0.15709070735892502
-0.3453501578490422,-101.3605694202543,-41.05543317401417,-6.141765124821512,-2.367541125808122,-0.157110004256103
-0.4227676048679415,-101.33923650469846,-41.05567998158177,-6.144231041114685,-2.379060059562577,-0.15711697882653397
-0.4999632032240327,-101.31798989543776,-41.056104437059375,-6.146772481936894,-2.390551069171425,-0.15712149605089715
-0.5771322356695431,-101.29689212022168,-41.0568283049463,-6.149456983381792,-2.4020580688509883,-0.15712390689212866
-0.6549503428879999,-101.27535397213096,-41.057540396495845,-6.152226447854981,-2.413728194912874,-0.15713498580145052
-0.7318968768074123,-101.25380966288414,-41.05812648504928,-6.154876047926176,-2.425234454297463,-0.1571466475097416
-0.8080403832921426,-101.23236718876691,-41.05869844649656,-6.157455632697882,-2.436594957242731,-0.15715810749900427
-0.883816684437696,-101.21091962540481,-41.0593099649204,-6.160036880751764,-2.4478999643429367,-0.15717017264060762
-0.9593147803383582,-101.18945963392407,-41.059985741477526,-6.162640214979729,-2.4591676051246854,-0.1571827762281408
-1.0345632016491495,-101.16798394794243,-41.060732686245885,-6.165271689221553,-2.470403626524527,-0.15719589174144907
-1.1140478497541555,-101.14438559646631,-41.05910838344379,-6.166704159968459,-2.4828879365521637,-0.15720194935111229
-1.2002007463042326,-101.11765629886172,-41.05383199157257,-6.166264038313316,-2.4973024712631955,-0.1571934826348056
-1.2851932997258046,-101.09150281301035,-41.04922355608267,-6.166125942805508,-2.511367483052792,-0.1571832306056209
-1.3690238133351007,-101.06589540635179,-41.04526120186067,-6.166282434045893,-2.5250866496933466,-0.15717189570397957
-1.4517832537972497,-101.04076355486698,-41.04187678204406,-6.166703000565349,-2.538490035270734,-0.15715975375499536
-1.5335552535398984,-101.01604625435097,-41.03901125954111,-6.167361174264751,-2.5516051655845446,-0.15714702439560313
-1.6131696949099832,-100.99135849268139,-41.036017657425205,-6.167819925710789,-2.5642730775242666,-0.15662456817735837
-1.6946870605731914,-100.96770674191822,-41.03474164034157,-6.169381872686868,-2.5771076849344228,-0.15722190487682317
-1.773859870620162,-100.94393036286752,-41.033119351760845,-6.170602478317392,-2.589488165527019,-0.1571882138355984
-1.8523203144974592,-100.92039638901272,-41.03184821000052,-6.17198580753972,-2.6016694333782233,-0.15715841171661182
-1.9301075248019526,-100.89707640437616,-41.030897335325555,-6.173516910346868,-2.6136655663600115,-0.15713179419046128
-2.007262889611429,-100.8739433320797,-41.03023737792851,-6.175181598456834,-2.625490943964383,-0.1571077881721302
-2.083823918554967,-100.85097379770534,-41.02984286164324,-6.176967518306712,-2.637158565459526,-0.15708593428649067
-2.159824302072808,-100.82814769453121,-41.02969163126967,-6.17886386290493,-2.648680117838742,-0.15706586361894143
-2.2352942035344263,-100.80544780864876,-41.029764451477305,-6.180861178959444,-2.6600660869501107,-0.15704727849214165
-2.310260567786645,-100.78285947242901,-41.03004465181251,-6.182951202016551,-2.671325866679362,-0.1570299361443819
-2.3845454539089577,-100.7602914087003,-41.030377833036724,-6.185048547986989,-2.682426116828951,-0.15701653224923703
-2.4580945041520046,-100.73808177512652,-41.03104841146961,-6.187247482817976,-2.693377596121707,-0.15701411408942637
-2.5308469916890495,-100.71650290869599,-41.03252407679065,-6.189839379816354,-2.704102729770259,-0.15699076064003992
-2.6042246474619586,-100.69427713077185,-41.03356814820987,-6.192276492834679,-2.714984637953453,-0.15697607083442852
-2.6771868866290096,-100.67210983489464,-41.03475447458387,-6.194772951195003,-2.7257718575267695,-0.15696177054782234
-2.7497236491199586,-100.64999507915707,-41.036069395360755,-6.197320619667294,-2.736464096131034,-0.15694773493408373
-2.821852326567729,-100.62792649496714,-41.037506470162555,-6.199916595084398,-2.747066948819432,-0.15693393579521125
-2.8935945995913284,-100.60589772794158,-41.03906038210644,-6.2025587498604535,-2.757586854488591,-0.15692036221729747
-2.964967249407741,-100.58390312933204,-41.04072564296892,-6.205244660103372,-2.7680289874253616,-0.1569069970860275
-3.035999629767674,-100.56193191390173,-41.042489179290996,-6.207967685607614,-2.778402348544277,-0.15689376472033567
-3.106689768081707,-100.53998465713887,-41.04435262575077,-6.210728982238996,-2.788706578162955,-0.1568806899030357
-3.1770260354260653,-100.51806686803386,-41.04632548664329,-6.21353414256667,-2.7989381281662253,-0.15686786601840036
-3.247037844416272,-100.49616673897614,-41.04839200194694,-6.216374835180553,-2.8091062973050542,-0.15685519050106944
-3.3167319944636224,-100.47428130022328,-41.050548432455045,-6.219249206745206,-2.8192134017465427,-0.15684264873278186
-3.3861166535904816,-100.45240773257694,-41.05279156375767,-6.222155729100668,-2.8292620152460866,-0.1568302322110604
-3.4551975087158997,-100.43054374858035,-41.055118529311834,-6.225092995830022,-2.8392540295814173,-0.15681793152650442
-3.52397974599859,-100.40868725532331,-41.05752663411073,-6.22805967454201,-2.8491911710622952,-0.1568057379215941
-3.5924680202067516,-100.3868363734923,-41.0600134005933,-6.231054535703531,-2.8590749894350127,-0.15679364364830972
-3.6595482434357662,-100.36489343981587,-41.06247535791884,-6.233958269224519,-2.8687275134801604,-0.15629261639234776
-3.728814062185045,-100.34316070469673,-41.065234997969675,-6.2371557037837215,-2.8787273178754234,-0.15686698430065282
-3.796392900169397,-100.32131440201903,-41.06794046675253,-6.240222145018243,-2.888450072381372,-0.15683570904189845
-3.8637083193723916,-100.29946811565127,-41.07071820363983,-6.243314681574543,-2.8981274795842467,-0.1568084028411258
-3.930755555008796,-100.27762114574364,-41.07356606200071,-6.246431884141561,-2.907758734009625,-0.1567842803448556
-3.997535552942785,-100.25577236907701,-41.07648232274645,-6.249572744174554,-2.917344390101288,-0.15676271615273646
-4.064049329385112,-100.23392094928086,-41.07946582121613,-6.252736600922712,-2.926884928700528,-0.15674321146454762
-4.130297957040107,-100.21206596058829,-41.08251506534512,-6.255922606343684,-2.93638085463969,-0.15672536436123405
-4.196250934024104,-100.19009876251242,-41.085533138163264,-6.259096612121528,-2.9458182011565857,-0.15670961673157904
-4.262155507329699,-100.16801980847096,-41.08847110965161,-6.2622171365284,-2.9552763701832134,-0.15669405841881434
-4.327907695132304,-100.1459613215359,-41.09147853233423,-6.265352421259263,-2.9647253389783295,-0.15667674475165383
-4.3930714126068775,-100.12402981017318,-41.09474825699411,-6.268618265025441,-2.974027427449174,-0.15666097219491207
-4.4578564459985905,-100.10214640770725,-41.09816254919684,-6.271949787241165,-2.9832490762189625,-0.15664708039740172
-4.522494074486342,-100.08028869364583,-41.10167058365869,-6.275312744628281,-2.9924599511153147,-0.15663537718809398
-4.587056149110289,-100.05836914219653,-41.105146564967995,-6.2786413927503615,-3.0016864937980663,-0.15662329659782806
-4.651362511180561,-100.03644274365669,-41.10868135076192,-6.281988106048485,-3.010871293564976,-0.15661142859806892
-4.715401376335312,-100.01451529001987,-41.11228118355746,-6.2853556546650875,-3.0200113407656106,-0.15659981334350678
-4.779165228174158,-99.99258793176679,-41.11595053344481,-6.288747342680186,-3.029103671367495,-0.15658845056003823
-4.842665451798186,-99.97065649212784,-41.119682990110036,-6.2921597903820805,-3.038151743442926,-0.15657725645159942
-4.905908164162376,-99.94871933564276,-41.123474539994646,-6.295590546249383,-3.047157701331038,-0.15656618271481448
-4.968897576261934,-99.92677593565254,-41.127324190585085,-6.2990390858906595,-3.0561227287772876,-0.15655521879960294
-5.031638339957796,-99.90482384428525,-41.131229440969506,-6.3025044380115665,-3.0650479229891703,-0.15654432900997706
-5.0941217092671245,-99.88286573815542,-41.13519210930448,-6.305987260334494,-3.0739310397534725,-0.15653350994573706
-5.156356099162776,-99.86089922782611,-41.13921031960971,-6.309486968913068,-3.082774134990829,-0.15652275690821157
-5.218332216382384,-99.83892717004765,-41.1432853325555,-6.313003747630909,-3.0915749867395714,-0.15651206092291678
-5.280061348242515,-99.81694606209213,-41.14741463164958,-6.316536899058771,-3.100336279997782,-0.1565014214381509
-5.341535829150619,-99.79495841255755,-41.15159918271762,-6.3200864792784355,-3.1090562207636943,-0.15649082911975548
-5.4027636355005075,-99.77296188604126,-41.155837277161154,-6.323652027351274,-3.1177367002377165,-0.15648028452064217
-5.463737409951296,-99.75095878172176,-41.16012978003262,-6.327233594755646,-3.1263759759675107,-0.15646978078758314
-5.524464802803863,-99.72894681908338,-41.16447506292952,-6.3308307699071635,-3.1349758408923414,-0.1564593199887646
-5.584943268761445,-99.70692695297429,-41.16887341071828,-6.334443573855505,-3.1435356646626205,-0.15644889891271802
-5.645173961499624,-99.68489886484404,-41.17332431303343,-6.338071828285712,-3.152055695027446,-0.1564385168081176
-5.705160389538437,-99.66286173162221,-41.177827073623746,-6.341715360198377,-3.1605367378689193,-0.15642817436100992
-5.7648968580908635,-99.64081720100313,-41.18238224560746,-6.345374187407036,-3.168977411701105,-0.15641786717346529
-5.824390047412595,-99.61876342040979,-41.18698844036009,-6.3490479398115705,-3.1773792922003743,-0.1564075982307177
-5.883638335963949,-99.59670104165494,-41.19164592074939,-6.352736710864984,-3.1857419298760785,-0.15639736630063195
-5.942641310187377,-99.5746302187771,-41.19635435460244,-6.356440307621722,-3.194065216541704,-0.1563871699530854
-6.0014022072815045,-99.55255013210547,-41.201113093076465,-6.3601585945780625,-3.2023498709662377,-0.15637701085959008
-6.059919638703257,-99.53046130053714,-41.205922148128714,-6.363891518941405,-3.2105955288622345,-0.1563668873555072
-6.118194938568076,-99.50836339123445,-41.21078105900354,-6.367638937714731,-3.2188024663690253,-0.15635679978835088
-6.176229765572692,-99.48625608286031,-41.2156894008324,-6.371400727218648,-3.2269710396977,-0.15634674835234935
-6.234022690797832,-99.46413984117153,-41.220647183658244,-6.375176849464449,-3.235100860349042,-0.15633673186446256
-6.2915759175926125,-99.44201412490197,-41.22565378818263,-6.37896710451147,-3.243192422942299,-0.15632675082436118
-6.348890043843436,-99.41987888442146,-41.230709034012236,-6.382771467177854,-3.251245805251944,-0.1563168052869341
-6.404881986778225,-99.39763997786986,-41.23574621750063,-6.3865075375562865,-3.259089180594261,-0.15581518692916113
-6.462433434455543,-99.37599630277434,-41.24144646608989,-6.390601434377149,-3.2671954097497493,-0.15644159257472912
-6.518830334938493,-99.35385344207049,-41.24670798011321,-6.394473928388749,-3.2750811859806808,-0.15640924525632427
-6.575130762375124,-99.33168105962257,-41.25195937680182,-6.398325339695723,-3.282971917318438,-0.1563806219696677
-6.631215425720292,-99.30950253404389,-41.257253991335716,-6.402188378204291,-3.2908288280116325,-0.15635535384244145
-6.68707568602943,-99.2873186193209,-41.2625943690721,-6.4060645948092,-3.298649434043945,-0.1563328138972257
-6.742701265570763,-99.26513049371569,-41.26798414935471,-6.409956269090764,-3.306430654218538,-0.15631251813224276
-6.798093379586557,-99.24293720784367,-41.27342187466991,-6.413862535185029,-3.3141731327909216,-0.1562940392916655
-6.853251719053052,-99.22073827048392,-41.278907056294784,-6.417783140090458,-3.3218769384486384,-0.15627704267402467
-6.908175782257456,-99.1985333015208,-41.2844393862934,-6.421717950882366,-3.3295420432432086,-0.1562612597285504
-6.962865483462813,-99.17632191745493,-41.29001846629889,-6.425666784169862,-3.3371685235084536,-0.15624647344288012
-7.017320528849699,-99.15410381786329,-41.29564403348179,-6.42962954541024,-3.3447563677526757,-0.15623250923498505
-7.071540481228622,-99.13187876230968,-41.301315916320355,-6.433606200774298,-3.352305503326747,-0.15621922643621525
-7.1255262469361025,-99.10964635881186,-41.30703347578291,-6.437596425106984,-3.359816263821619,-0.15620650908192923
-7.179278194862287,-99.08740633471176,-41.31279631958469,-6.4416000490150145,-3.3672887942674343,-0.156194264274022
-7.232796778056924,-99.06515843557551,-41.318604044581505,-6.4456168965946885,-3.374723254391667,-0.15618241630412252
-7.286082467525057,-99.04290243260458,-41.32445626141159,-6.449646800657444,-3.38211979842965,-0.15617090350800888
-7.339135746789235,-99.02063812022605,-41.330352592928946,-6.453689601498426,-3.3894785748833725,-0.15615967554435792
-7.391956960913105,-98.99836533161537,-41.3362927256901,-6.457745179622597,-3.39679968047477,-0.15614869146808066
-7.4445466936199125,-98.97608388962311,-41.342276269469494,-6.461813366007331,-3.40408328053807,-0.15613791727615645
-7.4969060831872785,-98.95379357366055,-41.34830264934362,-6.465893872085878,-3.4113297068612733,-0.15612732403570317
-7.549035530328276,-98.93149426994768,-41.35437157205046,-6.469986588843432,-3.4185390487532117,-0.1561168890565507
-7.600935675051816,-98.90918584950921,-41.36048265849008,-6.474091351128569,-3.4257114678945433,-0.15610659292516121
-7.652606752193886,-98.88686824068742,-41.36663568039614,-6.4782080905613695,-3.432846992805981,-0.1560964201656929
-7.704049592531441,-98.86454131922181,-41.37283019988148,-6.482336602147076,-3.439945838177519,-0.1560863567702276
-7.754174939358024,-98.84211712377224,-41.37899665225617,-6.486398965219505,-3.4468332765192615,-0.15559987090957986
-7.806475727625763,-98.81987474384745,-41.38535647780757,-6.490650930174724,-3.454070692486908,-0.15616131607642575
-7.8571908541029565,-98.79751652689411,-41.3916713524767,-6.4948098132946015,-3.4610522648522983,-0.15613257206649067
-7.907692331271711,-98.77514899208899,-41.398025664267315,-6.498979978547044,-3.468000238379246,-0.15610767908858977
-7.95797698980904,-98.75277222503631,-41.40441985832946,-6.503161685184424,-3.474913744720164,-0.1560858835054945
-8.00804549220761,-98.73038597209414,-41.41085301439479,-6.50735431195429,-3.4817931307685415,-0.1560665712668995
-8.057899377890761,-98.70798997997439,-41.417324058524585,-6.51155714897081,-3.4886389650681306,-0.1560492491943808
-8.107543799911578,-98.685583786049,-41.42383082029653,-6.515768763358957,-3.4954529140843955,-0.15603351566342363
-8.15699678151097,-98.66316599333987,-41.43036655833775,-6.519984646855087,-3.5022407730150915,-0.15601901062014584
-8.206289353075602,-98.64073472576986,-41.436921112259334,-6.524197968061137,-3.5090121846218874,-0.15600543684964538
-8.255543734253873,-98.61828195028542,-41.44345423608249,-6.528381701898337,-3.5158055818955143,-0.15599238943742816
-8.305551185972382,-98.59568894366987,-41.45036912216628,-6.532885953065515,-3.522682157010675,-0.155949819210298
-8.355795201261417,-98.57324442099547,-41.45774251345586,-6.537615767715697,-3.5296830727409008,-0.15594308989279715
-8.404347333576883,-98.55074582716391,-41.464532763216184,-6.541927778170671,-3.5363327696975775,-0.15593170581231297
-8.451858942851086,-98.52816682416804,-41.470901926620286,-6.545921009924931,-3.542850093683612,-0.15594091932306017
-8.498991670583234,-98.50600110453844,-41.47820334988179,-6.550454901601657,-3.5491626173339834,-0.15594578246075158
-8.54635444973995,-98.48351341967022,-41.48513268447044,-6.554806177219828,-3.555568514857068,-0.1559353036721062
-8.593638346299954,-98.46100977475066,-41.49205245621367,-6.559135864365611,-3.5619855713424586,-0.15592496940510756
-8.640758811908578,-98.43849463263275,-41.49899015081305,-6.563462810265503,-3.5683857294398114,-0.1559148328029528
-8.687686457745198,-98.41596948086496,-41.505955214305935,-6.567793560026078,-3.5747591459479153,-0.15590488607518344
-8.734408174789765,-98.39343494007048,-41.51295176056476,-6.57213101978711,-3.5811013867032,-0.15589510982143784
-8.780918522626436,-98.37089125612945,-41.51998141305857,-6.576476389211478,-3.587410562835217,-0.155885481876197
-8.82721422125656,-98.34833855805047,-41.52704508397302,-6.580830384350157,-3.593685512879947,-0.15587598335509162
-8.873293999777024,-98.32577689292698,-41.53414304241842,-6.585193277808988,-3.5999257423199613,-0.15586659725972385
-8.919156995646004,-98.30320628694787,-41.54127542285277,-6.589565251386843,-3.6061308957482643,-0.1558573098145991
-8.964802795257901,-98.2806267504291,-41.548442216492475,-6.59394638839709,-3.612300768039728,-0.15584810959119666
-9.00915355534047,-98.25794671796838,-41.555581737625204,-6.598271113886669,-3.6182621391353536,-0.15536108382834413
-9.055661767252298,-98.23545749113245,-41.56289188338853,-6.6027567014417095,-3.624570171750558,-0.1559250329407243
-9.100613775292032,-98.21284783823751,-41.57015781498326,-6.607160701702423,-3.6306271565654944,-0.15589702326954713
-9.14535829519092,-98.19022993977113,-41.57745792805987,-6.611574522628328,-3.636650314534106,-0.15587287322784993
-9.189894092223954,-98.16760366535932,-41.584791806458945,-6.615997866991671,-3.6426394590290183,-0.1558518174928054
-9.234220213107491,-98.14496891845408,-41.592159084931936,-6.620430491884762,-3.6485944359049354,-0.1558332436517612
-9.278335949482475,-98.12232562900597,-41.59955943210094,-6.624872193049048,-3.654515123694479,-0.15581666162537822
-9.322240933395014,-98.09967374924612,-41.606992501266504,-6.629322766133502,-3.6604014743180064,-0.15580167899614766
-9.365934921785561,-98.07701324921878,-41.61445797683547,-6.633782038173264,-3.6662534496063808,-0.1557879817097682
-9.409417797903773,-98.0543441134121,-41.621955560096936,-6.638249855491792,-3.672071028091583,-0.1557753183834336
-9.452689662724506,-98.0316663402733,-41.62948493265064,-6.642726055183057,-3.6778542398384695,-0.15576348760037767
-9.495750606842403,-98.00897993705142,-41.63704581342611,-6.647210506082321,-3.6836030950613092,-0.15575232820578386
-9.538600868780398,-97.98628492126288,-41.644637906756365,-6.651703069381791,-3.6893176396960223,-0.15574171103041828
-9.581240739815861,-97.96358131809075,-41.652260924377806,-6.656203614162173,-3.6949979262599157,-0.15573153259496017
-9.623670552762317,-97.94086915924571,-41.65991458432243,-6.66071201601196,-3.7006440122120603,-0.15572170998126755
-9.66589352643633,-97.91814857784858,-41.66759765317187,-6.665227429987965,-3.70625695130307,-0.15571216519110936
-9.707915418784422,-97.89541984883073,-41.675308091707215,-6.6697483845659145,-3.711838660296646,-0.15570282324539086
-9.749716431757284,-97.87268227782128,-41.683052408863134,-6.674279922252887,-3.7173821042865574,-0.1556937240132199
-9.791309277670075,-97.84993631661551,-41.690826186529264,-6.678818792353454,-3.7228917159617447,-0.15568478314324224
-9.832694255476177,-97.82718201563853,-41.69862920595011,-6.683364921712494,-3.7283675139832844,-0.1556759733755979
-9.873871997096254,-97.80441944319521,-41.70646116119438,-6.6879181702603505,-3.733809626287113,-0.15566727226176263
-9.914842836803585,-97.78164865510442,-41.71432183315838,-6.692478465047424,-3.7392180783050466,-0.15565866225244135
-9.955607545744899,-97.75886973316481,-41.722210888392674,-6.697045644081049,-3.7445930400542853,-0.1556501285108937
-9.996166203258415,-97.73608272128354,-41.73012818240108,-6.701619692872299,-3.7499344476892094,-0.15564166018105186
-10.036519837566185,-97.71328772259245,-41.738073319096856,-6.706200399422938,-3.755242555539455,-0.1556332469689643
-10.075604915049947,-97.69039252695491,-41.745995931787405,-6.710735668429832,-3.7603460484572633,-0.15514580695381644
-10.11683130770339,-97.66769104710777,-41.7540569180258,-6.715398866544998,-3.765794954316864,-0.155711892659541
-10.156527684410339,-97.64486904293035,-41.76208244106472,-6.719995825314601,-3.7709958111313338,-0.15568454625314093
-10.1960328827969,-97.62204026551616,-41.770134327925525,-6.724599039109484,-3.7761661983580863,-0.15566103442674786
-10.235343931981655,-97.59920454086338,-41.7782128597624,-6.729208749079324,-3.7813052468647346,-0.15564060067618785
-10.274461342998444,-97.57636196699842,-41.78631738513728,-6.733824467876838,-3.786413255643794,-0.155622630177706
-10.313386626999714,-97.55351274010064,-41.79444710845433,-6.738445597385234,-3.7914908002352075,-0.1556066295754378
-10.352123726477457,-97.53065729323741,-41.80260073230798,-6.743071129755092,-3.7965392168259964,-0.15559220030379503
-10.390686665341958,-97.507797077067,-41.81077436610879,-6.7476979151603445,-3.80156325085208,-0.15557899643588932
-10.42910100861698,-97.48493478757446,-41.81896178770417,-6.752320810435135,-3.806571313789349,-0.15556672900301277
-10.467456561193114,-97.46207910285109,-41.8271416363269,-6.756922210024311,-3.811593020536129,-0.15555507626928597
-10.506604189650359,-97.43897078408529,-41.83555729536674,-6.761772254707791,-3.816707943925969,-0.15551986256087452
-10.545700122549084,-97.41609386410504,-41.84438836396403,-6.766803852754755,-3.821880764033552,-0.15551281777019166
-10.58337357510627,-97.39316589960853,-41.852728163301805,-6.771487593927288,-3.8267584175133087,-0.1555035687053689
-10.620313495835582,-97.3702591783498,-41.86087856611901,-6.7760067123696865,-3.8315341462483277,-0.15550402053273973
-10.656835483887813,-97.3476108492961,-41.86945692462119,-6.780732909116486,-3.8361989048567238,-0.15551256592031518
-10.693449073086926,-97.3246525820148,-41.877905726238886,-6.7854610774052375,-3.840844930701635,-0.1555033012623863
-10.730027375739954,-97.30170218844162,-41.886339801956936,-6.790163437516799,-3.8455136406697363,-0.15549423717138822
-10.766476015207061,-97.27875382798315,-41.894781698988886,-6.794857557102246,-3.850173379827925,-0.1554853222887155
-10.802761950691547,-97.25580365045845,-41.90323901976514,-6.799550031795733,-3.854812452514355,-0.15547655334084928
-10.838870656705156,-97.23284991503822,-41.91171502455823,-6.804243768403176,-3.859425640950759,-0.15546791504168567
-10.874794553220976,-97.20989168629103,-41.920211341853616,-6.808940283616877,-3.864010177167473,-0.1554593909913571
-10.910530360026996,-97.1869285550844,-41.92872860851537,-6.813640240182419,-3.8685648030097437,-0.15545096487273263
-10.946075889984916,-97.16396023483004,-41.93726719997898,-6.818344080426203,-3.8730886534202167,-0.15544262335014591
-10.981429734203005,-97.14098653000026,-41.945827307700355,-6.823052090490022,-3.8775811429826796,-0.15543435549260184
-11.015541442446295,-97.11790764341097,-41.95436246660992,-6.827721642632106,-3.8818720326445675,-0.1549449439085779
-11.0517730951245,-97.09504109872395,-41.96302269205281,-6.832497026278047,-3.8865058112099424,-0.15551378698151472
-11.086509026225974,-97.07204753481334,-41.97164443723141,-6.837214341154575,-3.89089661600675,-0.1554865324672175
-11.121060940269052,-97.04904917404694,-41.98028786983912,-6.841936725760534,-3.8952567854747278,-0.1554631531008858
-11.155428456449334,-97.02604607191516,-41.9889524836367,-6.846663790140199,-3.899586414836643,-0.1554428770304684
-11.189610628198473,-97.00303817429008,-41.99763798799674,-6.851395351086025,-3.9038853367502813,-0.1554250875057815
-11.223607099636821,-96.9800255064236,-42.0063440466796,-6.85613118961957,-3.908153536595065,-0.155409290546401
-11.257418285635184,-96.95700821242558,-42.015070230293205,-6.8608710027431785,-3.912391222734621,-0.15539508994569612
-11.291044552598127,-96.93398642138253,-42.02381617130417,-6.865614547431666,-3.9165985494814377,-0.15538216860404827
-11.324486821703118,-96.91096035554402,-42.0325814345903,-6.870361516587468,-3.9207758328862754,-0.1553702719249149
-11.3577473624642,-96.88793048279932,-42.041365360511264,-6.875111384077564,-3.924923827464739,-0.15535919402186263
-11.39082957247262,-96.86489749253981,-42.05016711261577,-6.879863443979965,-3.929043647390308,-0.15534876780387072
-11.42374170375368,-96.84186301502322,-42.058984975818944,-6.8846161149742855,-3.93313805259673,-0.15533885164089942
-11.456498580708855,-96.81883000142071,-42.067816072460786,-6.889366635880678,-3.9372120167136373,-0.15532932029661334
-11.489142361050915,-96.79580613326388,-42.076652441962096,-6.894107390957832,-3.9412796961117533,-0.15532004307313782
-11.522074087753309,-96.77259024917414,-42.08546029661813,-6.898886528260161,-3.9453818603243165,-0.15529476749899151
-11.555388865711917,-96.7494035444579,-42.09477394309896,-6.903994168619364,-3.949544301403133,-0.1552836334791362
-11.587734153971741,-96.72634140623865,-42.10385244028028,-6.908876279572191,-3.95355768708706,-0.1552761488707147
-11.619466073117872,-96.70322723821008,-42.112761601408245,-6.913641995891446,-3.9574454599083912,-0.15526942632750923
-11.65094418296912,-96.68011729287184,-42.12167341817526,-6.91839610074434,-3.961292896802911,-0.1552638267362758
-11.682136614438303,-96.65703909772859,-42.13057639395699,-6.923121602873181,-3.965103513442024,-0.15526020011576708
-11.712887893790594,-96.63419005041962,-42.13958715080374,-6.927835400180915,-3.9688700730410185,-0.1552674032284041
-11.743469870270763,-96.61118089929583,-42.14876767833821,-6.9327127794830465,-3.972521005822917,-0.15526242098931856
-11.77413656622942,-96.58805135619485,-42.157813911328574,-6.937527516847837,-3.9762089193808077,-0.15525393470983273
-11.804695684799123,-96.56493268364935,-42.166863078530476,-6.942331698321988,-3.9798925836491468,-0.15524557550481094
-11.8351117190747,-96.54181968509856,-42.17592180190546,-6.947131382162438,-3.9835596921155907,-0.15523730465657196
-11.86536853787272,-96.51870885887104,-42.184992829287104,-6.951929546625564,-3.9872042919099298,-0.1552291164957289
-11.894427388184432,-96.4954913702771,-42.19403704859606,-6.956695733118255,-3.9906552630369356,-0.1547377002907009
-11.925588998822647,-96.4725081834611,-42.203185171234054,-6.961539598323175,-3.9944509720896035,-0.15530916352363688
-11.955299282370147,-96.44939368790251,-42.21229523221916,-6.966335500201234,-3.9980105325209196,-0.15528192803541696
-11.984845200889852,-96.42627898658034,-42.221419988496905,-6.9711330898989425,-4.001543515543573,-0.15525858880952162
-12.0142306814482,-96.40316530058196,-42.230558373119585,-6.975931273951235,-4.005051503406895,-0.15523836290152682
-12.043460360616546,-96.38005399395009,-42.239709316425866,-6.980728941999001,-4.008536224437429,-0.155220621875111
-12.072545311827886,-96.35694777437641,-42.248870805010895,-6.985523988560189,-4.012001518305156,-0.15520485789944097
-12.101526573596633,-96.33384901083872,-42.25803478708337,-6.990310530301863,-4.015459689953125,-0.1551907462857257
-12.130971759724941,-96.31041260840628,-42.26723268623355,-6.99522943196481,-4.018932826769124,-0.1551575406490417
-12.160370751544809,-96.28725182031586,-42.276774039352446,-7.0002792097201825,-4.022478408191129,-0.15514880860036345
-12.188823997730916,-96.26407945171118,-42.28601245767907,-7.005106913986893,-4.0258315827387285,-0.1551390375751172
-12.216890111415552,-96.24091050541375,-42.29520851951101,-7.009892755750385,-4.029113810627829,-0.15513140968148417
-12.244704671231505,-96.21777784729765,-42.30441785970843,-7.014667114641919,-4.032359967460112,-0.15512528969051326
-12.272045062003546,-96.19477845170645,-42.3136029741496,-7.019371356756067,-4.0355534611193375,-0.15512456019448762
-12.29928728755963,-96.17186853387595,-42.32317647172431,-7.024310808440529,-4.038671897872573,-0.15512543212721985
-12.326564746235583,-96.14868643089366,-42.33249385526693,-7.029153362425202,-4.041795184245107,-0.15511592593706025
-12.35374808785128,-96.12551565028966,-42.34181074396978,-7.033985235466239,-4.04491563064366,-0.15510686920680924
-12.380799123317338,-96.10235463861748,-42.35113436247443,-7.038811576026714,-4.0480213667575144,-0.15509807484175617
-12.407702278182189,-96.07919974020514,-42.360466959492236,-7.0436349908576235,-4.051106704153165,-0.15508949140275735
-12.43445246564469,-96.05604953762275,-42.36980917618597,-7.04845639258808,-4.054169613750537,-0.15508108050405064
-12.461050494734708,-96.03290424165748,-42.37916084956664,-7.053275698904937,-4.057210185641851,-0.15507280739865473
-12.487499284911019,-96.00976451929517,-42.38852151605804,-7.058092503496309,-4.060229217398745,-0.15506464432389047
-12.5138166022587,-95.98663295036334,-42.397888321817454,-7.062904330098862,-4.063232173066071,-0.1550565887987344
-12.539101238324507,-95.9633642936213,-42.407195743029206,-7.067678350072314,-4.066077106903175,-0.1545623023577875
-12.56697839791264,-95.93995084016855,-42.41664899673962,-7.072679394717192,-4.069263617703239,-0.1551192492461346
-12.593343610100426,-95.9168206380635,-42.42634317932313,-7.077693612717719,-4.072295261196647,-0.15509407218921079
-12.618989098081942,-95.89362098088772,-42.43576091328122,-7.082524856693315,-4.075177313417855,-0.15507227021859762
-12.64434002081607,-95.87041890195223,-42.445157429676925,-7.0873336945038306,-4.07800259417704,-0.15505406095527538
-12.669539268550121,-95.84723411971767,-42.45458934314184,-7.092155157613507,-4.08080380688125,-0.15503809305276745
-12.693076885401384,-95.82439034254192,-42.46430579260704,-7.0970412784399715,-4.083254862623463,-0.15504144243601897
-12.71797975544213,-95.80124146269378,-42.47376189925906,-7.10185837317999,-4.086017017646739,-0.15502693477189053
-12.742713171554339,-95.77809161755134,-42.48322860455765,-7.106677073434236,-4.088748620008821,-0.1550137822428044
-12.767279048136277,-95.75494144368561,-42.492705452212334,-7.111496936666009,-4.091450456058863,-0.15500172131831252
-12.791677808006542,-95.73179106141309,-42.502192175763206,-7.116317797998421,-4.094122731768314,-0.15499054186886135
-12.815909924937788,-95.70864059821253,-42.511688523241176,-7.121139507076223,-4.0967656486379,-0.15498007517302015
-12.839975909759364,-95.68549018692518,-42.521194254795034,-7.125961925748968,-4.099379402670604,-0.15497018569211446
-12.863876299313967,-95.66233996427472,-42.530709140825586,-7.13078492623818,-4.101964183621937,-0.15496076448355522
-12.887611647970918,-95.6391900697375,-42.540232960480125,-7.135608389635688,-4.104520174570955,-0.15495172392589837
-12.91118252114767,-95.61604064468392,-42.5497655004282,-7.140432204665502,-4.107047551731553,-0.15494299349416135
-12.934589490406236,-95.59289183172844,-42.5593065538581,-7.145256266656524,-4.109546484441485,-0.1549345163760416
-12.957833129780372,-95.5697437742413,-42.56885591964851,-7.150080476685024,-4.112017135280322,-0.15492624676141017
-12.980914013063128,-95.5465966159842,-42.57841340167902,-7.154904740854275,-4.11445966027902,-0.15491814767087278
-13.003832711839971,-95.52345050084298,-42.58797880825311,-7.159728969686086,-4.116874209192015,-0.15491018921595462
-13.026589794099163,-95.50030557263305,-42.597551951610896,-7.164553077603623,-4.119260925809894,-0.1549023472048886
-13.04918582328562,-95.47716197496213,-42.60713264751596,-7.169376982489648,-4.121619948295734,-0.15489460202514305
-13.071621357694248,-95.45401985113587,-42.6167207149025,-7.174200605307128,-4.123951409532677,-0.15488693774755735
-13.09389695012017,-95.4308793440963,-42.626315975572375,-7.179023869771814,-4.126255437473186,-0.15487934140795415
-13.116013147702052,-95.40774059638504,-42.635918253933774,-7.183846702068375,-4.128532155483427,-0.15487180243089732
-13.13697220967076,-95.38448111864993,-42.64550500863955,-7.188660539621994,-4.1306129987409985,-0.15437877782445836
-13.159970688391118,-95.36149211999712,-42.65514936662317,-7.193499635577694,-4.1330381906701525,-0.15495353268205686
-13.18157148700611,-95.3383548958306,-42.66477036898166,-7.198318901398113,-4.135226830336277,-0.15492678685264855
-13.203023308213284,-95.31522097882797,-42.67439797684631,-7.203137825361022,-4.137390045922999,-0.15490393808392897
-13.224324842020701,-95.29209024652721,-42.68403197830899,-7.20795629105826,-4.1395275931810325,-0.1548842094288245
-13.245481420265087,-95.2689655748374,-42.69367154268913,-7.212772965900095,-4.141641806503477,-0.15486695527860858
-13.26648445340931,-95.24584321587113,-42.70331731702946,-7.217589336173563,-4.143729335402123,-0.1548517100551961
-13.287330552153767,-95.22272172691022,-42.71296938980361,-7.222405891849639,-4.145788923402856,-0.15483808728066972
-13.308024638753238,-95.19960357622496,-42.7226270562777,-7.22722153363548,-4.147822634033157,-0.15482574785417746
-13.328566682997831,-95.17648884448934,-42.732290141510425,-7.232036178100407,-4.149830470401801,-0.15481443671756578
-13.348956754167363,-95.15337762225212,-42.74195847575958,-7.236849748608016,-4.151812450373732,-0.154803949738527
-13.369195003963902,-95.1302700093908,-42.751631893278095,-7.241662173428726,-4.153768604734626,-0.15479412352577013
-13.389281649246822,-95.10716611305419,-42.7613102316561,-7.246473384872349,-4.155698974305969,-0.15478482728866666
-13.4092169586093,-95.08406604618487,-42.77099333127188,-7.251283318534185,-4.157603607793953,-0.15477595632290148
-13.429001241682018,-95.06096992634002,-42.78068103485849,-7.2560919126957,-4.159482560084902,-0.15476742679839467
-13.448634840615753,-95.03787787475346,-42.790373187161,-7.260899107846607,-4.161335890897425,-0.1547591715891125
-13.468118123295579,-95.01479001558484,-42.800069634664226,-7.265704846303844,-4.163163663715937,-0.15475113693648596
-13.487451477939178,-94.99170647532078,-42.80977022537583,-7.270509071906692,-4.164965944949129,-0.1547432797797593
-13.506635308797495,-94.96862738229568,-42.819474808652714,-7.275311729772471,-4.166742803266592,-0.1547355656199292
-13.525670032732949,-94.945552866307,-42.82918323506158,-7.280112766100572,-4.168494309076414,-0.1547279668106118
-13.54455607650142,-94.92248305830918,-42.83889535626653,-7.284912128014156,-4.170220534116287,-0.15472046119045907
-13.563293874588556,-94.89941809016554,-42.84861102493798,-7.2897097634330095,-4.171921551131921,-0.15471303098887002
-13.581883867495108,-94.87635809445045,-42.85833009467829,-7.294505620969946,-4.173597433627546,-0.15470566195033938
-13.600326500373914,-94.85330320428969,-42.86805241996119,-7.299299649847161,-4.175248255671004,-0.1546983426337507
-13.618622221951982,-94.83025355323183,-42.87777785608162,-7.3040917998275114,-4.176874091743943,-0.15469106385163311
-13.63579795327948,-94.8070804458151,-42.88749240214042,-7.308883943298285,-4.1783081438899385,-0.15419753087838337
-13.65497314147045,-94.78419635774796,-42.89724191547696,-7.313676402544574,-4.18008566052179,-0.1547734134895216
-13.672788806023025,-94.76115691595197,-42.906975038004525,-7.318461736578318,-4.181629138564865,-0.1547468625013939
-13.690470120470337,-94.73812575788713,-42.91671073197244,-7.32324476125945,-4.183150461711535,-0.15472419259333903
-13.708013058973147,-94.71510124941707,-42.926448985503846,-7.328025902648251,-4.1846482290346705,-0.1547046368315867
-13.725416841790365,-94.69208339036247,-42.93618962223778,-7.3328050578703445,-4.186122313618019,-0.15468757287171603
-13.742680916076795,-94.66907219490612,-42.94593247562378,-7.337582140242132,-4.187572619730158,-0.15467250290954024
-13.759804932559097,-94.64606770124394,-42.955677385515784,-7.342357071635575,-4.188999086032679,-0.15465902868067744
-13.776788704494054,-94.62306996677745,-42.9654241968762,-7.34712978068363,-4.190401678683047,-0.15464683155306927
-13.793632174767152,-94.6000790641941,-42.97517275878274,-7.351900201401187,-4.191780385766843,-0.15463565660162254
-13.810335389663178,-94.57709507835459,-42.984922923656356,-7.356668272096369,-4.193135212866283,-0.15462529986780912
-13.82689847794683,-94.55411810381598,-42.9946745466585,-7.361433934510295,-4.194466179530742,-0.15461559816726256
-13.843321634170735,-94.53114824285605,-43.00442748521899,-7.366197133137246,-4.195773316463025,-0.15460642093578336
-13.859605105352994,-94.50818560389556,-43.014181598665495,-7.37095781468705,-4.197056663275386,-0.1545976637060931
-13.875749180341764,-94.48523030023661,-43.02393674793151,-7.375715927659578,-4.198316266699222,-0.1545892428891863
-13.891754181324115,-94.4622824490532,-43.03369279532583,-7.380471422007669,-4.1995521791566786,-0.15458109159936884
-13.90762045704274,-94.43934217058106,-43.04344960435012,-7.385224248870417,-4.200764457619445,-0.15457315631426247
-13.92334837738069,-94.41640958746892,-43.05320703955409,-7.389974360361245,-4.201953162698617,-0.15456539420276202
-13.938938329033999,-94.39348482425738,-43.06296496642025,-7.394721709399923,-4.203118357917297,-0.15455777098738327
-13.954390712053952,-94.37056800695906,-43.07272325127179,-7.3994662495792305,-4.204260109129286,-0.15455025923411392
-13.969705937085893,-94.34765926272229,-43.082481761199,-7.404207935058584,-4.205378484055514,-0.15454283698426208
-13.984884423160743,-94.3247587195589,-43.092240363999885,-7.40894672047961,-4.206473551912739,-0.15453548665992664
-13.99992659593045,-94.30186650612517,-43.10199892813237,-7.413682560898652,-4.207545383117187,-0.1545281941883421
-14.014832886257954,-94.27898275154514,-43.111757322675146,-7.418415411732594,-4.208594049047915,-0.1545209483013402
-14.029603729086721,-94.25610758526652,-43.12151541729631,-7.423145228716003,-4.209619621856377,-0.15451373997490808
-14.043293356452622,-94.23310586822308,-43.13126513813549,-7.427882079322177,-4.210457867893434,-0.15401956628909902
-14.05893340686924,-94.21041090382717,-43.141033614584224,-7.432599941353724,-4.211635637967023,-0.15459636776493002
-14.073259888889192,-94.18755561456835,-43.1507893471456,-7.4373198110436975,-4.212584730755909,-0.1545698489188587
-14.087462923949897,-94.16471206478857,-43.16054438742998,-7.4420362456605,-4.213513437607815,-0.15454721582549447
-14.101538811522254,-94.14187853480111,-43.17029860403848,-7.446749605827677,-4.214420455862263,-0.15452769927291715
-14.115486794629055,-94.11905501332599,-43.18005184361607,-7.451459806871948,-4.215305661714723,-0.1545106760858478
-14.129306336056684,-94.09624150210526,-43.18980395929686,-7.456166777277338,-4.21616896145779,-0.15449564781601363
-14.14299709700473,-94.0734380282197,-43.19955480906976,-7.460870451838947,-4.217010295407529,-0.1544822157014087
-14.156558897030179,-94.05064463898647,-43.20930425478958,-7.465570770318965,-4.217829631074506,-0.15447006072840133
-14.169991681957736,-94.02786139780147,-43.21905216141696,-7.470267676419253,-4.218626957657846,-0.1544589276821305
-14.183295498299373,-94.00508838083799,-43.228798396430975,-7.474961116972193,-4.219402281662707,-0.15444861238685417
-14.196470472849404,-93.98232567441747,-43.23854282937285,-7.479651041303359,-4.220155623407643,-0.15443895149826922
-14.209516796404186,-93.95957337291406,-43.24828533149036,-7.484337400728819,-4.220887014240274,-0.1544298143373864
-14.22243471076133,-93.93683157707908,-43.25802577545985,-7.489020148159516,-4.221596494313467,-0.1544210963576762
-14.235224498344614,-93.91410039270492,-43.26776403516813,-7.493699237788053,-4.222284110812461,-0.15441271391878172
-14.247886473911523,-93.89137992955274,-43.27749998554109,-7.498374624842479,-4.222949916536259,-0.15440460010552606
-14.260420977932439,-93.86867030049686,-43.28723350240881,-7.503046265391099,-4.223593968765971,-0.15439670138311676
-14.2728283712971,-93.84597162083749,-43.29696446239902,-7.507714116188772,-4.224216328358854,-0.15438897492132728
-14.285109031083284,-93.82328400774963,-43.30669274285283,-7.5123781345554015,-4.224817059023836,-0.15438138645385072
-14.297497778163642,-93.8004395197053,-43.316299726074135,-7.517010352396055,-4.225433146726629,-0.15437295629892658
-14.310090090864945,-93.7775504866988,-43.32581093692376,-7.521597697751556,-4.226111346263174,-0.15436396523088095
-14.322829305911936,-93.75458272575307,-43.33522617456248,-7.526148478584646,-4.226827627270749,-0.15435439641153856
-14.335681118201624,-93.73155263794709,-43.3445586180993,-7.5306661364838225,-4.2275744543572795,-0.15434432820445038
-14.348598323571942,-93.70847284551577,-43.35382333582689,-7.535156254937822,-4.2283397980164334,-0.1543339006133212
-14.361526827791918,-93.68536035697484,-43.36303869421055,-7.539625299160709,-4.229110616742281,-0.15432327777471636
-14.374408045878114,-93.66223538383886,-43.37222534617512,-7.544080320755659,-4.229873346953588,-0.1543126377246943
-14.38718111626429,-93.63911929957801,-43.38140490936829,-7.548528691824056,-4.2306141753779265,-0.1543021621060043
-14.39978557564704,-93.61603322456138,-43.39059879356079,-7.552977768415499,-4.231319555703406,-0.15429202563539168
-14.412164318805766,-93.5929972408471,-43.39982723070489,-7.557434516106922,-4.231976911322363,-0.15428238640712383
-14.424265915815264,-93.57002896180376,-43.4091081792464,-7.561905220503132,-4.232575026425185,-0.15427337765052918
-14.435463275756138,-93.54693846841899,-43.41843240048759,-7.566422217433087,-4.233015674485805,-0.15376090179885393
-14.447561769638577,-93.52438998958654,-43.42788439558989,-7.5709048042220415,-4.233569026918,-0.15435814998236258
-14.45859824967055,-93.50169683090776,-43.43741074751098,-7.575451959684552,-4.233941407390285,-0.15433141421754348
-14.46923687014953,-93.47910157531894,-43.44701316994165,-7.580019332121291,-4.234229592917333,-0.15430952000108675
-14.479496544564874,-93.45660717536786,-43.45670156914452,-7.584613363870292,-4.234438126993518,-0.15429159122943903
-14.489390728646196,-93.43420808910608,-43.46647078769327,-7.589232679440548,-4.234570703467152,-0.15427691268491428
-14.498943177472718,-93.41189522201019,-43.476311525153086,-7.593874315977247,-4.234633334602758,-0.15426487027050223
-14.50818736684546,-93.38965666413804,-43.48621135654817,-7.598534176036932,-4.2346341858928325,-0.1542549303965724
-14.517164889803357,-93.36747848001828,-43.49615543783494,-7.603207236818098,-4.234583229580862,-0.15424662629607397
-14.525923317101118,-93.3453451469852,-43.5061271442805,-7.607887804830903,-4.234491691415532,-0.1542395485115013
-14.534513980304487,-93.32324022405955,-43.516108806350324,-7.6125697719170144,-4.234371525799867,-0.1542333382716299
-14.542989658117497,-93.30114699421158,-43.526082445200146,-7.617246879416236,-4.234234865793893,-0.15422768308291165
-14.551402523773723,-93.27904952632592,-43.53603061945229,-7.62191294722536,-4.234093629952119,-0.15422231387584573
-14.559801569219855,-93.25693252964795,-43.54593687844296,-7.626562170840735,-4.233958768384409,-0.15421700322975673
-14.56823089994679,-93.23478241756574,-43.5557865274881,-7.63118930721197,-4.23383998600088,-0.1542115639460587
-14.576728086955224,-93.21258787362623,-43.565567186681875,-7.635789865370716,-4.233745392619287,-0.1542058483072044
-14.585322423787515,-93.19033955930975,-43.57526901852868,-7.640360315097159,-4.233680977580659,-0.1541997472219915
-14.594034575520885,-93.16803161498223,-43.58488541394282,-7.644898127864081,-4.233650808764289,-0.15419318907590246
-14.602875644732421,-93.14566115927414,-43.59441299017322,-7.6494019068278485,-4.233656699593898,-0.15418613866102027
-14.611847053953843,-93.12322845074642,-43.60385168909275,-7.653871413566594,-4.233698235405813,-0.15417859501755765
-14.620941011971292,-93.10073721682873,-43.61320483176857,-7.65830752946502,-4.233772993585319,-0.15417058879655932
-14.63014077370552,-93.07819372641087,-43.62247869518869,-7.662712243294648,-4.23387647807314,-0.15416217884046246
-14.63942191206536,-93.05560701043218,-43.63168234590466,-7.667088508149096,-4.2340025507347185,-0.15415344769463685
-14.648753468237873,-93.03298814915772,-43.6408271113242,-7.671440113241985,-4.234143654312104,-0.15414449667812105
-14.658099329398738,-93.01034948124087,-43.64992595804464,-7.675771518317683,-4.2342910864650305,-0.1541354400966244
-14.667420162258047,-92.98770450869394,-43.658993037180046,-7.6800876156330125,-4.234435552509525,-0.1541263991278243
-14.67667495770859,-92.96506685371004,-43.668042911172584,-7.684393534922224,-4.234567430799971,-0.15411749574723238
-14.685822956586087,-92.94244997291526,-43.67709000801651,-7.688694396068663,-4.23467727930199,-0.15410884666191718
-14.694825268109033,-92.9198664439844,-43.68614796107239,-7.692995097823695,-4.234756170574743,-0.15410055792949898
-14.703646241882065,-92.89732713779509,-43.69522894972488,-7.697300133166949,-4.234795932875773,-0.15409272021204584
-14.71225523334754,-92.87484167259562,-43.704343498675165,-7.701613362085122,-4.234789725373802,-0.15408540517341307
-14.720627004354279,-92.85241676340318,-43.7134996887869,-7.705937948260802,-4.2347318432209775,-0.1540786631214417
-14.728743162587996,-92.83005739295137,-43.72270333528991,-7.710276178101614,-4.234618321051639,-0.15407252159568108
-14.736108813790834,-92.80762267447041,-43.73203665047018,-7.714711911609316,-4.234376260479975,-0.1535574434249072
-14.74424084116567,-92.78558111654488,-43.74124042005919,-7.718978110068503,-4.234226996880898,-0.15416365126435322
-14.75154967541033,-92.76342566073308,-43.7506180187639,-7.7233758272199635,-4.233939432837323,-0.15413892468888266
-14.758579988415457,-92.74132506006926,-43.760021690081196,-7.727776175023591,-4.233592719574879,-0.15411880305417164
-14.765370337467367,-92.71928108684844,-43.769462501701994,-7.732187087190828,-4.233195381235646,-0.1541023550508242
-14.771942476517673,-92.69728745270811,-43.77893433790915,-7.736606803876309,-4.232752786664145,-0.15408885557399638
-14.778320849675193,-92.67533657433498,-43.78842862276442,-7.741032316417348,-4.232270992255342,-0.15407770561028147
-14.784533219500776,-92.65342035135903,-43.797935859529545,-7.745460195839977,-4.231756805875081,-0.1540684058933936
-14.790609757929115,-92.63153046941689,-43.807446080124485,-7.749886787243837,-4.231217551747253,-0.15406053916802692
-14.792226894775752,-92.61159705887702,-43.81944850019892,-7.755356924818805,-4.229643823677024,-0.15406907048924312
-14.792385064770972,-92.59295399339348,-43.832077063167425,-7.760869545152081,-4.227954968142193,-0.15407998942627465
-14.792567284626578,-92.57380460866837,-43.84419353672901,-7.766192094802867,-4.226258589875367,-0.1540879251238863
-14.794180854971689,-92.55278447223013,-43.85507051940441,-7.77124286813059,-4.2246791217554875,-0.15409077584018227
-14.799154558270494,-92.5292608792937,-43.864407566704834,-7.7760323286299675,-4.223590124434436,-0.15408594847497917
-14.805756209365887,-92.5070892202167,-43.8740073127162,-7.7806588234344,-4.223210165681272,-0.154078507021873
-14.812207741975904,-92.48489727495301,-43.883540393551925,-7.7852464180587,-4.222801892419805,-0.15407131094440674
-14.817955467984048,-92.46289175770106,-43.892891629250926,-7.7896465766067715,-4.222293014026492,-0.1540640018099999
-14.823198504508568,-92.44112193584564,-43.902201882927514,-7.793946543004808,-4.221721219504922,-0.15405663726174446
-14.828353215243164,-92.41939451880421,-43.911504298342734,-7.798234982724544,-4.221140120449862,-0.15404936663082622
-14.833364317575368,-92.39765238351752,-43.92079250758361,-7.802522527101755,-4.220522881343008,-0.1540423542298378
-14.838343010930199,-92.37599544411655,-43.93007816963047,-7.806791866137641,-4.219920678733317,-0.15403516123249994
-14.8430563270155,-92.35421391741332,-43.93933621934703,-7.811079093389188,-4.219226124899524,-0.15402865664740517
-14.847762047945077,-92.33252607441845,-43.94859507667073,-7.815348776658831,-4.21855528925608,-0.15402188999614325
-14.852362710417772,-92.3108529598115,-43.95784354055374,-7.819613050496881,-4.217864885744508,-0.15401519165764888
-14.856861962572916,-92.28919761008406,-43.967081920507866,-7.8238714086410015,-4.217156504416114,-0.15400854038030615
-14.861260256917735,-92.26756021029686,-43.97631015567843,-7.828123817378089,-4.216430261938287,-0.15400192839628565
-14.865558136217475,-92.24594099154675,-43.98552819571546,-7.8323702400520645,-4.215686308984887,-0.15399534905222395
-14.86975614629711,-92.22434020894386,-43.99473599186338,-7.836610633737024,-4.214924800032086,-0.15398879698664247
-14.87305404267293,-92.2025827067591,-44.00395301398053,-7.840889080980033,-4.213993673920956,-0.15349056115906912
-14.878016297148966,-92.18123022745212,-44.01311891883109,-7.845070030677257,-4.213380198861023,-0.154073635714652
-14.881884524180062,-92.15967845890175,-44.02229589544212,-7.849292792526558,-4.21256038836398,-0.15404757043706763
-14.885662390607726,-92.13814834076521,-44.031462486113384,-7.853509113301926,-4.211725237314744,-0.15402543051356177
-14.88934800901822,-92.1166387854292,-44.04061851116515,-7.857719145287214,-4.210874122555265,-0.1540064351981122
-14.892940821522565,-92.09514978785757,-44.049763926127945,-7.8619228675113355,-4.2100069755499865,-0.1539899564543953
-14.896440445127821,-92.07368135883395,-44.058898681705585,-7.866120260511703,-4.209123750687318,-0.15397549188855128
-14.89984665670769,-92.05223353706353,-44.06802272725627,-7.870311303964709,-4.208224429376878,-0.15396263955464234
-14.903159370325147,-92.03080642184375,-44.07713601295727,-7.87449596684337,-4.207309023735529,-0.153951077932367
-14.906378565487499,-92.00940004783999,-44.08623848180261,-7.878674236787524,-4.206377538317194,-0.15394054970174892
-14.909504324788418,-91.988014498836,-44.09533007980101,-7.88284609366749,-4.205430004046947,-0.15393084900115153
-14.912536791829524,-91.96664987236501,-44.10441075220738,-7.887011515789108,-4.204466462148761,-0.15392181114336653
-14.91547615841092,-91.94530627266998,-44.11348044356933,-7.891170481378491,-4.203486961165496,-0.15391330436818162
-14.91832265452891,-91.92398380902934,-44.122539097930584,-7.8953229686735495,-4.202491555353516,-0.15390522325832687
-14.921076540030457,-91.90268259430064,-44.131586658953786,-7.899468955989984,-4.201480303281615,-0.15389748347294369
-14.92373809818632,-91.88140274431763,-44.140623070064265,-7.903608421643429,-4.200453266875771,-0.15389001753483142
-14.926307639802722,-91.86014441083591,-44.14964827643556,-7.907741335267407,-4.199410518775352,-0.1538827715187674
-14.92878546021767,-91.83890767101362,-44.15866221736794,-7.911867684689156,-4.1983521120542076,-0.15387570218023505
-14.93117188815098,-91.81769264457803,-44.167664836408676,-7.915987448948182,-4.1972781149972205,-0.1538687749614454
-14.933467257577126,-91.79649945017283,-44.17665607677574,-7.920100607275789,-4.196188595711236,-0.1538619622211372
-14.935671908653493,-91.77532820646239,-44.18563588182617,-7.92420713910062,-4.195083622905627,-0.15385524184627405
-14.937786185904319,-91.75417903168805,-44.19460419507104,-7.928307024092694,-4.193963265556436,-0.15384859614802834
-14.939810436964038,-91.73305204352016,-44.203560960217914,-7.932400242166001,-4.19282759273444,-0.15384201097777037
-14.941745011590955,-91.71194735895399,-44.21250612120724,-7.936486773478587,-4.191676673476741,-0.15383547501978995
-14.943590260896176,-91.69086509424001,-44.22143962224389,-7.940566598431016,-4.1905105766925725,-0.15382897922539795
-14.945346539527312,-91.6698053707751,-44.23036140832749,-7.944639696276883,-4.189329372828185,-0.1538225163696631
-14.947014205267468,-91.6487683194158,-44.23927142528041,-7.948706043716865,-4.188133134425391,-0.1538160807016424
-14.948593595398984,-91.62775402802659,-44.24816961529339,-7.952765627163667,-4.186921920985747,-0.15380966756554743
-14.949302561036676,-91.6065682909328,-44.257077356859945,-7.956869236123638,-4.185540403836004,-0.15330733033645477
-14.951643825421177,-91.58583334377471,-44.26592860930501,-7.960859903013589,-4.184485044481228,-0.1538956182476348
-14.952924230281864,-91.56488062063164,-44.27479201494902,-7.964900126518897,-4.183221828304878,-0.1538695169919569
-14.954126025637992,-91.54395450755922,-44.28364362992411,-7.96893310997978,-4.181946030016428,-0.15384736873468796
-14.955246585592556,-91.52305294944404,-44.292483079833374,-7.972959121672944,-4.180656632955363,-0.15382838916208827
-14.956285166304742,-91.50217574517461,-44.30131031455802,-7.976978185524276,-4.179353472927114,-0.15381194552779487
-14.957241308937908,-91.48132282270089,-44.31012529749039,-7.980990310164683,-4.178036463198254,-0.15379753140747654
-14.958114697890007,-91.46049414368404,-44.318927987375424,-7.984995498289778,-4.17670554237384,-0.15378474169874556
-14.958905187119818,-91.43968971098806,-44.3277183473773,-7.988993751572906,-4.17536068690038,-0.1537732522474924
-14.959612721081454,-91.41890954242442,-44.33649633743411,-7.992985069443985,-4.17400188785094,-0.15376280376458776
-14.960237331152276,-91.39815369019857,-44.34526191773188,-7.996969445004964,-4.172629155851757,-0.15375318885619668
-14.96077909190802,-91.37742219358235,-44.35401504360095,-8.000946874265464,-4.171242503314864,-0.15374424158329397
-14.961238134940446,-91.35671510773422,-44.36275567098291,-8.004917351539728,-4.169841954930647,-0.15373582919498402
-14.961614639336188,-91.33603250531664,-44.37148375678708,-8.00888086856075,-4.168427546492324,-0.15372784550244636
-14.961908816641895,-91.31537446627361,-44.38019925769777,-8.012837416047523,-4.166999320020889,-0.15372020555871485
-14.9621209042533,-91.29474107628164,-44.38890213030103,-8.016786983909146,-4.165557322518681,-0.15371284141032582
-14.962251159942149,-91.2741324254603,-44.39759233116045,-8.02072956139823,-4.164101604912137,-0.15370569869891518
-14.962299857523783,-91.25354860738119,-44.40626981688699,-8.02466513723115,-4.162632221225494,-0.153698733942346
-14.962267283405161,-91.23298971828062,-44.4149345441972,-8.028593699686,-4.161149227923669,-0.15369191235960236
-14.962153733830467,-91.21245585643041,-44.42358646996113,-8.032515236682933,-4.159652683388023,-0.15368520613070114
-14.961959512679899,-91.19194712163183,-44.43222555124062,-8.036429735850515,-4.158142647496574,-0.15367859300463083
-14.961684929717595,-91.17146361481511,-44.4408517453217,-8.04033718457995,-4.156619181290947,-0.1536720551856958
-14.961330299191983,-91.15100543771804,-44.44946500974095,-8.044237570070091,-4.155082346710045,-0.15366557844259027
-14.960895938719185,-91.13057269262883,-44.458065302306636,-8.048130879364654,-4.153532206377581,-0.1536591513956611
-14.960382168393894,-91.11016548218298,-44.46665258111712,-8.052017099383079,-4.151968823433504,-0.15365276494671348
-14.959789310079339,-91.08978390919951,-44.475226804575016,-8.055896216946296,-4.150392261399187,-0.15364641182285424
-14.95911766500551,-91.06942806842763,-44.48378792771114,-8.059768217695295,-4.148802576778493,-0.15364008624879716
-14.958367605511691,-91.0490980977903,-44.49233591799927,-8.063633085281378,-4.147199852525544,-0.15363378353894103
-14.956769976358368,-91.02857667131495,-44.50089072528988,-8.067546628217874,-4.145424114223167,-0.15312400031829976
-14.956788288954664,-91.00856011639799,-44.5093907696849,-8.071335608865832,-4.143987382105519,-0.1537214520857225
-14.955773272720156,-90.98829898173986,-44.51789930831588,-8.07518021751694,-4.142339262283098,-0.15369515687255414
-14.954687868688826,-90.96806649894867,-44.526394614075045,-8.079017334722318,-4.140679892812782,-0.1536728796885535
-14.953530709120816,-90.94786180777722,-44.53487654237157,-8.082847072129729,-4.139008841452709,-0.1536538198604492
-14.952301020819798,-90.92768464583588,-44.54334504466301,-8.086669459686277,-4.137325926448309,-0.1536373350791106
-14.950998324102677,-90.90753489914279,-44.55180009165328,-8.090484511171818,-4.135631049891127,-0.15362291124499794
-14.949622302874982,-90.88741249841837,-44.560241653195476,-8.094292234901594,-4.133924147445061,-0.15361013707795862
-14.948172768874258,-90.86731740766426,-44.56866969794356,-8.098092635003402,-4.132205180420683,-0.15359868356141074
-14.946649635604135,-90.84724961743302,-44.57708419363716,-8.101885712228508,-4.13047413057337,-0.1535882874897013
-14.945052897583848,-90.82720913946386,-44.58548510734416,-8.105671464608951,-4.128730995965025,-0.15357873830596852
-14.943382613806206,-90.80719600239334,-44.59387240566193,-8.109449887990031,-4.126975787663607,-0.1535698675724395
-14.941638894543523,-90.78721024832195,-44.60224605488207,-8.113220976461323,-4.125208527108672,-0.15356154054667984
-14.93982189082369,-90.7672519300675,-44.61060602112538,-8.11698472270504,-4.123429244008903,-0.15355364944258892
-14.937931786027038,-90.74732110896004,-44.61895227044992,-8.120741118278016,-4.121637974660561,-0.15354610803921306
-14.935968789184644,-90.72741785308088,-44.62728476893972,-8.124490153839039,-4.119834760606427,-0.15353884736778214
-14.933933129622256,-90.70754223584436,-44.635603482774336,-8.12823181933294,-4.118019647561239,-0.15353181226135407
-14.931825052687774,-90.68769433486568,-44.64390837828581,-8.131966104138952,-4.116192684554581,-0.1535249585945209
-14.929644816337062,-90.66787423104967,-44.65219942200329,-8.13569299719072,-4.114353923244373,-0.15351825107518147
-14.927392688407357,-90.64808200786027,-44.6604765806886,-8.139412487073162,-4.112503417367967,-0.15351166147795844
-14.925068944440993,-90.62831775073586,-44.668739821364845,-8.143124562100665,-4.110641222303699,-0.153505167230925
-14.922673865945116,-90.60858154661791,-44.676989111338315,-8.146829210380337,-4.108767394719353,-0.1534987502849956
-14.920207758290239,-90.58887349973479,-44.68522442172893,-8.150526417748543,-4.106881999878875,-0.1534923962146945
-14.917670892899066,-90.56919368316755,-44.69344571636103,-8.154216172955012,-4.104985088422456,-0.15348609349762504
-14.91506355660629,-90.54954218205974,-44.70165296236864,-8.157898464026347,-4.103076717252532,-0.15347983291072986
-14.912386017813343,-90.52991907359056,-44.70984612332437,-8.161573277735991,-4.101156936867357,-0.15347360712731786
-14.909638605760438,-90.51032446928336,-44.718025175084115,-8.165240601808522,-4.099225820163973,-0.15346741019070453
-14.906057702709832,-90.4905141217185,-44.72620676666216,-8.168960415220239,-4.097116929607984,-0.15294543993189477
-14.90408884166815,-90.47127070373642,-44.734340085916045,-8.172546042915965,-4.095362913363032,-0.15355774837223535
-14.901102354857132,-90.45175180284751,-44.742476684166185,-8.176192213800787,-4.093391315800019,-0.15353108280271502
-14.898053743335039,-90.43226426218678,-44.75059912958718,-8.17983051700499,-4.0914101525206785,-0.1535085364285836
-14.894941801319451,-90.41280732441341,-44.75870730927763,-8.1834610527261,-4.089419058578051,-0.1534892881741397
-14.891765701347074,-90.393380642127,-44.766801168847614,-8.18708386019766,-4.087417824495399,-0.1534726798912134
-14.888524941601332,-90.37398405997598,-44.774880685015845,-8.190698959732831,-4.085406341644299,-0.1534581847250141
-14.885219184682056,-90.35461747472979,-44.78294583477675,-8.194306365032634,-4.083384537110463,-0.1534453811893342
-14.881848220139501,-90.3352808208589,-44.79099659438827,-8.19790608477164,-4.08135236465584,-0.1534339321053411
-14.878411938611238,-90.31597406296935,-44.79903293957603,-8.201498123581857,-4.079309799327412,-0.15342356774000507
-14.874910311221171,-90.29669718974452,-44.80705484570464,-8.2050824828499,-4.077256833158696,-0.1534140723169195
-14.87134337314756,-90.27745020908725,-44.815062287917215,-8.208659161360915,-4.0751934717359575,-0.15340527322500128
-14.867711210519357,-90.25823314423167,-44.823055241249705,-8.21222815581743,-4.073119731457555,-0.15339703238545926
-14.864013949962558,-90.23904603062896,-44.831033680723564,-8.215789461257218,-4.071035637345259,-0.15338923934537255
-14.86025175025721,-90.21988891345089,-44.83899758142004,-8.21934307138963,-4.068941221295182,-0.15338180575255955
-14.856424795679219,-90.20076184558981,-44.84694691853956,-8.22288897886605,-4.066836520680363,-0.15337466093547342
-14.852533290681794,-90.18166488605223,-44.85488166744822,-8.226427175497587,-4.06472157723227,-0.15336774836713082
-14.848577455650833,-90.16259809867235,-44.86280180371485,-8.229957652429857,-4.0625964361473725,-0.15336102283624528
-14.844557523513439,-90.14356155107834,-44.87070730313953,-8.233480400283474,-4.0604611453717645,-0.15335444818414806
-14.840473737028047,-90.12455531386202,-44.878598141775555,-8.236995409267017,-4.058315755028368,-0.1533479954943226
-14.836326346622517,-90.10557945991481,-44.886474295946925,-8.24050266926741,-4.056160316959849,-0.1533416416440313
-14.832115608663358,-90.08663406389155,-44.89433574226101,-8.24400216992279,-4.053994884361203,-0.15333536814562282
-14.827784998049276,-90.06766729321325,-44.90216661086953,-8.247495713068897,-4.051795578818021,-0.15332931956502882
-14.823499620337001,-90.04883589954578,-44.91001245869102,-8.250976123112563,-4.049633844652586,-0.15332299397567592
-14.819369529182016,-90.0299454347219,-44.917785341659346,-8.254426902185655,-4.047507289729383,-0.15331661497055646
-14.814733263516462,-90.01094709424515,-44.92553823165845,-8.25788635215957,-4.045220605821627,-0.15331114680895608
-14.81016945669351,-89.99212376107084,-44.93331046073038,-8.261325079299308,-4.042987258425734,-0.15330526274934808
-14.80483014121253,-89.97306910983885,-44.941076393649475,-8.264815133559674,-4.040579688620964,-0.15280641564882175
-14.801032020504902,-89.95465865315182,-44.94881921706969,-8.268168682451503,-4.038539708676075,-0.15339156605889634
-14.796192676589241,-89.93585526928628,-44.956531581114724,-8.27159037691094,-4.036243086240051,-0.15336631509221144
-14.79135517531828,-89.9171412732859,-44.96424329896689,-8.274999866130818,-4.033964103188587,-0.15334482368312696
-14.786459034618932,-89.89845718192291,-44.971939567992315,-8.278401659126681,-4.03167559063939,-0.1533264947910734
-14.781505491097214,-89.87980475969844,-44.97962085093795,-8.281795614897778,-4.029378278528199,-0.15331069295057712
-14.776493978894893,-89.86118370064854,-44.98728710474258,-8.285181774472623,-4.027072009771851,-0.15329691488054664
-14.771424194314848,-89.8425938828476,-44.99493831615168,-8.28856015767439,-4.024756714590446,-0.15328475780363193
-14.766295940198484,-89.82403521435394,-45.002574469383454,-8.291930779573624,-4.02243234434013,-0.15327389953339512
-14.761109113754676,-89.8055076368439,-45.01019554907329,-8.295293650647217,-4.020098871530309,-0.15326408233199965
-14.755863711928706,-89.78701117355389,-45.0178015477352,-8.29864876690824,-4.017756300864489,-0.15325510010873408
-14.750559716526357,-89.7685457335104,-45.02539243645717,-8.30199614518386,-4.015404607901307,-0.15324678787101853
-14.745197213249813,-89.750111325121,-45.0329682023376,-8.305335787955213,-4.01304380831035,-0.15323901365461243
-14.739776315751167,-89.73170796170481,-45.040528830409066,-8.308667696242866,-4.010673922092392,-0.15323167192057857
-14.734297167409851,-89.71333566680804,-45.0480743059665,-8.311991869683018,-4.008294975882406,-0.15322467824708144
-14.728759934930043,-89.69499447176776,-45.05560461450864,-8.315308306848316,-4.005907001467716,-0.15321796510699065
-14.723164817107573,-89.67668444448927,-45.063119745905524,-8.318616999407022,-4.003510043202332,-0.15321147854117562
-14.717511998871569,-89.6584056094594,-45.070619682046996,-8.321917946465312,-4.001104132992306,-0.15320517535189926
-14.711801681652753,-89.64015799203571,-45.078104406083725,-8.325211148632249,-3.998689306485333,-0.1531990209554686
-14.706034088222154,-89.6219416432367,-45.08557390514883,-8.328496602118554,-3.9962656085354773,-0.15319298771935652
-14.700209445982427,-89.60375661458069,-45.093028166066475,-8.331774302824341,-3.993833084628606,-0.1531870535534144
-14.694327987759818,-89.58560295931126,-45.10046717593002,-8.33504424640968,-3.9913917814907154,-0.1531812007960005
-14.688389950449098,-89.56748073183691,-45.10789092207784,-8.338306428367847,-3.9889417467630928,-0.15317541532870016
-14.68239557401182,-89.54938998738629,-45.11529939209629,-8.34156084407231,-3.9864830287834248,-0.1531696858677948
-14.676345113263439,-89.53133080823577,-45.12269257753035,-8.344807483566843,-3.9840156839316867,-0.15316400344643022
-14.670238798217545,-89.51330323174851,-45.130070462547195,-8.348046344588278,-3.981539754441373,-0.1531583608519715
-14.664076867517984,-89.49530730059604,-45.13743303351203,-8.351277425058825,-3.9790552859256456,-0.15315275230824524
-14.65785956833777,-89.47734307210867,-45.14478027940807,-8.354500720251105,-3.976562328746353,-0.15314717322494165
-14.65089858840907,-89.45913248869526,-45.15211485721152,-8.357775112211481,-3.973895672395852,-0.1526472062779432
-14.645398226623055,-89.44156648676262,-45.1594307827569,-8.360916822408754,-3.9715840296282305,-0.15323448602145523
-14.638987815830514,-89.42368570825145,-45.166731439269846,-8.364118234220303,-3.969059001691745,-0.15320929920093707
-14.632529465387734,-89.40584007652073,-45.17401703122848,-8.367311465730978,-3.966527411313674,-0.1531880637941419
-14.626021414714248,-89.38802816933706,-45.18128728888862,-8.370496663796565,-3.9639886187774973,-0.1531699945183562
-14.619463011989215,-89.37024969031087,-45.188542193643535,-8.373673869369524,-3.961442464603797,-0.1531544604464705
-14.612853802705528,-89.35250444038431,-45.195781733474305,-8.376843109644996,-3.9588888402274423,-0.15314095687429283
-14.606193450177777,-89.33479223750226,-45.20300589079241,-8.380004410582558,-3.956327657301607,-0.15312908000743375
-14.599481737666226,-89.31711294784114,-45.210214650730805,-8.383157792475037,-3.953758856427065,-0.15311850681285405
-14.592718546537608,-89.29946648351381,-45.21740800144408,-8.386303269308929,-3.9511824030896925,-0.1531089788900438
-14.585903829855212,-89.28185278393504,-45.224585931771344,-8.389440851444906,-3.948598279339323,-0.15310028953102095
-14.579037598249656,-89.26427181057672,-45.231748431278056,-8.392570546377483,-3.946006480619955,-0.1530922733806721
-14.572119908087684,-89.24672354241746,-45.23889549015208,-8.39569235932241,-3.943407013027321,-0.15308479816639572
-14.565150852093064,-89.22920797236836,-45.24602709913669,-8.398806293681325,-3.9407998911470408,-0.15307775808160295
-14.558130551860378,-89.2117251044088,-45.25314324947536,-8.401912351414364,-3.938185136326503,-0.15307106849252272
-14.551059151881656,-89.19427495129304,-45.26024393286684,-8.405010533338604,-3.935562775294441,-0.15306466170363783
-14.543934422533919,-89.17685719792915,-45.26732920761311,-8.408100869114456,-3.9329321008691753,-0.15305848782927972
-14.536758416878246,-89.15947321668185,-45.27439938363202,-8.41118327436076,-3.9302938965061895,-0.15305249840405089
-14.52953277678242,-89.14212292918593,-45.28145430811,-8.414257756507016,-3.9276485933058805,-0.15304665666827175
-14.522256921855467,-89.12480548335094,-45.28849373468528,-8.417324377658044,-3.9249958636670055,-0.15304093764274695
-14.514931023831261,-89.107520881591,-45.295517649517386,-8.420383143128621,-3.9223357335776097,-0.15303531923964767
-14.507555291493452,-89.09026916284392,-45.30252604844809,-8.423434055453596,-3.919668245004285,-0.1530297837330897
-14.500129945349428,-89.07305037626861,-45.30951892956099,-8.426477115759093,-3.9169934444488543,-0.15302431695449759
-14.492655208436723,-89.05586457158223,-45.31649629093254,-8.429512324762856,-3.914311378985384,-0.15301890757677508
-14.485131305986735,-89.0387117990969,-45.323458130747994,-8.432539682831372,-3.9116220962542307,-0.15301354654506283
-14.477558464766917,-89.02159210943259,-45.3304044472883,-8.435559190027037,-3.908925644297919,-0.15300822662238978
-14.469936912588242,-89.0045055533282,-45.33733523893069,-8.438570846144408,-3.906222071445679,-0.15300294202609713
-14.461596151872323,-88.98715303310051,-45.344244821838146,-8.441632732077405,-3.903343082950877,-0.15250124485112876
-14.454683178983254,-88.97049282519265,-45.35115398912991,-8.444563490475744,-3.9008271969471195,-0.15309125573128074
-14.446889365799526,-88.95349327744435,-45.35803733900239,-8.447553082345578,-3.8980956259395603,-0.1530662959394399
-14.439053710668185,-88.93653019479325,-45.36490547296218,-8.450534464260553,-3.8953587367230966,-0.15304530724021598
-14.431174891649764,-88.91960247028642,-45.371758198120766,-8.45350775877767,-3.892616064822197,-0.15302749972135
-14.423252181075602,-88.90270968350573,-45.37859546858328,-8.45647301591471,-3.8898674075967126,-0.15301223984947065
-14.415285109834604,-88.88585158235406,-45.38541726817785,-8.459430270510651,-3.887112643748691,-0.15299902058883103
-14.407273351424806,-88.86902797682329,-45.39222358453781,-8.462379549898271,-3.8843516871404065,-0.15298743631026504
-14.39921669044706,-88.85223872379012,-45.399014407610515,-8.465320875539106,-3.8815844785465994,-0.15297716251761137
-14.391115010291081,-88.83548372743475,-45.40578973179747,-8.468254263326227,-3.8788109844495717,-0.15296793962803512
-14.382968248263813,-88.81876291071339,-45.41254954870599,-8.471179724729776,-3.876031182200688,-0.15295956000708794
-14.37477639318726,-88.80207620862453,-45.41929385009021,-8.474097271284151,-3.87324505991721,-0.1529518575063154
-14.366539494029146,-88.78542359021448,-45.426022632823745,-8.477006910937678,-3.8704526231694256,-0.15294469922554693
-14.358257629039962,-88.76880503610738,-45.432735893116224,-8.479908649274165,-3.8676538839798438,-0.1529379788638049
-14.34993090575805,-88.75222054029851,-45.439433628300684,-8.482802490198132,-3.8648488618324963,-0.1529316113844228
-14.341559454069536,-88.7356701063431,-45.44611583635632,-8.485688436333419,-3.8620375817299673,-0.15292552876534804
-14.333143421495876,-88.7191537452934,-45.452782515796066,-8.488566489275033,-3.8592200730356927,-0.15291967659645314
-14.324682969481696,-88.70267147410183,-45.45943366559145,-8.49143664978805,-3.856396368571578,-0.15291401135721122
-14.316178270439446,-88.68622331435039,-45.46606928511402,-8.494298917966956,-3.8535665039000757,-0.15290849823881836
-14.307629505385329,-88.66980929122822,-45.47268937408652,-8.497153293363919,-3.850730516748245,-0.15290310940189272
-14.299036862054209,-88.65342943271479,-45.4792939325437,-8.499999775091787,-3.847888446548102,-0.15289782258263312
-14.290400533394436,-88.63708376892595,-45.4858829608006,-8.502838361907044,-3.8450403340690884,-0.15289261997774314
-14.28172071636493,-88.62077233158793,-45.49245645942593,-8.50566905227661,-3.8421862211235847,-0.15288748735236762
-14.272997610977118,-88.60449515361977,-45.49901442922172,-8.508491844431761,-3.8393261503324414,-0.15288241332643882
-14.264231419528745,-88.58825226879596,-45.505556871205506,-8.511306736411598,-3.8364601649367724,-0.15287738880375357
-14.255422345992448,-88.5720437114778,-45.512083786596456,-8.514113726098332,-3.833588308647669,-0.15287240651523387
-14.246570595530638,-88.55586951640049,-45.518595176804546,-8.516912811245746,-3.8307106255271153,-0.15286746065352516
-14.23701781778626,-88.53940712223488,-45.525075666198056,-8.519760710084986,-3.8276544039617644,-0.15236011862208734
-14.228871912235977,-88.52368988973342,-45.53157714494459,-8.522480300923997,-3.8249722509915784,-0.15295763939577697
-14.219866481800528,-88.50760544967791,-45.538040741580204,-8.525257116917185,-3.822070301519427,-0.15293278448725015
-14.210824901512801,-88.49155867158747,-45.54448917226698,-8.528025678146749,-3.8191642761897855,-0.15291194942944497
-14.201746039620133,-88.47554859829597,-45.55092228586605,-8.530786092080039,-3.8162537875235563,-0.15289433437400907
-14.192629125066098,-88.4595747254457,-45.557340015055345,-8.53353840788602,-3.8133386068885606,-0.15287929831713626
-14.183473677939547,-88.44363675949911,-45.56374233662238,-8.53628265886735,-3.8104186036073475,-0.15286632816499665
-14.174279387526335,-88.42773449846418,-45.57012924053199,-8.53901886977284,-3.8074936944973077,-0.15285501344183708
-14.165045995675612,-88.41186774291373,-45.57650070583998,-8.541747061567005,-3.8045638014269163,-0.15284502578918932
-14.15577336032405,-88.39603636029213,-45.582856722821774,-8.544467249712241,-3.8016288804369096,-0.152836102507409
-14.1464614097014,-88.3802402509726,-45.5891972844855,-8.547179446004504,-3.7986889055135644,-0.1528280334498508
-14.137110126654406,-88.36447934077498,-45.59552238579242,-8.549883659316416,-3.7957438644880943,-0.15282065050837368
-14.127719537823621,-88.34875357616933,-45.60183202341646,-8.552579896168567,-3.792793756387015,-0.15281381920462553
-14.11828970468301,-88.33306292008955,-45.60812619544592,-8.555268161201948,-3.789838589168874,-0.1528074319640853
-14.108820716384752,-88.31740734857482,-45.6144049011409,-8.55794845755614,-3.786878377913288,-0.15280140273530163
-14.099312684047327,-88.30178684807778,-45.62066814073665,-8.560620787171928,-3.7839131433728737,-0.1527956626852866
-14.089765736197492,-88.28620141331011,-45.62691591528523,-8.563285151033435,-3.780942910816205,-0.1527901567558222
-14.080180015132179,-88.27065104551635,-45.633148226527084,-8.565941549361716,-3.77796770910293,-0.15278484090850353
-14.070555674010194,-88.25513575108775,-45.639365076785886,-8.568589981769769,-3.77498756994264,-0.15277967992077607
-14.060892874533565,-88.2396555404551,-45.64556646888454,-8.571230447386457,-3.772002527303634,-0.15277464562275916
-14.051191785094469,-88.22421042719972,-45.65175240607602,-8.57386294495559,-3.7690126169393623,-0.15276971548670173
-14.041452571342193,-88.2088004224575,-45.6579228898277,-8.576487472410017,-3.7660178731432628,-0.1527648715116805
-14.031675412919167,-88.19342554648067,-45.66407792473717,-8.57910402779918,-3.763018335153517,-0.15276009928624085
-14.02186049968958,-88.17808582433932,-45.67021751752485,-8.581712609682395,-3.7600140454519333,-0.1527553872793908
-14.012008012093684,-88.16278127352628,-45.67634167185519,-8.584313216069205,-3.7570050426492925,-0.15275072629642236
-14.002118134728443,-88.14751191497176,-45.68245039242644,-8.586905844716231,-3.753991366975467,-0.15274610898332663
-13.992191053611165,-88.13227777029837,-45.68854368420691,-8.589490493280627,-3.7509730591235666,-0.1527415294645673
-13.981576339161887,-88.11673039342114,-45.694594974906806,-8.59212185139562,-3.7477718571232748,-0.15222539748586061
-13.972356336587488,-88.10198599665024,-45.70069208699872,-8.594629205742834,-3.7449580908483115,-0.1528342599369757
-13.962292332094504,-88.08684315066783,-45.706737467446686,-8.59719129200316,-3.7419189123024257,-0.15280941195536898
-13.952197344929536,-88.0717388043562,-45.712767835279216,-8.599745068131321,-3.7388768095187848,-0.15278865799103167
-13.94207044251794,-88.05667216036885,-45.71878308705607,-8.60229062945208,-3.735831474739407,-0.15277118317998967
-13.931910807615603,-88.04164263139879,-45.7247831319705,-8.604828024052173,-3.7327826530670247,-0.15275633498860663
-13.92171794765616,-88.02664988182806,-45.73076793804719,-8.60735728412273,-3.7297302038280034,-0.15274359102281948
-13.911491513289542,-88.0116936531388,-45.73673748282716,-8.609878434646047,-3.7266740256051722,-0.15273253335784365
-13.901231263041117,-87.99677374216628,-45.74269174955061,-8.61239149505521,-3.7236140455982207,-0.1527228276618132
-13.890937041288199,-87.98188998994243,-45.74863072604988,-8.614896480348259,-3.7205502138218813,-0.1527142064772561
-13.880608760791162,-87.9670422728287,-45.754554403883944,-8.617393401981303,-3.717482498507006,-0.15270645584614995
-13.870246388760505,-87.95223049540724,-45.76046277764003,-8.619882268583792,-3.714410882425072,-0.15269940461000137
-13.859849935747814,-87.93745458479006,-45.766355844372434,-8.622363086530601,-3.7113353599533223,-0.15269291584991665
-13.849419446788374,-87.92271448606574,-45.772233603151406,-8.62483586039913,-3.7082559347317847,-0.15268688003864125
-13.838954994329121,-87.90801015864783,-45.77809605469844,-8.627300593334864,-3.705172617788853,-0.1526812095622054
-13.828456672589803,-87.89334157335524,-45.783943201093194,-8.62975728734308,-3.702085426045258,-0.15267583433722634
-13.81792459305649,-87.87870871006825,-45.78977504553554,-8.632205943522145,-3.698994381115707,-0.1526706983047595
-13.80735890674728,-87.8641115760199,-45.79559159869341,-8.634646561529316,-3.695899518141786,-0.15266575662450563
-13.796759719364992,-87.84955013846874,-45.80139285706467,-8.637079141573711,-3.6928008533369314,-0.15266097345569427
-13.786127176929517,-87.8350243966805,-45.80717882679439,-8.639503682873068,-3.6896984181682977,-0.15265632010525942
-13.775461431214135,-87.82053435197611,-45.812949514156976,-8.641920184381643,-3.6865922454591598,-0.15265177363269677
-13.76476263876079,-87.80608000795776,-45.818704925745735,-8.644328644785292,-3.6834823693120935,-0.15264731569408924
-13.754030960125544,-87.79166137031288,-45.824445068539276,-8.646729062547193,-3.680368824976553,-0.15264293162179304
-13.743266558962933,-87.77727844633334,-45.830169949852205,-8.649121435955418,-3.677251648605205,-0.1526386096891247
-13.732469601278614,-87.76293124451514,-45.83587957729033,-8.65150576316137,-3.674130877052118,-0.15263434052215144
-13.721640254837487,-87.74861977424239,-45.841573958715585,-8.653882042210176,-3.6710065477133855,-0.1526301166291105
-13.71077868868885,-87.73434404553213,-45.84725310221693,-8.656250271065007,-3.667878698398723,-0.1526259320239525
-13.699239088388182,-87.71972737548705,-45.85287769858162,-8.658662400763836,-3.66456251067176,-0.15209833026667544
-13.68908878008958,-87.70597633078991,-45.858576432046235,-8.660956426400256,-3.6616492416596182,-0.15272181004699137
-13.678105506493434,-87.69179242851939,-45.86420777805297,-8.663301784056813,-3.6585036507881252,-0.15269688997928055
-13.66709588084711,-87.67764749779764,-45.86982434341064,-8.665638787287545,-3.655356183259033,-0.15267615981492771
-13.656059261784655,-87.66354097607709,-45.875426100293744,-8.667967521073146,-3.6522066464741,-0.15265878514827214
-13.644994773593291,-87.64947218346202,-45.881012928825974,-8.670288031596257,-3.6490547545700385,-0.15264409848062457
-13.633878210854352,-87.63541853873278,-45.88657693678953,-8.672600404224053,-3.645890694331916,-0.1526316227143817
-13.6227791498065,-87.62144658070864,-45.89214100045958,-8.674903930155422,-3.6427433908568716,-0.15262075189729993
-13.611835124914085,-87.6074490482271,-45.89765170033147,-8.677183920048048,-3.6396380566992574,-0.1526111463629416
-13.600505434419338,-87.59336974132007,-45.90312736259478,-8.67945925174199,-3.6364100036288267,-0.15260328496372294
-13.589266390081809,-87.57944612377715,-45.9086233811926,-8.681720373902877,-3.63323117416585,-0.15259598957769804
-13.5779920974906,-87.5655529222314,-45.91410273236363,-8.683973698325632,-3.6300470810815413,-0.15258942193100353
-13.566707697720279,-87.55171521452094,-45.91957268817605,-8.686217840017227,-3.6268685162544676,-0.15258337807971187
-13.555349560892557,-87.53786993833603,-45.92501469587302,-8.688455960829765,-3.6236682112521343,-0.15257791898302983
-13.54398640878267,-87.52408335280654,-45.93044888519124,-8.69068528103786,-3.620475409656171,-0.15257276658136149
-13.532592700432614,-87.51033113898276,-45.935867711509346,-8.692906659581242,-3.6172792563910585,-0.1525679206553379
-13.521169355575665,-87.49661408196218,-45.94127142444594,-8.695120057330634,-3.6140801249005525,-0.1525633217706649
-13.50971641342566,-87.48293207196686,-45.94666001309861,-8.69732548718699,-3.610878004669453,-0.15255892418868455
-13.498234004793865,-87.4692850920011,-45.95203348984191,-8.699522953146731,-3.6076729237129146,-0.1525546912745459
-13.486722259503923,-87.45567312173601,-45.95739186506711,-8.701712458829768,-3.60446490857695,-0.15255059374284569
-13.47518131399324,-87.44209614464786,-45.96273514981016,-8.703894007512993,-3.6012539876944683,-0.15254660816691026
-13.463611320444675,-87.42855416731769,-45.96806335777198,-8.706067597008989,-3.598040196779749,-0.15254271586458082
-13.452012428303298,-87.4150471833278,-45.9733765014509,-8.708233228999056,-3.594823568333039,-0.15253890187426644
-13.440384755816321,-87.4015751453191,-45.978674585649934,-8.710390912309979,-3.59160412036137,-0.15253515415737717
-13.428728459379869,-87.38813804953422,-45.98395762472604,-8.71254064964911,-3.5883818877826177,-0.15253146311246385
-13.41704369143382,-87.37473588842921,-45.98922563162098,-8.714682443581962,-3.585156903738234,-0.15252782107341345
-13.405330605718818,-87.36136865516902,-45.99447861950579,-8.716816296594223,-3.581929201770423,-0.15252422190993326
-13.393589356744018,-87.34803634322681,-45.99971660170321,-8.718942211126302,-3.5786988156454393,-0.1525206607209866
-13.381227776153388,-87.33436541257952,-46.00488936096329,-8.721104186187745,-3.5752890452037267,-0.15202403066447417
-13.37014189130948,-87.32155250835673,-46.01016040760561,-8.723165277407674,-3.572265363722725,-0.1526117380257826
-13.358292460418754,-87.30830903585954,-46.01535074611641,-8.725268459065697,-3.5690197532852936,-0.15258865224595441
-13.346421254859491,-87.29510447533877,-46.02052690220278,-8.72736343531799,-3.565773429570304,-0.15256951412162043
-13.334526436159482,-87.28193715247139,-46.025688491668475,-8.72945032130541,-3.5625256919903197,-0.15255354028916185
-13.322607410291498,-87.26880660186613,-46.0308354597228,-8.731529153321476,-3.559276358795378,-0.15254010155319547
-13.310663721640148,-87.25571243947843,-46.03596776138092,-8.733599960399797,-3.5560252865735293,-0.1525286945957326
-13.298695038036964,-87.24265435670998,-46.04108536346934,-8.735662766120504,-3.552772367717794,-0.15251891676443724
-13.286701125058489,-87.22963210462868,-46.04618824214407,-8.737717589774256,-3.549517522931154,-0.15251044594114507
-13.274681826536517,-87.21664548245735,-46.051276381158345,-8.739764447153732,-3.5462606956832405,-0.1525030244361516
-13.262637073608577,-87.20369435837421,-46.05634977579518,-8.741803345711203,-3.5430018586479406,-0.15249644617013167
-13.250566785565814,-87.1907785603647,-46.06140841208709,-8.743834302175003,-3.5397409720147603,-0.1524905461782108
-13.23847096080594,-87.17789798338573,-46.06645228988369,-8.745857326006824,-3.536478024724512,-0.15248519252278742
-13.226349624938313,-87.16505253859987,-46.07148141102068,-8.747872425200619,-3.53321301328039,-0.15248027966584687
-13.214202828630784,-87.15224215279899,-46.07649577996484,-8.749879606658787,-3.5299459415668677,-0.15247572318012353
-13.202030642280487,-87.13946676502576,-46.081495403261854,-8.751878876434464,-3.526676819271141,-0.15247145552748945
-13.189833151936657,-87.1267263240559,-46.08648028914438,-8.753870239910682,-3.5234056606995257,-0.15246742268115426
-13.177610456047375,-87.11402078638397,-46.091450447216474,-8.755853701942574,-3.5201324838320334,-0.15246358142341868
-13.165362662861327,-87.10135011461067,-46.0964058881997,-8.757829266970571,-3.5168573095661775,-0.15245989718386344
-13.15309006710184,-87.08871443644736,-46.10134667563387,-8.759796934877437,-3.513580233536765,-0.15245634190967233
-13.140792644189817,-87.07611358939268,-46.106272778925764,-8.76175671332478,-3.5103012196710504,-0.15245289388551964
-13.128470482238729,-87.06354751470431,-46.111184199099355,-8.763708605382801,-3.507020278772412,-0.1524495355655162
-13.116123714031364,-87.05101619239247,-46.11608095009162,-8.765652613750493,-3.503737439692309,-0.15244625280596208
-13.103752456474975,-87.03851958416264,-46.12096304214,-8.7675887441525,-3.500452724272754,-0.1524430342585596
-13.09135684720789,-87.02605767162069,-46.125830490283256,-8.76951699993661,-3.497166162833394,-0.15243987086421584
-13.07893702480894,-87.01363043695065,-46.13068330963908,-8.771437384313685,-3.4938777859553833,-0.1524367553789546
-13.066493128927501,-87.0012378629224,-46.13552151552798,-8.773349900452803,-3.490587624547232,-0.15243368200997384
-13.053450577121684,-86.98849291671405,-46.140282706410545,-8.775293146414693,-3.4871178236327625,-0.15193889585569903
-13.04164774004792,-86.97663425046878,-46.14516903968833,-8.777147372124277,-3.484037039885513,-0.1525254700923236
-13.029109990467052,-86.96433040152786,-46.14996072118445,-8.779037155619424,-3.4807348758550534,-0.1525029325973275
-13.016552884273056,-86.95206392941238,-46.15473828800762,-8.780918882130779,-3.4774322859564553,-0.15248433733714958
-13.003976079981946,-86.93983448743846,-46.159501772499766,-8.782792620133394,-3.474129182935601,-0.1524688991905342
-12.991378990842408,-86.9276415766911,-46.16425110577967,-8.784658402154768,-3.470825379101231,-0.1524559905123831
-12.978761166289498,-86.91548478849965,-46.16898623247925,-8.786516253398005,-3.467520727044553,-0.1524451092120695
-12.966119788593518,-86.90336337973997,-46.17370707263919,-8.788366166492722,-3.464214340077345,-0.15243585768416484
-12.953456621102942,-86.8912774745371,-46.17841363366626,-8.7902081724254,-3.4609067748557516,-0.1524279106557251
-12.940772123740649,-86.87922701076141,-46.1831059359966,-8.792042304722404,-3.4575981696834934,-0.15242100992146695
-12.928066241626247,-86.86721183508178,-46.18778397698943,-8.793868581549484,-3.4542884960365092,-0.15241494983372283
-12.915338905877816,-86.85523178009942,-46.19244774389516,-8.795687019319846,-3.450977716852428,-0.1524095658915054
-12.902590108293849,-86.84328672495501,-46.19709723442974,-8.797497630927117,-3.447665816029427,-0.15240472651765324
-12.889819870208658,-86.83137656908647,-46.201732450049015,-8.799300427908616,-3.444352786641851,-0.15240032645931129
-12.877033271826518,-86.81950561165844,-46.206354841700396,-8.80109532094547,-3.44104064054215,-0.15239627072929512
-12.864223802781456,-86.8076677788432,-46.210962430602684,-8.802882467036435,-3.437726684207304,-0.15239250832879792
-12.85139072260837,-86.79586241112442,-46.215555028407415,-8.804661881166494,-3.434410632342643,-0.15238898636187015
-12.83853639235763,-86.78409156893986,-46.22013334733948,-8.80643351769076,-3.4310934441547896,-0.15238565579297905
-12.825660926042223,-86.77235522314903,-46.22469740579259,-8.808197383566428,-3.4277751450158096,-0.15238248209034738
-12.812764429325124,-86.76065333722308,-46.22924721844099,-8.809953484982387,-3.4244557565111444,-0.15237943765498893
-12.799847015022069,-86.74898587974967,-46.23378280112426,-8.811701827722098,-3.4211353026268916,-0.15237650040469736
-12.786908800596127,-86.73735282233712,-46.23830417030868,-8.813442417281664,-3.417813808832242,-0.15237365267338426
-12.77394990705717,-86.72575413885644,-46.242811342937514,-8.815175258915739,-3.4144913017345537,-0.15237088032801988
-12.760970458147252,-86.71418980489841,-46.24730433633139,-8.816900357672505,-3.411167808830554,-0.15236817206202244
-12.747970579685772,-86.70265979733547,-46.251783168106826,-8.818617718422344,-3.4078433583054717,-0.15236551882998184
-12.734950399052448,-86.69116409397722,-46.25624785611293,-8.820327345881292,-3.40451797887475,-0.15236291339542674
-12.721910044771617,-86.67970267329252,-46.26069841837982,-8.822029244630542,-3.401191699656147,-0.15236034996904813
-12.70828992388422,-86.66787546737575,-46.265059861428796,-8.823756175650763,-3.3976852190152957,-0.15186592292284462
-12.695881477955563,-86.65696386209926,-46.26957500451394,-8.825406943667902,-3.3945722887766587,-0.15245317710782008
-12.682758411430825,-86.64558844521709,-46.27397967408737,-8.827086353172016,-3.3912361303223326,-0.15243114773991512
-12.669620719814423,-86.63425105093344,-46.278371136457665,-8.828757865594547,-3.3879008529236296,-0.15241305871222366
-12.656467217982096,-86.6229505005242,-46.28274914019489,-8.830421564893717,-3.3845660064515863,-0.1523981270672165
-12.64329718514148,-86.6116861457826,-46.28711356001649,-8.832077480987348,-3.3812313413441535,-0.15238572532652242
-12.63011017239029,-86.6004575568684,-46.29146432895508,-8.833725634673895,-3.3778967057259015,-0.15237535128582141
-12.61690585024871,-86.58926438782444,-46.29580139769671,-8.835366043091446,-3.374561985343414,-0.152366603174645
-12.603683981789082,-86.5781063572871,-46.300124730307616,-8.83699872056481,-3.3712270948901875,-0.15235915957611504
-12.590444403689192,-86.56698323539469,-46.30443430155759,-8.838623679185417,-3.3678919721131804,-0.1523527633565635
-12.577187011254649,-86.55589483342196,-46.308730094808816,-8.8402409292694,-3.364556573157773,-0.15234720880894748
-12.563911746490588,-86.54484099549519,-46.3130121003248,-8.841850479721773,-3.3612208688552565,-0.15234233136755682
-12.55061858859383,-86.5338215919665,-46.31728031391457,-8.843452338325857,-3.357884841759285,-0.15233799937977197
-12.537307546368273,-86.52283651411067,-46.32153473584353,-8.845046511973155,-3.3545484837781716,-0.15233410752346427
-12.523978652174907,-86.51188566988368,-46.3257753699598,-8.846633006845956,-3.3512117942836035,-0.1523305715409067
-12.510631957102584,-86.50096898052718,-46.33000222299209,-8.848211828562324,-3.3478747785987366,-0.15232732402590304
-12.497267527114115,-86.49008637785147,-46.33421530398562,-8.849782982291158,-3.3445374467899907,-0.15232431105348326
-12.483885439969143,-86.47923780206159,-46.338414623849374,-8.851346472843684,-3.341199812700933,-0.15232148948365304
-12.470485782764769,-86.46842320001456,-46.342600194991114,-8.85290230474618,-3.3378618931788413,-0.15231882480440254
-12.457068649974826,-86.4576425238279,-46.346772031025345,-8.854450482297706,-3.334523707457495,-0.15231628940609798
-12.443634141882589,-86.44689572976449,-46.350930146537834,-8.855991009616114,-3.3311852766628802,-0.15231386120099916
-12.430182363327754,-86.43618277733925,-46.355074556896376,-8.857523890674745,-3.3278466234174298,-0.15231152251887067
-12.4167134227086,-86.42550362860669,-46.35920527809921,-8.859049129331616,-3.3245077715245515,-0.152309259223469
-12.40322743118265,-86.41485824758873,-46.363322326652636,-8.860566729352868,-3.3211687457153083,-0.15230706000572977
-12.389724502030225,-86.40424659981903,-46.36742571947329,-8.862076694431448,-3.317829571446632,-0.1523049158183179
-12.376204750144332,-86.39366865197645,-46.37151547380886,-8.8635790282022,-3.3144902747390765,-0.15230281942326385
-12.362668291626028,-86.3831243715947,-46.37559160717534,-8.865073734253958,-3.3111508820481506,-0.1523007650300728
-12.348566708456104,-86.37219976509623,-46.37956596678948,-8.866587451860573,-3.307629834522972,-0.15180378113192816
-12.335655534996684,-86.36222071738055,-46.38372350537587,-8.868038502082848,-3.304508090320171,-0.15239521198030814
-12.322047300613253,-86.35176010792063,-46.387754772566005,-8.869510786423511,-3.3011611828180722,-0.15237357100042806
-12.308427547248154,-86.34133677173546,-46.39177337357937,-8.870975320141321,-3.297815877669792,-0.15235589481958295
-12.294795350386401,-86.33094973265442,-46.395779114948425,-8.872432173921794,-3.294471823527897,-0.15234139514658165
-12.281149965978384,-86.320598293661,-46.39977184654197,-8.873881369939102,-3.291128755102301,-0.15232944074819893
-12.267490949431256,-86.31028200230122,-46.40375148842262,-8.875322922748135,-3.287786516906534,-0.152319526350888
-12.25381797638187,-86.30000049553108,-46.407717981894066,-8.876756844368625,-3.2844449927468213,-0.15231124772732302
-12.240130783386524,-86.289753456606,-46.411671276530996,-8.878183145176449,-3.281104084927467,-0.15230428149442388
-12.226429203772296,-86.27954064042792,-46.415611340724354,-8.87960183389814,-3.27776372841026,-0.15229836893495727
-12.212713126082528,-86.26936184271935,-46.41953815221546,-8.881012918160739,-3.2744238759170234,-0.15229330307914818
-12.198982484616144,-86.25921689336728,-46.42345169678257,-8.882416404692322,-3.271084495063271,-0.15228891835083594
-12.1852372501748,-86.24910564959265,-46.42735196667654,-8.8838122995167,-3.26774556537609,-0.15228508228862353
-12.171477419344699,-86.23902798848884,-46.43123895833861,-8.88520060777264,-3.2644070747457112,-0.1522816889285326
-12.157703017919687,-86.22898380847732,-46.43511267422404,-8.88658133464165,-3.2610690208389657,-0.15227865348819397
-12.143914088645735,-86.21897302055271,-46.438973119736254,-8.88795448503498,-3.257731406774265,-0.1522759081440757
-12.13011068695447,-86.20899554559499,-46.442820302401344,-8.889320063430368,-3.254394239808417,-0.1522733986400708
-12.116292880473326,-86.19905131381242,-46.446654232093366,-8.890678074088168,-3.2510575312828047,-0.15227108156952726
-12.102460746078439,-86.1891402624488,-46.4504749204509,-8.89202852111565,-3.247721295619024,-0.15226892220641278
-12.088614367931388,-86.1792623343019,-46.45428238052425,-8.893371408504414,-3.2443855496757377,-0.15226689276923303
-12.074753835943202,-86.16941747656527,-46.45807662650125,-8.89470674015917,-3.2410503122471903,-0.15226497103208403
-12.060879244544724,-86.15960563989871,-46.46185767348619,-8.896034519920429,-3.237715603660948,-0.15226313921350132
-12.046990691707595,-86.14982677768741,-46.46562553732308,-8.897354751582327,-3.2343814454574114,-0.15226138308752707
-12.03308827816219,-86.14008084544851,-46.469380234453325,-8.898667438906633,-3.231047860133364,-0.1522596912725695
-12.019172106769892,-86.13036780035421,-46.473121781800785,-8.899972585633872,-3.227714870935654,-0.15225805466249104
-12.00524228202583,-86.12068760085332,-46.476850196680125,-8.901270195491986,-3.2243825016977317,-0.15225646597147352
-11.99129890965897,-86.11104020636635,-46.48056549672266,-8.902560272203287,-3.2210507767078047,-0.15225491936991037
-11.97680248589153,-86.10099755537662,-46.484165871353085,-8.90386292904849,-3.2175354631938515,-0.15175376129183388
-11.96347991395407,-86.09193052974041,-46.48798002605859,-8.905117325094865,-3.21442607395127,-0.15235130506440844
-11.9494746597012,-86.08236370472675,-46.49165145779605,-8.906385012357456,-3.21108897748867,-0.1523299871918224
-11.935460768646049,-86.07283322415292,-46.49531079155611,-8.90764509757112,-3.2077541707923425,-0.15231267130444667
-11.921437524491873,-86.06333826122646,-46.49895787283544,-8.908897638243548,-3.2044213782383144,-0.15229856135110445
-11.907404146967357,-86.05387806773052,-46.50259252440923,-8.910142648840388,-3.2010903150005054,-0.15228702025124102
-11.893360178827269,-86.04445216004297,-46.50621464932752,-8.9113801380331,-3.1977608161835738,-0.15227753799724897
-11.879305285174155,-86.03506015020913,-46.50982417589929,-8.912610113253404,-3.194432758383292,-0.15226970656328095
-11.86523922049318,-86.02570172006997,-46.51342105036389,-8.913832581087876,-3.191106048112252,-0.15226319952708522
-11.851161810320527,-86.01637660713574,-46.51700523330078,-8.915047547475206,-3.187780615701561,-0.15225775574957556
-11.837072936819585,-86.00708459342495,-46.520576696802166,-8.916255017860973,-3.1844564105030795,-0.1522531663181375
-11.822972527280074,-85.99782549653001,-46.52413542220362,-8.91745499731822,-3.181133397056851,-0.1522492641012979
-11.808860544952605,-85.98859916247312,-46.527681398264924,-8.918647490640948,-3.177811552032107,-0.15224591539244997
-11.794736981736015,-85.97940545998885,-46.5312146197099,-8.919832502416337,-3.1744908617828713,-0.15224301322483713
-11.780601852345779,-85.97024427595167,-46.534735086055306,-8.921010037080398,-3.171171320395888,-0.15224047202353136
-11.766455189656774,-85.96111551171427,-46.53824280066977,-8.922180098960691,-3.16785292812927,-0.15223822332701875
-11.752297040987926,-85.95201908017968,-46.54173777001911,-8.92334269230906,-3.1645356901653523,-0.15223621236446216
-11.73812746513393,-85.94295490345655,-46.54522000305977,-8.924497821326682,-3.1612196156128127,-0.15223439531751182
-11.723946529993666,-85.93392291098131,-46.54868951075116,-8.925645490183104,-3.157904716708231,-0.1522327371297601
-11.709754310678681,-85.9249230380178,-46.55214630566494,-8.92678570303072,-3.154591008178583,-0.15223120975429272
-11.695550888000502,-85.91595522445434,-46.555590401670386,-8.927918464015724,-3.151278506730544,-0.1522297907517388
-11.681336347260594,-85.90701941384029,-46.55902181368127,-8.929043777286415,-3.14796723064139,-0.15222846216870928
-11.667110777287773,-85.89811555261791,-46.562440557453655,-8.930161646999412,-3.1446571994332535,-0.15222720964054398
-11.652874269665555,-85.88924358950435,-46.56584664942206,-8.931272077324316,-3.1413484336110833,-0.1522260216735134
-11.638626918115946,-85.88040347499873,-46.569240106568586,-8.93237507244723,-3.1380409544534347,-0.15222488907058002
-11.62436881800797,-85.87159516098775,-46.57262094631745,-8.933470636573345,-3.134734783845378,-0.15222380447200543
-11.610100065964389,-85.86281860042999,-46.57598918645039,-8.934558773928872,-3.1314299441445153,-0.15222276198783613
-11.59528853841165,-85.85363186073788,-46.57922898998581,-8.935652679300913,-3.1279392970619058,-0.15171620119605628
-11.581637402732843,-85.84545018697445,-46.5827139980217,-8.936713623927309,-3.1248616438757066,-0.15232132244136223
-11.567315931598344,-85.83675061274454,-46.58603940646155,-8.937779424454645,-3.121553447324588,-0.15230027487947945
-11.552988347345517,-85.82808620048027,-46.58935326876871,-8.938837785536345,-3.1182481368240094,-0.15228327632284394
-11.538654259231151,-85.8194563459774,-46.59265549831392,-8.9398887537752,-3.1149455544793216,-0.15226952078854775
-11.524312845623827,-85.8108602505041,-46.59594588988761,-8.940932335828112,-3.111645394493935,-0.15225836378904037
-11.509963643357434,-85.80229740595115,-46.59922433076196,-8.94196853417065,-3.108347485115856,-0.15224928933641813
-11.49560631466866,-85.79376740613013,-46.602490737598835,-8.942997351396887,-3.105051698440373,-0.15224188461246632
-11.481240610093337,-85.78526991724979,-46.60574504739561,-8.944018790346144,-3.1017579370558837,-0.15223581935960276
-11.46686635027373,-85.77680466322046,-46.60898721339158,-8.945032854083014,-3.0984661277994165,-0.15223082936915946
-11.45248341174319,-85.76837141410077,-46.61221720186272,-8.946039545879739,-3.0951762168774803,-0.1522267032715131
-11.438091715581061,-85.75996997684261,-46.61543498954747,-8.947038869198893,-3.091888165964372,-0.1522232719682364
-11.423691218367628,-85.75160018788701,-46.618640561581906,-8.948030827676105,-3.0886019490864407,-0.15222040017781788
-11.40928190497386,-85.74326190724409,-46.621833909844945,-8.949015425103479,-3.0853175501347283,-0.15221797967223136
-11.394863782803439,-85.73495501375258,-46.62501503162904,-8.949992665413951,-3.0820349608755375,-0.15221592386619404
-11.380436877205051,-85.7266794012926,-46.628183928575815,-8.95096255266682,-3.078754179363342,-0.15221416348856442
-11.366001227801524,-85.71843497574858,-46.63134060581926,-8.951925091034601,-3.0754752086688777,-0.15221264311946592
-11.351556885564866,-85.71022165258368,-46.63448507129979,-8.952880284791169,-3.072198055864495,-0.15221131841998073
-11.337103910476747,-85.70203935489576,-46.637617335212596,-8.953828138301263,-3.068922731211422,-0.15221015391590575
-11.322642369661695,-85.69388801186301,-46.64073740956505,-8.954768656011208,-3.0656492475104042,-0.1522091212247568
-11.308172335895321,-85.68576755749935,-46.643845307821266,-8.955701842440773,-3.0623776195821404,-0.15220819763737034
-11.29369388641058,-85.67767792965726,-46.64694104461616,-8.95662770217617,-3.059107863850872,-0.1522073649831912
-11.279207101948503,-85.66961906923258,-46.65002463552676,-8.957546239863918,-3.0558399980129396,-0.1522066087224911
-11.264712065994217,-85.66159091952449,-46.65309609688729,-8.958457460205654,-3.0525740407695,-0.1522059172201582
-11.250208864171855,-85.65359342572688,-46.656155445641836,-8.959361367953603,-3.0493100116147014,-0.1522052811647152
-11.235697583756908,-85.64562653451875,-46.65920269922499,-8.960257967906829,-3.046047930664571,-0.15220469310354573
-11.221178035161333,-85.63769001716923,-46.66223777807184,-8.961147230791061,-3.0427877206596263,-0.15220414742043703
-11.206124524921268,-85.62932853192201,-46.6651306283028,-8.962035108341551,-3.0393392683353957,-0.15169099726092197
-11.192221056667725,-85.62200121456138,-46.66830097093642,-8.962906212745445,-3.03631143374943,-0.15230510097266525
-11.17765810039052,-85.61413825194515,-46.671294554497265,-8.963773306691005,-3.0330500488992564,-0.15228426781127885
-11.16309024232984,-85.60630836621844,-46.67427683430763,-8.964633104166893,-3.0297916990113665,-0.1522675417276173
-11.148518929093486,-85.59851224469836,-46.67724822116798,-8.96548567697734,-3.026536905189931,-0.15225410220847235
-11.133942900661419,-85.59074874479067,-46.680208376614424,-8.966331028094498,-3.0232851890992416,-0.1522432966920505
-11.11936165569959,-85.58301731403608,-46.68315716306729,-8.96716915267525,-3.020036360402135,-0.15223460206103
-11.104774870396641,-85.57531754018055,-46.68609448981653,-8.968000049057142,-3.016790292755475,-0.15222759971563044
-11.090182286422621,-85.56764907147802,-46.689020282928176,-8.968823716187025,-3.013546882918072,-0.1522219548042757
-11.075583719040726,-85.56001161914077,-46.69193448779793,-8.969640154093181,-3.0103060539966555,-0.15221739943442913
-11.060979039228963,-85.55240494245496,-46.69483706453728,-8.970449363757652,-3.007067748997545,-0.1522137192874947
-11.046368162082038,-85.54482883892899,-46.697727984984276,-8.971251346952796,-3.0038319267070515,-0.15221074290458997
-11.031751037851084,-85.53728313662485,-46.70060723038302,-8.972046106104923,-3.000598558510826,-0.15220833311457369
-11.017127644808253,-85.52976768803114,-46.703474789525906,-8.972833644182165,-2.9973676258572888,-0.15220638017644614
-11.002497983553084,-85.52228236516126,-46.70633065726345,-8.973613964602334,-2.9941391182306236,-0.15220479629326858
-10.98786207246789,-85.51482705563079,-46.70917483330864,-8.97438707115706,-2.99091303153055,-0.15220351122329961
-10.973219944090298,-85.50740165951964,-46.712007321277866,-8.975152967949441,-2.9876893667773423,-0.15220246876890306
-10.958571642214558,-85.50000608685899,-46.714828127920605,-8.975911659342707,-2.984468129075633,-0.15220162396767878
-10.943917219579825,-85.49264025562356,-46.71763726250237,-8.976663149918084,-2.9812493267869935,-0.15220094084535607
-10.929256736020514,-85.48530409012199,-46.72043473630837,-8.977407444440116,-2.978032970867037,-0.15220039061812118
-10.914590256990063,-85.47799751970966,-46.72322056224546,-8.978144547828192,-2.9748190743356324,-0.15219995025447225
-10.899917852381057,-85.47072047775893,-46.725994754522674,-8.97887446513317,-2.971607651853006,-0.1521996013247046
-10.885239595583254,-85.46347290083482,-46.72875732839474,-8.979597201518162,-2.9683987193808052,-0.15219932908050254
-10.870555562729232,-85.45625472803488,-46.73150829995585,-8.980312762242809,-2.965192293910351,-0.15219912171860922
-10.855865832093285,-85.44906590046155,-46.73424768597426,-8.981021152650342,-2.9619883932457762,-0.152198969791767
-10.841170483610359,-85.4419063608,-46.73697550375961,-8.981722378156993,-2.9587870358302535,-0.1521988657374678
-10.826469598491874,-85.43477605298031,-46.739691771056094,-8.982416444243286,-2.9555882406069998,-0.15219880350095288
-10.811241063768689,-85.42720529501666,-46.742251364735644,-8.983101550181484,-2.952198121650862,-0.1516777656505181
-10.797155716259937,-85.42069810647682,-46.745121770454396,-8.983786952139207,-2.9492370382684596,-0.15230238026325693
-10.782555134932679,-85.41357332730799,-46.74776727733997,-8.984449488799811,-2.9460770394019784,-0.15228160737595736
-10.767713272881892,-85.40644803399745,-46.75039764234393,-8.985100427162308,-2.9428456299206722,-0.1522653383745508
-10.752942898440422,-85.39940388318927,-46.753033802522936,-8.985742228174901,-2.939645526400587,-0.15225227696144233
-10.738169776304195,-85.39239031183968,-46.75565925530428,-8.986377044323259,-2.936448944079321,-0.15224189143977615
