-9.999613618099879e-05,-21.19911846880041,-29.240448932912823,-0.25023755752925564,0.004647978634882362,-2.3913076526842868e-08
-0.6489725665696323,-20.727375611770675,-30.30294596136152,-0.5752339052069355,-0.01039792568453243,-0.00015524230304503854
-0.9845888806790363,-20.48340806019406,-30.85250533949835,-0.7433370451422003,-0.018177865626875008,-0.0002358726136646426
-1.254525364160623,-20.287240073629977,-31.29451928833187,-0.8785504511273515,-0.024431911454022473,-0.00030119333875561964
-1.5176368252243007,-20.096097120016843,-31.725355958254585,-1.0103526682468575,-0.03052443358166008,-0.00036527514170010264
-1.7961671398561214,-19.893821638370994,-32.18143330957142,-1.149884872599129,-0.036971059366078605,-0.0004334292108052532
-2.0396693295623707,-19.717104302885996,-32.580140603183985,-1.2718796246724389,-0.04260206790046541,-0.0004934912822926023
-2.2836414206259295,-19.540151012685104,-32.97959679532385,-1.3941159463603094,-0.048240684976111656,-0.0005539151339903252
-2.507772224383797,-19.377741852114596,-33.34653567128835,-1.506419805214466,-0.05341626913403345,-0.0006097436843715366
-2.7035208537085316,-19.252910841998627,-33.62901877478384,-1.592909773640779,-0.075493537174965,-0.000653233842678379
-2.9508484726421815,-19.118407628767066,-33.93342490251303,-1.6861298708791645,-0.12768390114924277,-0.0007000083897082351
-3.196504067694017,-18.984487587183704,-34.236797620877134,-1.7790519081837304,-0.17901844083094914,-0.0007466388644598883
-3.4099389876949284,-18.86967268379656,-34.49745017020565,-1.8589245643808368,-0.22493118510796628,-0.0007869113006462603
-3.628904320668853,-18.7511443185703,-34.76676410039665,-1.9414674231508964,-0.2711226530981417,-0.0008284047413092421
-3.9198778131095704,-18.58870787194431,-35.13523326809407,-2.0543663314405376,-0.3276197498743853,-0.0008845693240951623
-4.1441739266267925,-18.466322033549503,-35.4138598993574,-2.139804592509858,-0.3735880026918901,-0.0009273161627312918
-4.337477495659344,-18.362416326001437,-35.651219980985104,-2.212643290145241,-0.4144142069462671,-0.0009638163693473443
-4.543631412137588,-18.2504903326213,-35.9069793361918,-2.2911369482929733,-0.45671784420162315,-0.0010029417214168356
-4.727837550565377,-18.15162377544913,-36.133694731845566,-2.360772391616008,-0.49528274326201105,-0.0010376159904725475
-4.901390424919243,-18.0564892638529,-36.35238959372005,-2.427981332175622,-0.5291985722335026,-0.001070964171063058
-5.06927432779221,-17.94660922666985,-36.604767654631225,-2.5055180961370818,-0.5430624980384298,-0.0011092113085074049
-5.187821515923575,-17.86945558325569,-36.783855388168,-2.5606639621994436,-0.5522839727735139,-0.001136389607055122
-5.303406045090905,-17.79458027945559,-36.95821510010694,-2.6143948350803616,-0.5613373697830799,-0.0011627395866415878
-5.421160145288503,-17.71861659868954,-37.1354321329478,-2.669032483304351,-0.5707156078972911,-0.0011894026605826086
-5.521000577868552,-17.654752698720632,-37.28582567291555,-2.715497049189066,-0.5784765170456214,-0.0012119405160628154
-5.648714350814346,-17.57293090657493,-37.477061875355226,-2.774493115993269,-0.5890393625999797,-0.0012404926407990264
-5.760879591346674,-17.50166316228886,-37.6449635180982,-2.826384824874265,-0.5982093190013946,-0.0012654538228173402
-5.856238336056387,-17.44177671226431,-37.78768033349894,-2.870607548344256,-0.6058618739696296,-0.0012865472525638313
-5.975166283531687,-17.366769428323003,-37.96486554341409,-2.9254144610093973,-0.6158945176572328,-0.0013127200669424467
-6.066001548400472,-17.310558077485663,-38.10019032816359,-2.9674518603415847,-0.6233159203649682,-0.0013325319874833846
-6.147356338440783,-17.26092531982845,-38.22116302584634,-3.0051367513036826,-0.629920551912908,-0.0013501095093843524
-6.247329827015986,-17.199430136211696,-38.36928401182933,-3.0511689683736076,-0.6384210274838861,-0.0013716818004622857
-6.33849409458585,-17.14407929744111,-38.50403515607113,-3.0931513338149412,-0.6461668583418992,-0.0013911739827676653
-6.406169910065895,-17.104507583049713,-38.603750302816174,-3.1244537753360335,-0.6517371412771554,-0.001405337282834316
-6.48453019952017,-17.058288009598968,-38.71889464360065,-3.1605197373732805,-0.6584310182535705,-0.0014217461356461588
-6.555359493625702,-17.017377551410494,-38.82257008240047,-3.1931186461028376,-0.6644873383715039,-0.0014363667376251202
-6.6326184952915215,-16.97261677844974,-38.93538418676395,-3.2285578379569184,-0.6712535655777349,-0.0014522930352169688
-6.829739133076691,-16.849587013246392,-39.22468964060415,-3.318060349287448,-0.689696368790766,-0.0014946328279043888
-6.995717734565321,-16.747389955179113,-39.467565442393116,-3.3934055129976417,-0.7052281651806475,-0.0015299319743887867
-7.140056153114811,-16.659793747610344,-39.678052141035046,-3.458890289502453,-0.7187643650516724,-0.0015602968228284261
-7.317941920333103,-16.550599094415098,-39.93755140945086,-3.5394320168484215,-0.7356401482947058,-0.0015979360900803309
-7.448235163865167,-16.47304472980423,-40.126367425189756,-3.5983943203945006,-0.748011339350231,-0.0016248927529678924
-7.562883623016658,-16.40617172600779,-40.291652034564315,-3.650209015832811,-0.7589624630127844,-0.0016482419986777242
-7.688704280102481,-16.332394295970573,-40.47294297970983,-3.706980264852121,-0.7710861407751288,-0.0016739117344722484
-7.799828253166887,-16.268685928189328,-40.63209307985268,-3.757031346795243,-0.7818805674591107,-0.0016961806087824774
-7.908950177402934,-16.2067239241383,-40.78781802824278,-3.8060923119352164,-0.7925722956870614,-0.001717854321991528
-8.019162367781787,-16.144485609359037,-40.94466599914513,-3.8555567894128036,-0.8034604406282433,-0.0017396128189343413
-8.168795039029852,-16.056846944285976,-41.1590687732656,-3.92270609441245,-0.8182568773499037,-0.0017699048126097923
-8.215154514231802,-16.037372001747343,-41.22086492407385,-3.943189489974657,-0.8231494761277923,-0.0017772521661938516
-8.226126982099608,-16.041531134055553,-41.23015921912949,-3.9476516566212383,-0.8246950996888573,-0.001776667322908866
-8.253806439827786,-16.03516809180445,-41.26367564031075,-3.9595859180242323,-0.8279332311210703,-0.0017796415428865953
-8.250845329921617,-16.049319267179712,-41.25172783373914,-3.9576510934088596,-0.8282777843427694,-0.0017757463084491117
-8.257898871054088,-16.05733111418966,-41.25417253640162,-3.960177120631046,-0.8296619900438205,-0.0017739428344928094
-8.278429719137456,-16.056937563383283,-41.27608177254069,-3.968718998263136,-0.83242242725257,-0.0017749862112804576
-8.275356602977848,-16.072438255249043,-41.262921727028605,-3.9665729166963506,-0.832965142094302,-0.0017707234550635605
-8.270194952338237,-16.089728315520148,-41.24636315082451,-3.9634380040005355,-0.8333706608677974,-0.001765894483195624
-8.29741600433923,-16.08622595654052,-41.27705209299117,-3.974830768631479,-0.8369816500386642,-0.0017680620212943837
-8.312388588881069,-16.091175905239815,-41.2893688839176,-3.9806502705592406,-0.8394736786350128,-0.001767419787511866
-8.311484824672675,-16.106948937003338,-41.27801730975581,-3.9792717845758014,-0.8404908332290355,-0.001763183004215849
-8.315360915458694,-16.12001180049719,-41.273353839564564,-3.979995338057635,-0.8420337804354507,-0.0017598853545495218
-8.309148987110873,-16.140100016187198,-41.25355528990856,-3.9761334501578043,-0.8426587558566782,-0.0017542725148617148
-8.328134537414108,-16.144108824974108,-41.27040053549889,-3.983554233131633,-0.8457899877347009,-0.0017540630171732588
-8.396154669381321,-16.11644734574106,-41.358769496301036,-4.012953494881852,-0.853749789684554,-0.0017644380547042922
-8.406183416982875,-16.127185751252664,-41.36166884444255,-4.016214925085798,-0.8561481125954897,-0.00176200824322295
-8.40811692184729,-16.143645935425756,-41.352359849492665,-4.015787907659422,-0.8578197858908401,-0.0017577002854374992
-8.41042133219565,-16.160284017857627,-41.34326568644395,-4.015479753328827,-0.8595850967761465,-0.001753365611603535
-8.411564950435466,-16.178101486706048,-41.33214456938587,-4.014603027689403,-0.8612942843204419,-0.0017486712205993782
-8.411263652527525,-16.197282830333652,-41.318585860133915,-4.013031450782812,-0.8629185145333477,-0.0017435570924166988
-8.41360220729858,-16.215155035659272,-41.30857076425478,-4.012598897704425,-0.864854184534249,-0.0017389121540202083
-8.418822886299399,-16.231560406034124,-41.302446749463556,-4.013412337018116,-0.8671249178345105,-0.001734786755915229
-8.418850910896413,-16.25177928394286,-41.2884040942092,-4.011849778304241,-0.8689442546490659,-0.0017294286578339506
-8.421872221631991,-16.27045694101573,-41.27842027261444,-4.011584273199075,-0.8711075067346659,-0.0017246159522942852
-8.437329493683976,-16.281422839616674,-41.28627563446252,-4.016844088402046,-0.8745354769600191,-0.0017223876409659747
-8.446422382135541,-16.296969992418155,-41.28448624592184,-4.019199085708578,-0.8773983332917021,-0.0017186689756186534
-8.445126319648837,-16.31972408044614,-41.26720261838069,-4.016852841097553,-0.8793007077997587,-0.0017125991133795273
-8.451512513078113,-16.337872868581748,-41.260816229951004,-4.017902139279018,-0.8820019201846575,-0.0017080856146926813
-8.463081117529724,-16.353053437913438,-41.261656603583255,-4.021222063768675,-0.8852599993383585,-0.0017045816320139903
-8.48815980192183,-16.35983072175862,-41.28183786239521,-4.0305322581438086,-0.8898896205664504,-0.0017038718686818426
-8.584767236050578,-16.32033255976615,-41.405796928894816,-4.071757191896429,-0.9015640894040392,-0.001718400926143984
-8.673980515965505,-16.2861309587068,-41.51838113841689,-4.109560346127423,-0.9125964230630873,-0.0017311452871989564
-8.712983695781748,-16.285171341899062,-41.557320797561886,-4.1248204112454845,-0.9187979286331944,-0.0017329371551620687
-8.751395878014522,-16.285043153280714,-41.5949554939196,-4.13974021967745,-0.9250032416593251,-0.001734458925558775
-8.758356264029707,-16.305882385425967,-41.58643443932948,-4.140544933577476,-0.9281919891292794,-0.0017291144155549849
-8.770636892118045,-16.323680731660808,-41.58529660920953,-4.1436716852593385,-0.9319513409206002,-0.0017247954010713717
-8.775315101508594,-16.346869833036443,-41.57275977937508,-4.143351858539343,-0.935017285847181,-0.0017187400146713263
-8.773854578621224,-16.37448953845712,-41.55098006601325,-4.140245737781875,-0.9375296085070425,-0.001711270899935714
-8.781156701898308,-16.396820252511716,-41.54159417429076,-4.140999887691423,-0.9409459004311924,-0.0017055658300045376
-8.779890832657747,-16.425163844520576,-41.51944723226909,-4.137886079656605,-0.943569686516962,-0.0016979330653799929
-8.776598317359591,-16.455250586483373,-41.49405325601114,-4.133825887271392,-0.9460385185828898,-0.0016897727850463513
-8.787300403279469,-16.476640183361305,-41.48861644987154,-4.135951275678334,-0.9499235192714709,-0.0016844812914659322
-8.790276950008675,-16.503490921012038,-41.47164918472116,-4.134585748627887,-0.9530973538645328,-0.001677445808847194
-8.787206536144996,-16.534703190693392,-41.44561474683241,-4.130484292160412,-0.9557209884712041,-0.001669033018315598
-8.797494209438746,-16.55763728804095,-41.43858455530186,-4.132277236189772,-0.9596985264353275,-0.0016633441742135789
-8.816300456002322,-16.575453983794453,-41.44350708420823,-4.1377996270348225,-0.9645596870710301,-0.0016593404369514174
-8.81936649568546,-16.603947643837493,-41.425328595433584,-4.136271506942816,-0.9679212901319699,-0.0016519095687640571
-8.892133724872934,-16.587514905920017,-41.507364100903644,-4.165624600460063,-0.9781860977573182,-0.0016590091431641434
-8.948313152755176,-16.58234596996207,-41.56488485965985,-4.187503695017878,-0.9868892960499847,-0.0016624441234769165
-8.963016105358314,-16.604615174873828,-41.562114470786426,-4.190894684935803,-0.9915708363541615,-0.0016570327624606997
-8.96695781600792,-16.634317684871334,-41.5434765004146,-4.189456846575956,-0.9952383334893674,-0.0016492592457248076
-8.970107324298429,-16.66496389640617,-41.52336793672309,-4.18761818448397,-0.9988692993442042,-0.0016412212166902122
-8.972398464974255,-16.696595581120853,-41.50169879980207,-4.185350505617871,-1.0024563009070602,-0.001632907060206649
-8.965463018204575,-16.734647921383832,-41.466452617485714,-4.178953322007873,-1.0051721517381593,-0.0016225796690363934
-8.970766971967413,-16.765169268803014,-41.448497909993236,-4.177929336759128,-1.0091320700548876,-0.0016147105955728943
-8.997234190878295,-16.782375903233238,-41.46057267123592,-4.186205678183114,-1.015223878361599,-0.001611128049951403
-9.04722883827729,-16.784753720336916,-41.50594996489203,-4.2047976820690325,-1.0236921719663552,-0.0016122837792613017
-9.090990744643495,-16.79164124092373,-41.541862467908786,-4.220537120804738,-1.0316048553204542,-0.0016119913517143325
-9.113003691564716,-16.813101726064215,-41.54612854918898,-4.2265869113612675,-1.0374226314798094,-0.0016070637251437237
-9.110136895029598,-16.851145638590484,-41.51439014781802,-4.221596367456983,-1.0408235078259447,-0.0015968964838257726
-9.192846021057145,-16.834122549905757,-41.60467541861717,-4.254267495954456,-1.052740269418943,-0.0016042169448357345
-9.23886272699274,-16.841384512386472,-41.641846888469615,-4.270637446733379,-1.061096025429479,-0.0016038044047525409
-9.299583191649019,-16.839587972769813,-41.69946645939679,-4.293375656444824,-1.0709699705309768,-0.001606241445511539
-9.375549364935942,-16.828399889353697,-41.77821440529783,-4.3226975458867924,-1.0824244019295892,-0.0016116096995540774
-9.390967490755074,-16.856932565201475,-41.76998648696225,-4.325264865998701,-1.0879398544328382,-0.0016044308843444295
-9.403756403945343,-16.88761984873129,-41.75761365778331,-4.3266084063223325,-1.093237877750196,-0.001596603969113074
-9.487123228368992,-16.873069999382643,-41.845264516958856,-4.358868253384545,-1.1055965920151027,-0.001602997291288558
-9.499835659496718,-16.904758558325792,-41.831727641623196,-4.359976829233893,-1.1110045979238277,-0.0015948533377132287
-9.515285463543178,-16.935130008606425,-41.821685536802626,-4.362218235290194,-1.116727050823208,-0.001587154311041749
-9.605361195231445,-16.917694616869806,-41.91714493086967,-4.397083953944698,-1.1299267318650792,-0.0015944032125110087
-9.618974093175456,-16.95022334266374,-41.90337852769858,-4.39830285683416,-1.1355884003757168,-0.0015860174903276785
-9.624470157147009,-16.988457287624946,-41.877708200405735,-4.395900065482742,-1.140482382715227,-0.0015758907082025935
-9.64458108380111,-17.01769932441452,-41.87236603023688,-4.399827829863967,-1.146871843576595,-0.0015685998908539522
-9.63910769821613,-17.06393165311839,-41.83040046530331,-4.392497564353242,-1.1507510975549653,-0.0015560695044469753
-9.624479892045203,-17.116514756626085,-41.77520024163173,-4.381125501563654,-1.1537453470494003,-0.0015416361575152143
-9.635818698348027,-17.152765829540904,-41.75641545940011,-4.381051636327046,-1.1593596238109494,-0.0015323203140217428
-9.716753504239932,-17.144562273120606,-41.83541338856659,-4.4112551715862836,-1.1719747945928722,-0.0015367432352538114
-9.810067831491489,-17.12889890521526,-41.93107731595076,-4.44668681596494,-1.1859076316859796,-0.0015434003486715507
-9.913343491248973,-17.107355184853237,-42.039906817272055,-4.486269864418398,-1.2009244598166995,-0.001551783875810335
-9.939420636181504,-17.13613344424395,-42.03921567658308,-4.492064650381993,-1.2082959123155275,-0.001544652611534558
-9.970738682375352,-17.162016934117517,-42.045400176852425,-4.500044694422443,-1.2162401450027314,-0.0015384253414441828
-10.04974636972044,-17.157669430449147,-42.11801969784296,-4.5286398556393905,-1.2290207259706403,-0.0015414374420725258
-10.074200954138691,-17.188992074098497,-42.11331231188289,-4.533382111682335,-1.2364014103464926,-0.0015335224915485179
-10.087512089369989,-17.227973759878008,-42.0925011267133,-4.533197750018274,-1.2427079489280917,-0.0015233008475329368
-10.102072554815392,-17.266625748317708,-42.07301698321306,-4.533477962403481,-1.2491785962644493,-0.0015132187471600435
-10.105762398025337,-17.312745398865275,-42.03790084180281,-4.528971699181158,-1.2545941323386431,-0.0015009134609140391
-10.103760179128804,-17.362987904047127,-41.99447063080579,-4.521940202909837,-1.2594679687038126,-0.0014874179159955437
-10.122120072299476,-17.400598262455254,-41.9791364333588,-4.523659346762694,-1.2664207317701135,-0.001477797494802833
-10.145588738550915,-17.435403943751922,-41.97047630866563,-4.527500693266001,-1.273928129146417,-0.0014690555335311625
-10.2021701623098,-17.449426499428522,-42.00745647110021,-4.545542008132264,-1.2848188367088489,-0.0014665821971433228
-10.261372760378272,-17.462289307320717,-42.04739004907653,-4.5645669963694155,-1.2960376131687945,-0.0014644310941977947
-10.321711119848441,-17.474952037689036,-42.088186556436135,-4.583928879655264,-1.3074363021263378,-0.0014623103326425696
-10.365330696913357,-17.498872866830485,-42.105040837026436,-4.5959363278753464,-1.3172106597549942,-0.0014567988619740258
-10.51865116984836,-17.45296396536223,-42.27342494678315,-4.65500643369638,-1.3381385142264914,-0.001472074907119349
-10.627259057252306,-17.436366417423297,-42.37850655605945,-4.694544247973967,-1.3546674437238562,-0.0014784592465789668
-10.693438785357467,-17.44755902198615,-42.42379503598852,-4.715618246344222,-1.36699700031852,-0.0014764946480429963
-10.77637523190321,-17.448578231820985,-42.49144865441869,-4.743707446087452,-1.3810964247854154,-0.0014774976463105462
-10.853060401510733,-17.45418238421712,-42.54954961532211,-4.768911850944306,-1.3946441600131756,-0.0014770783475822535
-10.907763130560406,-17.47443306710076,-42.576443048186604,-4.784504840203232,-1.4060386898822395,-0.0014722879138439327
-10.934365178870866,-17.513213728399137,-42.5638780087785,-4.7879132880502935,-1.4146419172230438,-0.0014620328480043376
-10.961583515186607,-17.55212160626569,-42.55161061991429,-4.791473053769067,-1.4233517992964242,-0.001451766976660865
-10.96398027707237,-17.607415628101734,-42.5046680149297,-4.784317760236554,-1.4295803320881435,-0.0014367366923632554
-10.964530946770225,-17.6643792705082,-42.45481085338656,-4.776305216533126,-1.4356469926477464,-0.0014212892705456027
-10.970913095722706,-17.71810573812023,-42.41258722416626,-4.770712768472853,-1.4423318072650202,-0.00140685778580617
-11.033611782328526,-17.736380014493456,-42.44710093936236,-4.789029015037925,-1.454785835977941,-0.0014027814610790737
-11.039002522862098,-17.791783135888085,-42.40240330074916,-4.782783020803389,-1.461459558010303,-0.0013879215293792389
-11.014253081478422,-17.866898861400987,-42.316126567114935,-4.763651400820995,-1.4650814269062666,-0.0013674367723867271
-11.014993363546086,-17.926217395113948,-42.264468171384706,-4.755326093980828,-1.4713108594116158,-0.0013516268698898185
-11.021447188514603,-17.982377648981167,-42.22024629009387,-4.749360286588588,-1.4781450155161389,-0.0013368038686810168
-11.008239628477908,-18.051546728096245,-42.14886699169765,-4.734987779027582,-1.4829911345698914,-0.0013183218998502938
-11.010307306363305,-18.111452386405354,-42.09801741072157,-4.727045645228123,-1.489410160333895,-0.0013025953766108973
-11.0189399275511,-18.16765986252776,-42.05573255803132,-4.7218149993640965,-1.496520966574125,-0.0012880037370823765
-11.009273017821158,-18.23599048238992,-41.988232773967034,-4.708776057433206,-1.5017781997113415,-0.001270033019839655
-11.016971599288851,-18.293742509853455,-41.94400071728283,-4.703025100239366,-1.5088263713816712,-0.0012551674791105075
-11.047160559114973,-18.33768830086219,-41.92980852147944,-4.706681494144024,-1.5182052879407757,-0.001244281417549206
-11.049593135816906,-18.399772246037607,-41.87756358666699,-4.698529784705325,-1.5247684636251697,-0.0012283090352112986
-11.05445515826567,-18.460787136646008,-41.82825883199756,-4.69133681647586,-1.5315970914222798,-0.0012127224704016676
-11.079986729684858,-18.509165110481543,-41.80644985189131,-4.692762129126247,-1.5405699693750066,-0.0012007641670286613
-11.094772668835228,-18.564860441051987,-41.76966752233957,-4.6895674294019365,-1.5484676223033904,-0.0011868010762198118
-11.09521565391498,-18.630133092318722,-41.71318474257721,-4.6802713374562535,-1.5549095581832537,-0.0011702293100117607
-11.156286208474457,-18.657470415993625,-41.73774646807738,-4.6963107900922685,-1.5676173379114853,-0.0011643101578551773
-11.171128749556624,-18.714629223927496,-41.69956239289391,-4.692826731682475,-1.575609762666544,-0.0011500908944092735
-11.205606401951558,-18.75985163082397,-41.68722896000282,-4.697460627296033,-1.5856520286847462,-0.001139242990644212
-11.24385447767821,-18.803206569399595,-41.67934986792845,-4.703539617491206,-1.596119970529665,-0.0011289408556921152
-11.251477320085241,-18.86644202675648,-41.62998897799113,-4.696712971387424,-1.6034571912162554,-0.001113191062673461
-11.283406343377857,-18.91479819509139,-41.612655917497136,-4.699936730911644,-1.6133250716118723,-0.0011016089536977417
-11.336866873028686,-18.95007229465496,-41.62341114416961,-4.711992732669891,-1.6254564876897628,-0.0010936441870687005
-11.350945359549323,-19.010745904775224,-41.581097364454926,-4.707516022135323,-1.6335522778313172,-0.0010787460679121475
-11.374355854121669,-19.066019357814884,-41.55075448163065,-4.706826314738675,-1.642633559399913,-0.001065391739978642
-11.414117457564586,-19.111485318331844,-41.541585844816915,-4.712807824832872,-1.6534369168944956,-0.001054754567689183
-11.425857815081333,-19.175130926984423,-41.494722905561005,-4.707047628274795,-1.6613637691621537,-0.001039227401457468
-11.441973221548455,-19.236502149250963,-41.45325457864722,-4.703016692744075,-1.6697588294854806,-0.0010243959823057307
-11.47153765094852,-19.289896094340342,-41.42910461982248,-4.704450416870035,-1.6795699136807252,-0.0010117833387352831
-11.639304917186076,-19.256874339177166,-41.58641683955556,-4.762763440451444,-1.703805824017433,-0.0010223724964246712
-11.685263273026921,-19.301160389252864,-41.58181026120241,-4.770466684730687,-1.7154799934848375,-0.0010120820910563225
-11.81728541030555,-19.29192081247667,-41.689504559331255,-4.813415938373673,-1.736173482906751,-0.0010160610922351463
-11.861817805128716,-19.338303441981243,-41.68105546014278,-4.820059303963138,-1.7478405413836946,-0.0010051184766710934
-11.883818961211642,-19.399371394264804,-41.64243373164474,-4.817298615220533,-1.757190402116829,-0.0009903123190414017
-11.960064030920435,-19.42692965190343,-41.674213617910475,-4.836660819626935,-1.7722313536137209,-0.0009844137046341624
-11.98647832404832,-19.486322104551135,-41.640008980078235,-4.835394787974403,-1.7821195147275128,-0.0009701041423284022
-12.01636411392548,-19.544057762858372,-41.60980610207234,-4.835430544440031,-1.7923919460804298,-0.0009562912102044414
-12.09364700244758,-19.57264522436131,-41.640692941297125,-4.854687608553929,-1.8076554698067697,-0.0009501480703640336
-12.121722084701972,-19.632625607735154,-41.6067011804126,-4.853646477098047,-1.81781909200856,-0.0009357903624937236
-12.140255704134445,-19.69909364053782,-41.55980762646094,-4.848599748873416,-1.8270012535198064,-0.0009198115109058013
-12.217959836997807,-19.729091650163365,-41.5890479921587,-4.867509482426935,-1.8424113433355935,-0.0009133479246083216
-12.263134187372119,-19.78001361300931,-41.575263388194955,-4.872970229965719,-1.854462108134896,-0.0009014508814463295
-12.290943947992108,-19.8423259506868,-41.53838884763086,-4.8712274450490405,-1.864718582092323,-0.000886657302874496
-12.373260386437991,-19.87116396093402,-41.57117655245479,-4.8914302944120145,-1.8807320235071592,-0.000880500754914134
-12.42199145673046,-19.921557527233258,-41.55974324243572,-4.897798368855076,-1.8932695633782972,-0.0008687970743154831
-12.447917961111667,-19.986718552409513,-41.51831676379351,-4.894786290617853,-1.903436252151306,-0.0008533637673329177
-12.528009990528822,-20.018680795018938,-41.5457783290173,-4.913492997196635,-1.9193334616961428,-0.000846416889732545
-12.583076003612392,-20.066832865822843,-41.54020260679623,-4.921871381930489,-1.932647315924662,-0.0008353420556160176
-12.609390167656539,-20.133436511802472,-41.497129269545994,-4.918501341770078,-1.942959902870493,-0.0008196395486895745
-12.673310982673856,-20.17719748548389,-41.50147808805483,-4.9301078023651765,-1.9572627618706386,-0.0008097414795010676
-12.715777054917353,-20.234872910289276,-41.47765523829421,-4.932900781117776,-1.969338634951831,-0.0007963650084842854
-12.72434122971144,-20.31413746977793,-41.41011291114294,-4.921967240665864,-1.977847885967348,-0.0007776601043661597
-12.757439942864591,-20.37867685609598,-41.37334931653288,-4.92076685699182,-1.9889528384643689,-0.0007627272964621236
-12.811741704092414,-20.43061099131298,-41.362852023833526,-4.927891887277734,-2.0023226055836685,-0.0007509770468863377
-12.835532091788659,-20.50201285019995,-41.313037454834046,-4.922671667923315,-2.0124858091813906,-0.0007344566197665877
-12.861623452400622,-20.572505505111042,-41.26565698043466,-4.918257703702981,-2.022899068605707,-0.0007182499253070566
-12.907114550043431,-20.631519375395236,-41.242205369832604,-4.921433889392782,-2.0353820247960828,-0.0007049350985842821
-12.939146814661202,-20.69940537774485,-41.20116475620779,-4.919106818646016,-2.0464558894347107,-0.0006895056019037088
-12.952713730539118,-20.779222446213367,-41.13642868396339,-4.909339317121148,-2.0555737838442956,-0.000671258662311852
-12.993873348219942,-20.84250202000941,-41.10587828690025,-4.910400205405189,-2.067625698098102,-0.0006571256291401633
-13.0263153532301,-20.911701049008336,-41.06380878110731,-4.907867038318329,-2.0787648823380973,-0.0006416260943113347
-13.009634261546905,-20.963333414193595,-40.848685406794786,-4.836245257160495,-2.089745149286145,-0.000625035805905316
-13.012996858673091,-21.000916485952025,-40.65399847374266,-4.770743220933964,-2.1029649538538218,-0.0006119027883766877
-13.011037354798097,-21.044213956059316,-40.45747639814059,-4.705559181584031,-2.1152959801646145,-0.0005979343016743441
-12.988666388998501,-21.103424622927363,-40.24263871409005,-4.635736330515346,-2.125022927470033,-0.0005808319448510795
-13.05475926740107,-21.10429399126476,-40.12765789954372,-4.596493628232457,-2.1445465143852007,-0.0005773639178338676
-13.068040669348978,-21.143085918852265,-39.9583745902589,-4.541832467331,-2.157839034293942,-0.000565697398549556
-13.044693425409752,-21.208640567349143,-39.75286867973964,-4.477087580406146,-2.1667061792073428,-0.0005484650714187782
-13.07230368247336,-21.241235979174043,-39.60570309176027,-4.430446187869865,-2.18113040444547,-0.000539033710027083
-13.069973752668918,-21.295929115148155,-39.42928117709495,-4.375742251391572,-2.1919136095458307,-0.0005250752242376019
-13.056681476189086,-21.359709340675803,-39.24421118680931,-4.319086327331087,-2.2012067155475212,-0.0005095333442315849
-13.084847873850235,-21.39686417166774,-39.10642005456825,-4.2771586011001785,-2.21501123448628,-0.0005002634619715867
-13.07336026994693,-21.462539888562517,-38.92896587103287,-4.223966928000756,-2.224072283156756,-0.00048510742941956103
-13.083100333072306,-21.51525513197521,-38.77686099979111,-4.17890137241906,-2.2353444271487537,-0.000473184696327845
-13.148807793353138,-21.531399900948852,-38.686402076602796,-4.152806733245183,-2.2528424304832444,-0.00046953846325396945
-13.154661127526678,-21.5896702472147,-38.53460044281226,-4.10889833734519,-2.2633132476515136,-0.00045706246170359245
-13.158882981210775,-21.650400948625677,-38.3834353872283,-4.065664004170387,-2.2734026471488,-0.00044442159132550014
-13.235388005377349,-21.663388013611005,-38.31028015987365,-4.046242046503844,-2.2916217467065696,-0.00044232877369116384
-13.244846371391922,-21.723234489314905,-38.168413822489086,-4.006725216805426,-2.3019931076217532,-0.00043048565374568853
-13.261662406357912,-21.779330732910438,-38.036258968956396,-3.9705390057277197,-2.3130361899747887,-0.000419774619041339
-13.311634497590816,-21.81416236853089,-37.94041568313282,-3.945638087181556,-2.3277383319640825,-0.00041385766056106175
-13.342862632545156,-21.86292535563091,-37.82656869015886,-3.9157479950096,-2.340142547228798,-0.0004052668629316015
-13.387006363111974,-21.9041051721955,-37.72760998670317,-3.890698775784747,-2.3538932768863243,-0.0003985368294035993
-13.424037839095384,-21.951256675741668,-37.62265976327369,-3.864220813077198,-2.3666906353356856,-0.00039081570172156614
-13.467324290828794,-21.995286899925098,-37.525474238352125,-3.8404191712569906,-2.38007834502255,-0.00038399852852954064
-13.491814277184554,-22.053132699415098,-37.410266136972844,-3.8115450844555503,-2.391165070820142,-0.00037458264907366546
-13.525355070200686,-22.10589182013425,-37.305662280888455,-3.786162682932818,-2.4031635532884543,-0.00036648495683854436
-13.576805265453016,-22.147561334951227,-37.22047130160521,-3.7669080852170103,-2.4171123624885116,-0.00036090102953670225
-13.592495971625828,-22.21443298983782,-37.09995989216639,-3.7373420057464912,-2.4268037963472784,-0.0003504213682713164
-13.707977042075653,-22.21480380475177,-37.081598158023624,-3.738724722878443,-2.44794657893158,-0.00035364637435618743
-13.793090505557695,-22.236767543919342,-37.032667328523154,-3.7312280311996084,-2.4655111418309574,-0.0003526123624580457
-13.82957073974219,-22.292586826691117,-36.935243707024895,-3.7094312581774496,-2.477348901580633,-0.000344947923057563
-13.84889172376392,-22.360902498028647,-36.82154186137296,-3.6829760552215527,-2.487080429892418,-0.00033503032133004465
-13.8994567292296,-22.40899331699791,-36.740087498720925,-3.6664358183143047,-2.5003278252308623,-0.00032938245665781586
-13.94466897455698,-22.46158624932302,-36.65394335794443,-3.648706907422364,-2.512858015697063,-0.0003230461118938557
-13.968228738687976,-22.52964492397154,-36.54698709317704,-3.6249221848396203,-2.5227684256781115,-0.0003138827278630916
-14.049437174765421,-22.55964750797709,-36.49790785984602,-3.6187505069793513,-2.539291740571365,-0.00031239622973604523
-14.102615286867005,-22.609423561626173,-36.42133724423455,-3.6045088659249305,-2.55248093533578,-0.00030719811621083377
-14.125535250608328,-22.6804055283104,-36.31548949672391,-3.5816299992669594,-2.5620529797085387,-0.000298082755903646
-14.187022043676299,-22.726171796625792,-36.248188766869575,-3.5705274659515704,-2.576025843205732,-0.0002940609534734084
-14.235192608871142,-22.78170395914852,-36.168161471180014,-3.5557596920285874,-2.588368443702437,-0.0002883311776578811
-14.270615378146555,-22.846579290268174,-36.07613805376067,-3.537529201062563,-2.5991373018045234,-0.00028100666643411524
-14.330024282464853,-22.896049485719935,-36.007905466598466,-3.526617880682805,-2.6126231771087056,-0.0002768136900917739
-14.360689416367077,-22.965600544336862,-35.912096315605496,-3.5075294698872925,-2.6226719368866744,-0.0002689893882819199
-14.390333461500584,-23.036530562139486,-35.81584193986767,-3.488428789064634,-2.632509324482827,-0.00026111917952112776
-14.448122174324467,-23.089228212001608,-35.74713425310382,-3.477764553407022,-2.645555961159718,-0.00025687160139308354
-14.518013562175767,-23.13450799676602,-35.69014934835738,-3.4707688054235497,-2.659955008138061,-0.00025416205443204004
-14.563906316623857,-23.196617360176095,-35.61023842563281,-3.456968713810747,-2.6714798833050293,-0.0002484679798466994
-14.65731287641012,-23.227508511103686,-35.57573521294411,-3.4570077689844885,-2.6885108703188934,-0.000248705532953881
-14.711542528178132,-23.285415084385697,-35.50373036881512,-3.445830015669456,-2.7009013621265625,-0.00024407306667021439
-14.760396107038495,-23.34758613714979,-35.42674167703158,-3.4332429411078405,-2.712593584166355,-0.00023882005166982225
-14.86939891217286,-23.3700806762635,-35.40649179112473,-3.4379274004761813,-2.731292365593225,-0.0002409433705165522
-14.894913495428632,-23.449244487315262,-35.307295082907245,-3.4188203013344003,-2.740142596100965,-0.00023287340892828214
-14.948153956272886,-23.51042081013349,-35.23441249085616,-3.4077527088224624,-2.752172053484246,-0.000228247200030027
-15.075992312068914,-23.522275109271618,-35.23103700127471,-3.4178367241373486,-2.772926768524635,-0.00023260959789810263
-15.137815408997461,-23.579043249272516,-35.165432130990304,-3.4091684288214283,-2.7858943078895906,-0.00022898492272382647
-15.202304862088226,-23.634645152269798,-35.10217438641432,-3.4012869688503615,-2.7991205072001217,-0.00022570450213456247
-15.360019416930882,-23.62852563551304,-35.124678193857115,-3.4195119048667326,-2.8232926196444277,-0.00023345249266717085
-15.438027227237118,-23.676447197154566,-35.07257002772971,-3.4152076588566103,-2.8380741276174564,-0.00023167164380887362
-15.497785773231335,-23.737185701296404,-35.00337946702862,-3.4057864524419488,-2.8506582976073815,-0.00022775707713337568
-15.658900447672453,-23.730820909233334,-35.026482181888994,-3.424475499124382,-2.87516158224556,-0.00023565835668012342
-15.735193027837013,-23.7818351081034,-34.97100015199689,-3.4193894982266952,-2.889659858088716,-0.00023358466239557262
-15.807418820495137,-23.836166549109258,-34.9114366063932,-3.4131228983315083,-2.9036344959805676,-0.00023104903918450117
-15.924335055331719,-23.861279332430755,-34.89184707019346,-3.4190778039462586,-2.9228503546795332,-0.00023364134848394229
-16.01079195915355,-23.907362699712447,-34.84391432655255,-3.416484581895764,-2.9384492676084384,-0.00023269349153749153
-16.08434430253108,-23.962650694788053,-34.78385324551104,-3.410255092596862,-2.95248565387947,-0.0002302735478907976
-16.20879856967354,-23.984605978169473,-34.768829849669416,-3.417798686858431,-2.972506773035007,-0.00023360223223291017
-16.297671195534207,-24.030915468671342,-34.72106959465896,-3.415439191271598,-2.988305221231747,-0.00023286065419635861
-16.3498189974264,-24.102262980823095,-34.64013211797124,-3.403010280699979,-2.9997178048902233,-0.00022801381811379028
-16.47875182045341,-24.123048679658726,-34.62685278890258,-3.4112545587393974,-3.0201756391829595,-0.00023174108270279236
-16.56030514185412,-24.175998324860902,-34.57071459143809,-3.406486409149486,-3.0350095900852403,-0.0002301548105277151
-16.613317292629354,-24.248487586631423,-34.48900203606448,-3.393944320328501,-3.0464186428132924,-0.00022544244762602098
-16.752488881200875,-24.26424063429571,-34.482360898324124,-3.4043643430589023,-3.067996103979929,-0.00023019531527509104
-16.812161483865143,-24.333454766106854,-34.405212288951525,-3.393298491682323,-3.0801366946903426,-0.00022621350681120792
-16.970568816838927,-24.337638596884865,-34.41338030455167,-3.408352051479945,-3.10395084729749,-0.00023294636593269847
-17.09862660253257,-24.36265139518803,-34.393737013216544,-3.4149774099720895,-3.1241747205466908,-0.00023628270887066265
-17.16823613373201,-24.427065396152397,-34.32259855595369,-3.4058934515625987,-3.137445452990196,-0.00023329535992805658
-17.24849285872512,-24.484944931342497,-34.26015674948464,-3.399491801786688,-3.1519343656174277,-0.00023147471183985674
-17.30010310046972,-24.56234754594768,-34.17267517374854,-3.385436995024781,-3.162976141110034,-0.00022663922350018906
-17.366711504923458,-24.630298715390698,-34.09775783165009,-3.375236828075635,-3.1757417118616367,-0.0002234508171897612
-17.423023161654324,-24.705573008401963,-34.01371601138345,-3.3622463168701797,-3.1872320537830774,-0.0002192260606420599
-17.451726146114822,-24.799600090332728,-33.906100900904015,-3.342018041789631,-3.195379156162382,-0.00021218692469286642
-17.498713818160716,-24.881959339009164,-33.813972534402694,-3.3265264516641784,-3.2056270517679923,-0.00020715269583380434
-17.56228405488245,-24.953810847102325,-33.735602939215596,-3.3152548644575957,-3.217786190419959,-0.00020390479279788616
-17.617657352571296,-25.031561155497627,-33.65003341173947,-3.3017701776913064,-3.2289167744620215,-0.00019986430204504597
-17.70404851332498,-25.089286697637988,-33.590007253985064,-3.2961398672646416,-3.243684983368795,-0.00019904977856703595
-17.744474381941718,-25.177875417208856,-33.49124562203414,-3.278598090284365,-3.2529386028051297,-0.00019357978925726473
-17.760114376138464,-25.28324636389162,-33.37198509111006,-3.2547205971383404,-3.2591699157101472,-0.0001856975586652185
-17.817445943418488,-25.361494504081502,-33.28727506412499,-3.2414532466136246,-3.2702870990510156,-0.00018213365262798433
-17.848218652922466,-25.457700242905602,-33.18055155449214,-3.221385901277708,-3.278180770010629,-0.00017597618355600877
-17.865656539438753,-25.563086542616368,-33.06304029062295,-3.197957617286035,-3.2844099344334583,-0.00016859874508710513
-17.936523925868997,-25.63364930291408,-32.98919592920749,-3.187970624414275,-3.2969295846566826,-0.0001666302132069044
-17.999302326242308,-25.70999858136729,-32.908361429613386,-3.175820390165804,-3.3084364230408783,-0.00016390188729351095
-18.075801010440376,-25.777763895632308,-32.83824745605186,-3.1669738176047386,-3.3215272316159954,-0.00016256553133760544
-18.16931401415401,-25.834806616612386,-32.78127118093779,-3.162190075847418,-3.3366041046111086,-0.00016291194435432357
-18.231757356135464,-25.91276706413407,-32.698711322327114,-3.149497997476272,-3.3479386421543333,-0.00016024901802450233
-18.320909456309018,-25.973614386591475,-32.63709024149675,-3.1432768648754195,-3.362407607076258,-0.0001602100444543552
-18.412631771661726,-26.033256128580646,-32.576823274019745,-3.1374807811355816,-3.377146224989705,-0.00016042477690351084
-18.49169407170281,-26.101691328479745,-32.50584042944356,-3.128368048881067,-3.3903371532723745,-0.0001594364957547938
-18.55179152097131,-26.1830243587992,-32.419395040837415,-3.114452859878905,-3.4012189311534886,-0.00015667477995466212
-18.62616841968344,-26.25541261139426,-32.34384871915051,-3.103901594728053,-3.4137497917930744,-0.00015531679548071522
-18.695269932849236,-26.331700011707582,-32.26371005665086,-3.091913650334768,-3.4256028326821037,-0.00015349709602452622
-18.74826305519539,-26.418966668820445,-32.17065243352661,-3.0758943704076502,-3.435480378776081,-0.00015021528208557775
-18.84970950249065,-26.47490818509377,-32.11490565396382,-3.071453812364415,-3.4510853943772766,-0.00015150335725517752
-18.922145279802443,-26.550317907660993,-32.03597119730998,-3.0598041655013946,-3.4631924490914945,-0.00015010138849262103
-18.994448813348598,-26.626241010753596,-31.956496864858494,-3.0479715969029355,-3.4752338461040053,-0.00014872512610353028
-19.079958114361762,-26.693956383898566,-31.88668156358029,-3.039134201691243,-3.4888031056898456,-0.00014859545823308392
-19.15995859643675,-26.765717909032674,-31.812066181550453,-3.028793794940747,-3.501671570861987,-0.00014798255874462143
-19.234833942967924,-26.841259670986698,-31.733036627361813,-3.0170646455094428,-3.5138814325747787,-0.00014693270582716926
-19.336958002907394,-26.899440106741046,-31.674113458365035,-3.0115996764404107,-3.5292984046560663,-0.00014837345773208017
-19.41878481642593,-26.971332603212296,-31.599116282931373,-3.0011163171271678,-3.5422558962627666,-0.00014798914614705944
-19.49495444647762,-27.047343271276745,-31.519341904433077,-2.98912718239374,-3.5544912274822282,-0.00014712610465220037
-19.59804754017912,-27.10622797464838,-31.459165267670887,-2.9832549417015093,-3.569894838874609,-0.00014868690231513085
-19.691443952516433,-27.17189553938067,-31.390971609981158,-2.9748762266541524,-3.5841051937458666,-0.00014938667888861324
-19.760978870455506,-27.25354032749385,-31.30446156896317,-2.9607525848528473,-3.595423212091811,-0.00014800059974606365
-19.845745888888757,-27.325672098996158,-31.228794108231114,-2.950005300290966,-3.6085073391840337,-0.00014799151752127612
-19.954068296546406,-27.382912978523414,-31.16981660023533,-2.944484139993799,-3.624360798034906,-0.00015005451966246375
-20.02516152287615,-27.46481568839861,-31.082812626523328,-2.93016638165538,-3.6357317993419915,-0.00014888661317223506
-20.339456425635653,-27.389157747999647,-31.172024946021494,-2.971213152854053,-3.6761140674289154,-0.00016869964376936975
-20.544645035636044,-27.38521073713069,-31.178712666601626,-2.986478203326536,-3.7035385665154563,-0.00017886614587180164
-20.67007158726161,-27.433681235091,-31.12582032795026,-2.983073706231432,-3.7214494178471127,-0.0001820928873157725
-20.76041106025544,-27.50540911796388,-31.046692034088338,-2.9714223107366258,-3.7351402560178935,-0.00018231699236355493
-20.828406267314943,-27.592049440422578,-30.95100683634204,-2.954539071390914,-3.746114063654036,-0.00018067857877955624
-20.895497713100134,-27.67965772081915,-30.854369615017408,-2.9373238562209236,-3.756920251314903,-0.0001790184843195688
-20.971927000297605,-27.76159860041907,-30.764043163985654,-2.922068286408234,-3.768781753910928,-0.00017819390739341422
-21.03901583618791,-27.84997665054575,-30.66672927379305,-2.9045793538276374,-3.7794719652716093,-0.00017663564466093818
-21.124189404352098,-27.92703187933281,-30.58180928662448,-2.8909757742667197,-3.7922617408674237,-0.0001766287012421458
-21.209073647098148,-28.004680315050262,-30.496169375623634,-2.877125423979882,-3.8049657120182285,-0.00017662915566337946
-21.30620007914521,-28.074824356453007,-30.41852400911137,-2.865787486119027,-3.81908001475573,-0.0001776640916964524
-21.398634325877428,-28.14842349642956,-30.33696682099091,-2.8531999990014962,-3.8325884057966606,-0.00017833270762761572
-21.48866227526809,-28.223988951183422,-30.253154674108142,-2.8398830429806807,-3.8457610361971453,-0.00017882897338472142
-21.584015029422225,-28.296527117698194,-30.172430466104537,-2.827529797333187,-3.859519297204639,-0.0001797812539356129
-21.684553557152835,-28.36613824352514,-30.094617009152504,-2.816088938367976,-3.87384890341739,-0.0001811697746763331
-21.789903525102126,-28.433073889006494,-30.019380127916936,-2.8054590309702703,-3.8887073544375386,-0.00018295641089336872
-21.869898920573505,-28.51676181266468,-29.926258827088947,-2.789132329174118,-3.900496858911595,-0.0001827353101124053
-21.977817653991995,-28.582860657925117,-29.851519817660737,-2.7786337128694827,-3.915561349281072,-0.00018476443292184922
-22.089918500400913,-28.64670226218898,-29.778809964271208,-2.7687788057677976,-3.931081866904718,-0.00018712880841254838
-22.166584571098124,-28.733752412950494,-29.681660827376422,-2.75112591657269,-3.942334811260818,-0.0001867183187179925
-22.291388109673445,-28.790248102329873,-29.616107018635702,-2.7435312103200244,-3.9592688708225614,-0.00019010729330778367
-22.394674904716208,-28.861014759473512,-29.535365944326834,-2.7310928754392707,-3.9736017285409093,-0.00019181374343047768
-22.469601277143763,-28.950386087372053,-29.43530065362114,-2.712463604590046,-3.984507060098305,-0.0001913445869344929
-22.569648074438774,-29.0240016653698,-29.351369202463637,-2.698965280341344,-3.9983452254740546,-0.00019285507529052023
-22.64346766649989,-29.11482091845917,-29.249733282433766,-2.679780548104181,-4.009009266997586,-0.00019237891610766458
-22.727556036903582,-29.19940493758623,-29.15447994736348,-2.6626062967645776,-4.020834691721195,-0.00019273518319464438
-22.826687328916833,-29.274721370959313,-29.068525734409572,-2.6483896071539186,-4.034394541295484,-0.0001942695466100565
-22.946038514947233,-29.337494535846524,-28.994952674591225,-2.6381368096911375,-4.050311661434191,-0.0001973492711359159
-23.056745453244552,-29.406222889868324,-28.91499681363139,-2.625834577830694,-4.065158466003762,-0.00019977853416749028
-23.15957559605288,-29.480391782683274,-28.82929431104891,-2.611677517969428,-4.0790220489233775,-0.00020162857088664642
-23.235203787786617,-29.57231588463035,-28.725754096081694,-2.591760310119663,-4.0895992604082325,-0.00020147587752841005
-23.36321188767485,-29.630634102404215,-28.653847865882852,-2.581938212277241,-4.106384129232673,-0.0002052659482722853
-23.02699389325619,-29.97917716194327,-28.276940916359788,-2.4728286122976018,-4.06840130522001,-0.0001751062618603773
-22.686483950527194,-30.330077353081776,-27.903122404376518,-2.3643424648118763,-4.02963026973767,-0.0001451764059256732
-22.41466832312493,-30.636316139268764,-27.576670084836724,-2.270729248744808,-3.9987872715775468,-0.00012081390192472734
-22.138770079260773,-30.944867352968306,-27.25256294268928,-2.1775568135015204,-3.9672188851154977,-9.661422338170847e-05
-21.86208888860648,-31.25358347410483,-26.93283627528064,-2.085477210852768,-3.9353212248664726,-7.281501921688953e-05
-21.593044119872516,-31.55703390147999,-26.622509547307104,-1.9961101858445605,-3.9041025046487055,-5.001754035626015e-05
-21.362179297938642,-31.835591227406063,-26.339549402669583,-1.9152698691341004,-3.8772127836509167,-3.039757968816506e-05
-21.12256814788064,-32.11947366573599,-26.055629882419726,-1.8338370114204998,-3.849075845903312,-1.0541856792812841e-05
-20.85902318979074,-32.41839998300296,-25.76197598415915,-1.7489615323124856,-3.8178815776306547,1.0624944392226329e-05
-20.629187918830375,-32.69530550293634,-25.49259382621183,-1.6716374056092083,-3.7904940843802972,2.8994598523335356e-05
-20.407823567422916,-32.96644583733118,-25.23226306563211,-1.5969656106732093,-3.763923333793232,4.6397989492820135e-05
-20.16773162147733,-33.24926883216029,-24.96513418954321,-1.5198100019086667,-3.7349367953843795,6.476141238146303e-05
-19.961864095101262,-33.50978065177313,-24.721882183773317,-1.4501202550299181,-3.70983607401977,8.036707360599345e-05
-19.77874954563598,-33.75539748059986,-24.495375104864564,-1.3856151154303593,-3.6872720523221365,9.406312461703518e-05
-19.68054300023858,-33.94635828020658,-24.320484829364183,-1.337677189414277,-3.674652676506555,0.00010158061206721637
-19.534110958641644,-34.168063213698034,-24.120667445736366,-1.2814491759360864,-3.656174076063147,0.00011220822229152942
-19.39281248392727,-34.3862546450226,-23.92664510612919,-1.2269025849665125,-3.638167093982135,0.00012222791512465133
-19.214711616914368,-34.62775434189278,-23.71491936335869,-1.1663677331141755,-3.615650805966304,0.00013451532300200422
-19.037979483602673,-34.868069024312334,-23.50725588885946,-1.106921066478217,-3.5931517597264517,0.00014643371294630238
-18.87836751294067,-35.09712866727659,-23.312303827166513,-1.051396282774042,-3.572544871102428,0.00015692321843433318
-18.712472662910876,-35.32991003791534,-23.11692563066176,-0.9955087174484305,-3.5510595223334174,0.00016758694372731524
-18.577733570685925,-35.54249143115681,-22.941628435446027,-0.9459792352765826,-3.533141313557118,0.00017590929897312832
-18.435152894026217,-35.75981881794882,-22.764733829031762,-0.8957253133401457,-3.514175124035531,0.0001845374445239461
-18.27685861365471,-35.9868872152686,-22.58210584334195,-0.8433791130897712,-3.4932271300894513,0.00019398998871427784
-18.216362293916916,-36.15129180563907,-22.454852927320612,-0.8090344727076229,-3.4837567343330322,0.00019673378849050663
-18.127442810789994,-36.33367544406128,-22.314075277686012,-0.7701044885348767,-3.470833821918412,0.00020120979629125417
-18.02751298335001,-36.522877141160805,-22.169449158905806,-0.7297483031110816,-3.456514897958714,0.00020624487572278792
-17.962914293586305,-36.689362858012984,-22.045560775655296,-0.6960718838742941,-3.4462883197140277,0.0002087994468499984
-17.86213025772269,-36.878716400861656,-21.904352858731166,-0.6565364357737729,-3.431698122523404,0.00021357231521981662
-17.767406526449168,-37.063978858306406,-21.768399394,-0.6185710184644424,-3.4177359700752388,0.0002177873403650751
-17.73156709009787,-37.211573011661834,-21.664947008640617,-0.5912103472920891,-3.410656006242516,0.00021804390678412697
-17.71021160860787,-37.349842236261814,-21.57017910137206,-0.5666236615468923,-3.4052256824947857,0.0002172625965200323
-17.786570854536592,-37.42593978816155,-21.526452024548107,-0.5588927034884401,-3.4112909273594765,0.00021013224357073227
-17.844339458764992,-37.51392906513219,-21.473021199104906,-0.5479365434543042,-3.4151351847931206,0.0002041717333891681
-17.83055568411152,-37.64738366100008,-21.383395421011397,-0.5249158881231688,-3.4104967399910224,0.00020272398621548035
-17.883309263960196,-37.73852577551543,-21.32812293019756,-0.5132545086758413,-3.4136632018759037,0.0001969846197901231
-17.868020007741517,-37.87285161555111,-21.238892916806265,-0.4902411164624305,-3.4087677870846997,0.00019549668955967856
-17.792192080192756,-38.04545033732147,-21.120499256658327,-0.4573967601979989,-3.396678367008692,0.0001977213261824157
-17.819942154910507,-38.15218540389008,-21.054914313670057,-0.44206261983602246,-3.3967359977141505,0.00019334996697923127
-17.81643108866275,-38.2786898613528,-20.974327980577755,-0.4216576244243697,-3.393072916746154,0.0001908739744788903
-17.759716560373988,-38.438784474339045,-20.868518543351996,-0.392718208111821,-3.383096281224043,0.0001916227844643125
-18.015801027109596,-38.40070275598053,-20.91575537421756,-0.4150137135102825,-3.409903513385333,0.0001729633007105158
-18.218645427284535,-38.3966860557942,-20.934760125571835,-0.42799662019520035,-3.430477983590023,0.00015768985412382963
-18.35046652455077,-38.437869757879675,-20.917864990305198,-0.42902207138721415,-3.4427120236484345,0.00014683751063581665
-18.578963380250016,-38.41807354932261,-20.945967033608355,-0.4452553245932154,-3.466314787924572,0.0001301126124369135
-18.655532761004807,-38.49462067100419,-20.900030766158764,-0.4366610777106139,-3.4720769814862034,0.0001227011222723125
-18.795786780016158,-38.530968252499406,-20.883716241912705,-0.438063708292896,-3.485303099846157,0.00011141826869432307
-18.894179980829833,-38.59390465415224,-20.846762421197123,-0.43254320969407667,-3.4936084747033433,0.00010268113767643518
-18.93008951960466,-38.696359508939146,-20.78025006271148,-0.4170285301387109,-3.4945615776696672,9.76891670528422e-05
-19.082780938538548,-38.72506597003756,-20.767777713058507,-0.4197852601728185,-3.5091888814423653,8.566665243320135e-05
-19.158889339366585,-38.80224973997345,-20.7189769799524,-0.4102770772156812,-3.514831497383381,7.823398534307485e-05
-19.323093452513174,-38.82389709280011,-20.70997383918774,-0.41428626372705235,-3.530782729412147,6.555080058403416e-05
-19.548623722468463,-38.80705956574337,-20.727309956391995,-0.42733781143290095,-3.553923714136451,4.9273440324630104e-05
-19.574899762259882,-38.91607975288136,-20.65298462167644,-0.4092884167072546,-3.553739277892763,4.479995095101473e-05
-19.60497466167736,-39.022627267777324,-20.580671718007032,-0.3918627536084065,-3.5539641546071086,4.004774740828403e-05
-19.53486183004419,-39.1921883490908,-20.464184694541444,-0.35928129473366566,-3.5424296551519925,4.109996847937046e-05
-19.423188335287136,-39.387644182795654,-20.330859328113455,-0.32077605857355307,-3.5259751730915587,4.4461482586243644e-05
-19.281945431975846,-39.601357263670785,-20.186555505680637,-0.2783050139206016,-3.5059963860726917,4.9405343139680236e-05
-19.11638768408308,-39.82995533481517,-20.033984735686108,-0.23276354388041431,-3.483103742360709,5.560713370655891e-05
-18.973143738218614,-40.04407126901498,-19.893659284188885,-0.19117312393901553,-3.4627405905056348,6.036459726142612e-05
-18.86421859282584,-40.236207541314016,-19.770396644671433,-0.15522170713319827,-3.446314125766622,6.300900796572634e-05
-18.714248503161073,-40.45376781032019,-19.63149461722684,-0.11368163592251657,-3.4250399721223834,6.78801450051909e-05
-18.576562900174586,-40.66318115565403,-19.500169455018472,-0.07451728127411661,-3.4051311541291467,7.191023213068404e-05
-18.48176272133799,-40.91842504206007,-19.42766180256045,-0.04745499968341571,-3.390908277944661,7.29386628466396e-05
-18.327842613928727,-41.620505215171946,-19.547901588800276,-0.041979514642483284,-3.3739364256817104,7.48312638960369e-05
-18.158467487294573,-42.30713165936806,-19.651120434236518,-0.0330304788533895,-3.3548505561591573,7.789386243010661e-05
-18.050654957547536,-42.96425348466399,-19.78739806892505,-0.03421245107497217,-3.3429582231696244,7.757236276402259e-05
-18.123649308861893,-43.57094423432728,-20.033002182773398,-0.0662166588322819,-3.3526752449483337,6.692752028164996e-05
-18.056205762692738,-44.21589533737255,-20.247483630401135,-0.09873677478158882,-3.342861251455615,6.56853416295155e-05
-18.012616104469544,-44.84819849108,-20.487536992187152,-0.1411832923699876,-3.335176683178466,6.373040637190642e-05
-17.92682551777036,-45.470665723945004,-20.687795671696463,-0.1729939136179155,-3.322523634607537,6.466954043305883e-05
-17.815616499949808,-46.08105363025914,-20.860983870572944,-0.1977568104416383,-3.3068709723805125,6.747879810136041e-05
-17.752650224919947,-46.66931517543628,-21.05983971672413,-0.23037946432431955,-3.296893019016887,6.792980364667538e-05
-17.67248772319254,-47.245438205041474,-21.238052311589186,-0.2577342961199287,-3.2848936280611465,6.975880672262987e-05
-17.56875397427211,-47.8106284141321,-21.391664128628797,-0.27868600447059144,-3.2701185409438893,7.328766234750722e-05
-17.495401328887457,-48.35807266151098,-21.559235842366903,-0.3041134211302956,-3.258908932483108,7.544076141168209e-05
-17.42673861765944,-48.89182642420364,-21.72274267461067,-0.3289033168786575,-3.248251022899932,7.767376878699857e-05
-17.310821469668145,-49.41889137812683,-21.846008652327846,-0.3428291873268172,-3.2320430224459087,8.287576622438617e-05
-17.21845233595716,-49.93062275598749,-21.97941985246394,-0.36009293833133516,-3.2185883511184037,8.703891855274147e-05
-17.131838766940113,-50.42978014160519,-22.110588828499903,-0.37718253404588253,-3.2058041339962853,9.116106889796928e-05
-17.038846676383415,-50.918233464517066,-22.231266586264603,-0.39175759019716505,-3.1922686554184585,9.590503804259107e-05
-17.092861733882796,-51.37899797777369,-22.44877439860509,-0.43401796098185397,-3.1959565841866016,9.27948867637334e-05
-17.16408572477522,-51.82812739989011,-22.67157037920061,-0.47815878793279376,-3.2016945148196236,8.91071617421809e-05
-17.109801586485503,-52.281324650500274,-22.800469433105185,-0.49627656134556375,-3.192779595858448,9.266385858662937e-05
-17.07859215759274,-52.72241780348711,-22.940142012908606,-0.5177955074352756,-3.1865681998728883,9.520478918325597e-05
-17.053086679450505,-53.15370459313452,-23.078554159258104,-0.5393181360641566,-3.1810338263004043,9.768796572638944e-05
-16.995720509934692,-53.57920908666718,-23.189857909682374,-0.5535770925614409,-3.1717885829787145,0.00010214582764297
-16.92831868916144,-53.99690082621962,-23.289671765338362,-0.5649478475434866,-3.161374707006111,0.00010735292250625143
-16.879190518248606,-54.40441761549698,-23.39785168765867,-0.5789865580465587,-3.1530935893232175,0.00011176179448421166
-16.84901636548789,-54.80216143944425,-23.51489291883814,-0.595816676378421,-3.147027858929932,0.00011534502441473955
-16.780891073774566,-55.19540996381216,-23.601614587784823,-0.6044550254185008,-3.136549449606627,0.00012116106588810499
-16.724805869010286,-55.580002072187256,-23.69294188338151,-0.6146711784094805,-3.127473539356705,0.00012649088058215357
-16.67004390125669,-55.957150860773595,-23.781576100664147,-0.6244119771176253,-3.1185550133498694,0.00013190854762966235
-16.658936489831092,-56.323920078872575,-23.896707632641153,-0.6418240233422519,-3.114717557669053,0.00013516068496863216
-16.632771367582787,-56.68521445807732,-23.997883428577865,-0.6555910384767558,-3.109144312832239,0.00013938992567694305
-16.567540393062746,-57.04279684377198,-24.068980295239726,-0.6612086113381883,-3.0990438754788685,0.00014583793095933128
-16.517405527240875,-57.392937346923524,-24.14750447893761,-0.669138280101405,-3.0906968599096962,0.0001516096064725899
-16.500919621881515,-57.73481237341643,-24.246114986380803,-0.6828965663316131,-3.086258021124447,0.0001557414705588156
-16.43758627593879,-58.073797906710475,-24.30981045036895,-0.687147048304328,-3.0764010358464806,0.00016246462142692017
-16.37196105291957,-58.407114236250365,-24.369461194451247,-0.6904875421369914,-3.066280146439435,0.0001694041140339304
-16.35480872493347,-58.732169483986354,-24.45969794800277,-0.7025457791375489,-3.0617723487573483,0.00017391733542523728
-16.328969550388226,-59.05252670004473,-24.541427599840745,-0.7124335782165474,-3.0562720799021643,0.00017900430875831738
-16.27205432643546,-59.369370157156055,-24.599678922460267,-0.7159870511553095,-3.047189218703481,0.00018580377860783165
-16.240207004456245,-59.68004560464637,-24.672831519757356,-0.7238646610031587,-3.041006066677592,0.00019139288451648073
-16.21453529773907,-59.985745102595345,-24.748003355203046,-0.7324790362616578,-3.0355450739818575,0.0001967595411472062
-16.16633887408161,-60.28781497279715,-24.805876610262455,-0.7364657155221224,-3.027495406093073,0.00020336963589951307
-16.2640346149809,-60.58009751173438,-24.96026641050321,-0.7673647656770242,-3.03627449904455,0.00020262579941548217
-16.232910398970198,-60.873197300096734,-25.025069996930302,-0.7735915230181405,-3.0302469459240386,0.00020860538833512136
-16.238462958734864,-61.16110536731021,-25.112783819921333,-0.786309604926974,-3.0284519687718805,0.00021280440597586765
-16.3773527107771,-61.44170808425181,-25.28810961203572,-0.8233936255281731,-3.0420192708633698,0.00021038635210432547
-16.364907359507633,-61.72314245132509,-25.359031571662484,-0.8317366486917035,-3.0382281113619114,0.000215779326323452
-16.338267851500333,-62.00131644897954,-25.418826244280318,-0.8371376542622992,-3.0328179149817065,0.00022195806865212627
-16.43487307553695,-62.27381345888846,-25.559684539478685,-0.865035410055415,-3.041572406989637,0.0002220478063489184
-16.400644077680802,-62.545558270345666,-25.61078633533046,-0.8682835636299235,-3.0353458269981983,0.00022880422860048437
-16.39490593964684,-62.81366231714832,-25.67970523767289,-0.8765610442222818,-3.032394416677704,0.00023419290962722243
-16.41345218237983,-63.078529131447695,-25.76346634246959,-0.8890356347042991,-3.0322400169727195,0.0002384474180409205
-16.36312952712753,-63.34098048928305,-25.79987663475361,-0.8885821746484508,-3.0242152195261522,0.0002461742702034654
-16.32949087510808,-63.6003021983894,-25.846505503703632,-0.8910493486413684,-3.0181038909964033,0.000253101958794979
-16.325714962907774,-63.856746194519694,-25.912030615316564,-0.8988132122558539,-3.015415973398024,0.000258600288532789
-16.31364182699859,-64.1105353446589,-25.97093114442434,-0.9048526167918656,-3.0117931776327924,0.0002645562519186605
-16.329371483449364,-64.36192854988872,-26.0472721636809,-0.9157706007686646,-3.0113584269589713,0.00026920531859567773
-16.356939517469343,-64.61111239626229,-26.13031030611334,-0.9286084370838552,-3.0122928568154843,0.00027334581129083424
-16.344185590315302,-64.85761335544792,-26.18549351655224,-0.9338911492530975,-3.0086470606308375,0.000279502440339555
-16.34245556807849,-65.10196459064039,-26.24713822461453,-0.9410258430688025,-3.0062695297333417,0.00028516308757293096
-16.325370984497187,-65.3438470484997,-26.297789143884764,-0.9452297925563398,-3.0021562923044387,0.0002915998551848112
-16.341534983779752,-65.58426022441141,-26.369670257624065,-0.9553165177057847,-3.001839088750279,0.00029647470568624573
-16.341615137649917,-65.82234995097645,-26.43006267903808,-0.9623319547663833,-2.999709184160764,0.0003021658504724192
-16.373037019200186,-66.05936749100883,-26.51035112853777,-0.97484804888578,-3.0011568444075802,0.0003064065959298087
-16.37056572622739,-66.29364600144122,-26.567445676565548,-0.9810948358671854,-2.998773603084544,0.0003123079443916047
-16.318605164807433,-66.52442167227846,-26.591413276808726,-0.9783738690030099,-2.990784076675172,0.0003205665033960292
-16.30677488198088,-66.7546221173044,-26.6414713195539,-0.9828339175271825,-2.987351375849985,0.0003269263486698738
-16.34643860984173,-66.98511351317417,-26.724786575046622,-0.9964097860866863,-2.9897692418234016,0.00033089615823228856
-16.320522647383278,-67.21139499162703,-26.764351556782163,-0.9981311740423,-2.9847773769790353,0.00033797834163860413
-16.327770298585023,-67.43747113315291,-26.82528827538634,-1.005723038521385,-2.9835494512983116,0.00034352193133345757
-16.346733713350705,-67.66264219758904,-26.893360813317102,-1.015304155080363,-2.983662426267707,0.0003485510047936129
-16.318344741914455,-67.88400204638695,-26.9299578621012,-1.0163875115892504,-2.978437669342874,0.0003557966338306521
-16.361076423063576,-68.10768076627119,-27.012723511530474,-1.030049364795505,-2.981258360715526,0.00035977092524212617
-16.367060091601488,-68.32811768147198,-27.070879305085676,-1.0370772871839886,-2.9799508099911614,0.0003654784496992571
-16.33705266387413,-68.54508216633317,-27.105225113269217,-1.0377001406740607,-2.974595837351174,0.0003728449927712153
-16.365724166443147,-68.76434429178678,-27.177611010091955,-1.0486689516501966,-2.9758664192357656,0.0003775344781701746
-16.34269567165825,-68.97908945413039,-27.215923833386878,-1.0504579513893708,-2.9713289621116004,0.0003845982259532739
-16.307320852177615,-69.19165301374781,-27.246112807643943,-1.050097855953248,-2.965409725614401,0.00039220801429678913
-16.33365948488811,-69.40734742319748,-27.316304350446718,-1.0605881566217983,-2.966443178311443,0.0003970252421680534
-16.32480546144546,-69.61941938995896,-27.363296285848115,-1.0648495263310132,-2.9635366314671074,0.00040344655152241965
-16.269086205567,-69.82668336698065,-27.379816334834963,-1.0609335174274075,-2.9553738232188955,0.00041195421628367735
-16.27274181932081,-70.0374256370375,-27.434909993162968,-1.0674607003136125,-2.9538830739665425,0.0004177828168225021
-16.259174770796957,-70.24572492220761,-27.47868515257371,-1.070974169546249,-2.950473134590248,0.0004243799772424303
-16.278539697927346,-70.45584832473573,-27.54365181140164,-1.0802258285592443,-2.950768177410367,0.00042951734508200505
-16.72867018877133,-70.70426851437787,-27.886209268314467,-1.1641144379343313,-2.9993710976175585,0.0004157690668244464
-17.183989464304453,-70.95529721361791,-28.22927618298044,-1.2480184337378208,-3.0486570253443124,0.0004021841123069043
-17.403889584725245,-71.18534811236583,-28.417747659598557,-1.2903334622824827,-3.0716855932593115,0.0003992453894878584
-17.762883285656397,-71.43025728046193,-28.694535528300456,-1.3562604876268838,-3.110331952912136,0.00039045847787302207
-17.955251534820903,-71.6592471320918,-28.861860509817518,-1.3927852583512013,-3.130426644067044,0.00038917933955728655
-18.232589512110497,-71.89811488441873,-29.08284546625082,-1.44360962837785,-3.16006433825005,0.00038440168954237706
-18.606673229231763,-72.14914958174278,-29.364611761849446,-1.51058607855874,-3.200570522088157,0.00037570707623025125
-18.723335303377425,-72.3722021939739,-29.478658389417365,-1.5326836917996733,-3.212427969957403,0.000378324850967795
-18.793429653153645,-72.58996498982611,-29.562274689390954,-1.5466345401500252,-3.2191227710341495,0.0003830140957393818
-18.814738793442768,-72.8017477913321,-29.614354643271064,-1.5521653949834398,-3.2204020314033963,0.00038981945983557003
-18.92853385443802,-73.02490177812663,-29.725993644803893,-1.5735448096306481,-3.231996201824467,0.0003927255306943377
-18.97332034406064,-73.23946364868958,-29.7929120779592,-1.5829968907248881,-3.2359388465491734,0.00039861816879447313
-18.896616221717935,-73.43786454963112,-29.781888061458766,-1.5717270328737996,-3.2263833528095702,0.00040962242184012734
-18.979262466164908,-73.65702337834301,-29.873824963620564,-1.5878177707782382,-3.2345372157695977,0.00041389762781115954
-18.971705313376443,-73.86384789631478,-29.90775267544918,-1.5884963729476944,-3.2326938425146983,0.0004219755615038438
-18.879623638427937,-74.05833461661356,-29.887898601436547,-1.5749254200408738,-3.221473260704186,0.0004335263479778915
-18.89339052241985,-74.26726080211316,-29.936667420137415,-1.5795587673573155,-3.221988228723269,0.00044061816460047625
-18.927718900276275,-74.47899345794582,-29.998821698501093,-1.5877314940807095,-3.2247944223440164,0.00044686036966960844
-18.847100651063037,-74.67329089766785,-29.98759901315892,-1.5764971026142187,-3.2148789219355676,0.0004578103387282299
-18.849401914821517,-74.87957218815544,-30.0301589271665,-1.5794983507691405,-3.2141392024165216,0.0004652967628345189
-18.84332421668479,-75.08426074319033,-30.067675291832625,-1.5811706063870345,-3.2124816009410915,0.00047310506295176384
-18.76614535732649,-75.27725723376578,-30.06017619271492,-1.5709771795611054,-3.202968809366149,0.00048375643444249826
-18.847981805533617,-75.49544102799008,-30.154875062985393,-1.5877402745708502,-3.2110245417263723,0.000487931388042391
-18.85438429351352,-75.70131210448557,-30.201337155747872,-1.591779959061225,-3.2107733046395057,0.0004951746063038187
-18.75690462406669,-75.88938647148987,-30.181910272289027,-1.5784897345521622,-3.199066515534936,0.0005065395208754475
-18.699672857716205,-76.08356943718564,-30.189011736679124,-1.5722080062809518,-3.1917901945901996,0.0005162006598736434
-18.615743349787778,-76.27248938094895,-30.17978473090514,-1.5616618939868885,-3.1815697454146097,0.0005268435196033364
-18.280354300638955,-76.46526581184226,-30.117031644883212,-1.535501563916456,-3.1404219207667303,0.000445090095367841
-17.620284336875137,-76.69114231173991,-30.04663071229904,-1.5044149864305913,-3.057554385930071,0.0002802446680041448
-16.964641027612736,-76.90914417729961,-29.966431058202634,-1.4710908129082472,-2.9756884183116674,0.00032719220326517164
-16.30939842039723,-77.11797742806007,-29.87316657673055,-1.4346955277931606,-2.894417075396731,0.00037305885528626564
-15.706647035166698,-77.33633051014225,-29.818431440326883,-1.4084533060621973,-2.818894865437579,0.0004159136273188488
-15.113257794121782,-77.54936994232706,-29.76029722710704,-1.3815971830706169,-2.7448192912055838,0.0004574444192827738
-14.554100899119662,-77.76651111336962,-29.7237956442626,-1.360525631839333,-2.6746343882793715,0.0004967566632411415
-14.251255016618035,-78.07275047224915,-29.92994553618422,-1.4016530414900241,-2.6303097781281144,0.0005257155987342446
-14.023238581090599,-78.4034286250822,-30.199697706384732,-1.4590570908219211,-2.593886744924689,0.000551323482491955
-13.76169269817499,-78.717322303634,-30.425298981596452,-1.5052195943179032,-2.554649599309795,0.0005776482184015488
-13.360192159394018,-78.97035684085122,-30.499438936815967,-1.5128954903114704,-2.502091740855469,0.0006085299616153759
-12.874151555426566,-79.18236286539104,-30.47779622175353,-1.4963759240652583,-2.441643128916134,0.0006417964524340707
-12.462950483437686,-79.41870831666836,-30.522465415392634,-1.4968776412450924,-2.3889431745895298,0.0006716093323347063
-12.055712024263597,-79.65057438139587,-30.56172588210078,-1.4961561306407718,-2.337023547846918,0.0007006164711071995
-11.592854638691737,-79.8520145231881,-30.534761222438984,-1.4788167743638247,-2.28002998441389,0.0007309597651093406
-11.231675517523234,-80.0917512278954,-30.603687203466578,-1.4859164174135593,-2.233334390937142,0.0007569913026922461
-10.807820069869493,-80.2976360222523,-30.599224206975023,-1.4746000967071058,-2.1808686914891013,0.0007846603654244883
-10.361552256401872,-80.48684227892655,-30.56316886240804,-1.4554808500634266,-2.126543169244648,0.000812479572079923
-9.997892161491919,-80.70799397084615,-30.605255875495374,-1.4562463030650086,-2.080574648367877,0.0008367523166195353
-9.865470521019914,-80.43610428218385,-30.465757544056686,-1.5320220310323744,-2.138114548547055,0.021270557051102004
-14.879296003133264,-71.45496620125238,-27.83303738419625,-3.2496325744010415,-4.251375399840394,0.432066472726889
-16.816099919731077,-67.64807087871012,-26.840419287502893,-4.083897112010938,-5.104487053551288,0.6148332201073919
-16.254765350444494,-68.11456886311359,-26.915335360582734,-4.0002748855547825,-4.976369514898908,0.5996738181845748
-15.621595522836751,-68.6636908080027,-26.988790158108262,-3.890505570623299,-4.826052570366165,0.5802485197876842
-15.101550910566068,-69.1990171583057,-27.129863296976783,-3.8127845760245562,-4.696953442074439,0.5634702545808841
-14.564768606223572,-69.70580487885017,-27.23533944748447,-3.7303623035461784,-4.5693793786318695,0.5474528821018487
-14.00933251997995,-70.18266083254312,-27.303397066006475,-3.6427056798243167,-4.443058873935267,0.5321706461314295
-13.525111432126948,-70.67858203693115,-27.43230654058485,-3.5740925527574525,-4.326340595610631,0.5175645855449907
-13.007774575502834,-71.13998137365462,-27.510557767530784,-3.496155020332912,-4.208946941748925,0.5035430068771916
-12.500707557377584,-71.59073744548662,-27.58601911165603,-3.420680878801428,-4.0948556784184325,0.4900670752694722
-12.090200235375177,-72.0807922418079,-27.75444851879842,-3.371230914384953,-3.99202361257565,0.4770822580798374
-11.624886943111568,-72.52755758585104,-27.85107246387195,-3.306289648348132,-3.8858320240950475,0.46450262244233254
-11.27998140568115,-73.0318982774771,-28.07006578184862,-3.2740720804266754,-3.7927113072345535,0.45231009863103117
-10.86579874808725,-73.4865318845691,-28.202594548062173,-3.222196911168066,-3.694519301515357,0.4404180039053861
-10.417738351457835,-73.91060291436447,-28.287667232739743,-3.1604434797597656,-3.5945977989645286,0.4288278676498396
-10.05395265354132,-74.3754231269397,-28.458202148320748,-3.1217071772366864,-3.503933264860948,0.4175284400591855
-9.664670607829427,-74.81651469084228,-28.591894877153674,-3.07534164129989,-3.4120643396457737,0.4064564063094766
-9.21161941072574,-75.20911545809577,-28.645197060620923,-3.010596379822823,-3.315409125869522,0.3956021675731585
-8.869427122494969,-75.66270806732926,-28.816884910762635,-2.976622841394862,-3.230176870992902,0.3849736149480075
-8.519805594934041,-76.10518140887588,-28.973465360665518,-2.940058141249017,-3.145165968350243,0.37450133306776556
-8.113680839232462,-76.50420226007688,-29.058492068160845,-2.886961673019959,-3.055809773013233,0.36417032351526774
-7.818444316032412,-76.96837953093745,-29.264601522702712,-2.865073604935953,-2.977697642364067,0.3540405787403885
-7.495473046938166,-77.4113982195304,-29.434486291804216,-2.8347137787826475,-2.8974852746862476,0.3439353022873835
-7.109941413630482,-77.80744919134285,-29.526457945383356,-2.7858850516150366,-2.812105533222354,0.3338858682957264
-6.7708874784789,-78.2301586211725,-29.66795597084994,-2.7500311434500744,-2.731609606364975,0.32392188375726244
-6.448398163199347,-78.6596672526993,-29.82415514785924,-2.718553497456183,-2.653244921055022,0.31403636904477716
-6.074872783086173,-79.04806291436246,-29.914994493968926,-2.6718044698311685,-2.5708168614226024,0.3042131123431416
-5.772603869024027,-79.48289547309776,-30.086301531864294,-2.645486584746903,-2.4954359975573768,0.29446368995974487
-5.466594808827826,-79.91166754796993,-30.249328723338813,-2.617684587038057,-2.420173872512816,0.2847477440163434
-5.098981501370047,-80.290777197373,-30.33404536058404,-2.571333223599236,-2.3398011695265426,0.2750584533456503
-4.79962025897123,-80.7187285615877,-30.49879882481455,-2.54478177434198,-2.265844624412948,0.2653552115444725
-4.452920138830845,-81.10547440792708,-30.601216520371146,-2.5038502623557166,-2.1882241172773487,0.2557235302497535
-4.095980865100669,-81.47952154765088,-30.687020333013425,-2.4595277718877613,-2.1101612487279544,0.2461336949257921
-3.8053209334061235,-81.90493081497034,-30.85316525656716,-2.4346810943007773,-2.0380678449067875,0.2364670022401801
-3.4962984341682293,-82.31077079303685,-30.992146948634343,-2.404063396288848,-1.9649333754785192,0.22688054006191785
-3.1679523018218227,-82.69269265636072,-31.10067102331031,-2.367436888416351,-1.8910096473868205,0.21747462905167972
-2.86336047609096,-83.08090709651682,-31.22930685526582,-2.3378428475317063,-1.8207459527671495,0.2084119715937651
-2.5642119621501416,-83.45985266179093,-31.354742635860177,-2.3097678365594043,-1.7525805312213063,0.1997167192508682
-2.245132635136374,-83.80824114979778,-31.445014994358175,-2.275445036666105,-1.6842034709358011,0.19137486386566946
-1.9770732356394871,-84.18732554866811,-31.59121152512159,-2.2567137428651254,-1.6217770124541637,0.18336902916445644
-1.6981697924400079,-84.54452235935253,-31.714404312273647,-2.2344903595521375,-1.5598280656066392,0.1756882954649689
-1.4244787277687831,-84.89405424470229,-31.83555353377554,-2.213744650347334,-1.4997032021374184,0.16831883113704552
-1.1802433173307694,-85.25831383528484,-31.986685359557832,-2.202070939830601,-1.4434586214949026,0.16124698286003042
-0.9232157925371124,-85.59971573954051,-32.112901984014364,-2.186235376626932,-1.3873720071460975,0.15446255792759853
-0.7010211330134616,-85.96245922192193,-32.27731080811155,-2.181267509532989,-1.3355201415436666,0.1479518530290304
-0.6473009387599564,-86.47486373441465,-32.65918263929599,-2.2298170810659004,-1.2993943913378716,0.14169785563364323
-0.5528193622827404,-86.94270390880922,-32.980988648525184,-2.265452442093138,-1.260897428541327,0.13569928537479617
-0.45750401209366454,-87.40371634313183,-33.296310995302335,-2.3009234218868952,-1.223420704521978,0.12994410575877102
-0.3949956877221651,-87.89183764380478,-33.65153519038332,-2.3471885310572578,-1.1898012034752752,0.12442099699392381
-0.2582949521640116,-88.30027654227467,-33.9000791934329,-2.36937831922466,-1.1508556805677816,0.11912531948935336
-0.17670657804153042,-88.75940757474481,-34.22038817522912,-2.40981866370842,-1.1175659068419839,0.11404221003478716
-0.020325854732479547,-89.1357723677832,-34.43178702455839,-2.425643883379085,-1.0788561568993027,0.10916882494968247
0.12482171396749639,-89.51787352891682,-34.65437407843571,-2.445290557850844,-1.0419846325651978,0.10449293414322425
0.2562362085398949,-89.90920526279697,-34.892230613535546,-2.4696569758672826,-1.007125279924019,0.1000064401707748
0.42014663286025805,-90.25975503917824,-35.0794267277105,-2.483149766915518,-0.9703509770587245,0.09570375030575196
0.5660802090889431,-90.62464788432041,-35.2885266676935,-2.5028475931023983,-0.9358707453348668,0.09157521620412218
0.7345541181737485,-90.9589151147876,-35.46093752898604,-2.514918489936252,-0.9002597550619478,0.08761560296236558
0.8795909257898823,-91.3147411509893,-35.66404368503328,-2.535167835690933,-0.867328471996295,0.08381605055914285
0.9747357979798537,-91.7246439661568,-35.93809208797944,-2.57294468730263,-0.8392445650255109,0.08016888605393431
1.1212288255011413,-92.07064859269515,-36.132754814064604,-2.592961963317153,-0.8075739554829997,0.07667245433004657
1.2695027576559899,-92.41036080109076,-36.32177004009994,-2.6124994611709136,-0.7763979083815726,0.07331849184504279
1.4461897629310647,-92.71102227268486,-36.46453598162522,-2.6220561161472835,-0.7434957714247071,0.07010244431479697
1.6125051132118444,-93.01983394569518,-36.620125379470586,-2.6354130345366165,-0.7120358575415494,0.0670170234089184
1.724455118906949,-93.39355518095232,-36.857454072305416,-2.668555963536132,-0.6855975554688712,0.06405496335588275
1.8950015749084972,-93.68929038391988,-37.001073300609136,-2.68059273520342,-0.654921358049324,0.06121631973775422
2.0554040902338917,-93.99422074285626,-37.15812224935705,-2.6964614483372973,-0.6255934007361352,0.05849306362910529
2.2164416485062524,-94.29467271383588,-37.311819344335014,-2.7122286745365667,-0.5967162480812199,0.05588101060407307
2.398160452589218,-94.5635186888089,-37.429900240932994,-2.7204033000965886,-0.5666482538759985,0.0533765731056309
2.51957589774171,-94.91139324785908,-37.64369196938471,-2.7513528647668197,-0.5419053948544349,0.05097176588130943
2.671838985143938,-95.2143505991663,-37.80557156252509,-2.770866247969083,-0.5151302892475657,0.048666627312221704
2.8348659427609513,-95.49921760819987,-37.94787600487109,-2.7864325808028827,-0.4879203965040636,0.046456250440987654
2.9526878250450648,-95.84661181340269,-38.164226272027584,-2.8196024469035113,-0.46472868619664853,0.04433428346703054
3.122658833894296,-96.11613676586705,-38.29152489496098,-2.832771525492852,-0.4377842037231753,0.04230152163947551
3.2891122385372125,-96.38785374248394,-38.42308701174313,-2.847444982282129,-0.41149557657439617,0.04035188358509178
3.4657260863841075,-96.64125525013361,-38.535483451893235,-2.8582249471122276,-0.38476669413325315,0.03848262605013964
3.655114277560576,-96.81702425108588,-38.56279261589774,-2.8500933745529187,-0.35876309168965614,0.036691125293609066
3.873444642296897,-96.66636728601691,-38.227832518335056,-2.7598594736502817,-0.33781837863467623,0.03497699960840298
4.127126176629361,-96.48910184531739,-37.866932365398455,-2.664179821194919,-0.31346001603550444,0.033334530713303105
4.375657416743619,-96.32654810148027,-37.52681848904771,-2.5737752944129157,-0.28940461447314664,0.031759208123396235
4.595238040168124,-96.20468769663893,-37.235603639437855,-2.4950212585485185,-0.2678383562566222,0.030247347670575398
4.849033948218148,-96.0538251386386,-36.91672159863934,-2.4104523674167573,-0.2429975267222625,0.028798917139743207
5.060544248895005,-95.95889796709645,-36.66242393648518,-2.341034976693736,-0.22186965114378565,0.02740828212318247
5.3035457107822594,-95.83609970559664,-36.38200321969602,-2.2661547308959205,-0.19773913030847726,0.02607605670222947
5.53178159954625,-95.73791491387414,-36.13180866305347,-2.198580268863066,-0.17482144311489076,0.024798032591626995
5.720891166567465,-95.69437122509649,-35.94255768552293,-2.1451773624634733,-0.1553381336939556,0.023571018383048942
5.9517298665515606,-95.60794268957733,-35.711787192662015,-2.0828384126885813,-0.1319572496171023,0.022396192161311994
6.173295642587795,-95.53956550278845,-35.50344005740564,-2.0259704672467436,-0.10930575970469047,0.02126941334793383
6.408705668396573,-95.45983740560463,-35.28719508858041,-1.967764938536312,-0.08529716198603343,0.020189667366142
6.641558592467273,-95.38882713417124,-35.08371614681514,-1.9128505069217925,-0.06141875273471992,0.01915439885439158
6.831598223493477,-95.38004284900155,-34.94631770270822,-1.8730670155266087,-0.04130917302032949,0.01816017259871999
7.060245567969413,-95.32562722763531,-34.76641921099157,-1.824207008036596,-0.01763702336180062,0.017208595631439984
7.283287206454102,-95.2836207588025,-34.60241371125319,-1.7792801708133954,0.0056157345224567,0.016296181180433786
7.493129365991537,-95.26488740938133,-34.46460524577086,-1.7405372792481306,0.02776213149724574,0.015421030318224985
7.713111885146796,-95.23645788346894,-34.320556966313724,-1.7007896064637822,0.050891156164324075,0.014582573499892818
7.908223147000346,-95.24885764423337,-34.21899569785466,-1.6707593242616925,0.07186341277418223,0.01377790697258491
8.177027038030044,-95.15544973137573,-34.019506699737015,-1.6195944338184982,0.099487075470577,0.013009666501554728
8.460125426959026,-95.040808986812,-33.80453063919762,-1.5655049773105003,0.12845756934591146,0.012274018591136757
8.729244801919574,-94.94741686159874,-33.61437576594538,-1.5173199151678216,0.15625059884998915,0.01156850027054578
9.007389010533366,-94.8393874141221,-33.41514798521236,-1.467617804356594,0.18490921176763933,0.010892820682213622
9.277518608446865,-94.74305140796645,-33.23149331728076,-1.4217743494166561,0.21291518329270087,0.010245081967244205
9.528394611949027,-94.67713248782007,-33.08031826167538,-1.3834334402127522,0.23926651656681733,0.009623683829579736
9.787490759995576,-94.59676353723177,-32.92004519990885,-1.3435432362930113,0.2663938890641324,0.009028671227063911
9.913084677978828,-94.74392293500267,-32.96981663155547,-1.3494373063891434,0.2817573495309922,0.008453147310899564
10.013042749296936,-94.94428148973796,-33.06775600829117,-1.3658415620716386,0.2948850979899701,0.007900619904329425
10.124168072045059,-95.13491494554097,-33.15664522811132,-1.3803710109110798,0.30901993650003245,0.0073716507962179835
10.346752927986348,-95.12800690155542,-33.07140808895607,-1.357727203266804,0.33296759988658164,0.006869493498470354
10.557638413658688,-95.14341511247459,-33.008747471220424,-1.3402388137585195,0.3559204297493359,0.006388038513227101
10.784474354851175,-95.12861191115798,-32.92255910179028,-1.3180465603605764,0.3802956094169786,0.005927595937960562
10.96108486806439,-95.21259021120945,-32.92466462297347,-1.3149507573533126,0.40031183825624655,0.005484539445627072
11.180717512677633,-95.21231900545973,-32.85634529035774,-1.2971531788226907,0.4240942767852643,0.005062054062416449
11.384894545429207,-95.24328764551397,-32.81744604452648,-1.285890871909002,0.44655393710655655,0.0046568718645883115
11.600880622114023,-95.24929244919042,-32.75989481387527,-1.2709739371158828,0.4700543538644779,0.004269437982481546
11.790043437185336,-95.3125520040115,-32.753051565713456,-1.2670253904923774,0.4912498941217373,0.003897386707475389
12.009370282768197,-95.30952070948933,-32.692978072234666,-1.2521454911707308,0.5150597927185219,0.003542521755287825
12.23519344884035,-95.28935353446678,-32.621529512586314,-1.235191769607375,0.5394404852902595,0.0032031617604130957
12.444520731685545,-95.3044129932512,-32.58198999286661,-1.2252228500308884,0.5624141769527929,0.0028776827240636588
12.638402883693292,-95.35450258655354,-32.57352159274163,-1.2220061089143686,0.5840712691532141,0.002565542402183582
12.856691023379991,-95.34387976594007,-32.51787397683778,-1.2092270032444024,0.6078165587756383,0.002267941087838521
13.071673600810605,-95.33771971276036,-32.46856148564963,-1.1980620636753074,0.6312829807303608,0.0019830944549161325
13.259236542090466,-95.3985118844789,-32.47547073396291,-1.1988147735875532,0.6524205999785467,0.0017093971584761299
13.476420272481555,-95.37976575547006,-32.42095870342081,-1.1871183564310845,0.6760644519549607,0.001448930371617169
13.68881888119808,-95.36885883613424,-32.37535349333507,-1.177552680428489,0.6993007065280786,0.0011996435041827461
13.877724835943992,-95.41845897188264,-32.37985020947757,-1.178558314262108,0.7205534945522887,0.0009602154636027395
14.088720420750002,-95.40240272816632,-32.33496089369761,-1.1696723091319337,0.7436518231925833,0.0007323148194053321
14.301949114928004,-95.37379740044165,-32.28288465854018,-1.1596013032325594,0.7669271173607585,0.0005145911420935842
14.490498405452097,-95.41282873542917,-32.285628333084276,-1.160996069885726,0.7881332796794046,0.00030536840031799076
14.683002407332337,-95.43592461537385,-32.27802974609759,-1.1605098099153137,0.8096545069699447,0.0001056139623470245
14.857876244103114,-95.51072739902108,-32.31184285880947,-1.1686560536713761,0.829702412837475,-8.608678919594632e-05
15.029425009388893,-95.5945673772859,-32.35391461708982,-1.1786510944715158,0.8494616295344246,-0.0002694064694089403
15.217222380638084,-95.62140332006555,-32.35437043898414,-1.18041571448068,0.8705371596282873,-0.0004437258514879288
15.412892326446578,-95.61529225808266,-32.33201959447889,-1.1778082221779034,0.8922358146753955,-0.0006097844594966752
15.600159301474287,-95.63199152458598,-32.32878897934525,-1.1792861288317682,0.9132291276189872,-0.0007687179999737114
15.786679815335768,-95.64494137726977,-32.324663227695645,-1.1808056260524342,0.9341386371204226,-0.0009204434363843685
15.980350999540962,-95.62329428468672,-32.296949067900016,-1.1778313892137935,0.9555981566259311,-0.0010648412092482459
16.162331419730986,-95.63845346180149,-32.29834553728166,-1.1809099248425414,0.9760926391474337,-0.0012031774877542243
16.34262153326296,-95.652918629492,-32.30101828216346,-1.184453746544512,0.9964235751920161,-0.001335196021493661
16.5259287184824,-95.64657645154284,-32.29037097211995,-1.1855624761905785,1.0169625034213334,-0.0014608984974939885
16.700126100878055,-95.67041449281919,-32.30336532861535,-1.1915748894589315,1.0367507474299889,-0.0015811976554455536
16.87399379946921,-95.68767328616383,-32.31323622181136,-1.1971630977408871,1.0564796157552672,-0.0016958475343437634
17.04456548031523,-95.71156149305469,-32.32944504436054,-1.204194921250536,1.0759169017180457,-0.0018052446163387096
17.196361262142563,-95.81869941604266,-32.40618978268055,-1.2233098929271558,1.0938725288327558,-0.0019105217782497584
17.35424065337856,-95.89232079403422,-32.46005263790327,-1.2380467274913736,1.1122638759614285,-0.0020104399257201452
17.515831761672267,-95.94076497884325,-32.49727632612108,-1.2496642794335466,1.130902169638541,-0.0021053290530150415
17.662007166744345,-96.06733647536099,-32.59018385951468,-1.2722940923872108,1.1483505018843192,-0.002196580113305853
17.82411031168721,-96.09992518837672,-32.61840468365076,-1.282422041548613,1.1669486382182315,-0.002282391859062769
17.985289501206744,-96.12823648485337,-32.64493794061306,-1.2923817260845953,1.1854361054485667,-0.0023640067503047763
18.14277451968964,-96.16935430571135,-32.681532554485806,-1.3044485217650377,1.2036114538623799,-0.002441784101302663
18.297981218025544,-96.215680863204,-32.7228200913389,-1.3175670523095047,1.221579410522257,-0.002515797704182971
18.450435076325927,-96.27140374494155,-32.771557947393234,-1.3322585940620009,1.2393085570746325,-0.00258624515381648
18.603148138939563,-96.31562028136369,-32.81347448597867,-1.3457666310939311,1.2570092145955383,-0.0026530567041718137
18.75328936627763,-96.36872249410305,-32.862392650023466,-1.3607499498682154,1.2744859680221305,-0.0027165920003565046
18.905221803136136,-96.39583629653644,-32.89483217900346,-1.3727060463504288,1.2920294953330045,-0.0027766385956823725
19.049884226248736,-96.47272947559796,-32.96154094820053,-1.3913384047247614,1.309046947536501,-0.0028340869851152402
19.194371050857548,-96.5421412848024,-33.02398365120436,-1.4092571046185984,1.326005244271019,-0.002888481803513845
19.33857256750709,-96.6036376252363,-33.08192882095698,-1.4264234426223696,1.3428936591865992,-0.002939947838971111
19.47483860558707,-96.7402058711836,-33.18992659923344,-1.4531651962163732,1.3592705753173704,-0.002989376260494458
19.602466160252938,-96.9817959844901,-33.366680800190316,-1.492917282638575,1.3751581466442042,-0.0030370996932062503
19.737548150566397,-97.14467981164012,-33.49166073004754,-1.5228760030101842,1.3914465033688512,-0.0030815193288523226
19.870701249898733,-97.34365063268918,-33.63988646045195,-1.5572044192889227,1.4076436316832233,-0.003123799279177684
20.004025248191297,-97.55777130391213,-33.79748601747617,-1.5932613837691108,1.4238733191841575,-0.0031638373363407912
20.14353169678509,-97.67406307504199,-33.89206549244046,-1.6175310984686266,1.4403298040957775,-0.0032007712657187715
20.27890805281023,-97.88382338399106,-34.04631007128985,-1.6529325587572403,1.4566802820191216,-0.0032363391451967843
20.41873760576092,-98.00152451521944,-34.14183384021334,-1.6774115811465746,1.4731176977108233,-0.003269066299965068
20.557265647329835,-98.16322344571907,-34.2652319535459,-1.7070766095691425,1.4895530416158256,-0.003300180549774707
20.697346167524202,-98.27516684937459,-34.357310191486455,-1.7309670507971204,1.5059477686850111,-0.003329004079386607
20.837241598157025,-98.3897044252262,-34.45118738809278,-1.7552230325116924,1.52231286768278,-0.0033560481995965705
20.9776214689323,-98.40617713315063,-34.484350385302236,-1.7683836570164733,1.5383912805754183,-0.0033806261965989848
21.11656513278707,-98.41682125207943,-34.514673266088266,-1.781128527354082,1.5543076288700512,-0.003403550025105754
21.25400958678935,-98.43013026248092,-34.547417835014635,-1.7944209100567683,1.5700832940486251,-0.0034249534175595947
21.38975725957924,-98.42666274546163,-34.57063040660738,-1.8060816485740014,1.5856383648050179,-0.00344476047354922
21.524038817102703,-98.43574115136391,-34.602330566218875,-1.8193946132094974,1.601087773088042,-0.003463250492071921
21.65685406320925,-98.44812957093953,-34.63678452385721,-1.8333076705218545,1.6164010112797684,-0.003480412940515506
21.787796758307884,-98.44869824509573,-34.66479139972562,-1.8461543196175834,1.6314927631419782,-0.003496199983235369
21.917551040078123,-98.46189215245472,-34.701165261531365,-1.8606115616775218,1.6465034322214696,-0.003510838010020784
22.04616575224962,-98.48350857659946,-34.74326590506631,-1.8761909473154859,1.661422954147912,-0.003524346171497668
22.174017899126678,-98.51809265075532,-34.79372792813429,-1.8933543911598782,1.6762992035989157,-0.003536801373679214
22.300077699302104,-98.54249185112438,-34.838647451470464,-1.9096024996169771,1.6909640855392873,-0.0035480972350834254
22.42523253777896,-98.5742358551432,-34.88848446379925,-1.9268074493220473,1.7055545200787643,-0.003558396687152163
22.5481683131128,-98.5915353924211,-34.93029626395782,-1.9426587952092076,1.7198813739738268,-0.00356760513449852
22.669544896156484,-98.60693136581331,-34.97155549211592,-1.9584931799130523,1.7340453755954464,-0.003575849145954734
22.792066860102747,-98.65542186200963,-35.03277410543958,-1.9779394953108742,1.7484031898679366,-0.0035833833583171397
22.910295584996565,-98.66517011960681,-35.071752659914594,-1.9935180682147329,1.762230612798947,-0.0035898041605796167
23.02898647759,-98.69667878051902,-35.12394626271846,-2.0115032650810853,1.7761540787113788,-0.003595521667664104
23.147516332810635,-98.73940211464522,-35.183074056111266,-2.0307706948487785,1.790081907969299,-0.003600502498309801
23.26434578190243,-98.7760662654841,-35.23907219314236,-2.049545653369905,1.8038187886504025,-0.0036046785305790838
23.376039592676854,-98.7752276147973,-35.27388908533206,-2.064677636129453,1.8169537483339826,-0.0036079083318255323
23.488958665350612,-98.79931692745484,-35.32353514531237,-2.0824731436829307,1.8302644020994745,-0.0036105846335256434
23.601015961660913,-98.82694444981058,-35.37561793639808,-2.100754367437237,1.84349180662388,-0.0036126119247138306
23.711657055912,-98.85303137413005,-35.42721171559273,-2.119008957135742,1.856569315746604,-0.0036139909967043277
23.822467902373397,-98.89008962126145,-35.48540352573521,-2.138462256828802,1.8696804551630233,-0.003614817268908631
23.934156514074008,-98.94199446094976,-35.552295695953894,-2.159465781272391,1.8829009308037576,-0.0036151344937310212
24.040533169393957,-98.96230136347673,-35.601650746723614,-2.177489358576228,1.8955216820077931,-0.003614723428534921
24.1491990753398,-99.00724335467848,-35.66518223117222,-2.19800218636364,1.908411706761411,-0.0036139063674517314
24.256200763779006,-99.04761530843439,-35.726407357568604,-2.2181592922118396,1.921118747099112,-0.0036125523236390867
24.36146716034248,-99.08334847177613,-35.78530489960087,-2.237959036458353,1.9336364957224965,-0.0036106853651395755
24.491252235801415,-99.27876697230555,-35.93301758164327,-2.2729303423906293,1.9488630880582167,-0.0036091333550945398
24.61426999711829,-99.42878155625635,-36.055186724728685,-2.3035046541095836,1.96330687328244,-0.0036068790347228335
24.739685374037123,-99.59110929201252,-36.18386271480959,-2.3351491164738087,1.9779834703915076,-0.0036042319281620674
24.865331796475555,-99.7521920475922,-36.31152254340907,-2.366580478957345,1.992653454527954,-0.00360114514197903
24.96797411991241,-99.7851700088877,-36.36888450045602,-2.386130167645229,2.0048123855857076,-0.0035970530988196528
25.073784991279457,-99.839972564752,-36.43832898786466,-2.4077419956583066,2.017311307125535,-0.0035926929565826
25.178825765884774,-99.89440183298383,-36.507676135328516,-2.429356068948843,2.02972234286547,-0.0035879761166693887
25.2785498760845,-99.92551077895747,-36.56451357943365,-2.448896722415168,2.0415617046349976,-0.0035828172996568283
25.37723693766686,-99.95607188966062,-36.62123848069075,-2.4684477878156663,2.053289935409576,-0.003577338049471964
25.480107406445626,-100.01116439161042,-36.691315857647744,-2.4902476304193186,2.0654584684285906,-0.003571662055415035
25.57457487700812,-100.02996066234537,-36.74203685161399,-2.5088503953879013,2.076735727381015,-0.0035655376779209404
25.701366923012518,-100.20153920800394,-36.87447596883279,-2.541004283433049,2.0914029271054275,-0.0035597855427476903
25.823010810551754,-100.34741428457065,-36.992848438408636,-2.570782714086761,2.1055011608737018,-0.0035536386644918158
25.926417848135795,-100.41216753776676,-37.06794051961134,-2.593400175552904,2.117674169670787,-0.003546889018836733
26.02926348891259,-100.47663212618633,-37.14288130373784,-2.6159951871841978,2.1297788953709254,-0.00353989602711084
26.130446981203164,-100.53617674483272,-37.215228205112815,-2.638167131697893,2.1417014072670053,-0.0035326529816288757
26.22334915650712,-100.56389566314027,-37.27088408450581,-2.6576176252412864,2.152759299227712,-0.0035250655675537457
26.334791663222905,-100.66960917529317,-37.367449282352695,-2.683746864741013,2.165723023541653,-0.0035175815527119865
26.453264137193784,-100.8032037929031,-37.478375064377474,-2.712183547400338,2.179391335634524,-0.00351000092852073
26.55144383467268,-100.85731441965554,-37.54772338465653,-2.7338486318033954,2.1909577668277858,-0.0035019176236077277
26.63893974557848,-100.87284519133257,-37.59708657278471,-2.7522871252764864,2.201422837528357,-0.003493511813648176
26.71345398641885,-100.46774311762849,-37.44470884539268,-2.7406364837093546,2.211769826357334,-0.003483583262261671
26.765550871946438,-99.5284662019528,-37.0352083690752,-2.6904477812195977,2.221319323129811,-0.003471813427411924
26.813429949943078,-98.62227151372606,-36.64137343975484,-2.642531043660431,2.2303558748677825,-0.003460095117755795
26.86426893441717,-97.7520022106388,-36.26555386166485,-2.5974044526104034,2.2396816593116644,-0.0034484514133549145
26.917083588070213,-96.91566145960806,-35.90659119431444,-2.5548637746258436,2.2491857697074327,-0.003436873562460215
26.96350092379991,-96.1076232062524,-35.56082353778265,-2.5142035745246387,2.2579432162566144,-0.0034253308104732023
27.012532520330925,-95.33146052479154,-35.23100000474392,-2.4760094063601583,2.266952373148589,-0.0034138493595692295
27.067788196475277,-94.5875820482144,-34.91758041545159,-2.440395662148287,2.2766078695133194,-0.0034024347969031405
27.12078678457266,-93.87067253528241,-34.61713615994208,-2.4067053958665396,2.28597665026163,-0.0033910587617533394
27.18153198041461,-93.18418276683384,-34.3321526035869,-2.3754495445009476,2.2961537222281594,-0.0033797445789477136
27.234539145555367,-92.52012475633958,-34.0574976883319,-2.345646826619131,2.3054468419257548,-0.0033684495053402453
27.288015456077808,-91.88123162431059,-33.79516488590132,-2.3177100683923726,2.3147544717394894,-0.0033571924887436924
27.34974308082874,-91.26960292542309,-33.54661560014168,-2.291933779207883,2.324920726682379,-0.0033459877862656528
27.40781269319745,-90.67941888948513,-33.30823953990401,-2.2676443520396297,2.3346519225982028,-0.0033348064337312654
27.45581714484726,-90.10759419368574,-33.07828259058955,-2.24453645345956,2.3432592666825385,-0.003323634870486286
27.503646780280345,-89.55718687765574,-32.85879909038131,-2.2230150489113014,2.351815278702626,-0.0033124920585953068
27.56629005282897,-89.03251020477595,-32.65244396247981,-2.203572480383123,2.3619322742410658,-0.0033014025680597843
27.61146973804424,-88.52156165198238,-32.45209453151072,-2.184923960749549,2.370137526349676,-0.003290307064794032
27.667781410322952,-88.0333170593342,-32.263157458197604,-2.168055991324073,2.3795048670913155,-0.003279253368305581
27.72095072552763,-87.56226972307194,-32.082455047665086,-2.1524081792543437,2.388502040631344,-0.0032682160100222664
27.781311426179403,-87.1108774801444,-31.911415532670592,-2.138233310967517,2.398234177633475,-0.0032572090946700535
27.825658321315935,-86.67161714200653,-31.745925352022887,-2.124840299074933,2.4062251156581644,-0.003246198202363899
27.886526951828085,-86.25327583012009,-31.590808605630222,-2.113041823109255,2.415944445949568,-0.003235227309318821
27.939243682380994,-85.84819139681692,-31.441954804746572,-2.1021597613059946,2.4247638612115514,-0.003224262024949663
27.985519329018068,-85.4564457792306,-31.299490963452136,-2.0922279034128697,2.432867992430277,-0.0032133007615624265
28.042824979873984,-85.08191767386509,-31.165365597426764,-2.08354597490372,2.442111727199781,-0.003202369821373968
28.09503877556666,-84.71993886366943,-31.037239574450194,-2.075754483156244,2.450785097073996,-0.003191446695433528
28.138443003903575,-84.36927360531158,-30.91457956331316,-2.068786343917153,2.458498026681853,-0.0031805273637606295
28.182007944703685,-84.03159112778505,-30.798181035654544,-2.0627558752419053,2.466199957916675,-0.0031696207823471672
28.221172062259495,-83.7054323061929,-30.687382904419394,-2.0575736036485894,2.473410751636323,-0.0031587219410796627
28.259144696308116,-83.39107096067664,-30.582294645347275,-2.053250977500665,2.4804696437442444,-0.003147833442020929
28.303089094750298,-83.08945495581244,-30.483239639007582,-2.0498102577875477,2.48812939762987,-0.003136960942108593
28.36184910135515,-82.8016302736833,-30.39047135333788,-2.0472416970085145,2.497315529664833,-0.0031261107310222667
28.41512574617694,-82.52321598452056,-30.302236351066917,-2.045354008518108,2.5058969730277147,-0.0031152653411257707
28.44990509811557,-82.25172134431216,-30.217720264864266,-2.0440989673186007,2.5125143760037387,-0.0031044149446750172
28.50843525949265,-81.9940320603295,-30.13912117438218,-2.0435907635123587,2.5215883845228806,-0.0030935906512416043
28.55981077804489,-81.7444419149374,-30.064498610447256,-2.043694361240257,2.5298861402594457,-0.0030827695646549963
28.60704957390142,-81.50318920627379,-29.993906177449677,-2.0444058907607388,2.537724675392882,-0.0030719537483933023
28.65355602581063,-81.27049090260732,-29.927341737190197,-2.045704817178577,2.5454599127392576,-0.0030611452886207405
28.706089599523906,-81.04693393886517,-29.86481571624079,-2.047541538444463,2.553795356005284,-0.0030503481137249292
28.74630932672991,-80.82972100678202,-29.805704074730226,-2.0499587711564238,2.5608237000468077,-0.003039551145621865
28.789969615518242,-80.62070014449395,-29.75026927733883,-2.052877780882192,2.568183794933554,-0.003028763430320511
28.850004848936088,-80.42099862083072,-29.698422320247808,-2.0561670517276456,2.5772161402848957,-0.003017991766199009
28.893591307168347,-80.22642512265682,-29.649637194175405,-2.06002742259405,2.5845163869832137,-0.003007218669579458
28.93356860036823,-80.03833423761355,-29.60400356167083,-2.0643668211663964,2.591417631117001,-0.0029964507900061355
28.98280552793145,-79.85778021071812,-29.56136198939672,-2.069036696486093,2.59925146374155,-0.002985694369380418
29.022770102790126,-79.68263670447813,-29.521646807498126,-2.0742062137901676,2.6061015310521194,-0.0029749406613152805
29.071379068270936,-79.51436501647567,-29.484587337899967,-2.0796528684118045,2.61381920394849,-0.0029641978303821415
29.121836287222536,-79.35202986156835,-29.450080191943655,-2.085425912639334,2.621701939833244,-0.0029534629126722334
29.16880222983051,-79.19496834792598,-29.418114127085666,-2.091581046125416,2.6291994173610664,-0.002942733705499007
29.214840342717462,-79.04319781908164,-29.388549234594983,-2.0980695734310126,2.6365764027431897,-0.0029320113272836715
29.266988640586842,-78.89697991413514,-29.36105895160401,-2.1047580692501207,2.644557075325824,-0.0029212986561788523
29.319030855093594,-78.75564196410889,-29.33569466145316,-2.1117241072989232,2.652501578558456,-0.0029105934367471293
29.364321674908666,-78.61862489694039,-29.312631734933518,-2.1190767914196664,2.6597277825456795,-0.002899893306545365
29.40987640660374,-78.48619504170183,-29.291538221124213,-2.126680453746097,2.6669568692185535,-0.002889200882605191
29.455018310023906,-78.35813707116974,-29.27235244116889,-2.1345335670353665,2.674119564208251,-0.0028785160793804217
29.49817304574269,-78.2342190620161,-29.25507377576126,-2.1426566485557172,2.6810548199093716,-0.002867838509854372
29.55038145741534,-78.114701783358,-29.239015984547493,-2.150795144956452,2.6888932760505067,-0.002857172038589981
29.602333457229925,-77.99900285711344,-29.224559833098827,-2.159129349420162,2.696681245965536,-0.002846513925957049
29.643476070441665,-77.88668499419364,-29.212302746791515,-2.1678996540349798,2.70334030700996,-0.002835860956631026
29.683683322487905,-77.77797158351646,-29.201616795399005,-2.1768744862021108,2.709880874448313,-0.0028252162295057453
29.730771276959718,-77.67287815672216,-29.19188692836304,-2.1858450797674926,2.717100996871002,-0.0028145823616075776
29.770290412973914,-77.57096879985856,-29.184044901161585,-2.195164433571345,2.7235259342708464,-0.0028039553272282826
29.817194881674006,-77.47236374427098,-29.176941206537315,-2.204434188737345,2.7306812249498735,-0.002793339648155285
29.867222287915244,-77.37681621894049,-29.17078483378184,-2.2137467317653425,2.7381317402600014,-0.0027827344759322374
29.90629091271031,-77.28413260391923,-29.166663878908956,-2.2234863339309965,2.7444437135386295,-0.002772136029152094
29.924757871699843,-77.19434134706383,-29.165453661157365,-2.233945920255818,2.748637806077383,-0.002761541475246612
29.971479172497364,-77.1073191379507,-29.162894150880447,-2.2436990462716526,2.7556840468715094,-0.002750964396855737
30.013950815536255,-77.02291828597062,-29.161698876961545,-2.2536743536717836,2.7622761995167573,-0.0027403967173104705
30.046106661221827,-76.94116001947552,-29.162431251144554,-2.264060180832315,2.76779894978089,-0.0027298368670023916
30.090552050830976,-76.86169386414838,-29.162900217914256,-2.2741480209708165,2.7745478228904394,-0.002719291053948303
30.13730879942041,-76.78448392078961,-29.163966951473704,-2.2842316548312964,2.7815093702902702,-0.002708757169044424
30.16834093859893,-76.70983261749265,-29.167442979567895,-2.2948959780750138,2.7868551658277454,-0.0026982306162434506
30.209893315336487,-76.63711852885616,-29.170604761420886,-2.305276383049042,2.7932460535998023,-0.0026877182859960406
30.2506727912091,-76.56648459872935,-29.1745634416479,-2.315735367993297,2.79953745390808,-0.0026772177330595718
30.28826040396664,-76.49793749660581,-29.1795542188395,-2.326351787978968,2.8054847649184866,-0.0026667285435831986
30.32475020492366,-76.43135393619797,-29.185320780583638,-2.337049970097146,2.811300245937421,-0.0026562514422189144
30.364548557904236,-76.36649293461382,-29.1913166460168,-2.3476665390430678,2.8174295678771,-0.0026457878439038233
30.394156891403785,-76.30383022584653,-29.19909512176578,-2.3586843447188697,2.8225085949449658,-0.0026353345175759045
30.42297863303647,-76.24296028921326,-29.207544787213507,-2.3697636778902362,2.8274880981109995,-0.002624893911315262
30.46960746876244,-76.1829073391741,-29.21432504032319,-2.3801993964969776,2.8342450674946393,-0.002614471263432356
30.504578120478513,-76.1249778160461,-29.223015427827747,-2.3910861194010358,2.839805171178578,-0.0026040595509027446
30.54644697373057,-76.06819254919093,-29.231268103949112,-2.401716465858398,2.846040819425829,-0.0025936636129972987
30.576298454537767,-76.01352920934336,-29.241490791728822,-2.4128183496644504,2.8510449525393695,-0.002583278875038458
30.60266710852168,-75.96051731060399,-29.252591863797612,-2.4240641991868745,2.8556785460722245,-0.0025729074924775138
30.627669072302545,-75.90899692981687,-29.26427803021196,-2.43536891827801,2.8601550849149175,-0.002562550202187869
30.653097204600535,-75.85880699706523,-29.27628379090036,-2.4466568508813147,2.864655229034829,-0.0025522077321831426
30.691460038098633,-75.8090241911442,-29.286831505484017,-2.457407696284133,2.870437469765487,-0.0025418837914604024
30.723988741788954,-75.76084239239054,-29.298482943629033,-2.468383054447545,2.8756133935517756,-0.0025315739595322246
30.76034741351376,-75.71354007750104,-29.30985697467332,-2.4791789870987846,2.8811549690389553,-0.0025212809515544033
30.80151888771095,-75.6669633280807,-29.320764890974193,-2.489745007537519,2.8871607217704813,-0.0025110054266872755
30.826306697285176,-75.62272657402677,-29.334293885721394,-2.500984276209295,2.8915015526832786,-0.0025007419353438574
30.856000866373748,-75.57916008440449,-29.347322266513366,-2.5119867707507324,2.8963160889599813,-0.0024904961087101373
30.89767736680573,-75.53558133736597,-29.358728553779695,-2.522432466983884,2.902314112739285,-0.00248027035812367
30.951387831593458,-75.4918513432109,-29.36841972003519,-2.532301717646949,2.90949999700841,-0.0024700653325290685
30.98194206511001,-75.45101386868888,-29.38178906984851,-2.5431540083417388,2.9143445131256263,-0.0024598717382890646
31.02488291584958,-75.40991726445488,-29.393343508144657,-2.5534053068379023,2.920411738394754,-0.002449699119202083
31.068004354309725,-75.36959341151767,-29.404945753194216,-2.563595908028702,2.926477983841842,-0.0024395446436254486
31.112600902745566,-75.3298814529001,-29.416369676355508,-2.573663207975159,2.932672949247397,-0.0024294089141529435
31.16011205033201,-75.29059462422089,-29.4273573618325,-2.5835360510848226,2.939140710454875,-0.002419292612607037
31.19382240922038,-75.25338998969305,-29.440630757138628,-2.593991772856575,2.944208359409693,-0.002409191239973211
31.229654163658587,-75.21667388554384,-29.45359442617189,-2.60429032759613,2.9494696499255513,-0.0023991092077590673
31.269394164835433,-75.18021224195522,-29.465924137687633,-2.6143421472033337,2.9551032036422202,-0.002389047338813665
31.31446602311145,-75.14379511587802,-29.47734643091237,-2.6240726993854966,2.9612511561929096,-0.0023790063948022386
31.35558045157203,-75.10839281504745,-29.489414884054053,-2.6339237632982666,2.966984969768732,-0.002368984026524781
31.394367465235206,-75.0738229046372,-29.501853559288328,-2.6438177212813057,2.972467763767523,-0.0023589808148382846
31.431912672274876,-75.03995190999186,-29.514471816604754,-2.6537015518834535,2.9778081388358304,-0.0023489972341213076
31.437728881213726,-75.01035413360387,-29.532631812693072,-2.6650820372814725,2.9799627780392264,-0.002339024394719659
31.465114052973757,-74.97883225607754,-29.546995997225316,-2.6753330428067095,2.9842522873247033,-0.0023290775958365395
31.495430399539103,-74.94749593978416,-29.560799939717114,-2.6853676697020052,2.9888162551687576,-0.0023191520985712806
31.509309205187858,-74.91870473536076,-29.57751852799649,-2.696159110005885,2.9917229607790237,-0.002309242348714675
31.544740372331308,-74.88776275742767,-29.590296271508706,-2.7057905766761157,2.9967608021885224,-0.0022993597016908165
31.572842415104382,-74.85820774453379,-29.604334136981844,-2.7157183529792945,3.0010502481366923,-0.002289496136025917
31.593790870059586,-74.83004430701382,-29.61962059386447,-2.725938235726864,3.004609202834069,-0.0022796517244449105
31.619574055395002,-74.80171991493148,-29.63394273269956,-2.7358342950221655,3.00863215720105,-0.0022698302101020066
31.654090515582816,-74.77266773590819,-29.646542030241598,-2.7451981340217975,3.0135071282547017,-0.0022600331552450714
31.66431941343556,-74.74729403902299,-29.663618628874794,-2.755751290215236,3.01594671360586,-0.0022502506872259056
31.683134966546184,-74.72121094799438,-29.678999815536557,-2.7657798284256274,3.019223563356454,-0.0022404927202673134
31.71460112425586,-74.69378827208604,-29.69186771767218,-2.775060466699103,3.0237416558708894,-0.0022307609845853686
30.872310586642655,-74.62689459682747,-29.742809754801037,-2.8010543950605937,2.9397881646120854,-0.0019728360531391983
29.912319490523938,-74.55419681248144,-29.797777491529025,-2.8289695662366072,2.8438695876553894,-0.0019145628223693457
28.989390643252964,-74.48347934075878,-29.850555356160086,-2.8559513418114206,2.75167607431922,-0.0019172245593688745
28.101452928771835,-74.42103676647328,-29.90636753944211,-2.8832135547262308,2.6630659943084334,-0.0019193942962326717
27.247671800215116,-74.36032666667873,-29.96008112694878,-2.9095949307400106,2.577892305304572,-0.0019210717327078916
26.42700599630452,-74.29777908510327,-30.00896536468761,-2.9344848409478,2.4960164377348772,-0.0019222669585725852
25.637346227732397,-74.24277944894642,-30.060709537343165,-2.9596608648523652,2.4173162166456117,-0.0019230363857145078
24.87816302173091,-74.18705158851749,-30.108779208565526,-2.9836385423842295,2.3416592958252487,-0.0019233707991005175
24.14856438375702,-74.1270345983801,-30.150442756448655,-3.005805391478618,2.2689226700333958,-0.0019232777686219692
23.44662934478549,-74.07167698733736,-30.19301375039803,-3.0278513447573188,2.1989985979171047,-0.0019228090796948637
22.771226270140524,-74.02131661458347,-30.236869436419624,-3.049874834262729,2.131776270865475,-0.001921984177813357
22.121491146520775,-73.97367250466738,-30.28028140263769,-3.0714910598502434,2.067147094053085,-0.0019208123826066233
21.496807725371195,-73.9240298073723,-30.319571659283508,-3.091868051421305,2.0050048214833986,-0.0019192938444924227
20.895807565269028,-73.87694054199389,-30.358492056788336,-3.1118770187353024,1.9452550236344626,-0.0019174609796800367
20.31782791645918,-73.82914439097192,-30.394524468245734,-3.130950929825234,1.8878005738984789,-0.001915317741551648
19.76189068784315,-73.78150908923163,-30.428457602858977,-3.1492806962983555,1.8325515669464325,-0.0019128820788450558
19.226826648723446,-73.7375889444813,-30.463222577003133,-3.167547845845701,1.779423774472415,-0.0019101805445403584
18.71198134334793,-73.69527976244993,-30.49721526205667,-3.185393478327412,1.7283317018829183,-0.0019072192173892615
18.216998580656764,-73.64931209588511,-30.526304210598312,-3.201879142651898,1.6791907563309263,-0.0019039928689763657
17.740363165233894,-73.60851994302311,-30.557628444216256,-3.218650254037823,1.631930938041023,-0.0019005444630439373
17.28265186037706,-73.55726708396679,-30.578773416992803,-3.2328683683902306,1.586465571126477,-0.0018968322131150607
16.841372877151258,-73.51673562580827,-30.60672724487977,-3.248436798850562,1.5427405576739726,-0.0018929401483522167
16.41641392760974,-73.48018322989302,-30.636162267539174,-3.2641405473791694,1.5006817470061928,-0.0018888556491725855
16.00786771960002,-73.43867968109402,-30.66002007473142,-3.2783681833973795,1.460216340099633,-0.001884558804374526
15.614429314269097,-73.40029507333574,-30.68480048298671,-3.292617135269982,1.4212877246663698,-0.001880086960382465
15.235814950780942,-73.3611933975019,-30.70750382114627,-3.30620594538191,1.3838322109605086,-0.0018754366420217724
14.87032609800166,-73.33482558323692,-30.73889222564866,-3.3216082917097207,1.347801952216672,-0.0018706617295488016
14.51966230431292,-73.29404770855005,-30.757408866940914,-3.3338868344850012,1.313119761424356,-0.0018656802976871247
14.181497720060117,-73.26039566508987,-30.780252887312166,-3.346991826598864,1.2797489654816308,-0.0018605725749489001
13.85524843295847,-73.23475154086964,-30.808162957753865,-3.3610974925082986,1.2476383580420456,-0.0018553489945923398
13.541574029236193,-73.20322535553893,-30.83014266487528,-3.3736876868015324,1.216728898813185,-0.0018499733128286549
13.239588894008754,-73.17065441434677,-30.85008685478585,-3.385660110533741,1.186974013085499,-0.0018444650011395487
12.94825648422302,-73.1441603569562,-30.87369389378399,-3.39832671235034,1.1583350318519476,-0.0018388560692955698
12.667841474268485,-73.11521469897043,-30.89423181390974,-3.410148166305746,1.130761476159027,-0.0018331253294224582
12.397933855213747,-73.08367088818983,-30.911629493593757,-3.421112864285751,1.1042111957651841,-0.0018272788557270562
12.13716108166473,-73.06135660742096,-30.935302748491537,-3.4333841625297485,1.0786525530307673,-0.00182136076255333
11.886083620357645,-73.03670511314095,-30.956112173985478,-3.4448699166433605,1.054037804842201,-0.0018153395173045076
11.644787322339708,-73.00407335593435,-30.969630076551248,-3.454559098784073,1.0303255822691408,-0.0018092029523749853
11.41163922001042,-72.97908476604363,-30.988267654766087,-3.4653018445775308,1.007491733349115,-0.0018030062379080735
11.186745706712722,-72.95623927605793,-31.00769477193433,-3.4761083096663925,0.985497532738711,-0.0017967367565380925
10.970334003854235,-72.92867265108774,-31.022512308605126,-3.485743860778641,0.9643048653696857,-0.0017903777796497403
10.761502846040155,-72.90357124379025,-31.038437745766725,-3.4955231804045543,0.9438873250299913,-0.001783956676064651
10.559942814052539,-72.88100698611161,-31.05555302308679,-3.5054680591738077,0.9242143680156228,-0.0017774780116772727
10.3664529252531,-72.84746465807935,-31.06320952372019,-3.51313972398927,0.9052469561364135,-0.0017709041135601236
10.179090698127341,-72.82350448631414,-31.077679844690767,-3.522273190166442,0.8869719797924396,-0.0017643030264669875
9.998101856885887,-72.80276873335012,-31.093958352694905,-3.531722747358693,0.8693575649147774,-0.001757658636750843
9.823858987736578,-72.77740664343423,-31.105872892425445,-3.5400756004177523,0.8523721103781104,-0.0017509505240389856
9.655613774107243,-72.75361917903327,-31.118342619046345,-3.548462665478853,0.8359952203044029,-0.0017442013884749325
9.493120334256794,-72.73149852074702,-31.13146031595801,-3.556907587409844,0.8202029726721665,-0.0017374148502403133
9.33627851904673,-72.70943259248378,-31.14397522138627,-3.5651258290521755,0.8049712040628776,-0.001730589229262798
9.184903821611694,-72.68696893641028,-31.1555517036786,-3.5730427202073733,0.7902775292624225,-0.0017237262928903147
9.038609815329748,-72.66629534784829,-31.16793225956288,-3.581060055827194,0.7761022795850302,-0.001716835604300025
8.897408321678196,-72.64471515986712,-31.17901158665581,-3.5886970549258037,0.7624231846115997,-0.0017099118921176718
8.761420015032314,-72.6182449048783,-31.18567619065758,-3.595241855845047,0.7492179998772682,-0.0017029461088100071
8.629599434564707,-72.59767053107718,-31.196430481919705,-3.60264689703462,0.7364754811402215,-0.0016959730144775638
8.501793429442346,-72.58268010390857,-31.21103780364637,-3.6108593469627,0.724177190863945,-0.0016889938908107606
8.378908810576299,-72.55965035603934,-31.21880381037114,-3.6174282442571104,0.7122964100989679,-0.0016819708817402137
8.259660465755259,-72.54270385276995,-31.230845965130406,-3.6249052773919135,0.7008263057673784,-0.0016749479323564089
8.143895043821049,-72.53179062560986,-31.247131637577162,-3.633284191910551,0.6897506825938317,-0.0016679267797807477
8.032595896125304,-72.51250960413259,-31.256365629452127,-3.639975970378484,0.6790443846629021,-0.0016608674753697031
7.925484899560643,-72.4864827483179,-31.2598451731104,-3.6452801857952855,0.6686940458041764,-0.001653777101676442
7.820296199645053,-72.48072164197943,-31.27877482822755,-3.6540614074703037,0.6587036698223255,-0.0016467355511234334
7.720086807457343,-72.45462205562697,-31.281309905142777,-3.659016958698187,0.6490322028380747,-0.0016396273909057167
7.622534469236554,-72.43606520105931,-31.289338033183704,-3.665168897469368,0.6396856056744847,-0.0016325348509174974
7.527759653270871,-72.42194564954166,-31.30042831762129,-3.6719605403389255,0.6306490887722014,-0.0016254504114180484
7.436177935984522,-72.40542480345819,-31.309230828436434,-3.678165949991291,0.6219060267664097,-0.0016183560945999824
7.347554929472547,-72.38801445310362,-31.316942764170236,-3.684061020320198,0.6134459357147648,-0.0016112577858991986
7.261289631593445,-72.37599895778777,-31.32849359357406,-3.6907774258608383,0.6052618316747658,-0.0016041746139011566
7.177465478809224,-72.36696086529608,-31.34199535743185,-3.697882960927999,0.5973413479507843,-0.001597100949463058
7.096521430751715,-72.35394863113589,-31.352017318773175,-3.704133053928321,0.5896697081456381,-0.0015900186108338047
7.018134259958178,-72.33984213030799,-31.360824954341226,-3.710048519606552,0.5822390648834798,-0.0015829370261671164
6.942342979445437,-72.32291591617553,-31.367079682525002,-3.7153234067249876,0.5750389290457755,-0.0015758526759393785
6.869912248885619,-72.2921127400929,-31.362153558287993,-3.717980077282777,0.5680533108739116,-0.0015687363894902634
6.7987018003827115,-72.27392258078115,-31.366761541742534,-3.7227709755624168,0.56129068990039,-0.001561662509625834
6.734160049773111,-72.19678502668184,-31.32501805935908,-3.716879276557049,0.5546972398907852,-0.0015544360466100565
6.667828011040741,-72.16905682179814,-31.32158107845003,-3.7197247743494795,0.5483346835456724,-0.0015473553878854636
6.602118322180057,-72.15863401099547,-31.331348663399908,-3.7255483829619527,0.5421738092649258,-0.0015403323035266302
6.538649504183772,-72.1435969118717,-31.337207862606533,-3.730425091386019,0.5361930620771688,-0.001533307749992345
6.477402692712665,-72.12324794174629,-31.3386261235243,-3.734233735637565,0.5303850450521072,-0.0015262809043350872
6.416993511808045,-72.11470432122728,-31.348961555135443,-3.7400389585582623,0.5247536809925895,-0.0015192986705606815
6.358556384193038,-72.10236828920556,-31.3560496912253,-3.745050872343413,0.5192824919646306,-0.0015123196976962001
6.301328128687137,-72.09536352434957,-31.36700999993631,-3.75090319153397,0.5139709020637845,-0.0015053691429859348
6.245081929678463,-72.0958828675077,-31.383551006166094,-3.757988129378856,0.5088140772826729,-0.0014984532993878924
6.191112095556639,-72.08626512727727,-31.39191578233138,-3.7631507058521074,0.5037952706900634,-0.0014915259296836973
6.139155456336179,-72.06918901952773,-31.394205413966702,-3.7668739156241386,0.4989108285027671,-0.0014845951333870746
6.087737992427867,-72.06324663516612,-31.404904225204383,-3.7724807645935896,0.4941668530619205,-0.0014777105083595523
6.037877204644377,-72.05456398959389,-31.413211374699316,-3.777494765056012,0.4895521395473229,-0.0014708390770379423
5.9904178941828725,-72.03113528674257,-31.4097896587174,-3.7797731898548306,0.48504888193904555,-0.0014639441922016383
5.943613673443493,-72.0153949197797,-31.412108779573234,-3.783325120338764,0.48066948402284915,-0.001457088030293324
5.897593465540234,-72.00507078677529,-31.41839880301566,-3.7877446677287003,0.47640779949709294,-0.0014502649409497599
5.8537120018180815,-71.98175673236703,-31.414349904826224,-3.7897498464586925,0.4722483925845826,-0.0014434278820550201
5.810598151448216,-71.96293864692218,-31.41356755532916,-3.792462278250646,0.46819773511650603,-0.0014366225728826858
5.768013008405129,-71.95125207124522,-31.418099068370168,-3.7963517290605746,0.46425322703301186,-0.0014298559750262378
5.726831222472005,-71.93465139712248,-31.418584359741722,-3.7992713547310486,0.46040375057893296,-0.0014230976008179912
5.68685572205606,-71.91523649637631,-31.41666184437291,-3.8015975331416403,0.45664694724831933,-0.0014163533327648554
5.646207044018139,-71.91740419549062,-31.431280106976256,-3.807676993731991,0.4529935252017713,-0.001409685162661964
5.608977780927461,-71.88654152869185,-31.42002956672204,-3.807781586780305,0.44940784360414776,-0.0014029553756722934
5.571955457647223,-71.86471794307258,-31.415590395062843,-3.8094089587373454,0.44591176428581447,-0.0013962708638141984
5.534363446647299,-71.86184710570211,-31.425650090174678,-3.8143223503141352,0.4425076086777692,-0.0013896563058790462
5.49891627477547,-71.84151880563769,-31.421950952703796,-3.8160396597975326,0.4391709929424116,-0.001383020790443824
5.463706157708294,-71.82866313101222,-31.42384473659434,-3.8190007183979673,0.4359136941975218,-0.0013764269611905766
5.428487947750712,-71.82618897525633,-31.43358376065254,-3.8237221499589182,0.43273439330080427,-0.0013698819652844744
5.394414899968734,-71.81840652508043,-31.43899911607607,-3.8274125415166464,0.42962125861686257,-0.001363347092455564
5.361642238384503,-71.80288976175085,-31.438216877249342,-3.829642517124417,0.4265704810523282,-0.0013568168187176191
5.328957668430259,-71.79545930998725,-31.443504970445296,-3.833226657551715,0.42358869080723727,-0.0013503302359624701
5.298499510009733,-71.76727364381424,-31.432513839132643,-3.833038271272592,0.4206571382491886,-0.0013438171231645321
5.268719291261301,-71.73866704562471,-31.42101155923666,-3.83269523982038,0.41778541360682225,-0.0013373276633771713
5.238046505370068,-71.7303420443463,-31.42503370701658,-3.8358761004526176,0.4149828695965327,-0.001330912004986481
47.90568979110601,-61.63075066706447,-12.648749086813332,0.9935446003081978,4.279728852974222,-0.004238812019500534
45.62062147848487,-62.54944509201985,-14.423744795586693,0.5191749132986923,4.095192435353849,-0.0039064841449073595
43.388799629458326,-63.484446671679166,-16.142034970769,0.06319814427654347,3.9130393310584304,-0.0035727840820275877
41.230182926305694,-64.38301996554272,-17.811829977802596,-0.3809559714835036,3.737308450723572,-0.0032394535951697947
39.14217418276419,-65.24650160458023,-19.434563197472837,-0.8134252374314679,3.567798084780266,-0.0029151661690938087
37.11712627186521,-66.07157937811708,-21.01646012163354,-1.2305438673005273,3.4054061701790608,-0.0028676152080735146
35.15870634967452,-66.86377818656524,-22.553810296142604,-1.6367417956805212,3.248831920222407,-0.002820619414214005
33.26469613562486,-67.62478797291723,-24.04825126838373,-2.0323793722876307,3.0978701480956374,-0.0027741722637007835
31.43298249985775,-68.3552894339619,-25.50080896862043,-2.417712595731576,2.9523266052468657,-0.0027282683534309593
29.661802009102292,-69.05661588921592,-26.91267821899613,-2.792996386644572,2.812034368858849,-0.0026829038321510438
27.949261637441616,-69.73007865734837,-28.285158062269474,-3.1585189455526566,2.6768187380617743,-0.0026380713491531587
26.293253999003824,-70.37624104215244,-29.619432442474164,-3.5145928194237,2.5464973145634233,-0.002593768117713074
24.692559989650743,-70.99640360047688,-30.91639405431861,-3.8613881725950856,2.4209470563841684,-0.0025499869820789513
23.144599202928287,-71.59138137469503,-32.17732265306364,-4.199225891886798,2.29993637030668,-0.002506723355122915
21.648276016252254,-72.16218546478042,-33.4030723459114,-4.528287339314592,2.1833612052669222,-0.0024639726888773658
20.201583514099564,-72.70962776478991,-34.59473593477651,-4.848838637391665,2.0710410052960624,-0.0024217294640029034
18.803596408298613,-73.23498518219688,-35.75325634601782,-5.161063777327669,1.9628882666505398,-0.0023799895004884084
17.45173208865713,-73.73858346394043,-36.87960703986555,-5.46523762033584,1.8586686829483392,-0.0023387458691146033
16.14539595889724,-74.22138573886477,-37.97453246620977,-5.761507069426268,1.7583295055666341,-0.002297994925582731
14.882639592690406,-74.68446626587394,-39.03906143596174,-6.050102082764895,1.6616865085921273,-0.0022577316551140115
13.662188316031873,-75.12831069379764,-40.07403313307144,-6.33123994912348,1.5686319458004463,-0.0022179508649462464
12.482777404569367,-75.55359168694754,-41.080123255776755,-6.605073925055703,1.4790479253573294,-0.002178648189733675
11.342852432401722,-75.96140128513349,-42.05832828083185,-6.87182275288944,1.392789298772499,-0.0021398175414151133
10.241218534846858,-76.3519528777456,-43.00921402319818,-7.131643003970427,1.3097522686104992,-0.002101455587436205
9.176838233894495,-76.72617364006322,-43.93352601057477,-7.3846886531456715,1.2298393593412655,-0.0020635563572132106
8.148196041502088,-77.08449298715298,-44.832206698136375,-7.631213835190977,1.1529240418562856,-0.002026115628100196
7.154334674412926,-77.42779122876462,-45.70568473618577,-7.87128198397311,1.078904821692443,-0.001989129234621018
6.193874037596409,-77.75642069069698,-46.55482102476751,-8.105127401553306,1.0076683115612668,-0.0019525920302770796
5.266050443889671,-78.07115901354192,-47.38018155660118,-8.332863226182166,0.9391409167007676,-0.0019164994769048241
4.369464436989726,-78.372334168078,-48.18252013307957,-8.554696990936627,0.8732020736027605,-0.0018808462230069226
3.5033239464678276,-78.6606958440951,-48.96230783814468,-8.770711728753293,0.809773801742928,-0.0018456285845799428
2.666348065388432,-78.9363236539594,-49.72012284803246,-8.981081127355882,0.7487468101210512,-0.0018108420896575023
1.8581563754188921,-79.20020694959946,-50.45661490113083,-9.185924855051773,0.6900858283988054,-0.0017764820589037556
1.0770487455605047,-79.45248967704906,-51.172428487138916,-9.385431475943097,0.6336400829945062,-0.0017425438931713386
0.322754027920754,-79.69372500819262,-51.86793216239752,-9.579669292495218,0.5793850640016139,-0.001709023278093039
-0.40608482192814993,-79.92433454002828,-52.54373655875831,-9.768796520796647,0.527195969778502,-0.0016759158993723796
-1.1099574028296466,-80.1446850212022,-53.200423449906566,-9.952958917128948,0.4770400304191611,-0.0016432171699606417
-1.7898930184041801,-80.35528371968626,-53.83846021904156,-10.132262654799371,0.4288187731159367,-0.001610923258575504
-2.44658064498813,-80.55634238784364,-54.45822286586749,-10.306807792195398,0.38247260272456324,-0.0015790299959046981
-3.080892360111504,-80.74829132356872,-55.06034467228112,-10.47675459809783,0.33792863001372336,-0.0015475329102743354
-3.6935701028883114,-80.93152592712532,-55.64522571221009,-10.642196016528532,0.2951182657269432,-0.0015164275464083436
-4.285174401850715,-81.10619260178053,-56.21315914246129,-10.80321140311812,0.25399353025059856,-0.001485709942894294
-4.85659526672758,-81.27288470468721,-56.764783250257565,-10.959950026891057,0.21447563514456985,-0.0014553768086921501
-5.40853797847657,-81.43156719689982,-57.30041002987812,-11.112511751624018,0.17650680775621172,-0.0014254222472491042
-5.94134874439316,-81.58306859768253,-57.82047409998925,-11.26096501599422,0.14004969667853248,-0.001395844125992065
-6.455985106921636,-81.72699273984446,-58.32541072758231,-11.40547475223709,0.10503501276930612,-0.0013666376713695485
-6.953232111557924,-81.86408475760828,-58.81563820581405,-11.546113167481353,0.07138116547147745,-0.0013377987214794557
-7.432896262984869,-81.99460974106735,-59.291369173273836,-11.682922542129102,0.0391117994653424,-0.0013093241050312334
-7.896499117527847,-82.11830018264237,-59.75309302985369,-11.816077684388071,0.00809762863386225,-0.0012812087903295746
-8.3440519195136,-82.23586613506191,-60.20114747197253,-11.945625146502788,-0.02166507771536117,-0.0012534503701434438
-8.776019665221234,-82.34752064232174,-60.63589391834583,-12.071660078669264,-0.050214118261795025,-0.0012260435172027615
-9.193133872887243,-82.45335741395151,-61.057533069065066,-12.194237545220366,-0.07761754866986388,-0.0011989862401410411
-9.596100297806217,-82.55343922474408,-61.46666191292054,-12.313535565241033,-0.10392418559890505,-0.0011722728943731697
-9.98511321712318,-82.64811841589307,-61.86328647371674,-12.429530037834468,-0.12916209424276476,-0.0011459011170938235
-10.360600462573384,-82.73756502925686,-62.24789486742708,-12.542356734592694,-0.15335873256628887,-0.001119866790974165
-10.72317546032409,-82.82182508119065,-62.62061080025116,-12.652051823940905,-0.17657266884655362,-0.0010941663440412652
-11.073206920506303,-82.90123413898817,-62.981990403947904,-12.758756430456335,-0.19882579982853937,-0.0010687963850090718
-11.411246654010576,-82.97599741831269,-63.33221856174082,-12.862514606760154,-0.22017281364478264,-0.0010437530528028586
-11.73738905453002,-83.04618208527907,-63.67152888129331,-12.963390750882207,-0.2406144076653374,-0.0010190327515838832
-12.052607650402823,-83.11151504884258,-64.00012467370165,-13.061472450446258,-0.2602356474084202,-0.0009946323443740532
-12.356617879430676,-83.17293573280172,-64.31835789817463,-13.156789183560704,-0.2790148348934797,-0.0009705482068646186
-12.65029187872034,-83.2299113087772,-64.62650850399537,-13.24947302101536,-0.29701761740142985,-0.0009467768577363773
-12.933689832915146,-83.28288709850142,-64.92474018427104,-13.33953534508219,-0.3142528405221338,-0.0009233151342343435
-13.20731676347869,-83.3318274825101,-65.21324429310246,-13.427041531252522,-0.3307647641300473,-0.0009001589854185067
-13.471739211529837,-83.3766984543816,-65.49239962027931,-13.512107028707831,-0.34659330174073777,-0.0008773067596931181
-13.726569627764707,-83.41820053220759,-65.76237130682087,-13.594727695876337,-0.361710465327382,-0.0008547527422661348
-13.972740392494549,-83.45560749675568,-66.02324827285987,-13.674989687654676,-0.37618971561602166,-0.0008324955841576682
-14.21051586629995,-83.48957118368367,-66.2756055547252,-13.753014431395167,-0.3900497999087963,-0.000810531431645098
-14.439992294240428,-83.51995201440613,-66.51918367361155,-13.828734965567634,-0.40330830859598826,-0.0007888571652403304
-14.66149821757757,-83.54682122617108,-66.75442104264081,-13.902280144195682,-0.4159831473702466,-0.0007674695219089017
-14.875179947300497,-83.57059686064099,-66.98155074614516,-13.973686051767835,-0.4280896367142841,-0.0007463651508850662
-15.081638109667498,-83.5908414159093,-67.20062545731759,-14.043004455575016,-0.43967636206366284,-0.0007255417629998562
-15.28091356603327,-83.60774840516756,-67.41196784352422,-14.110317263011783,-0.450739220214643,-0.0007049953544252542
-15.473255867514583,-83.62138719488522,-67.61554799131999,-14.175609723728186,-0.46130700370521,-0.0006847234362041678
-15.659059950378996,-83.63201698669565,-67.81182678991799,-14.23900057925258,-0.47140737857547105,-0.0006647229152628599
-15.83848053621295,-83.63927593143686,-68.0007530980482,-14.300502374448348,-0.48104961971737,-0.0006449903706176152
-16.011569671911605,-83.64355358305511,-68.18249659181944,-14.360135365037397,-0.49024252181032557,-0.000625523438199113
-16.178691445574326,-83.64489489271334,-68.35737889401929,-14.417992032919768,-0.4990108222225878,-0.0006063190002518207
-16.34010978833996,-83.64296342036768,-68.52530043270067,-14.474069909088417,-0.5073784328546523,-0.0005873742276617555
-16.495922826271567,-83.63813418649188,-68.68660013303548,-14.528438544663018,-0.5153501606154064,-0.0005686862671020915
-16.646221354445046,-83.63038948133027,-68.8413863667891,-14.581133345674846,-0.5229320473669413,-0.0005502520219907466
-16.79147490595657,-83.61942122790998,-68.98971261862316,-14.63219231120685,-0.5301614711085877,-0.0005320686154093959
-16.93173890267003,-83.60558946148655,-69.13188248034702,-14.681678124004858,-0.5370415138931924,-0.0005141339071792848
-17.06736584056073,-83.58875505061967,-69.26783560592293,-14.729582402223826,-0.5436077580490207,-0.0004964447244181474
-17.198100432473193,-83.56898677874173,-69.39779256823884,-14.775964036588336,-0.5498276849557795,-0.00047899825825366505
-17.32437294833908,-83.54595729035637,-69.52176884826818,-14.820852546221525,-0.5557368500915761,-0.00046179212297706705
-17.446268424898996,-83.5202293641084,-69.6399300048771,-14.864250154209383,-0.56135168412477,-0.00044482318891043933
-17.564121763830855,-83.49141450799091,-69.75248611230552,-14.906251389143085,-0.5666889287703916,-0.00042808890113994096
-17.677938839877477,-83.45945834173004,-69.85947707631763,-14.94686832273932,-0.5717464069044682,-0.0004115872952068504
-17.787865978843328,-83.42434733605472,-69.96091860007976,-14.986105584248037,-0.5765396475438765,-0.00039531497880671837
-17.894122162075497,-83.38625037522922,-70.05711893473566,-15.024040681172803,-0.5810829878383095,-0.00037926981146094055
-17.996608553545844,-83.3450851221628,-70.14790088430811,-15.060621427334265,-0.5853726622154931,-0.00036344939739269233
-18.0957702553282,-83.30048997437494,-70.2334218557553,-15.095923859520628,-0.5894395702775369,-0.00034785075574798505
-18.191562220315056,-83.25295327175544,-70.3140021856458,-15.130000899217086,-0.5932785329703557,-0.000332471749751423
-18.283950496146193,-83.20200062146593,-70.38942217284531,-15.162820861630415,-0.5968854363636912,-0.00031730986023031037
-18.373420755119493,-83.14767578625647,-70.45981741685316,-15.19441815852406,-0.6003057724995486,-0.00030236256146868527
-18.01631550900588,-83.1771855004289,-69.83603581911142,-15.004726056552123,-0.5903452154553077,-0.0002876270222978037
-17.52833672288844,-83.23129395757053,-69.01212033388698,-14.750844592433198,-0.57637026035073,-0.00027310172287569077
-17.038176369084592,-83.28579978711129,-68.18853099040481,-14.496650041790145,-0.5622187935496884,-0.00025878398958230554
-16.545918409256494,-83.34041953093757,-67.36590357463584,-14.242349798445353,-0.5478676910946981,-0.0002446710170604488
-16.052533730370378,-83.39547721129601,-66.54533195764381,-13.988245626514074,-0.5333783347771046,-0.0002307612452833555
-15.558418402048925,-83.45059636506703,-65.7273932453295,-13.73454071973008,-0.5187597574492194,-0.000217052052639287
-15.063771958349042,-83.50672519868233,-64.9129836120703,-13.481422094589698,-0.504018423449003,-0.00020354065267679853
-14.569419524146442,-83.56298993646553,-64.10261786236214,-13.229119038329806,-0.4891961766563477,-0.00019022567116547658
-14.075203439803534,-83.62025775503491,-63.29713673898256,-12.977811039495702,-0.4742642447788301,-0.00017710440759856406
-13.58188797519624,-83.67826220613293,-62.49688996439038,-12.727626663205225,-0.45927958337364516,-0.0001641744182712886
-13.089830348400032,-83.73718190734974,-61.70275366370166,-12.478817089967993,-0.4442454372230418,-0.00015143453442386756
-12.599496586106762,-83.79690539454413,-60.914930422672064,-12.231455449583041,-0.42919925663984415,-0.00013888122542794577
-12.110729894385765,-83.85790223509282,-60.13409339209947,-11.985707403018417,-0.41410895367899236,-0.00012651284222175307
-11.624150775915894,-83.91966668568983,-59.360552455752384,-11.741711461977587,-0.39901089614434426,-0.0001143279821052162
-11.140162245029066,-83.98303622881818,-58.59495055027808,-11.499598289158676,-0.3839396780289106,-0.00010232401790026767
-10.658562628962729,-84.04750967608601,-57.837330450879435,-11.259425715005694,-0.36886218484791644,-9.049874646065129e-05
-10.179835775772002,-84.11353022199066,-57.08826728709111,-11.021333972463541,-0.353811593287017,-7.885022518124575e-05
-9.704516413401812,-84.18095964098248,-56.34816417214847,-10.785467711837045,-0.3388218331238298,-6.737684344934406e-05
-9.23241803914985,-84.24991648933526,-55.617102625903996,-10.551844132582008,-0.323873495674699,-5.607597441610159e-05
-8.76359259401864,-84.32055685543054,-54.895322751667635,-10.320529232061647,-0.3089653636654596,-4.4945843544420056e-05
-8.298936945688641,-84.39281802316515,-54.183323374799556,-10.091691185165725,-0.29416274029085826,-3.398441305424102e-05
-7.837984647951059,-84.46695936365445,-53.481060614578716,-9.865298387325035,-0.2794274857083579,-2.319037632701615e-05
-7.380841788473553,-84.54311539750852,-52.78890265676399,-9.641460795963173,-0.2647569608449876,-1.2560663212797387e-05
-6.927828408210577,-84.6211319130488,-52.10676722527187,-9.42017376864446,-0.2501819057723428,-2.0941925859586027e-06
-6.479257242145058,-84.70118403700563,-51.435160374584996,-9.20158973926241,-0.2357150126970996,8.211242364779406e-06
-6.035177145023613,-84.78326654115037,-50.77390163643834,-8.985661947335638,-0.22136830119053486,1.8357408721909477e-05
-5.595270310391419,-84.8674198372909,-50.123152964463074,-8.772442800239634,-0.20710218850269616,2.8345997218430337e-05
-5.160213061386014,-84.95394734132185,-49.48314683950804,-8.56199085105386,-0.19297998617890855,3.81787261885266e-05
-4.729813418554541,-85.04273022231995,-48.8538888384293,-8.354328342704957,-0.17897859541854474,4.785768256820533e-05
-4.30418985123463,-85.13374577398392,-48.235347933395715,-8.149458816048785,-0.16510934022578652,5.738493518505199e-05
-3.8833036129600553,-85.22730076204535,-47.627716430438355,-7.947424691691332,-0.1513654410594035,6.676182825573678e-05
-3.467412772939596,-85.32321435662234,-47.03082463848967,-7.748202107302249,-0.1377740023220057,7.599037165001824e-05
-3.0563294182686853,-85.42174262143611,-46.44486547642356,-7.5518390918085405,-0.12431303130538339,8.507247603173965e-05
-2.650156332050071,-85.52283904304966,-45.86977987840641,-7.358332431352077,-0.11099145228788379,9.40089795376972e-05
-2.2492292585072513,-85.62649841962264,-45.30566694926708,-7.167729140657607,-0.09783654827534333,0.0001028026492313536
-1.8531643980853039,-85.73298118746303,-44.75233583302806,-6.979955779461804,-0.08482322855497587,0.00011145435382363347
-1.4620671397124074,-85.84223131792646,-44.20971920235479,-6.795010194645365,-0.07196185067857244,0.00011996630356854585
-1.076360247765484,-85.95421392043592,-43.678090687627794,-6.612994402015677,-0.05927751291601893,0.00012833970184893898
-0.6954122617048168,-86.06895953436023,-43.156974834478454,-6.433768324421738,-0.046729187541842236,0.00013657657277098848
-0.3197216417064402,-86.18667964090247,-42.64655887443933,-6.257386967258802,-0.034360033152282435,0.00014467825144435096
0.05093008213189531,-86.3072100291943,-42.14678871779767,-6.083861127016212,-0.022144695395127242,0.00015264675428932524
0.41638807993812527,-86.43092140071576,-41.65760129855689,-5.913150526696234,-0.01010713887218339,0.00016048233925712626
0.77685097218811,-86.55745113623128,-41.17882960229472,-5.745250544626927,0.0017743121248326096,0.000168188409360869
1.1319186253651372,-86.68682061106338,-40.71036742766171,-5.580137477489403,0.013459904424972378,0.00017576545688130217
1.4822996958797676,-86.81937085652841,-40.25215407840148,-5.417776432645948,0.025008145894308168,0.00018321526680728652
1.827569794540115,-86.95529229372423,-39.80418842646083,-5.258162573449752,0.03637671099221161,0.00019053934052835425
2.1676357201560355,-87.09410779948699,-39.36617322894057,-5.101261612925192,0.04755693937512173,0.00019773953807564136
2.502951737112057,-87.23617594514447,-38.93821985291911,-4.947086877356979,0.058592541949049226,0.000204816684454283
2.8331845376073903,-87.38151012245609,-38.520041838981776,-4.79556234595366,0.06944005392025868,0.00021177214413841943
3.1585466231077053,-87.52991352429909,-38.111593640608206,-4.646706624413708,0.08012518765962745,0.0002186084027706208
3.478858546972948,-87.6815422790489,-37.71272093776208,-4.500467965091447,0.09062365585741138,0.000225325625434487
3.7944194459952283,-87.83640574715986,-37.3233114388677,-4.356825989099825,0.10096051566443906,0.00023192650027349836
4.105196711359618,-87.99460013619552,-36.94323192227543,-4.2157407654136385,0.1111280222406913,0.00023841152281109165
4.411166462308938,-88.15622058632364,-36.57235015556353,-4.077177350457285,0.1211173840057792,0.00024478236001446917
4.712371054616032,-88.32109420871927,-36.2106176200478,-3.941150303329822,0.13093774310744952,0.0002510403144528763
5.008778777251822,-88.4891207337934,-35.857799535502295,-3.8076060400103477,0.14058143843504078,0.0002571868656140169
5.300761295937743,-88.66069946228077,-35.513840783823696,-3.6765043798539114,0.1500733814636259,0.0002632234467768151
5.587873722887592,-88.83540824021931,-35.17844932335794,-3.547804877692984,0.1593715915954781,0.0002691513959032577
5.870797996275269,-89.01373135122145,-34.85171525308674,-3.4215025529025347,0.16853609994843466,0.00027497166221573466
6.149162108806317,-89.19526128403486,-34.53317931749004,-3.297502027681447,0.17752337981758523,0.0002806856483777865
6.422845165225236,-89.38024770663799,-34.22302042597101,-3.175853487171157,0.18632571834414466,0.00028629512199509333
6.692204520908721,-89.56848786615066,-33.920880455354435,-3.056470692445704,0.19496945635403046,0.0002918010383875691
6.957342813969493,-89.76000446866509,-33.62667870951243,-2.939338576560134,0.20346262550591843,0.0002972044885727874
7.218286721090686,-89.95526785414523,-33.34036726147389,-2.8244087265448083,0.2117965864147377,0.0003025070917580955
7.474890684955631,-90.15353566473492,-33.06159660981541,-2.711653737829857,0.21996209198659356,0.00030770991637371864
7.727341052115934,-90.35542342894502,-32.790452817459595,-2.601052052241527,0.22796885380554233,0.0003128138315624198
7.975814769308023,-90.56056757865325,-32.5264836834941,-2.4925035342147144,0.23582440802672777,0.00031782072568483434
8.220157457440004,-90.76899676671353,-32.269790572214426,-2.3860531325101197,0.2435196902882585,0.00032273121210440683
8.460699782664419,-90.98087121082571,-32.02026338419928,-2.2816584377165334,0.2510801342562311,0.0003275469761192948
8.697047146345074,-91.19594713228597,-31.777594484425933,-2.1792556101315546,0.25846252377779394,0.00033226871500327505
8.92953548136526,-91.41419441782489,-31.541584103878392,-2.078792239948207,0.26569268647811073,0.0003368980448850138
9.158398508052011,-91.63573896874955,-31.31231061318131,-1.9802919695962906,0.27279546828009726,0.00034143601984320393
9.383558218746662,-91.86090853701928,-31.089480924420634,-1.8836366771111779,0.27974407590252076,0.000345883492143328
9.605152239533302,-92.08900470496825,-30.872918919473328,-1.7888468127331896,0.2865632119963221,0.0003502416556028174
9.822774855674878,-92.32016718180265,-30.662559446381444,-1.6959000037341019,0.2932094530155482,0.0003545116311245637
10.036989511271583,-92.55451304019437,-30.458176290076942,-1.6047152890567116,0.29972573466118707,0.00035869462597035905
10.24793740153289,-92.79222557228569,-30.259691855690605,-1.5152593657260907,0.3061183195433518,0.0003627923254174547
10.455262898932858,-93.03293599681174,-30.06701465431611,-1.427548130956895,0.31236072429103107,0.0003668045129262083
10.659115540896346,-93.27644153674505,-29.879856272804535,-1.3415142836831793,0.31846064438768784,0.00037073340184156007
10.860035223290415,-93.52323046975336,-29.698227282135075,-1.25711701570075,0.32445949211397446,0.00037457925430402146
11.05757883318672,-93.7728173566587,-29.52176488080478,-1.1742951888031392,0.3303118626564485,0.0003783434303458111
11.251797094158807,-94.02514338379164,-29.350473928524483,-1.0930629487490098,0.3360258483285287,0.000382027245556263
11.443066127735305,-94.28054264869705,-29.184256686470526,-1.0133585164163366,0.3416256959487726,0.00038563107510394443
11.631098642807418,-94.53865189010871,-29.022881617398422,-0.935148765585696,0.3470840133303903,0.0003891565909945853
11.816096273566824,-94.79914802967487,-28.866262733078543,-0.8584427830629213,0.3524249791391603,0.0003926044418410207
11.99834983084047,-95.06264336628175,-28.714250604490545,-0.783132918762572,0.35765465997989954,0.00039597594501059133
12.177870419480671,-95.32863951476499,-28.56665126641979,-0.7092060945419885,0.36277988840176684,0.00039927149905607926
12.354207322882578,-95.59701664633155,-28.423347272837677,-0.6366451550874261,0.36775509676878343,0.00040249282219271
12.5279569428992,-95.86754655010024,-28.284236077566334,-0.5654373491169817,0.37263911459265175,0.00040563975483238086
12.6989834979461,-96.14069706550592,-28.149219200109403,-0.49550524795476925,0.37740355810072174,0.0004087143134090293
12.867303673193113,-96.41576387555598,-28.01800513007442,-0.4268261063760832,0.3820543538281125,0.0004117171007581414
13.028947415996646,-96.68680473451876,-27.892581916459754,-0.35708305830076714,0.38726157935914535,0.0002637889431757436
13.18414484924069,-96.95346732400297,-27.772409450683654,-0.28651840469108336,0.392938779245913,-1.814732064651319e-05
13.337183219299943,-97.22189356560821,-27.655623968715265,-0.21704751747952145,0.3985374073411795,-0.0003002954135070662
13.487811784675678,-97.49188773681962,-27.541995387147743,-0.1486128672447009,0.4040286176897881,-0.000582634943476724
13.474971414799171,-97.67473281577564,-27.627869876419343,-0.16237208576304685,0.40422324515695585,-0.0007055589812978308
13.326918005959191,-96.62375691369128,-27.224397204043797,-0.14119682479566453,0.39992726433909825,-0.0007034162719430849
13.17697526381354,-95.56887576768919,-26.820410676062803,-0.12050871818172393,0.3955349881130922,-0.0007012642950330615
13.025103998926255,-94.51097171607266,-26.416267633233097,-0.10032983658853212,0.3910360237243309,-0.0006991034048245522
12.871754078968408,-93.4512367095575,-26.012231023377097,-0.08061478020274127,0.3864539147528066,-0.0006969336960301085
12.717263199425316,-92.39036985010914,-25.608495076632302,-0.06134597655448726,0.3818108265701605,-0.0006947553079905547
12.561874208204058,-91.32989053976621,-25.205509127966785,-0.042505655393346053,0.37711179419424734,-0.0006925691992999705
12.405403820713321,-90.26963317617829,-24.80330002416079,-0.024113647368359636,0.37234329500887736,-0.0006903747697854914
12.248577164184502,-89.21140260572038,-24.402221716434777,-0.00608553573088777,0.3675443815573306,-0.0006881726173628745
12.091263221363834,-88.15574641376735,-24.00255839516418,0.01154743159120386,0.362700643529906,-0.0006859631102870281
11.93333409219103,-87.10279618249578,-23.604367818136552,0.02878941127322232,0.35779874054784594,-0.0006837465566990271
11.775563480140729,-86.05373708523584,-23.207923334988184,0.04568632465291422,0.3528928940404448,-0.0006815231153930743
11.61762801435462,-85.00906291264721,-22.81347244076199,0.06221401038316898,0.34795068773164395,-0.0006792925438515739
11.460113561948114,-83.96973075354686,-22.421151125435593,0.07844177315246004,0.3430085840666979,-0.0006770558182633389
11.30250905229055,-82.93528895055661,-22.03106717023145,0.09429214524779361,0.33803353218461246,-0.0006748125698893734
11.145723757611856,-81.90746771793113,-21.643479752896233,0.10987753808919365,0.333079075307286,-0.0006725635087023189
10.989224588104587,-80.88574245153163,-21.258478876272772,0.12511723009051412,0.32811052680430614,-0.0006703089078901264
10.833404236853001,-79.8710223751303,-20.876169777121873,0.14008904082065765,0.3231473731063136,-0.0006680484984678828
10.678070676345024,-78.86356898171698,-20.49676548849461,0.15475270136310915,0.31817187908780104,-0.0006657827063178016
10.523678456370714,-77.86373459761577,-20.120304343384532,0.16915012807232532,0.3132198632580547,-0.00066351222863142
10.370261210053872,-76.87192455098497,-19.74695441068612,0.1832754204151552,0.3082899071111652,-0.0006612362290993908
10.217681172508241,-75.88856794579411,-19.37687016418008,0.19713428971604774,0.30336559131093843,-0.0006589559121540655
10.066377017448167,-74.91376484513108,-19.009967812025266,0.21078010096813848,0.2984804771319638,-0.0006566710921416621
9.91602860830459,-73.94761857396452,-18.646590524421427,0.22411311434478254,0.29361588507717323,-0.0006543820288795926
9.766830901690641,-72.99076508336624,-18.286689979276243,0.23723129126666098,0.288771536706505,-0.0006520888412338459
9.618956332531138,-72.0432545251274,-17.930316416522135,0.25013548609552494,0.283963723248446,-0.0006497919426930613
9.472408865216714,-71.10519359962424,-17.577509599171577,0.26283386727211866,0.27919076262517867,-0.0006474912364716746
9.327103090489706,-70.17642989324119,-17.228350599058956,0.2752937425514306,0.2744515568689152,-0.0006451871211208752
9.183133718597446,-69.25769794831788,-16.88304468404941,0.2875327680901174,0.26974445405977915,-0.0006428799633192511
9.04049898930338,-68.34886826058687,-16.541511697259256,0.2995766640763353,0.2650683916760764,-0.0006405696636488301
8.899519645882565,-67.44989053405106,-16.203798682261358,0.31141624087982045,0.2604554777610019,-0.000638256247298874
8.759609265351088,-66.56076233988577,-15.86995216973807,0.32304225552742327,0.2558526014333061,-0.0006359403111028245
8.62159589153259,-65.68200390764562,-15.540056175813739,0.334496333943747,0.25132637542311415,-0.0006336217408808211
8.485036190027088,-64.81332990642937,-15.214055080249128,0.345776159908433,0.2468399370841684,-0.0006313010095699997
8.34992256158576,-63.954985302463925,-14.892083456733179,0.3568702261248582,0.2423912275004128,-0.0006289781322743901
8.216406010047542,-63.10675860300692,-14.574065224818607,0.3677928848993517,0.2379951549111107,-0.0006266531115500046
8.08446766346108,-62.268698188841455,-14.260028094964305,0.3785494296923506,0.23364921919716883,-0.0006243263766912314
7.95400005423441,-61.44078246432772,-13.950146064577854,0.3890881924519505,0.2293517395567398,-0.000621997881818725
7.82516735528194,-60.62337686682175,-13.64425010071809,0.39951411998199404,0.22509935616540858,-0.0006196680972019817
7.697930451188154,-59.81574469262951,-13.342351769451163,0.4097561475775944,0.2209075616877061,-0.0006173366693629057
7.5723587499465586,-59.01839717992438,-13.044545399719517,0.419843304343817,0.21677265810199156,-0.0006150044599029577
7.448262343424164,-58.23123588275024,-12.750743301115623,0.4298050130628095,0.2126756956310722,-0.0006126712202144948
7.325864749165876,-57.4539304453145,-12.461029918819342,0.4395845149336761,0.20864784345983986,-0.000610336929993574
7.205061128825134,-56.68685012974735,-12.17538579295082,0.4492369497459059,0.20466918135160594,-0.0006080020257053616
7.085659350027486,-55.92914888605141,-11.893704690311303,0.45871296853002796,0.2007366691621083,-0.0006056667208877887
6.967976646275617,-55.18173208555974,-11.616165239298475,0.4680601550912815,0.19686556121324328,-0.0006033307150469175
6.85189696658156,-54.4438109555585,-11.342514362993278,0.4772873994314679,0.1930523836673786,-0.0006009946693210246
6.737557736076227,-53.71559270380267,-11.072907279561207,0.48637072242377055,0.18931086870461028,-0.0005986586496750753
6.624518920469296,-52.99663218339245,-10.8071888168109,0.4953192984798349,0.18560353880504432,-0.0005963226328973344
6.512929026450534,-52.287143138896994,-10.545517114240766,0.5041115433245693,0.18194637204991837,-0.0005939866962693746
6.402775653089193,-51.58702096572596,-10.28781998918543,0.5127644504191426,0.17833592172298632,-0.0005916512140242779
6.294609476015871,-50.8962295827162,-10.034016219152853,0.5213136248129366,0.17482038802258007,-0.0005893162924785598
6.187563783684365,-50.21420998966201,-9.783986699842472,0.5297408217247197,0.1713279509441835,-0.0005869817697265423
6.081965240495826,-49.54134411268084,-9.538010705736355,0.5379955796730753,0.16789053537852439,-0.0005846479622931215
5.977952757996397,-48.87690444459218,-9.295710171012388,0.5461394378374314,0.16452251360880216,-0.0005823150487511078
5.8754256774582725,-48.22173031736777,-9.057312405846545,0.5541873899884617,0.16120345009818735,-0.0005799833379972237
5.774107659622161,-47.574583647104774,-8.822660776548176,0.5620611024942317,0.15793015274239533,-0.000577652463317063
5.67432256633614,-46.93607442698966,-8.591745619011562,0.569838721326124,0.1547177278881662,-0.0005753231122559266
5.576123666166744,-46.305830525545296,-8.364565135133326,0.5774837494853404,0.15157930650134627,-0.0005729950719143187
5.478910002970368,-45.68374132671555,-8.141090257829141,0.5849955797508519,0.1484612445075344,-0.000570668387824322
5.383176819119564,-45.06960044485763,-7.9212983141781095,0.5923638054999616,0.1454119515554357,-0.0005683433277358629
5.288823260673761,-44.463706561333574,-7.705103799705505,0.5996548011688096,0.14241157417553715,-0.0005660198987066
5.195572714152236,-43.865069020359016,-7.492479134505828,0.6067733410405234,0.13945788621049537,-0.000563698462892784
5.10376357087371,-43.27436386639722,-7.283427055733192,0.6137926305316821,0.13656414454755011,-0.0005613789204183653
5.01319736525271,-42.69087225379788,-7.077886156736497,0.6206611408238913,0.13372823374609785,-0.000559061379975793
4.923793473552993,-42.11495183312015,-6.875781578795191,0.62744199079164,0.13092950144572124,-0.0005567460908186765
4.835534244646444,-41.54604161936178,-6.677173699181083,0.6340568107361335,0.12818325667490804,-0.0005544329578229102
4.748502115987631,-40.98425787531111,-6.4818921000064265,0.6405789351362525,0.12548653562881695,-0.0005521220837544427
4.662764798112379,-40.4295197399519,-6.290072367057633,0.6469537080228882,0.12285344041233008,-0.0005498139370439109
4.57806439981759,-39.88149854086574,-6.10161558843221,0.653177541616949,0.12026331633758412,-0.0005475082480513195
4.494235234792552,-39.34013173637567,-5.916393378136668,0.6592911440316689,0.11769811332294187,-0.0005452051498911896
4.41177626357395,-38.805317270772804,-5.734418800024976,0.6652813250816303,0.1152064229946764,-0.0005429051569383732
4.330264698489644,-38.27701613185975,-5.555705763666097,0.6711336189646282,0.1127500960648092,-0.000540607780568226
4.249781158530781,-37.75481103007429,-5.380185712298129,0.6768287189439297,0.11034441453064939,-0.0005383134089253398
4.170162538532275,-37.23887878976909,-5.20784821975672,0.6823896660749869,0.10797057763065898,-0.0005360219756087593
4.091747538047003,-36.7290227698848,-5.038598308496049,0.6878278602928791,0.10565979016463427,-0.0005337339648888658
4.0141185728147235,-36.22504669374022,-4.872356661096511,0.693145848786215,0.10337515202111577,-0.0005314489510008232
3.937780667484367,-35.72710160069887,-4.709259427285055,0.6983132374104732,0.1011651806313567,-0.0005291672926909291
3.86205874987019,-35.234419019892115,-4.549045475021366,0.7033349571888756,0.09897632046396515,-0.0005268889838752821
3.787233402229641,-34.74776534040204,-4.391910878511993,0.7082212060397932,0.09682319122671414,-0.0005246144947889347
3.713546947086643,-34.26632462536811,-4.237598671810758,0.7129774438755199,0.09473838872647208,-0.0005223433816985703
3.640427912571277,-33.79041470033003,-4.086251543061827,0.7175794152863499,0.09266736668090474,-0.0005200757936235861
3.5683874865942573,-33.31964123066799,-3.9376946918795497,0.7220495411531642,0.09066040466972891,-0.0005178121437599935
3.4967755143575032,-32.85389324091932,-3.79200582091854,0.7263371351976078,0.08866252776702407,-0.000515552221575567
3.426445612732669,-32.393449542463316,-3.64905204973973,0.7305240179632824,0.08674097240196474,-0.0005132961504462061
3.3564804331576648,-31.93799422847573,-3.5089493108816114,0.7345270830629902,0.08482483495611524,-0.0005110442390733403
3.287660192374337,-31.48718976094372,-3.371391227228038,0.7384163677587203,0.08297994236800027,-0.0005087962050409555
3.219319733952023,-31.041334624766606,-3.236687695749815,0.7421113114519251,0.08115329308923164,-0.0005065524735309723
3.15165924967473,-30.600028768557436,-3.104550047518572,0.7456654994234642,0.0793600576860897,-0.0005043127048206474
3.084703613954954,-30.16333852877952,-2.9749113792380655,0.749105437088593,0.07759833127400352,-0.0005020772919477385
3.0187161855499336,-29.73134013848822,-2.8479769888850726,0.7523659027483998,0.07590000732897796,-0.0004998463071399869
2.9531331893216697,-29.30364650110559,-2.723477376796218,0.7554908183031817,0.07421112226225308,-0.0004976196361723985
2.8882325602523253,-28.880356011786503,-2.6016236933141386,0.7584171335704175,0.07256539939707107,-0.0004953973995023714
2.824128964430944,-28.461429033441746,-2.4820918697115317,0.761246973945485,0.070959558800713,-0.0004931796616052162
2.7604181396853256,-28.0464541145476,-2.3650526602022026,0.7638736376786772,0.06937580560280074,-0.000490966712877308
2.697397427026866,-27.635558776584233,-2.2503043655788844,0.766373856405087,0.0678283191809416,-0.0004887582775966597
2.6350051032107844,-27.228990526226838,-2.1380521380949844,0.7686998920523234,0.06631584783060573,-0.00048655451660984105
2.5734310485130933,-26.826407836067446,-2.028031608541653,0.7709052650809571,0.06485353833622087,-0.0004843557042168191
2.5119543411920833,-26.42756949864676,-1.9204033381371843,0.772897501811677,0.06338806201790094,-0.00048216162925383675
2.4512945930790115,-26.032746568958927,-1.8149474599380184,0.7747813319831707,0.061969651776139126,-0.0004799724115544898
2.39130487482225,-25.641580106464104,-1.7117051107001515,0.7764972267529862,0.06059530302392966,-0.0004777880680130613
2.331597459077452,-25.254283676776083,-1.6107661944472298,0.7780334113261089,0.05923045411714499,-0.0004756088465714819
2.2723895619173105,-24.870564734475295,-1.5118764250349628,0.77944146463875,0.057890637740169754,-0.00047343483279372776
2.2138035594467307,-24.49067592216933,-1.4152631277893875,0.7806629045450624,0.056590658739763544,-0.00047126566073598053
2.1556199604139237,-24.114003605028856,-1.32059593936048,0.7817436268266738,0.05531221751273176,-0.00046910185115813083
2.098299041990185,-23.741257600918487,-1.2280307162013173,0.7827009998557388,0.05408724156182773,-0.00046694306236835917
2.0411152837049538,-23.37184090653591,-1.137528680256814,0.7834774764331476,0.052863081559655044,-0.00046478976437794344
1.9844575182612738,-23.00583070190997,-1.049071041348185,0.7840848993331058,0.051673102119743484,-0.0004626416638099273
1.9279565388209714,-22.643100849226315,-0.9625431630701513,0.784541554119869,0.05048172093396778,-0.0004604989036712284
1.8724130418022977,-22.283863339842654,-0.8779058076714321,0.7848825331310207,0.049355653026689233,-0.00045836167177723465
1.8170996172688267,-21.92775586390711,-0.7952400795239711,0.7850333263823268,0.0482414752586084,-0.0004562297386301012
1.7623211904083411,-21.57517534796608,-0.7144789454351255,0.7850567378168511,0.04715559895056347,-0.00045410343173656704
1.7077908970037863,-21.225509122331744,-0.635461907854662,0.7849349749932353,0.04607895707170183,-0.00045198253988238573
1.6537289696086868,-20.879122149140827,-0.5582853915754455,0.7846710064251718,0.045028307212577556,-0.0004498672914590968
1.6000148694930163,-20.535749871860432,-0.4830155048443032,0.784208161763301,0.044002057908485076,-0.0004477576756699293
1.547034143065842,-20.195849592296582,-0.4094339393023958,0.7836672711923676,0.0430155664932494,-0.0004456536734264591
1.4945407937662762,-20.018182501955863,-0.4245884734005614,0.7694298157958768,0.042035828753998056,-0.0004435554827676854
1.4506721006451675,-22.061857331837132,-1.6503980634866906,0.5672447499470508,0.04137499589622458,-0.00044146298011435854
1.4067421870581305,-24.112438506671097,-2.8790903668026218,0.36434374878432507,0.040713363846447775,-0.0004393762179801943
1.3632644134937522,-26.16827101111477,-4.109391654414246,0.1609758867998874,0.04008304497899734,-0.0004372952360775029
1.3199777454665051,-28.22783176267461,-5.34053191215704,-0.0427687307104172,0.03946566838721092,-0.0004352201607739907
1.2769662455740938,-30.28912565352104,-6.57116578448133,-0.24664679838384362,0.038860357646436916,-0.0004331511290684781
1.2342341293875967,-32.35081860849219,-7.800491999665141,-0.45053585264455354,0.03826563775349892,-0.00043108771835592545
1.1919475636382404,-34.411592558285534,-9.027762924335349,-0.6543257746538185,0.03769741618823243,-0.00042903042232234843
1.1500163516934292,-36.46976442616179,-10.251779010760082,-0.85778694952326,0.03713759584241938,-0.00042697913937797186
1.108362383238851,-38.524205055408274,-11.472042297279728,-1.0608763897231297,0.036584906810628315,-0.0004249338939309238
1.067487155564707,-40.5738433660533,-12.68763441174017,-1.2633941026809294,0.036071877985004594,-0.00042289465643730956
1.0267940201946784,-42.61744081174918,-13.897893052249245,-1.4652489751479738,0.035546220231309864,-0.00042086144826069367
0.9864611531929498,-44.653642403670176,-15.102074244863772,-1.6663292478511709,0.03502491278854947,-0.00041883436963125755
0.9469895925161728,-46.68196084742137,-16.29959459950959,-1.8664862604676848,0.03454081741276773,-0.0004168134403675702
0.9079483710211911,-48.701269677321456,-17.489906854806456,-2.0656543251293122,0.03405781599757662,-0.00041479858516656806
0.8693350721142639,-50.7104181101198,-18.672358499573523,-2.263726150945942,0.0335764646683975,-0.00041279002312690085
0.8316533522192695,-52.709062494058415,-19.84645752774428,-2.460569252876051,0.03312898221680974,-0.0004107876065974469
0.7943848049554572,-54.69598218436114,-21.01180016567299,-2.6561722688813347,0.0326798823435234,-0.00040879140042241645
0.75770145384286,-56.67081705633864,-22.167815486707177,-2.8503742921810673,0.03222904452336616,-0.00040680159625615527
0.7219274035612439,-58.63285573475939,-23.31419448390723,-3.0431374796444595,0.03180999245109695,-0.00040481789065560544
0.686715534956129,-60.58124931979307,-24.45038907096939,-3.234361653498841,0.031386580795629566,-0.0004028405891404696
0.6524728017295873,-62.51558506312823,-25.576083201367965,-3.4239728237314107,0.030992873918442736,-0.00040086956621335353
0.6186006225905637,-64.43529286109502,-26.691030736884933,-3.611943853327616,0.03057688478186981,-0.0003989049844787094
0.5856857271647186,-66.33975864750772,-27.794847656630562,-3.798198880636584,0.030189209629622533,-0.0003969466305389174
0.5536203465793706,-68.22860302225577,-28.887128259348685,-3.9826311839710034,0.029811783889580196,-0.00039499476968076023
0.5221425536018206,-70.10141717274281,-29.967809028370688,-4.165256398543453,0.029426943230275407,-0.00039304938779260426
0.4917452598674593,-71.95811408639392,-31.036589739407855,-4.345972844026721,0.029067917816002917,-0.0003911102299476802
0.4621478579656632,-73.79790236932419,-32.093215202756696,-4.524765773570878,0.028716703343646486,-0.0003891777036400216
0.4330057664227686,-75.62059784463605,-33.13753608075996,-4.701596207792268,0.02833956836040964,-0.00038725149057987004
0.4051492228993038,-77.42594855300774,-34.169256011815165,-4.876379005696875,0.028003521587063193,-0.0003853317820465625
0.3781186604993517,-79.21365726627766,-35.18836012642303,-5.049129104346384,0.02767385665494867,-0.00038341861233762094
0.35173544697145,-80.98331504948595,-36.194626319507094,-5.2198064162161915,0.027332457183433394,-0.0003815118970652442
0.3264827928190067,-82.73509393752082,-37.18792385936085,-5.388336427122917,0.0270136559139557,-0.0003796117367904758
0.30183208999721967,-84.46840063468524,-38.168261077919254,-5.554774535055817,0.02668247047307417,-0.0003777181092261423
0.27851572878465347,-86.1833817498638,-39.135358979860925,-5.718998120355806,0.026389428040957702,-0.00037583106598024197
0.255661413426761,-87.87965612431007,-40.08927197558336,-5.881056801565926,0.02606584266824058,-0.00037395046671588356
0.2338493527387546,-89.55714521434341,-41.02995471278187,-6.040932730761207,0.02576239054345366,-0.00037207654422063453
0.21312315690712874,-91.21581213665512,-41.95727859030594,-6.198572707953355,0.025478601313726566,-0.00037020914991996244
0.19311868142376246,-92.85570803081573,-42.87126148656302,-6.353970028124414,0.02517965788978757,-0.0003683483676614106
0.17414866841812335,-94.47637508605473,-43.77180957234138,-6.507126594907231,0.024899189020655688,-0.00036649412327967025
0.15601035796214488,-96.0780186907603,-44.65906544422861,-6.658058302071565,0.024620227392408472,-0.0003646465400318775
0.13892825598543948,-97.66054282175597,-45.53291229042117,-6.806725397905073,0.02435846699775803,-0.00036280559300488435
0.12269884068481947,-99.22383741075312,-46.393331022121885,-6.9531220189877825,0.02409616720769512,-0.0003609713187800079
0.10729430748740068,-100.76804066227561,-47.2404753559935,-7.097274952411949,0.023833571786210456,-0.0003591435544950393
0.09252399092269824,-102.29293073504982,-48.07426581941232,-7.239169940677547,0.02355346598460626,-0.00035732256806088764
0.07894841969547196,-103.79869765464079,-48.89482673827616,-7.378817116819464,0.02330666082914504,-0.0003555081852713723
0.06626446263232035,-105.28545523231848,-49.702055927632124,-7.516158420082962,0.023058782014888212,-0.0003537004403153528
0.05428421021603094,-106.75300388461278,-50.49628007507729,-7.651317084091682,0.0228085382351584,-0.0003518993293187319
0.04330498483474271,-108.20140613335559,-51.27730685544047,-7.784206399531312,0.02257363531624679,-0.0003501048940143369
0.03312838412311057,-109.630913907821,-52.04531652224678,-7.9148565268480215,0.022335324126328833,-0.00034831728995496787
0.023884476710712584,-111.0414543259454,-52.800403810825166,-8.0432920122593,0.022111198815602036,-0.00034653612883931773
0.01512371573720191,-112.43290180116188,-53.54268393169383,-8.169554804814574,0.02186698862441278,-0.0003447618256953291
0.0074078931289890855,-113.80574184752061,-54.27205552589765,-8.293552714243189,0.021636552521719546,-0.0003429941593813663
0.0005273815122025101,-115.15982005712104,-54.988884928316196,-8.415412158595966,0.02141952634788035,-0.00034123313979314416
-0.005635148337272123,-116.49523567994062,-55.69309548236487,-8.535089611805507,0.021197758255950383,-0.00033947887388619956
-0.01094724567553768,-117.8120779552318,-56.38486845976107,-8.652623851667435,0.02098883570531723,-0.00033773125314706616
-0.015526877120128535,-119.11072357380098,-57.06427936302851,-8.767996622042663,0.02077467458649135,-0.0003359903831845415
-0.019325235544971568,-120.3908289508739,-57.73145769196071,-8.881271356564092,0.02057260302695943,-0.00033425617902682294
-0.022539354379651457,-121.65266245138851,-58.38658935500261,-8.992476864008013,0.020364785064494784,-0.00033252865859138825
-0.024868162794976063,-122.89666491241768,-59.029689605738504,-9.101564554194562,0.020168373178550292,-0.000330807829529162
-0.026599279426577412,-124.12265685129697,-59.66089621406532,-9.208589424377312,0.01996559649195958,-0.00032909368153548216
-0.027842053460815534,-125.330718328142,-60.28051483398237,-9.313634526483417,0.01975743721727914,-0.00032738629982583396
-0.02804423988993985,-126.52120207117936,-60.88837329508411,-9.416598781732885,0.01957681970287318,-0.00032568564923216644
-0.027748914630432844,-127.69415802419064,-61.484863915404496,-9.517601079498295,0.01938883823747352,-0.000323991579288933
-0.026985252139957203,-128.84951672018056,-62.07003900419211,-9.61665268291836,0.019194760598285048,-0.00032230427633606545
-0.025441642878382263,-129.98785419810412,-62.64397559470746,-9.713718925862008,0.019010261003714814,-0.00032062364150624864
-0.023484482845400605,-131.10893287752717,-63.20694938395724,-9.808905765334506,0.018818022631310185,-0.0003189496824058845
-0.02064877455083698,-132.2131446048934,-63.758984602215946,-9.902169815553945,0.018652974079116185,-0.0003172824364543055
-0.01738730224668943,-133.30047592948222,-64.30025543162554,-9.993566382548197,0.01847910421692075,-0.00031562187858059275
-0.013479041904792839,-134.37134764175406,-64.83093626702721,-10.083102328703276,0.018314312764449017,-0.0003139680239228031
-0.009203749011227415,-135.4255680351344,-65.35114665068538,-10.170828487947462,0.018140907636766148,-0.0003123207618771924
-0.0045793907503414236,-136.46339846167797,-65.8611015260951,-10.256783873930265,0.017959197667353845,-0.0003106802731455659
0.0008629194732146851,-137.48526097516748,-66.36083735082049,-10.340929244207082,0.017803577312982037,-0.0003090463867305657
0.0064261580430586005,-138.49093411100267,-66.85054980040317,-10.423348069513613,0.01762121863155264,-0.00030741920546863296
0.012921727992443692,-139.48093213259423,-67.33039768076503,-10.504031124033013,0.01748121796623074,-0.0003057986270355302
0.019304152214557745,-140.45509524786166,-67.80053380780967,-10.583037604597592,0.01729852690374983,-0.0003041848043239573
0.026577243422525224,-141.41387499013024,-68.26110883213028,-10.660369943162422,0.017156835437015495,-0.0003025774914856745
0.03410250358761419,-142.35718137309203,-68.71221824174303,-10.736057023690424,0.017005551117806,-0.00030097693648539693
0.041869733157124674,-143.2853912322683,-69.15412825214761,-10.810147538743017,0.016844373646463393,-0.00029938295748901684
0.050106608910651794,-144.1986877948178,-69.58687567235297,-10.882627628945166,0.016690676641723322,-0.00029779563846269266
0.058705111794829776,-145.09692237763682,-70.01062895354262,-10.95356015735749,0.016543588345862947,-0.00029621497546762003
0.06771852986970585,-145.98061631142744,-70.42555812057222,-11.022943737984843,0.01640367947406269,-0.00029464084267852016
0.07712388244308889,-146.84987885164276,-70.83179037678968,-11.090805714949667,0.016269694480239287,-0.0002930733792766982
0.08665082659129246,-147.70467247459854,-71.2295082613941,-11.157204050811341,0.016124367250771026,-0.0002915125405737949
0.09636398665984854,-148.54537400327172,-71.61880318891596,-11.22212478439632,0.01596927527293648,-0.0002899581964136585
0.10634004048745788,-149.37193998537816,-71.99992522451888,-11.28564987867422,0.015820564503171607,-0.00028841048101809494
0.11688147529934466,-150.1848586504324,-72.37288541913286,-11.347729091814806,0.015695212969786494,-0.0002868693004050264
0.12753480796039277,-150.99318284072706,-72.73826856130331,-11.408026661354583,0.015438126763420275,-0.0002853361986253124
0.13888159879580314,-151.82844206806072,-73.09738330397647,-11.465106948153739,0.014669079492826507,-0.00028381592001149606
0.15075533058819676,-152.69042644660084,-73.45041415439258,-11.519062505839008,0.013389581800987446,-0.00028231053836662626
0.16316375770381678,-153.57928297243623,-73.79737693398188,-11.569899075031376,0.011600157600682979,-0.0002808234752617448
0.17628297700222745,-154.49511361437797,-74.13829978770929,-11.61762952428274,0.009317359402999482,-0.00027936027804824175
0.18994827128855687,-155.43780728010785,-74.47340451219313,-11.66234406046198,0.00654161417763564,-0.0002779278923274441
0.20433786794384007,-156.4074633196737,-74.80270297445547,-11.704047599188552,0.0032881116066704593,-0.00027653536758692277
0.21961412959097706,-157.4042756295246,-75.12626088421104,-11.742748348065453,-0.00042747585812945126,-0.00027519354430747325
0.23528117880482366,-158.42821628120703,-75.44424735329335,-11.778513014570603,-0.004641881427752114,-0.00027391524981847885
0.2517743391383035,-159.47911449986088,-75.75677259754956,-11.811392387796205,-0.009305560483529401,-0.0002727155170004242
0.26916989971597294,-160.55747545106817,-76.06383741138913,-11.84134316420197,-0.014422197665585751,-0.000271611065293248
0.2873015884908905,-161.6629731144201,-76.36552387388139,-11.86842191185703,-0.0199961198831776,-0.0002706209198851438
0.306012257641119,-162.79558653836278,-76.66206804769189,-11.89270435936426,-0.02603063959079835,-0.00026976642516394735
0.32572890267440147,-163.95562458888412,-76.95343066661677,-11.91414672843661,-0.03249701881342391,-0.000269070789708954
0.34635518757733674,-165.14312477387517,-77.23970711391138,-11.932767697686328,-0.03939993341973939,-0.0002685597388950237
0.36789468052764684,-166.35791175878614,-77.52108184972201,-11.948635436288662,-0.04672884043588244,-0.0002682609878523869
0.38992719421750427,-167.59999790517136,-77.79755010610464,-11.961736749971518,-0.05452305793103892,-0.000268204846093732
0.4131393850533953,-168.86962171988165,-78.06927934423828,-11.972091471456718,-0.06272095842802033,-0.0002684237688252829
0.437184877328121,-170.16667476071524,-78.33640702201284,-11.979739032850153,-0.07134716859939035,-0.00026895262033924003
0.46198220952861746,-171.4910700824254,-78.59894656636308,-11.984673504047274,-0.0804086783808007,-0.0002698286227998995
0.4878695005370764,-172.84310925194416,-78.85701903228971,-11.98688696910274,-0.08987913934873368,-0.0002710917204074802
0.5145042581460704,-174.22245986466476,-79.11064623138464,-11.986393289525985,-0.09978379712456846,-0.00027278383926069324
0.5423146342849716,-175.62930330292818,-79.3600932237589,-11.983237351531566,-0.11008054042977106,-0.0002749497336248674
0.5708638251094987,-177.06350106122824,-79.60527115297387,-11.977373693092307,-0.12081222566650357,-0.0002776367398282174
0.6003376144991677,-178.5250924532645,-79.84650279038928,-11.968875220449064,-0.1319544073127699,-0.00028089437258122326
0.6308917928048565,-180.01396722017728,-80.08365575756852,-11.957672439874026,-0.14349970410195265,-0.00028477487770484224
0.6621090381067467,-181.5299968285065,-80.31702805800207,-11.943838019373079,-0.15547494458190453,-0.0002893332510437943
0.6945776379242147,-183.07334443947423,-80.54653319111739,-11.9272891459462,-0.16783980321958997,-0.0002946265997354905
0.7278685419634859,-184.6436549663635,-80.77235650621664,-11.908075202036262,-0.1806225627739776,-0.00030071509434520034
0.7607036273725569,-186.0721441355902,-80.90896859552521,-11.872678261576006,-0.19379155305642418,-0.0003076610989902684
0.7838691959826466,-186.4317626201272,-80.49156319537609,-11.748448609616338,-0.2071825772422739,-0.0003154697242549557
0.8062715050031053,-186.75201031050352,-80.06829801896129,-11.624746446672887,-0.22017246768943716,-0.0003237814952965377
0.8284157546965648,-187.03278720321606,-79.63981410295118,-11.501742396767145,-0.23269734222019678,-0.00033256332469790785
0.8497845410131333,-187.2738610634287,-79.20679841378528,-11.379637770139297,-0.24477914942427348,-0.0003417793709121747
0.8700479733484398,-187.4754333700363,-78.76978195310662,-11.258547854235797,-0.2564383431280334,-0.00035139128374565745
0.889734121456145,-187.63740374345176,-78.32929222960539,-11.138617023211326,-0.2676125059914669,-0.00036135793922204376
0.9085901877829833,-187.7596658823013,-77.88584334716705,-11.019987321464424,-0.2783077105583162,-0.00037163646337719057
0.9259756246148698,-187.8422407920889,-77.44006817813676,-10.902837345112934,-0.28856425534444186,-0.0003821813100933269
0.9421819601909055,-187.88507132643406,-76.99217131681525,-10.787209242272151,-0.2983525941523063,-0.0003929457751936347
0.9576701451821827,-187.8881086453681,-76.54274957863794,-10.673277606797804,-0.30761244354824985,-0.0004038806795938596
0.9712953774243954,-187.85129867638696,-76.09219136634458,-10.561157463511197,-0.31643624356062283,-0.0004149357282714166
0.9838025625849681,-187.77441679499154,-75.64080909985418,-10.450949118765084,-0.3247446678016792,-0.00042605947772427475
0.9945658879122986,-187.6578745798683,-75.188914994761,-10.34270549672177,-0.3325957090363498,-0.0004371990558855156
1.0041784911867138,-187.50123619754464,-74.73699723928706,-10.236612377737142,-0.3399124420705024,-0.00044830070197114316
1.0120192391437093,-187.30461716359315,-74.28516008529958,-10.13268528381897,-0.3467537181933202,-0.0004593098848944568
1.0185110896694136,-187.06810740590123,-73.83370289747995,-10.031006494120073,-0.3530760185246228,-0.00047017165838119214
1.0232292978507498,-186.79163580669626,-73.38300635121279,-9.931703017044272,-0.35890432906813113,-0.00048083147457772925
1.0265180440973876,-186.47530836722075,-72.93311859222615,-9.834780737225962,-0.3642134244469261,-0.0004912329714942894
1.0280509498905617,-186.11886702348082,-72.48449142212432,-9.74040944690211,-0.3690113358046589,-0.0005013220889495549
1.0278448265659392,-185.72251688197397,-72.03710446786167,-9.648569073766087,-0.3733068608648703,-0.0005110431968197209
1.026093903947656,-185.28637161529565,-71.59129577895742,-9.559363456263634,-0.3770743238093003,-0.0005203423527805681
1.0228994334125872,-184.81045118427994,-71.14712312132038,-9.472817512607348,-0.3803069286974052,-0.000529165453013176
1.017528493241418,-184.29471826025036,-70.70479391894003,-9.389010359838982,-0.3830632726161968,-0.0005374612615621178
1.0110454465121848,-183.73938543162905,-70.26444877668578,-9.307978471646832,-0.3852511251985402,-0.0005451771276357969
1.0029563327703892,-183.14445873791303,-69.82615035018577,-9.229753599019713,-0.38691509519220896,-0.00055226390704881
0.9928050313109925,-182.51016422290633,-69.3900576628994,-9.154383196638042,-0.3880981327357887,-0.0005586729670368337
0.9811651110649341,-181.83639236183586,-68.95636946449528,-9.081952941186124,-0.38874057991338173,-0.0005643578503308715
0.9683227313624193,-181.1236603283008,-68.52496679106567,-9.012393058358915,-0.3888368208553107,-0.0005692737175656741
0.9536493734905297,-180.371791575021,-68.0961086584457,-8.94581935067143,-0.3884303681935519,-0.0005733797106789268
0.9373040421000374,-179.58099767291202,-67.66983228036453,-8.882243011516714,-0.38751403126977213,-0.000576634892629548
0.9196847753057096,-178.7517254498551,-67.24615856883253,-8.821645527196122,-0.38606375406037585,-0.0005790022440465437
0.901015329724956,-177.88389747740155,-66.82516967713111,-8.764077574571878,-0.3840575179119824,-0.0005804471973609537
0.8805047628173175,-176.97789306903218,-66.40694613169276,-8.709548997106207,-0.3815733869362532,-0.0005809398667182199
0.8589155576998896,-176.03390515603581,-65.99142376072962,-8.658037854250754,-0.3785538896118968,-0.0005804503672801789
0.8361404604124633,-175.0521715557872,-65.57874778188267,-8.609585972763266,-0.3750103447086507,-0.000578955163176713
0.8120854263772547,-174.03283683880457,-65.16900158291205,-8.564224071347452,-0.3709540907027396,-0.0005764330214662127
0.7870720219929135,-172.97650843572512,-64.76202947704398,-8.521859871667184,-0.3663793556697157,-0.0005728664355635822
0.7607613847678347,-171.88322453751988,-64.35798468891622,-8.482558170824607,-0.3613151025512947,-0.0005682406924507977
0.7335700272817417,-170.75339862801545,-63.9568145769657,-8.446272157107227,-0.3557371762939497,-0.0005625483455933592
0.7054177611931328,-169.58731312961814,-63.55864962031523,-8.413036287103282,-0.34965911247290116,-0.0005557817361821012
0.6764691935749191,-168.3852700871662,-63.16349898998703,-8.38283375608809,-0.34307509407835773,-0.0005479409267762574
0.6470477863083295,-167.1478072499197,-62.77115164047564,-8.355554046879242,-0.33598076640827695,-0.0005390285121809028
0.616568143753523,-165.87507080260625,-62.38193104696097,-8.331301220236828,-0.3284227014729077,-0.0005290528396656961
0.585959471740963,-164.56754476159927,-61.99553682795151,-8.309932920779952,-0.32034464040326494,-0.0005180259635143037
0.5545425913847306,-163.22558849614688,-61.61219120860938,-8.291498097875055,-0.31181158500827333,-0.0005059635432911123
0.5227505392525391,-161.8496448189582,-61.23183728015247,-8.275935533049154,-0.30280082957137583,-0.0004928890421032249
0.4907544335063917,-160.43993095069877,-60.854435357560675,-8.263211914088794,-0.29330881821473065,-0.0004788275155271241
0.45838617540331744,-158.99705396143776,-60.48007130321716,-8.253297091836199,-0.2833656532450379,-0.00046381093532532624
0.42607275757147633,-157.52135102985386,-60.10863954958358,-8.246117578678057,-0.2729501760107256,-0.0004478747913485154
0.39364338804201354,-156.01332062609734,-59.74017736146087,-8.241632983286284,-0.26209323710103016,-0.0004310597541411017
0.36093554288742535,-154.47324586401373,-59.37461974024353,-8.239783170911197,-0.25082326434331736,-0.00041341349272319244
0.32906274708640193,-152.90159726493687,-59.01209293083078,-8.240550113657111,-0.23905277225430976,-0.0003949847533613624
0.29690460534142155,-151.29868548537644,-58.65252883689308,-8.243870023100689,-0.2268981451295941,-0.0003758300293190218
0.26515487757084516,-149.66504492558812,-58.295818879419805,-8.249633283605021,-0.2143198047084579,-0.0003560100247762014
0.23442379782873518,-148.01813302788344,-57.942710849798786,-8.256850467145652,-0.20152707955027915,-0.0003358601752506462
0.20617062532943853,-146.424745810572,-57.59570865533696,-8.261726364879376,-0.18937713051906313,-0.000316480157485421
0.18025531029527958,-144.88320635411623,-57.25472848079977,-8.26435937520961,-0.1778481597721294,-0.0002978463041541368
0.15664436317748,-143.3919328623204,-56.91988342015273,-8.264908846923259,-0.1669039980658527,-0.0002799332278312104
0.13496647293254085,-141.94940501102607,-56.59119018262217,-8.263494337398186,-0.15654206826785472,-0.00026272336600322846
0.11555665362752757,-140.5540297239342,-56.268719493995334,-8.260265426123834,-0.14669543365573864,-0.00024619120612801677
0.09747069850580348,-139.2042119704813,-55.95239734446485,-8.255324747771793,-0.13741522250041024,-0.0002303180136434771
0.08108402787531759,-137.8985361327026,-55.642281736399255,-8.248802886066505,-0.1286350530139962,-0.00021508135817343028
0.06641617216735256,-136.63564409794154,-55.33833736689688,-8.24079525596308,-0.12032502298246024,-0.00020046058533536163
0.05290062203062405,-135.41410457960825,-55.04050792861511,-8.23139839345589,-0.11250576006534764,-0.00018643911965915338
0.04092999968324363,-134.23253153641105,-54.74873373527786,-8.220704159415996,-0.10511477225232202,-0.00017299607606249085
0.029709191162130756,-133.0897336815354,-54.46312349905733,-8.208845839903438,-0.09819234911414468,-0.00016011494858566764
0.02015063411062817,-131.9845162930621,-54.18337164278577,-8.195814204550784,-0.09164334348859526,-0.00014777517727500094
0.01096551308702104,-130.91546933723703,-53.909668060554466,-8.181796705676051,-0.08554503185600593,-0.00013596153962633042
0.0030903939439911026,-129.88165997208338,-53.64177040968717,-8.166790526142268,-0.07977883208724396,-0.00012495377000600833
-0.003916903947577128,-128.88188366115793,-53.37972705711504,-8.150918623069828,-0.07433593572880234,-0.00011497438392110079
-0.010122373951976476,-127.91468586862754,-53.12346934493573,-8.134266160557974,-0.06925002248520973,-0.00010531341794289244
-0.015861208221024495,-126.97944909510149,-52.87271503841163,-8.116785288201738,-0.06454776361707891,-9.597936010230186e-05
-0.020761730432021546,-126.07476761466661,-52.62767524828113,-8.098665077761439,-0.06015472725817195,-8.698366613203238e-05
-0.025154647761872047,-125.20003936050394,-52.38801357848301,-8.07984181961281,-0.056100953936412984,-7.832693309322649e-05
-0.028998768483956668,-124.35385446843358,-52.15380497908299,-8.060465624039802,-0.05234859550381875,-7.001099340023623e-05
-0.032185376285013806,-123.53553140893698,-51.92490814757774,-8.040542481010561,-0.048877885441850524,-6.20367550795227e-05
-0.034857358904262704,-122.7441990858381,-51.70120123799512,-8.020105690132752,-0.045687007559775006,-5.440349558040664e-05
-0.037304496155949635,-121.97870031272495,-51.48273036938919,-7.999275127333456,-0.042775090450186404,-4.710607626233887e-05
-0.03915263017034295,-121.23842776837056,-51.26919328009048,-7.977994853001688,-0.04010630052809119,-4.014332232456334e-05
-0.04102748012019871,-120.52251347655978,-51.06066529575419,-7.956370165859756,-0.03771560405537547,-3.3506506095391825e-05
-0.042360575598916914,-119.83001390911332,-50.857050412157975,-7.934447570980757,-0.03553468274857441,-2.719344677605831e-05
-0.043282043812652576,-119.1602104088024,-50.65818928356857,-7.912236437690832,-0.03356620583743225,-2.119438550502261e-05
-0.04416466676780063,-118.51229523388243,-50.46399710197382,-7.889778957152516,-0.0318288116529436,-1.550488797970443e-05
-0.04452149618796642,-117.88578662037477,-50.27434413917121,-7.86707153262072,-0.030274984329280386,-1.0113051959484913e-05
-0.044980618973352926,-117.27982113639175,-50.08922201706629,-7.844187380698281,-0.028941249338965774,-5.015151364645084e-06
-0.04520441371641666,-116.69355385443102,-49.90861837333257,-7.821199780096076,-0.02778103471079174,-1.982699193536147e-07
-0.04515207098116937,-116.12670713748122,-49.732179112680754,-7.798005389503795,-0.02679733118457986,4.34036014695307e-06
-0.04500027247903579,-115.57824648143158,-49.56004149923046,-7.774749344495362,-0.025979668616416346,8.613651162469106e-06
-0.04451522205796786,-115.04765635107563,-49.3921076800718,-7.751441598759005,-0.025300053282818646,1.263079134370353e-05
-0.04415116972876079,-114.53451285620235,-49.22816851195795,-7.72804687990464,-0.0247976525617484,1.6397334332626392e-05
-0.043568255689720434,-114.03814760112994,-49.06823893256983,-7.70463089963097,-0.024428241639753018,1.9924933765114947e-05
-3.1199542562712006,-112.7769369530325,-48.08491359434109,-7.454593580191335,-0.44814551172002487,0.004167191977802322
-4.687883518009713,-111.75649375398481,-47.18416853398252,-7.193996021919725,-0.6807491680625821,0.009116023391539456
-4.497914742581917,-111.3511597462476,-47.09403997001013,-7.186004890493239,-0.6595068204492465,0.009071275717250055
-4.3188048204261715,-110.95778431639815,-47.00388617791258,-7.177021251870823,-0.6396529259007115,0.009038160861558888
-4.147663792807941,-110.57679183412614,-46.91494013327079,-7.167467845879464,-0.6207816108329381,0.009009696633371115
-3.9840342058748894,-110.20776842416115,-46.82710614737327,-7.157344652632268,-0.602855828271923,0.008986542293832018
-3.8272316612553308,-109.85060643649814,-46.74093377877446,-7.146879611892195,-0.5857215320892248,0.00896477888165562
-4.596520559840186,-109.24520752183184,-46.31939295208484,-7.032546088748963,-0.6973435690179915,0.011941910260138872
-4.377067835280487,-108.92901112505494,-46.26406430390966,-7.029805220716709,-0.6720477420543747,0.011783468106611093
-4.165679704566146,-108.62255014786433,-46.20907592436078,-7.026456140593911,-0.6476790431961791,0.011626709811985967
-3.9626360998019368,-108.32550965991307,-46.154379418675525,-7.022505938261529,-0.6242709913527851,0.011471777095421085
-3.7678007489302296,-108.0377469639942,-46.10008313381433,-7.018002545383501,-0.6018032338005653,0.01131868551447896
-3.580375561137895,-107.7586504554349,-46.04620020457235,-7.013005098249654,-0.5801896816138572,0.011167442078887759
-3.4003661966817758,-107.48833136385991,-45.992733427464536,-7.007500929429692,-0.5594321249781795,0.01101805184940621
-3.2273550810796814,-107.22629019181683,-45.939661641237564,-7.001527699543761,-0.539482288290957,0.010870514693207347
-3.0615284804112157,-106.97222023650805,-45.88709923272935,-6.995153410607394,-0.5203449972201568,0.010724827693150496
-2.9022316465099904,-106.72600316162709,-45.83505624928387,-6.988388634618117,-0.5019582063602691,0.01058098717555125
-2.7494347073086196,-106.48727467862062,-45.78347261307991,-6.981244906273446,-0.48431221737789043,0.010438983115324362
-2.603012228819911,-106.25569242209947,-45.732489945775455,-6.97380367276383,-0.46738312919213976,0.010298807315037373
-2.4621083500848187,-106.03131253532659,-45.6820472185655,-6.966033103529989,-0.4510973640887536,0.010160449063639016
1.3626522477768253,-104.41806437198522,-45.802761815156295,-7.221677458467273,0.09123593719693182,0.003553516846554213
1.3056894779973054,-100.52144505540608,-43.30879324300403,-6.698358808156378,0.058141908889197735,0.00775539801159325
0.7900911425079846,-96.66979403676028,-41.245255320572255,-6.361578236208605,0.001795724503914159,0.009821638065415314
0.6665963071377786,-94.15247857308924,-39.75389238450032,-6.071810927081385,-0.019242143953636964,0.012108219636315582
0.5008207604406184,-92.39402164170674,-38.753948575350215,-5.883002956875094,-0.04281579984289299,0.013942739744970513
0.3074824277961712,-91.31930636400435,-38.19541595671887,-5.784837592826544,-0.0671349357816393,0.015469977795125763
0.09925045156017744,-90.68011591941381,-37.91646483070796,-5.743920967200618,-0.09173878436583843,0.01678325180579637
-0.11258982867600219,-90.96047739001806,-38.2173788129136,-5.819086031887634,-0.11323229803782378,0.017819941448728793
-0.3091366330750339,-91.1136339670462,-38.42852694860033,-5.87461793180394,-0.13395900451424006,0.018754341215666808
-0.4553058873599631,-91.27266559303015,-38.61507729447805,-5.918804021452419,-0.14993719069623973,0.019488980824165936
-0.5976496266186925,-91.22884659323631,-38.6651435700073,-5.933976239484909,-0.16724237552744073,0.0198958684864346
-0.7553226886526445,-92.11261576946458,-39.14360503360676,-6.001747659865414,-0.19140086902258382,0.020215497567817358
-0.8151053153615412,-93.75773577775202,-40.05744778396879,-6.145734546833118,-0.2019219813876834,0.02065936458859918
-0.563119301178119,-93.66602555219569,-39.73241542891304,-6.007944681676377,-0.1851402701160358,0.02139090947572061
-0.48260138399193636,-95.48159807640785,-40.67947987329114,-6.140141211080252,-0.18075062664139924,0.021171312638201403
-0.3936061551978422,-97.26063401283768,-41.59847704196458,-6.2657102590412785,-0.17559523378108152,0.02088433171575753
-0.29856117818440453,-99.01071084932454,-42.495648641487556,-6.386246064977645,-0.16985054145871414,0.02054356243226422
-0.19859661213317206,-100.73551959621366,-43.37454791169153,-6.502770715518951,-0.16351897384809347,0.02016340713845314
-0.1034198236136189,-102.44842430977648,-44.24853071903412,-6.619110957611967,-0.15758941943077456,0.019788228370674472
-0.044320917084098764,-104.13194981287397,-45.12417829130359,-6.740956354901123,-0.15507973886713858,0.0196086662742223
0.009726316504578687,-105.79191384117827,-45.98809038007283,-6.861428453527397,-0.15304875017677133,0.01941450030836711
0.04959188702004729,-107.40974781245878,-46.83318065056976,-6.980275523701858,-0.1525023019146383,0.019203400811058785
0.07784166824871967,-108.9891128594568,-47.66066180654151,-7.097468179592164,-0.15316946133553955,0.018975540813059362
0.11965618304429676,-110.56764627381243,-48.48140185246642,-7.212001079773703,-0.15235000026190432,0.01876435912972314
0.159930456635613,-112.12315465753254,-49.28902548723457,-7.324472823378131,-0.15165443642642856,0.018551988607055744
0.19968690633297764,-113.65681999726279,-50.08419834337968,-7.434951660020994,-0.15095463714751803,0.018340103350506422
0.24023079992908858,-115.17007491115803,-50.86716413847179,-7.543350404199599,-0.15013784555880985,0.018129680698408746
0.27970119464402976,-116.66108571743517,-51.637629203535,-7.649793100044139,-0.14937624941882255,0.017919672561669164
0.3185132639023991,-118.13028298827668,-52.395729749861275,-7.754278251627996,-0.14863408449104687,0.017710538433729748
0.35787059466134197,-119.57889645680018,-53.14197012854537,-7.856819778357834,-0.1477844613302754,0.0175036936817947
0.3401758541973652,-121.01652898095708,-53.91313919701373,-7.972439464864047,-0.1525802005405614,0.017495848572391066
0.3543458736224087,-122.43504995711794,-54.65640055331914,-8.078751322077764,-0.15419500506115077,0.017319778135641395
0.37651283157488724,-123.83362950663928,-55.384515775864166,-8.181573874090109,-0.15495396723478957,0.017078975179200897
0.3351660240831298,-125.23452775323658,-56.14958454406338,-8.300806074960507,-0.16204802113981456,0.016915958185788643
0.3588588117595428,-126.59926532730742,-56.858131790638154,-8.400575838404995,-0.16264596526417102,0.016570337415470492
0.3813360684127661,-127.93395578096826,-57.549673661790564,-8.497548898640343,-0.16332238927065787,0.016238512597380687
0.4036533305218741,-129.2367719365272,-58.22312322205447,-8.59149986359837,-0.16397369863797684,0.015934742435855853
0.4250174206704118,-130.5058848215662,-58.87732217773574,-8.682183978603103,-0.16466392812303746,0.015669562193947065
0.42015839342998934,-131.72454948158017,-59.51643188487532,-8.774086961771149,-0.16790512556757115,0.015529665001010686
0.34430867907718266,-132.85642751347578,-60.142705109179644,-8.873928707124573,-0.1782063059967374,0.01566144007809945
0.22026938244630972,-133.91622941131155,-60.75275169809984,-8.977988428160604,-0.1933327448302378,0.015919983912786748
-0.12413500994834913,-134.5792001352887,-61.236356691511595,-9.087774510850862,-0.23172084924718864,0.016825328509883834
-0.212072006643143,-135.40387130213838,-61.67000646596496,-9.150261294022846,-0.24592852605012003,0.016770415009593826
0.05720808860033307,-137.00568823315058,-62.40337291811498,-9.225619912706787,-0.22135132107166852,0.015586580223557096
0.20830482202093764,-138.22166968377564,-62.96361223601958,-9.283516409917468,-0.20917105317857376,0.014932334221374502
0.26723690214946466,-139.34797646352595,-63.521832237859016,-9.354357026217617,-0.20580983671357858,0.014760579705373448
0.3240420408832713,-140.4526465221106,-64.0696004956477,-9.423852976363758,-0.20257371259931833,0.014588246083512722
0.3790744620978604,-141.53600835023266,-64.60695963032124,-9.49198289249002,-0.19943824035829838,0.01441550627936121
0.5271305848307521,-142.54671204109914,-65.0483679152791,-9.528316955897795,-0.18705813452586062,0.014192437793063865
0.5742377294906074,-143.58247863835302,-65.5649990648421,-9.594375614425566,-0.1843816822115614,0.013988081681564712
0.5930750241467327,-144.62260700811248,-66.10074864579342,-9.668292872927369,-0.18454821783731964,0.013840046771808868
0.6114608015850814,-145.6422308422359,-66.62616423643945,-9.740759991778436,-0.18470300110557494,0.013691893787261421
0.6288098797852099,-146.64185441144173,-67.14106556445356,-9.811652027681319,-0.1849116740553434,0.013543400105078877
0.6461684902502014,-147.62150363222923,-67.64575199793265,-9.881062305468024,-0.18507125779886824,0.01339466461261728
0.662738228552396,-148.5817449092393,-68.14047420716481,-9.94902647697306,-0.1852597239308072,0.013245792946534881
0.6787000776067375,-149.52268195888314,-68.62522580633681,-10.015514809846294,-0.18546024502755035,0.013097291832220777
0.694142937845928,-150.4444919379989,-69.10036267652971,-10.080630657032124,-0.18565660408778725,0.012948943794104308
0.7097818318362432,-151.3695027507896,-69.56687559760539,-10.143163435090713,-0.18607988971349498,0.01280118028405469
0.7250241994002157,-152.32041591915936,-70.02607369347453,-10.20201777170389,-0.18706369994004898,0.012654368764571962
0.7402652578658063,-153.29742188985242,-70.47783849320598,-10.257132013770713,-0.18857752440399578,0.0125084922998359
0.755900174023831,-154.30005690930247,-70.92246797159245,-10.308651441171927,-0.19056171490276513,0.012363555135472182
0.7715361125470169,-155.32803418514743,-71.35997841952198,-10.356607087755837,-0.19304214908131417,0.012219528113791971
0.7873838920365576,-156.38142726940453,-71.7905142588421,-10.401032459365391,-0.19599344061247573,0.01207622196182491
0.8036455978911922,-157.45999742900608,-72.2140471894257,-10.441933768729871,-0.1993933103608265,0.011933641154101313
0.8202184564978043,-158.56311398096958,-72.63074307206347,-10.47941137214077,-0.20322708269300147,0.011791790742428043
0.8373078249527522,-159.6910687753993,-73.04060076958118,-10.51343110406508,-0.20748548303652306,0.011649991163776525
0.8545851217870997,-160.84307003919363,-73.44379817047744,-10.544109894958858,-0.2121722569095731,0.011508519189677064
0.8722801450868408,-162.01965749151083,-73.84044237091089,-10.57141573512531,-0.2172778683079753,0.011367348813784744
0.8906775591238145,-163.21977252559867,-74.23049765427892,-10.595412483409087,-0.2227527374993432,0.011225972662504882
0.909922351620197,-164.44351202417153,-74.61410408446872,-10.616113347563822,-0.2285830830370313,0.011084374706923299
0.9295695672297343,-165.69070589573852,-74.99131458048834,-10.633530658191706,-0.23480691753089725,0.010942613207074042
0.9495038573382565,-166.96109319989247,-75.36249485496408,-10.647795080047835,-0.24142254951897624,0.010801138725090228
0.9704748405293023,-168.25433889086594,-75.72745567357481,-10.658827707862793,-0.24835964604712132,0.010659126316997943
0.9920072270145718,-169.57016333429425,-76.0862038336624,-10.666626128110995,-0.2556593003174951,0.010516646964863062
1.0139806148580377,-170.90849231381634,-76.43919446274961,-10.67132585797254,-0.2633227626607466,0.01037414782319169
1.0368980466477002,-172.26851620964302,-76.78611804410451,-10.672845912098424,-0.27129717576226353,0.010230738219171094
1.0609537548930066,-173.65018145466672,-77.12724996499364,-10.671242548817343,-0.27956010187005026,0.010086514171074114
1.0849935416936842,-175.05331975643566,-77.46275850778602,-10.666557328996824,-0.2882157405478021,0.00994187787519373
1.1104649890722287,-176.47724287578328,-77.79242081566153,-10.658710415916095,-0.2971257567332932,0.009795882365820833
1.1362433424546363,-177.92179425637983,-78.11665526307067,-10.647826511330424,-0.30638572930553193,0.009649086896321093
1.1634107967695437,-179.3862453772278,-78.43515026302552,-10.633794104859007,-0.31589367790800216,0.009500559571001169
1.1910733227459889,-180.8706490329846,-78.74831749459321,-10.616705334277066,-0.3257298545533636,0.00935093117498914
1.2197426697231997,-182.37418973245224,-79.05585074180394,-10.596457512787913,-0.3358422266009314,0.009199061248505619
1.2492154114460872,-183.89660398849387,-79.35816059674278,-10.573163254469025,-0.3462427428421895,0.00904559658840531
1.279598441610522,-185.43703308126368,-79.6551458495737,-10.546798514934785,-0.3569131981239293,0.008889980912089994
1.3110608057085607,-186.9949399546424,-79.94683315993359,-10.517339566075751,-0.36782881677800794,0.00873139492113385
1.3431909160661717,-188.57025229135854,-80.233341787515,-10.484773963579604,-0.3790387752476937,0.00857050558723859
1.3765464605248872,-190.1618442170709,-80.51446091353051,-10.449044110709321,-0.3904786324035695,0.008406284123816565
1.4106810407426078,-191.76929903189247,-80.79066756073789,-10.410286635508932,-0.40217937950150495,0.00823925443384276
1.4457604195474616,-193.39181162664266,-81.06160694719453,-10.368354908925413,-0.4141243249011011,0.00806819745100598
1.4816605859454766,-195.02852076886717,-81.32763781076937,-10.323379268587306,-0.4263107514577889,0.007893692450465896
1.5187878921377735,-196.67880162119,-81.58838551849527,-10.275180093944016,-0.4387065756564532,0.007714486558066805
1.556323837497069,-198.34201598944884,-81.8441961867925,-10.223859095594882,-0.45137884237103626,0.00753120192602828
1.5953230477732536,-200.01709077678404,-82.0949361379825,-10.169363543277587,-0.464223796409274,0.0073430753026934754
1.6349516929174184,-201.702945763779,-82.34070281213567,-10.111727906767772,-0.4773005837168797,0.007149668933547262
1.6752494245361262,-203.39868625845918,-82.58124413552659,-10.050835943881951,-0.4906055426530343,0.00695016291976303
1.7167003968835997,-205.10336056405401,-82.81687005883131,-9.986785482702857,-0.5040844726073899,0.006745032080673036
1.7590525991633985,-206.81586242247786,-83.04738154266383,-9.919493836268021,-0.5177543154424574,0.0065334619998792315
1.8019619260453568,-208.5346326033079,-83.27267071879604,-9.84895074632103,-0.5316257701713208,0.006314440169630371
1.845668916301652,-210.25907592160755,-83.49290060744767,-9.775156520202254,-0.5456827893434932,0.006088683867320272
1.8901412119690315,-211.98736357674528,-83.70794416892704,-9.698116338141551,-0.5599053469486681,0.005855238255647297
1.9354142463286543,-213.71835216943552,-83.91776568049566,-9.617793058552436,-0.574281364775607,0.005613481213031392
1.9814542835363838,-215.4504906222435,-84.12218320683152,-9.534143953891252,-0.5888052418627858,0.005363061659120822
2.0281759380858997,-217.18226517809904,-84.32105556469898,-9.447119311815602,-0.6034679625710571,0.005102759325372944
2.0751442584029376,-218.91194388417907,-84.51465684622312,-9.356861918288011,-0.6182881980310182,0.004833361590899557
2.1227278242529475,-220.63790452381977,-84.70259661922242,-9.263241230415453,-0.6332267531313516,0.004553860567642605
2.171114983274287,-222.35829102276674,-84.88473612909749,-9.166236910698654,-0.648246619226509,0.0042632683256010225
2.2206339413995164,-224.0701680840361,-85.05996255197743,-9.065550610744072,-0.6632830523345494,0.003957143712948247
2.2695437617790892,-225.7737899775019,-85.23037260112548,-8.961848348978954,-0.6785139297845423,0.0036445539402608093
2.3185589445028842,-227.4653616058728,-85.39472422865367,-8.854859799434507,-0.6938197139176463,0.003320162212545448
2.368182887288568,-229.14331512341005,-85.5527150100221,-8.744468757282057,-0.7091545399832488,0.0029834232020470395
2.417347936181716,-230.8049583124503,-85.70432990883103,-8.630781390626979,-0.7245771053690038,0.0026339903453285345
2.4664782969350814,-232.4482578929733,-85.84942574949272,-8.513791910161624,-0.7400401580784772,0.0022721479049942826
2.402532668088165,-234.08930703086946,-85.9753474354147,-8.38599437568464,-0.7712590032121436,0.002188797753164307
2.1151738988992426,-235.74283157673517,-86.0604686681678,-8.236223192889751,-0.8340937729997647,0.0026702980752701284
1.860746475395749,-237.36979739065296,-86.1447311129252,-8.085862057744295,-0.892581307218822,0.003101824017529628
1.6394197003432744,-238.9663435738338,-86.22787748782522,-7.9350830020055,-0.9466142175723371,0.003475251968030332
1.4465542272315801,-240.529726773338,-86.30915319872429,-7.783678835999643,-0.996724208881092,0.0037973378173259435
1.2797189942253269,-242.05718807380953,-86.38745317329048,-7.631319501393133,-1.0432386688166178,0.004073597791344628
1.1352173645599966,-243.54536121579486,-86.46209184779963,-7.477902879249724,-1.0865611519790628,0.004309205473216307
1.011139096957459,-244.99085749869747,-86.53225771680908,-7.3232766910554625,-1.1269308429389724,0.004508824696559373
0.9042562233250567,-246.39037157766444,-86.59711037988104,-7.167281970176205,-1.1647001961375012,0.004676723917468886
0.8127715449298957,-247.7397333063237,-86.6559089756993,-7.00987963313877,-1.2000622937085874,0.004816755644809912
0.7344460808845273,-249.0350940814378,-86.70772924958712,-6.850934698594351,-1.2332563173094486,0.004932236853569372
0.6679257878250691,-250.27201172280974,-86.75153663858248,-6.6903153126172,-1.2644181785852868,0.005025664335656109
0.6140985444070279,-251.44601795113803,-86.78427835689183,-6.527030459665072,-1.29349215999463,0.005095217241729342
0.57099379125431,-252.3860317290987,-86.72134693006765,-6.350361185983684,-1.320043284291745,0.005138543972082366
0.5225782259823288,-250.94662539845814,-85.47700775175122,-6.020386052310279,-1.338342972017496,0.005179342094139981
0.47298071333514474,-249.32488337923564,-84.22516240869132,-5.703893014183058,-1.3532142332795714,0.005216181429048483
0.420392434075273,-247.52149910715227,-82.96715388571192,-5.401759331933841,-1.3647929138345198,0.00525200387231931
0.36419890397639204,-245.5375609366301,-81.7042240533917,-5.114807227321061,-1.3731009041989126,0.005288157306020635
0.30265964933865963,-243.3747101279009,-80.43756486016406,-4.843817496770087,-1.3783214361430831,0.00532960246380961
0.23515357876709678,-241.03485089830818,-79.16841751432233,-4.5895693529391455,-1.3804848693174163,0.005377001653722648
0.16076869549682152,-238.52013849412688,-77.89794273677018,-4.352807576492647,-1.3796725568708634,0.0054322141517149855
0.07931846061449616,-235.8332549230716,-76.62732303615778,-4.134243579564962,-1.3759125077294576,0.00549693549603171
-0.009391480302418407,-232.9775983959458,-75.35771317268774,-3.9344986486226183,-1.3692463377531332,0.00557263559701157
-0.10637587885610242,-229.95691592516852,-74.09020587870027,-3.7541523897284286,-1.359799851393272,0.00566065987801271
-0.2118516458918936,-226.7751763165412,-72.8259842721212,-3.593781738233565,-1.347627906053841,0.00576216899122035
-0.32534077712872445,-223.43719424198537,-71.56639634110013,-3.4539225756562466,-1.3327388576026957,0.005878144176494082
-0.44740517653909606,-219.94819174966887,-70.31233374540639,-3.334895473951237,-1.3152576364373465,0.006009372619100509
-0.5779869512677904,-216.3137536280134,-69.06520150858334,-3.237146570156348,-1.2952472242565196,0.006156561835575109
-0.7165171840678948,-212.54016455789025,-67.82606528620113,-3.160892861153087,-1.2727522334699806,0.006320118156598832
-0.863253607588125,-208.63418918750767,-66.59599335640688,-3.10626970745182,-1.2478992584880033,0.006499868522202865
-1.0170775935646679,-204.60248752259264,-65.37620899511742,-3.073460849712321,-1.220697685866938,0.006696429814054165
-1.17885539351664,-200.45310757115305,-64.16795328995836,-3.0624499838080323,-1.1913586155272904,0.006909947941467091
-1.3465002404212705,-196.1937059853298,-62.9721609600257,-3.07310798760824,-1.1598386951770896,0.007140304500688021
-1.5179188701854756,-191.83326004343195,-61.789863383710795,-3.105114515017018,-1.1259973579182219,0.007376526241631264
-1.69746587794646,-187.37970335298488,-60.62222761440218,-3.158360343756418,-1.0906237812113404,0.007641420971615063
-1.881405759065007,-182.84281943241433,-59.470357525496915,-3.2323518317146736,-1.0534358154464676,0.007922458513053916
-2.0690048309984577,-178.23138037195554,-58.3351090656373,-3.3265888979274223,-1.014550985002634,0.008218907889240793
-2.259143074004051,-173.5549777328576,-57.21727791090109,-3.4403804100206887,-0.9740669127445355,0.008529452060668175
-2.450570244161726,-168.82409715861388,-56.1172631423392,-3.572700631710215,-0.9320969856279275,0.008852771071587903
-2.6419699436392716,-164.04825924317265,-55.035854171710255,-3.7227424655638597,-0.888718020817772,0.009186681040774379
-2.831892004306838,-159.23755315639718,-53.97345762597795,-3.8894172654763004,-0.8440289489495402,0.009529701582330116
-3.0195025259900503,-154.40194575348812,-52.9304773685237,-4.071565745844695,-0.7981715024400726,0.009879623081635699
-3.2019554630827125,-149.55174059161348,-51.90684812724896,-4.267733302219693,-0.7511257892864075,0.010233396991275878
-3.3766327328698647,-144.7099052725399,-50.9002048769998,-4.473481854960135,-0.7032413372416864,0.010585549198004704
-3.5276742987737713,-140.0110511029369,-49.890251206017155,-4.659535620540772,-0.6568310559256731,0.010919404871570813
-3.657909199847628,-135.44941279293786,-48.8793465583561,-4.827290911167506,-0.6119324120653602,0.011236967045139332
-3.76868855242639,-131.02111152755896,-47.86879994044176,-4.977495572805786,-0.5685039086106765,0.011539100720959684
-3.8610152652463645,-126.72084807450972,-46.85994160693734,-5.111083059204908,-0.5264485936188436,0.011826250869804496
-3.9401733571738387,-122.54045639351799,-45.8519708724956,-5.228462576746826,-0.4855493180406776,0.011786185543493852
-4.005515257215719,-118.48352375829002,-44.84952423271818,-5.330825914228324,-0.44641176096150254,0.011777346213968387
-4.060890263913798,-114.5412933332602,-43.854247161020886,-5.419890875982591,-0.4090830116891526,0.01176204322010788
-4.107388891424678,-110.70790981978251,-42.86708173485745,-5.496566314465877,-0.3734849858612728,0.011740639684545166
-4.14578309000172,-106.97963297806751,-41.88882730584085,-5.561461065080596,-0.3395544931126008,0.011712900693888155
-4.17671527894089,-103.35118615922894,-40.920053390258836,-5.6152758561319285,-0.30721962321285423,0.011681970526771956
-4.357518631047172,-99.68862838280559,-40.014365934176915,-5.7015401178795715,-0.2927873491271253,0.012531816882591022
-4.423849949044634,-96.22905861198488,-39.10396357058668,-5.753064804728628,-0.2680616578951437,0.012535020451385576
-4.554687416210482,-92.80247650812328,-38.23539435337449,-5.8162201196983165,-0.2519079115834637,0.012845050850351347
-4.578942663545351,-89.51382449757892,-37.32406673677298,-5.838572604153069,-0.22685385917515757,0.01269918673005984
-4.596358268643908,-86.2872080021579,-36.41202452608049,-5.84960270663818,-0.2029724281833981,0.012596424915456674
-4.644569144879021,-83.05742425671062,-35.49093676422813,-5.855675956602305,-0.18401573361115406,0.012707246483919857
-4.677305184060651,-79.9069226175154,-34.58166314871701,-5.852046958564717,-0.16497330701661117,0.01275558371741267
-4.702516143744047,-76.81993330321149,-33.682656374479606,-5.840154917288017,-0.14651399555825856,0.012739629422987458
-4.7289185974380565,-73.7757142353181,-32.790887030061455,-5.8214847482742815,-0.1294203653259608,0.012688412195491985
-4.77255205110164,-70.77836306283561,-31.90636417965391,-5.795193249723874,-0.11589967414030866,0.012623756111674225
-5.7032728698831665,-67.9089935688604,-30.97207997864625,-5.736744787119732,-0.2236372825100903,0.015361151275215255
-5.615737296390617,-65.20071709370265,-30.227026556947994,-5.7136279347685806,-0.19575550130760616,0.014388901992121256
-5.343937171727203,-62.83848945290585,-29.517837566905605,-5.6477828091571975,-0.15155055231809172,0.0127119939273992
-5.193893833576484,-60.211220391970514,-28.72025587675362,-5.581268234957671,-0.12085908014849289,0.011665645822506517
-5.156509421134677,-57.4143280610034,-27.9100729710634,-5.528757581846688,-0.10260075599141832,0.011319241307845453
-5.120943437861359,-54.62648682558558,-27.109369441178742,-5.471246283877089,-0.0852659314870291,0.010974658010498394
-5.086233918820491,-51.8409168569972,-26.316386839324984,-5.408193197533164,-0.06871846815131799,0.010630003982319731
-5.052579912656659,-49.04761057370761,-25.530419919737852,-5.339755096516755,-0.05288283346998596,0.010285447295913186
-5.020616177405522,-46.237839532486475,-24.75058573298303,-5.265772696500722,-0.037750584784953356,0.009940444228071851
-4.992408539378592,-43.39553092502653,-23.975914029067138,-5.186853072445082,-0.023407618880130876,0.009594715496598918
-4.9642426670607875,-40.51892767302003,-23.206380502073443,-5.10183813975771,-0.009456938504531942,0.009254073500486903
-4.938819183112242,-37.587915665345804,-22.439799881984158,-5.011097043732336,0.003945752429357796,0.008913394723426744
-4.91738372882233,-34.58523311170042,-21.674889335569638,-4.914622940292709,0.016815190842831673,0.008570069274821204
-4.900597903715185,-31.494450123816506,-20.910421046215735,-4.8120658342376865,0.02916582215839686,0.008228695823476073
-4.889337045379193,-28.294555656296538,-20.144676486698188,-4.703090414173389,0.0410404701724118,0.007888824084920665
-4.884083470761825,-24.960868053919228,-19.375800371932133,-4.587338060212017,0.05252096048807148,0.007551307452239445
-4.885602193560097,-21.46535452439609,-18.600696906290178,-4.46392039323745,0.06368096482834013,0.007213263186004165
-4.894933996607306,-17.77368927377563,-17.816881397097937,-4.332279913099697,0.07458541964999899,0.006876591587566074
-4.9149090124537045,-13.844538278829646,-17.020904085737754,-4.19156496734711,0.085180539756811,0.0065412988147152745
-4.945914673492921,-9.628172304093084,-16.208583316628857,-4.040637713613659,0.09565608615633198,0.006207197253892951
-4.9910454457722295,-5.064498509421398,-15.374943908297944,-3.878069513428689,0.10600068549798336,0.005874212261781289
-5.053208609419562,-0.07739664622218356,-14.513722628684413,-3.702173796793847,0.11629871537964803,0.0055422458793424985
-5.135564887738093,5.427419665827557,-13.617237086705014,-3.510736496571484,0.1266814154210817,0.005211086102323775
-5.243531691083104,11.570912613337555,-12.675907302666928,-3.3010910422132733,0.1372034685113433,0.004880551912619807
-5.3828132720879855,18.50930621285545,-11.677266808686593,-3.0697455843828685,0.14804584864098153,0.004550374418495491
-5.562503433916679,26.44684063485107,-10.605265184777657,-2.8121607371957005,0.1592961666937835,0.00422020572984788
-5.793734492368575,35.659358522576554,-9.438414398748218,-2.5224524442912033,0.17121012002482566,0.0038874240092814116
-6.093337174320461,46.52530800304959,-8.1475088796698,-2.1928665399094034,0.183977402794338,0.0035506032930349234
-6.4832106051626806,59.570407721661994,-6.693966207214615,-1.812763704672086,0.19807714163691276,0.003213325058561214
-6.9995407709861315,75.56805873081144,-5.020117721952317,-1.3677242031522012,0.21386440431223197,0.0028725095286167295
-7.696017640241614,95.67443697117835,-3.041666448631844,-0.8369496225195929,0.23199991185257068,0.002525195381596384
-8.661272107368452,121.71195220740434,-0.6288128780515265,-0.19021743771786426,0.25336581588357043,0.002167907626520368
-10.045471158902421,156.7028708845437,2.4300957003805124,0.6190875180431004,0.2794125134781157,0.0017952898591036244
-12.138018375206581,205.5100917505924,6.396895405784669,1.6074527570836046,0.31226386212630775,0.0014093308820410642
-15.482835223997402,273.593747424397,11.184488165689196,2.513086748614477,0.35403212670376044,0.0010591142302839936
-20.901354773339623,373.0981872584066,17.38068933612817,3.309410971203167,0.4066215180113469,0.0007462101229113142
-30.11091594037228,500.0,26.249786688053383,3.9556440415302205,0.47327757553008826,0.00047298662450846475
-47.39391397851293,500.0,41.018141955577846,4.38119056057272,0.5602233812407822,0.00024274435877284138
-87.17838299349053,500.0,72.77508000129575,4.4403362857422355,0.6812708633458485,6.196060333627586e-05
-246.17327028357766,500.0,197.22276703458076,3.7363649027898025,0.8761962489046631,-5.067814835003589e-05
500.0,-500.0,-500.0,1.2900015804038407,1.1564014065781212,0.000581428730038931
172.68342284787968,-500.0,-135.60186686110507,2.866473753316453,0.9038277884963867,0.0009665677923744976
105.79043980711822,-500.0,-77.61010052151562,4.0919898396751,0.6470163084300747,0.0014241171242447628
75.85806399952747,-500.0,-53.083899606076876,3.8775194209557284,0.45332531538200277,0.0020855795114328004
58.10948506591433,-500.0,-39.60638597978224,3.0609990080880523,0.3132610430044084,0.002763906090935707
45.75521204338315,-500.0,-31.46852628940313,1.8296507386316754,0.17762996725228675,0.003838764563221288
36.69125121063105,-500.0,-25.570117268149783,0.6846506598651256,0.11216974738170282,0.00280846508712751
29.376916825772906,-500.0,-21.61227434544161,-0.6434114405962785,0.03559403180856063,0.0026875801208637398
23.3464636937795,-458.1522341028364,-18.732961143898468,-1.9790902538183572,-0.029941838571243662,0.0025383436952680395
18.250932827603897,-415.14687111106497,-16.582361187822187,-3.2863195407706227,-0.08668044162466854,0.0023597717251885647
13.874066413379246,-379.5953368216347,-14.940347568951342,-4.540653737493375,-0.13607692730920956,0.0021522182807891203
10.072561108992637,-349.5573603895265,-13.66166304317543,-5.725335828795176,-0.17921423504920736,0.0019169250352675292
6.747047560420167,-323.71540825558105,-12.64738508141491,-6.829200055705666,-0.216887266868242,0.0016556801423725448
3.825187613395614,-301.1393626292946,-11.82782302926924,-7.844928597069668,-0.24972606914433298,0.0013707509872363406
1.2526479204810705,-281.15546124958973,-11.153274556791803,-8.768217490178351,-0.2782169333470634,0.001064795469103799
-1.013295147437794,-263.2622435866796,-10.587538436249556,-9.596926176117867,-0.30278662659008576,0.0007406762969149648
-3.0060125578535133,-247.07814713191044,-10.104044547453984,-10.330490461585732,-0.32371517043296927,0.0004014559760600084
-4.753976764345355,-232.3089452052662,-9.683135171216414,-10.969723467860433,-0.34132959497537624,5.031027970843184e-05
-6.28055712553041,-218.72455471625406,-9.310416876056557,-11.516469397793298,-0.35585952417250843,-0.00030758366045726597
-7.606039571597552,-206.14079330034627,-8.97494928865564,-11.973225750680726,-0.3675228324698712,-0.0006626477315497053
-8.748151917033951,-194.4068993358057,-8.667827184664084,-12.342751822657995,-0.37651654144511054,-0.0010085204885454788
-9.722027191673213,-183.40246376903582,-8.382958734491112,-12.62847545281068,-0.38299361480847227,-0.0013428025481185863
-10.541651835795939,-173.0286016162661,-8.115765620223698,-12.8340774801174,-0.3871371476790416,-0.0016631185691007495
-11.219367141032308,-163.20340461007595,-7.862804371451901,-12.963401638565253,-0.38909759196242766,-0.001967075338898333
-11.766504878826224,-153.8593725849655,-7.621670558144935,-13.020431362490177,-0.3890305624378576,-0.0022521242055427767
-12.189751598211233,-145.16197270908404,-7.4695249147744605,-13.017376242504964,-0.3879943789401184,-0.0025147096433534074
-12.464225142455067,-138.42401490588452,-7.820749636005246,-12.992670434702077,-0.3910726671139438,-0.0027464636365374215
-11.93976784163671,-131.78336512676913,-8.269835782664103,-12.784235857396302,-0.3402414603514016,-0.002914621598776159
-11.306550605493285,-125.67856698741896,-8.712363499221183,-12.514871095152543,-0.28761780676576293,-0.003050554833390416
-10.404681246054459,-120.11313577037338,-9.146863597663199,-12.208502823928704,-0.2105757198184674,-0.003560492040258074
-9.179031932833416,-115.05890389876521,-9.573431693826379,-11.88049488123371,-0.09996836226219125,-0.004619379712895491
-7.9514182597331,-110.36567790129813,-10.001826665097099,-11.518161124587554,0.00457520511684012,-0.005534427872975619
-6.726993457421819,-106.00129861643158,-10.43299100597811,-11.128779295062895,0.10354978785726715,-0.006318308969566778
-5.510221466314889,-101.9377368875957,-10.867488199893572,-10.718597570111184,0.19738611599448952,-0.006982745076420923
-4.304159288601651,-98.15158229454121,-11.305854332485364,-10.293066412820101,0.28652812653932297,-0.007538596402808722
-3.1117565398526765,-94.6209910281747,-11.74832776938307,-9.856696723493151,0.3713287331421946,-0.00799579128218026
-1.9352604300026002,-91.32688553975694,-12.194716967062607,-9.413468998969163,0.45213278176819965,-0.008363445261061834
-0.7759697524631979,-88.25219779872688,-12.645141163958968,-8.966632368797331,0.5292793130556432,-0.0086497782252828
0.36451076087680895,-85.382025889428,-13.099234069701758,-8.519124050731834,0.6030383926880736,-0.008862381947455467
1.4850505543548336,-82.70253413637998,-13.556908645800497,-8.073267208223005,0.6736492232783817,-0.00900805550638262
2.5851683240970593,-80.2012413244999,-14.01767876652847,-7.631098831063839,0.7413757631869237,-0.009093042030242839
3.664249911778597,-77.86734682130496,-14.481425889610392,-7.194298041099071,0.8064168017189757,-0.009122942143773708
4.722220632781142,-75.68989932736469,-14.947620815700866,-6.764182106938346,0.868987161183145,-0.009102828565419609
5.758618956044805,-73.66032234609969,-15.415958761309135,-6.3419837281751725,0.929240068322553,-0.009037350256380257
6.773357631052969,-71.76985798741936,-15.885964655398183,-5.92860301238251,0.987331750052016,-0.00893069806786324
7.768283720903657,-70.01180994353459,-16.35783552131199,-5.52473769663684,1.0435251413018585,-0.008818206014389013
8.739999834210293,-68.37544953615958,-16.83002791926506,-5.130692316869077,1.0976059118360493,-0.008669722595202836
9.690805252507,-66.85729905444869,-17.30290234537089,-4.747214486012862,1.1499512567669798,-0.008489448554701264
10.621259611890926,-65.4507625365149,-17.776133781216508,-4.374477035867663,1.2006821567421346,-0.008280351100217496
11.53176632722852,-64.15107974178335,-18.249421243110852,-4.012772245233553,1.2499038236848223,-0.008045166155393368
12.422354862233167,-62.95245816872024,-18.722361105590057,-3.6621025817394113,1.2976691524461101,-0.007786306206939707
13.293947011794023,-61.85041781872284,-19.194623095332055,-3.3225198745892057,1.3441022274331216,-0.007505947055411014
14.146779828746093,-60.84096131825769,-19.666124127351715,-2.993943412984703,1.3892523813373785,-0.00720604567361057
14.981410723880579,-59.92000296190875,-20.13646893842385,-2.6762869859735985,1.4331962662041755,-0.006888379200248001
15.798437675808833,-59.08413704763092,-20.60549845342546,-2.3693948859799354,1.4760032152120033,-0.0065545384106998695
16.598270002172047,-58.3298798285006,-21.072971212779358,-2.0730634523573412,1.517718696567797,-0.006205950776507553
17.381477943627303,-57.65422244341152,-21.538660218386084,-1.7870710424261054,1.558401915470607,-0.005843934625724025
18.148443637366448,-57.05423768862188,-22.00235392786917,-1.5111752634863391,1.5980870439215298,-0.0054696616031968594
18.90011817442355,-56.527826830045115,-22.46405840727985,-1.2451201742985525,1.6368537357462016,-0.005084191595470609
19.63686460078113,-56.0720773554594,-22.923509562733052,-0.988580417208663,1.674729035616146,-0.004688489353853357
20.359210737119195,-55.68463563204056,-23.380551706651175,-0.741251744435206,1.711751552232548,-0.0042834324681745835
21.067383010558594,-55.36400054645857,-23.835091709180702,-0.5029314086435228,1.747936453247116,-0.003869870043195325
21.762549710977254,-55.10788525341006,-24.287146996202505,-0.2732105326066909,1.7833664328078433,-0.003448464293888485
22.444442240205408,-54.91466307088586,-24.736427877437173,-0.05190477539392191,1.818016930754316,-0.003019970094708093
23.11399305412088,-54.78252032242319,-25.183072030055335,0.16137704639949924,1.8519470153504942,-0.002584937078066306
23.77133723603662,-54.70970649952396,-25.62684139217377,0.3668770406167541,1.8851615934067103,-0.0021439688117696667
24.41727485419348,-54.694922915354184,-26.067860686764963,0.5649139912861898,1.9177143138588995,-0.001697576226027466
25.05187486225725,-54.73647766463078,-26.50589695209934,0.7556978956067999,1.9496019410996388,-0.0012462570964940339
25.675677148940128,-54.832929270751805,-26.940994247628232,0.939543091975862,1.9808592069448003,-0.0007904666558254284
26.289142732161217,-54.98293079941487,-27.373163161091053,1.116685634014111,2.0115124827743993,-0.0003306059310013152
26.892326408066598,-55.18485970686929,-27.80233077877191,1.2873814809893949,2.041555750446713,0.00013292345560744464
27.485793499490452,-55.43758528348873,-28.228507067384243,1.4518273411982738,2.071031215477215,0.0005997467673839166
28.069353822202064,-55.73968838645156,-28.651718893849093,1.610241887146806,2.0999108461722535,0.001069511522108218
28.643965821247455,-56.08920358158348,-29.07182471592637,1.7628875978768273,2.1282712173069136,0.0015419210991909139
29.210642251517186,-56.48612844171115,-29.488961516013084,1.9097183346019468,2.156255618060367,0.002013146532311701
29.769795804814606,-56.92798212604946,-29.902986454014407,2.051053568875308,2.183888029656346,0.0024832549151845547
30.321077349402948,-57.41363133775721,-30.313910867140546,2.1869831011978658,2.2111330769046966,0.0029519651977397286
30.86522970895129,-57.941584945115025,-30.721900956301614,2.317723251354807,2.2380426242428233,0.003419164376173977
31.40142943614008,-58.510213310821804,-31.126719093154588,2.4433338539809455,2.264550439352824,0.003884610660589971
31.92903417730118,-59.11870836216042,-31.5285288774114,2.563753289887284,2.2905570989819557,0.004357110538767958
32.45011990560106,-59.764989875282524,-31.92759317364912,2.6794491139339183,2.3163124805503204,0.004822404509544942
32.9638959858786,-60.44692289223623,-32.32356789729323,2.790445136851541,2.34172317248238,0.00528987850298914
33.470144584343515,-61.16266325315174,-32.716382179486985,2.89683791974576,2.3667711791784005,0.00575979661252036
33.968647077547004,-61.910617242128595,-33.10605076164441,2.99870329369152,2.391438889331364,0.0062321683641828485
34.459592922338956,-62.68930271151979,-33.49268791845819,3.0961228887278978,2.4157417028329267,0.006706837253655973
34.94290807991536,-63.49659453497645,-33.87608242387888,3.1891669115986474,2.439680831727345,0.00718349521708315
35.41833985440212,-64.33133974392749,-34.25640608455591,3.2778599165725746,2.463236522119512,0.007661739963104852
35.88609379971415,-65.19151436052681,-34.63367322384828,3.362317725880173,2.486425942316544,0.008141167477657101
36.34583096404192,-66.07520405593912,-35.007736688716754,3.4425651842143967,2.5092236693412358,0.008619483374093503
36.79732715482674,-66.9812558888318,-35.37875792854636,3.518619613684141,2.5316160710980413,0.00909572274187079
37.240961751741985,-67.90683882474772,-35.74639742238826,3.590616162654425,2.553644667793804,0.009569617754535242
37.67666856932988,-68.85092028317054,-36.11090128122751,3.6585693128587584,2.5753054246705793,0.010040884708098344
38.10412852772425,-69.81135531905078,-36.47199579862925,3.722515396496161,2.5965844113581698,0.010509189190094472
38.52333415029413,-70.78639735365087,-36.82975480864036,3.7825308264134057,2.617480387821067,0.010974276768429662
38.934153042249186,-71.77479063251425,-37.1841692738676,3.8385984741664902,2.637993527919499,0.011435849732403648
39.336797743525054,-72.77422476223335,-37.53513289352175,3.8908540987416096,2.6581428162206837,0.01189362263376449
39.73071911239339,-73.78354582920315,-37.88259965982068,3.939243172141839,2.67789289987218,0.012347353361093154
40.11631451693313,-74.80062503315818,-38.22644734915491,3.983891237079166,2.697281232564938,0.012796735995424559
40.49350398278035,-75.82439084134634,-38.56677232965263,4.024805191047247,2.7163054140066163,0.013241575933969019
40.86226334794617,-76.85311315232366,-38.903507450816676,4.062064990792713,2.734965996335775,0.01368163907280551
41.22209975206006,-77.885147915365,-39.23642633526123,4.095688777856649,2.7532314490218583,0.014116563970730174
41.57360805947017,-78.91910758503684,-39.56557031842089,4.125760214965751,2.771153265035602,0.014546351235132978
41.91652874840009,-79.95384744710597,-39.89092332443634,4.152311820221108,2.7887137519388006,0.014970600933114793
42.25085834836477,-80.98785039543759,-40.212401159340764,4.175422284601734,2.805913607906549,0.015389179015929209
42.57676764891968,-82.01976672366725,-40.52991075915723,4.195163128942591,2.822771808474094,0.015802023918260178
42.894019836613715,-83.04831944054408,-40.843330310217006,4.2115761503330855,2.8392702950926534,0.01620874952572064
43.202856738451445,-84.07266058736833,-41.152792563177094,4.224760086867903,2.855427612810364,0.01660924957849209
43.50346152331836,-85.0913257542275,-41.45809721851293,4.234796231548644,2.8712619464207974,0.01700356973358765
43.795426869291454,-86.10320600152886,-41.75912373853728,4.241739123843925,2.886739055739654,0.017391308326129996
44.07913563997702,-87.10778832057227,-42.055945465982,4.24562790624911,2.901891992571156,0.017772338217644238
44.35547651563459,-88.10083087027391,-42.34832643010748,4.247541893038494,2.915991842504362,0.01757566056445993
44.62350020095943,-89.08246337269844,-42.63549878340388,4.246714618079812,2.9297727047848428,0.017373030563050552
44.883700978379025,-90.05432636573505,-42.91840412071697,4.243097221197532,2.9432656416810126,0.01716687008918258
45.135864562270825,-91.01535736041413,-43.196804278101645,4.236747427189396,2.956453918970463,0.01695698741630352
45.380268377805635,-91.96514055648177,-43.47082073823509,4.2277623833128315,2.9693536620744267,0.01674334488617642
45.616940582659026,-92.90292246077185,-43.740345140330646,4.216228285045136,2.981966411195903,0.016525857769892422
45.846151741437566,-93.82790887713496,-44.005310436209186,4.202268153438309,2.994309549218728,0.016304238841296118
46.068105625954026,-94.73949518269822,-44.26560367670716,4.185955530043592,3.0063994214117558,0.016078339735720155
46.282487051997855,-95.63774406697542,-44.52142054541322,4.167354457354885,3.0181990723231555,0.01584811092042677
46.489989086495676,-96.52147702265795,-44.77253754924081,4.14663821133019,3.0297638167656693,0.015613622083085735
46.69045524319217,-97.39046256686152,-45.0189581814425,4.12388726813157,3.0410754217949414,0.015374540862792477
46.883873710341476,-98.24478973098383,-45.260712213722556,4.099102685243904,3.052128520346175,0.015130764967445866
46.944637119231956,-99.01065951347553,-45.43582200983393,4.051477833523325,3.0506286710450645,0.015308988204751538
47.16783048739896,-99.8822766184148,-45.69638375091979,4.026328369834931,3.0660393099876173,0.015247222049671742
47.376576541995284,-100.69908831612895,-45.93552300776545,4.001270980482975,3.0805506751889604,0.015108159380003532
47.59194233257978,-101.50988297583896,-46.17687104132745,3.976486003357884,3.09617219107702,0.014898508255524226
47.78326602913626,-102.29319940522073,-46.40462007806457,3.947692489796035,3.109753572468538,0.014709843260754024
47.94370735319973,-103.0520909230222,-46.618119370266584,3.9131669437328096,3.1205379526509267,0.01456201650896465
48.09500688762109,-103.7997532224344,-46.8279303138853,3.876171596046821,3.130732621987147,0.01440171430652605
48.24032591525914,-104.53166288785573,-47.03323588703355,3.8378157778616817,3.1406736205085832,0.014232858325886605
48.38006297945145,-105.24665596078107,-47.23374054973107,3.7983798868153142,3.1504051820261822,0.0140563674908838
48.514783641811306,-105.94463422347137,-47.4295128241588,3.7580083173763175,3.1599668423935285,0.013872496060512659
48.644261702217634,-106.62547194275865,-47.62047234733958,3.7167745645309322,3.169328682821954,0.013683717363367764
48.76873444391026,-107.2895230862025,-47.806757340839134,3.674749738788919,3.178499601811217,0.013491371900649213
48.888438111478315,-107.93656413498286,-47.98819436643759,3.6319455879550766,3.187509248242692,0.013286880717432512
49.003527521009914,-108.56626304344873,-48.16473384852951,3.588545428944368,3.1963548061107616,0.013075659598905116
49.11440035658968,-109.17868316128968,-48.33651945614878,3.544692658608488,3.2050608704252626,0.012858630829845785
49.22075294418815,-109.77492042595222,-48.50377218105865,3.5003086266022017,3.2135967501439646,0.01263480730228799
49.32361063231796,-110.35495394573948,-48.66667881871705,3.4555764437012746,3.222037164163302,0.012403362187939488
49.422563757888135,-110.91907319947683,-48.82514235369621,3.4104522400005113,3.2303434222753036,0.012164332451980854
49.51763163725898,-111.46735156720726,-48.979247001522616,3.3650354536992477,3.2385032350016205,0.01191781646696869
49.60876008778193,-111.99980800573005,-49.12888293771047,3.319350802339436,3.2465092326217246,0.011663764612545818
49.696646932069164,-112.51659561055399,-49.2742061977185,3.2735242011091525,3.254410109168418,0.011402056546371135
49.781258470808396,-113.01802279765886,-49.41522437657372,3.2275659108388854,3.2621996492918264,0.011132482572569734
49.862456768632605,-113.50454872258018,-49.55211285305936,3.181528527016373,3.2698562456980387,0.010854844272152867
49.9406135963448,-113.97622176347913,-49.684818267542866,3.1354578866027145,3.2774098231294895,0.010568967356247719
50.0160418326469,-114.43317930849939,-49.81352429345906,3.089485528577014,3.2848726818074723,0.01027474149541797
49.371094763983265,-114.7864306171636,-49.702460114998466,2.943402017259757,3.239555380851184,0.00993611153214028
48.72095222725791,-115.12043292951275,-49.584839017393726,2.7960494480594766,3.194020631566497,0.009588983754334772
48.06679622883959,-115.43571716574371,-49.46109890884447,2.647646253459266,3.1483328096715546,0.009234338682044926
47.40884964689667,-115.7320182919793,-49.331041775174526,2.4982900905562424,3.102496004300538,0.008872998173264637
46.74823457234459,-116.00948086491059,-49.19508039957659,2.3483002506436064,3.0565764907490465,0.008505164282172389
46.085414409969424,-116.26834848134695,-49.05325515949186,2.1977923179252326,3.010606178503081,0.008130639496635627
45.4212676708913,-116.50914808291598,-48.90605300970196,2.0470193323191053,2.9646328084987084,0.007749242374554901
44.76577007767048,-116.74906268729409,-48.76273253798511,1.896832461656519,2.9195098350672475,0.007383645739572046
44.096927987853725,-116.95724641816932,-48.60478050005348,1.7445294603045483,2.8733044093653777,0.0069347875010773215
43.432737864834635,-117.14666021226913,-48.443123380131276,1.5938651683111562,2.827552498949016,0.00654386460852501
42.769742047722424,-117.31948745969265,-48.27698877049482,1.4435606124394926,2.781951244898084,0.006151370369722846
42.108252086860986,-117.47539414969964,-48.10639922017516,1.293841712390357,2.7365121853890644,0.005759117527461091
41.44963523799315,-117.61501009059201,-47.931796866198425,1.1449104867014208,2.6913339333288744,0.005367227439165836
40.793244601120946,-117.73913113616646,-47.753336681054876,0.9967278781491675,2.646343260493824,0.004975942058571403
40.14008907034909,-117.84779465446923,-47.571220700506956,0.8495118528522587,2.6016130144742897,0.004585432060256111
39.49084729020709,-117.94113886676902,-47.38559584355872,0.7034223926921577,2.5571910845404533,0.004195871312541392
38.845308958285294,-118.02006730094499,-47.196787278885466,0.558498546775505,2.5130454476754753,0.003807422822012933
38.20448768954434,-118.0845304320357,-47.004902431931136,0.4149092829133405,2.4692521427340433,0.0034203163966039785
37.56863415725337,-118.13484298825009,-46.8101081165523,0.27277615565836655,2.425826742181966,0.0030349275439518243
36.937831055047546,-118.17151931198873,-46.61260732166052,0.13215105996107646,2.382763709959596,0.0026516786972960523
36.31253292701975,-118.19518598677392,-46.4127464166327,-0.006880165527700655,2.3400830924019695,0.002270795818739942
35.69273083779475,-118.20636875007114,-46.21062755765001,-0.14431214324417319,2.2977801776784186,0.0018924404120321831
35.07893095407315,-118.20502237012877,-46.00630482605379,-0.2800330818556125,2.2558905513495686,0.0015167774857523812
34.47124231710989,-118.19198461355363,-45.80011479555546,-0.414004273712151,2.214414573709357,0.0011439560013790707
33.86969579374821,-118.16726283615799,-45.59206557013129,-0.5461608395249007,2.1733486373689854,0.0007739887792912215
33.27498478089121,-118.13174305885781,-45.38260612196383,-0.6764255470313323,2.1327409633488665,0.00040693052205853487
32.687134091299306,-118.08513078546768,-45.17164445812068,-0.8047205166974916,2.092589155601577,4.287389734083834e-05
32.10600179713705,-118.02837421416905,-44.959343918007946,-0.9311329354018119,2.052883220509178,-0.00031810705493953955
31.53199648594614,-117.96157704507398,-44.74601694765617,-1.055489434709398,2.013640760021929,-0.0006759134506415432
30.96535346525892,-117.885429273364,-44.531776574660995,-1.1778507819569501,1.9748845265051278,-0.0010304847820622708
30.406126073359232,-117.79962035044443,-44.31661111060359,-1.2981045791948054,1.9366128972887584,-0.001381772311823655
29.8542275944494,-117.70522560266497,-44.10083241120113,-1.4163180533962407,1.8988150484772106,-0.0017297059081685814
29.309636920770828,-117.60215608556413,-43.8844178933967,-1.532444016688597,1.8614871430162616,-0.0020742178921479082
28.77291253923311,-117.49078284873471,-43.66753849599376,-1.646444046964814,1.8246765871744506,-0.0024151813447691045
28.24384134843267,-117.37166882916651,-43.45043725476437,-1.7583119017957123,1.7883570540607945,-0.002752462517665437
27.722515284205162,-117.2449826530293,-43.233151028592296,-1.868042507736496,1.7525362143279153,-0.003085988746380419
27.209202494869807,-117.11109201975837,-43.015775213128265,-1.975650135950295,1.7172382347702695,-0.0034157055937720404
26.703409536690096,-116.97035537103785,-42.79839731270451,-2.081161719650221,1.6824171379674544,-0.0037416538200600712
26.20550144174752,-116.82308857767859,-42.581194833269635,-2.184542077019838,1.648102095282241,-0.004063859678783885
25.715429069976008,-116.66958101609285,-42.364289342410444,-2.2857823538240063,1.6142869553806172,-0.004382301978575073
25.233226196152245,-116.5099105243037,-42.147609619403866,-2.3849197093966996,1.5809798296759623,-0.0046969033025743194
24.75881977602205,-116.34483200180426,-41.93144207649107,-2.4819803716464643,1.5481709472597671,-0.005007587964859741
24.292533645406422,-116.17397432178134,-41.71571562182638,-2.5768998751513283,1.5158883117089648,-0.005314336686260913
23.833956930847574,-115.99831597449614,-41.50062703709745,-2.669805165878152,1.4840992146914949,-0.005617133209114193
23.382891010415065,-115.81762150797894,-41.28614706527117,-2.7606475872470906,1.4527849448904995,-0.005915840083236338
22.93975788382064,-115.63240580138418,-41.072410102846014,-2.8494754942117755,1.4219857916454144,-0.006210342299722023
22.50453667868579,-115.44271813615045,-40.85954541237412,-2.9362352937328327,1.3916945115550008,-0.006500643761625834
22.076742538659477,-115.24904245189481,-40.64747867674535,-3.021072029268864,1.3618790740053923,-0.006786767255386472
21.65665760520626,-115.05135943078653,-40.436410398185046,-3.1038848551796763,1.3325560200850404,-0.00706867286599002
21.24420164759203,-114.85014051677885,-40.22631237258465,-3.1847950822605284,1.3037278133870585,-0.007346335425613204
20.838910838823864,-114.64536443664252,-40.01715983353302,-3.263809442129805,1.2753547311647178,-0.007619774944858741
20.441519915707485,-114.43750834857696,-39.809251058365035,-3.3409004994993907,1.24749666989807,-0.007889074133375506
20.0512356834175,-114.22673338939505,-39.60245379042288,-3.416168028108965,1.2200923553495697,-0.008154331579154064
19.66833159737378,-114.01302107815775,-39.39675306258827,-3.4896182693078925,1.1931689019890834,-0.008415537613833544
19.292598205925636,-113.7967622014351,-39.19235275928964,-3.5612490200167572,1.166704623863088,-0.008672714536450897
18.923820966638147,-113.57813028139122,-38.98915537880325,-3.6311514378222443,1.1406886168059402,-0.008925887692179018
18.56236234148946,-113.35730047485745,-38.78731670938736,-3.6992939922090726,1.1151518145829402,-0.009175116784846638
18.207932653203137,-113.13419601721824,-38.58678158529864,-3.7656933655706712,1.090070676983025,-0.009420412917982289
17.860355047175414,-112.90936904762987,-38.387598475116626,-3.830451671226456,1.065438677726595,-0.009661733529907178
17.51983517054784,-112.68253282898398,-38.18979504259951,-3.893502213733677,1.0412700949940072,-0.009899185478669352
17.185936643636225,-112.45423436415935,-37.99333928652258,-3.9549854439328023,1.017537832510884,-0.010132837815168399
16.858661339381456,-112.2244719874742,-37.798368858217934,-4.014853744025704,0.9942344467029123,-0.01036276932466762
16.41652648096179,-111.97827927883881,-37.61750799522868,-4.0606803051139675,0.9537848038269904,-0.010244028463760529
15.906900165876186,-111.72246123020695,-37.445752731944985,-4.097569711681187,0.9028796878175872,-0.009897660748156352
15.429957381108416,-111.46859203057562,-37.27306055025485,-4.135137085559226,0.8558689741073326,-0.009594045749259532
14.984780625738825,-111.21677848682637,-37.09924196946548,-4.173549255575388,0.8127000944678238,-0.00933634325638528
14.568135750331633,-110.9669345847672,-36.92464078244776,-4.212600239138975,0.7729649205290428,-0.009119299121750305
14.177659037432594,-110.7190409622026,-36.749606514997524,-4.2520935352722,0.7363518429569944,-0.008938553685121977
13.810904040503347,-110.47263995795139,-36.57425554035393,-4.291853680581772,0.7025523790980572,-0.008790157721340357
13.465558631416563,-110.22775739781196,-36.3988579684714,-4.3317423678257185,0.6712772044865901,-0.00867057743521393
13.139251357404095,-109.98420306903051,-36.22339875451766,-4.371703991453323,0.6422491447951026,-0.008576587742588132
12.831093002803046,-109.74204350460599,-36.048327701657456,-4.41153320122417,0.6153141581307278,-0.008505399062397447
12.538734047674495,-109.50091405018054,-35.873458895521054,-4.451222772216354,0.5902125118254911,-0.008454364666416516
12.26127341127379,-109.26115700682716,-35.69922941147986,-4.490637456751628,0.5668037274739788,-0.008421220376623444
11.99737972183017,-109.02243794083547,-35.52555661709593,-4.529725672095915,0.5449281825736985,-0.008403873401873945
11.745424763303124,-108.78485139476176,-35.3525791317515,-4.568446995787731,0.5243938132560908,-0.008400430352908076
11.505125799656152,-108.54813431945057,-35.18044299600146,-4.6066632208994225,0.5051361277452049,-0.008409259715156405
11.274763506696146,-108.31260592602277,-35.00914144462433,-4.644446724011955,0.4869722044521845,-0.008428789799272354
11.054293766281871,-108.07801143482371,-34.838802898438175,-4.681674333832605,0.4698659500647184,-0.008457709416001458
10.842394328726375,-107.84427509870652,-34.66947513566652,-4.718311788014988,0.45366757335506364,-0.008494780829840686
10.638616436450278,-107.61156379794784,-34.501138991237,-4.754394514484359,0.43832142996246254,-0.008538892173530252
10.442464595632673,-107.37983964491647,-34.3339717026406,-4.789837518382527,0.4237542535691088,-0.008589084427053298
10.25332447390441,-107.14925779291282,-34.16799017981274,-4.824666642193967,0.40989474000271336,-0.008644455567382888
10.070500433261707,-106.91954898594263,-34.00308953700944,-4.858869214545433,0.39666565130309617,-0.008704197949600393
9.89370138615757,-106.69070610246976,-33.839434328724415,-4.892372333915871,0.3840194304153488,-0.008767626167978125
9.722796944281892,-106.4629003541974,-33.67697457532386,-4.925233818340377,0.3719386465153178,-0.008834086178677406
9.556785232025963,-106.23609030113796,-33.51574861211113,-4.957433960642986,0.36031594707201386,-0.00890299175807873
9.395981905574255,-106.01027180195298,-33.35582614750944,-4.988938933591281,0.34917026668641143,-0.008973858853993679
9.239676016572787,-105.78538820173935,-33.197071220650905,-5.019801116286619,0.33843231754319625,-0.009046191194461506
9.087926742338244,-105.56166586716913,-33.03967673620929,-5.04998730586294,0.328094798265867,-0.009119560061999652
8.939903330601522,-105.33900354101769,-32.883434779736476,-5.079589432929959,0.31807433405018165,-0.009192880650739999
8.796204943329467,-105.11746735138897,-32.728633746340506,-5.108476668455177,0.30841720090089414,-0.00926672760421239
8.6560452371492,-104.89713678220957,-32.575085170780135,-5.136752904712056,0.2990567505947542,-0.00934090336476743
8.519431568444894,-104.67759431104928,-32.42279802336114,-5.16432827929129,0.2899818659669233,-0.009415064072098597
8.385938369596577,-104.45916608604112,-32.27173316226202,-5.191284137285767,0.2811465134665914,-0.009488365884719428
8.256074627564454,-104.24166647295152,-32.12198581275011,-5.217549527922195,0.27259144921837836,-0.009560538980999534
8.129056083987521,-104.02525524243984,-31.973353620177747,-5.243268796967056,0.2642657839198781,-0.009632155745880965
8.005089593475857,-103.80973874034429,-31.825956625959304,-5.268337699845969,0.2561670949254887,-0.009702639539622705
7.883642275722342,-103.59547686462636,-31.679779554033136,-5.29283905054206,0.24823847964077567,-0.00977102815356128
7.764970334729679,-103.38208836316248,-31.534796063355504,-5.316713576834053,0.24050525355974905,-0.009837737682591531
7.648931107863741,-103.1699979518313,-31.39109786492149,-5.340017633703368,0.2329559489374428,-0.009903094961162835
7.535641720969758,-102.95900949946044,-31.248648923667425,-5.362730171014036,0.2256025360228428,-0.00996744045593448
7.424463024272827,-102.74928144904915,-31.10728621624357,-5.3849607467281,0.21839420528743703,-0.010030984873225261
7.316145562912163,-102.54085694626195,-30.967194741949204,-5.406641528715548,0.21139577581054042,-0.010093961578498827
7.209966556902011,-102.33347808660785,-30.82821165921741,-5.42779763324982,0.2045405388987815,-0.010156394057719849
7.106304181256359,-102.12733889669822,-30.690377824075338,-5.448456244960246,0.19786479960062342,-0.010218295995613557
7.00506756554978,-101.9226427291382,-30.553814087543824,-5.468609642737918,0.19135660806891558,-0.010279653392301876
6.905836977489557,-101.71889881963648,-30.41822796520602,-5.48828574576466,0.1849816306986219,-0.010340371071767288
6.808472795664171,-101.51648857152503,-30.283704574643735,-5.507536953766673,0.17872564092647392,-0.01040045732040745
6.713472509518949,-101.31541827779833,-30.15033189085931,-5.5263258602370495,0.17263367885009934,-0.010459944780276393
6.620397193815541,-101.11565363965568,-30.018110697104305,-5.544652996752337,0.16666167453466468,-0.010518870327306388
6.5294188252777765,-100.9169471713576,-29.88685636823717,-5.562546202015242,0.1608330909193269,-0.010577304759484
6.440263063544996,-100.71947791861395,-29.756613038036527,-5.580031770275685,0.15512095578913482,-0.010635287319698235
6.352819960895059,-100.52342409058406,-29.627394604755757,-5.597143517869119,0.14951711790193234,-0.010692908408654847
6.26738292978817,-100.3283545495742,-29.499078232512893,-5.613847583002082,0.1440509705163036,-0.010750266103273953
6.18378179682339,-100.13489188501781,-29.37196164285106,-5.630154548982921,0.13869932805027996,-0.010807409304803636
6.1017063089023384,-99.94231040056034,-29.245544475859216,-5.646126694874383,0.1334474840824263,-0.010864336199177994
6.021652513289693,-99.75129940538253,-29.12028803440577,-5.661713876886133,0.12833188058095227,-0.010921185568335478
5.9433987803820525,-99.56134748041032,-28.995878857596015,-5.676951180745984,0.12333811328254421,-0.010977910274758024
5.866294201183328,-99.37262362063312,-28.872303467384462,-5.6918806559532475,0.11840597703853101,-0.011034484172905538
5.79129953142017,-99.18536675005078,-28.749799043051123,-5.706455390949481,0.11362215793932218,-0.0110910540280298
5.717797025083551,-98.99906357388025,-28.627993592230705,-5.720729192791053,0.10893764348358356,-0.011147554960704712
5.6457902314355755,-98.8141275645268,-28.50709916627369,-5.734702504259303,0.10434786506566404,-0.01120398660533783
5.575436490654702,-98.63053860153487,-28.387159624079146,-5.748357413846881,0.09986591211015622,-0.011260373971001067
5.506402595619571,-98.44803628621955,-28.267969507569184,-5.761727347665735,0.09546709137550158,-0.011316756156971884
5.431403731407882,-98.27014158112422,-28.156149604211603,-5.771948020997529,0.0896466422749417,-0.011355883666765805
5.373521179044733,-98.09327828528593,-28.035508016492273,-5.787421905963661,0.08689897669306182,-0.011473497340762742
5.319864350684779,-97.91633569257931,-27.916619182940885,-5.801685405255315,0.08453622494699811,-0.011574996572026024
5.261297867543325,-97.73895094887145,-27.79971160524114,-5.814568300655643,0.081253437290773,-0.011654904676475156
5.198684200609324,-97.56189608591106,-27.68430104413708,-5.826543158713287,0.07723411368061231,-0.011718051266005154
5.137029248511829,-97.38585158406892,-27.569713488772056,-5.838175855097195,0.07322496590551006,-0.011776616304225555
5.0765563038630255,-97.21092799410873,-27.455854201685423,-5.849564032992001,0.06929079308162236,-0.011833449278675922
5.017870905726007,-97.03708202173175,-27.34268227819311,-5.86071694112425,0.06549409873759415,-0.011888580848823571
4.960202336480982,-96.86467710499116,-27.230287098721128,-5.871675080425941,0.06175881154858409,-0.011941987230217834
4.903902673783765,-96.69324203677915,-27.118406283907305,-5.882450121477609,0.05812765059452349,-0.011993647956782658
4.848857936889276,-96.52279359247146,-27.007174360282903,-5.89299876481319,0.05458161628902869,-0.012043559089281198
4.795122508063184,-96.35370130927966,-26.896645307164732,-5.90337310685268,0.05112923442287387,-0.012091714276171868
4.742735405521604,-96.18555362575393,-26.786788592270746,-5.913507776699417,0.04777030606047117,-0.01213814868866783
4.6916300182807325,-96.0186907630834,-26.67752634993793,-5.923497862199462,0.044508774903556425,-0.012182836330309123
4.641463434406134,-95.85287119087313,-26.56883573412155,-5.933316414294733,0.0413058346386074,-0.01222576769530831
4.592559314801564,-95.68809218515636,-26.460747520297918,-5.942949510767445,0.0381934047295964,-0.012266972303422125
4.544597455011775,-95.52448694295738,-26.353194480869696,-5.952453558189248,0.03514486809434256,-0.012306448077650653
4.497876472629877,-95.36189747809834,-26.24631143067999,-5.961742715230546,0.03218235232368735,-0.012344250026502284
4.452346502273411,-95.20043760429478,-26.139960589812446,-5.970898236253065,0.029309071871839926,-0.012380353801821401
4.407802831336926,-95.04007540627873,-26.03414787554277,-5.979916328958192,0.02650333332914953,-0.0124147693185736
4.364409664026818,-94.88063859761938,-25.928878664892874,-5.988763302071252,0.023779110912719864,-0.012447465125710483
4.321854513354051,-94.72226427999865,-25.824087595999234,-5.997494926653922,0.02111033854397787,-0.012478434732081429
4.280352990458932,-94.56512273222461,-25.719905778384614,-6.006093392792597,0.01851509549683608,-0.012507744760623173
4.239983263289589,-94.40876540316223,-25.616148976651747,-6.014543559916377,0.016005535294305873,-0.012535408313075843
4.200298593714853,-94.25334146193003,-25.512792665513995,-6.0228898683519585,0.013539143206054649,-0.012561410019459634
4.16559412282106,-94.10005398687005,-25.409004142826788,-6.031944781399524,0.011818684557251075,-0.012604314952925078
4.122770814124561,-93.94547587036769,-25.308040648555476,-6.038956063068639,0.008627278238460878,-0.01260470722437856
4.086399900311365,-93.79329244132623,-25.206256722250235,-6.046943429370085,0.0064166147154736675,-0.012625832808205216
4.05057141473654,-93.64169224588238,-25.104774804597415,-6.0547972107893955,0.004234610866029304,-0.012645309673975366
4.015593588704137,-93.49135540650904,-25.003887875494545,-6.062545928440246,0.0021053289984834522,-0.012663144878623647
3.9815706590736504,-93.3418454932336,-24.903408782853468,-6.07017469772239,4.6305283093905913e-05,-0.012679450036529455
3.9484825777724715,-93.19331346614585,-24.803372590960603,-6.077703837776248,-0.0019435601458747953,-0.012694354966028566
3.91603597624677,-93.04571457955811,-24.703741178072306,-6.085142985020379,-0.0038923178947020964,-0.01270792312021451
3.8843158366271173,-92.89884315657855,-24.60448534428182,-6.092463632134848,-0.005791805026854224,-0.012720177697150592
3.8535440940544046,-92.75307412407223,-24.50571040664952,-6.0996984284482725,-0.0076190097314993155,-0.01273119472927504
3.823701442498155,-92.60798460643836,-24.407271165394327,-6.106825379257792,-0.009372028833269902,-0.012741113353726762
3.7947830037741563,-92.46396725627326,-24.30916202168552,-6.113937485961218,-0.011036446218672696,-0.012750788725728112
3.7665021270082364,-92.32074951111835,-24.21153507311739,-6.12090034069977,-0.012670882859582178,-0.012758808323300721
3.748757099341455,-92.16160472966125,-24.108704701821427,-6.126129787591575,-0.01308860680260382,-0.013135511418810523
3.7167528338564995,-92.0175040758717,-24.01178488009997,-6.132033167460076,-0.015830625081901445,-0.013420096342654696
3.6866192261821547,-91.87458128977669,-23.915048476550076,-6.138044576180381,-0.018332462905487706,-0.013706508653881972
3.65713589108897,-91.73238284957722,-23.818779687648227,-6.1438807919488605,-0.020802136142436867,-0.013988547757287768
3.6287210101156098,-91.5905847513764,-23.722671120256678,-6.149625734249005,-0.023162057258934388,-0.014267685748609048
3.6014193565754846,-91.44966068639403,-23.626963515514497,-6.155279395553716,-0.02541338747946953,-0.014543677315334198
3.5749585467893605,-91.30957053514457,-23.531531112211557,-6.160887822703325,-0.027576018148195575,-0.014816503475241254
3.5451300921894053,-91.15269066411427,-23.432835330519953,-6.163780807746372,-0.030038245694880644,-0.014559585861736458
3.535190641061139,-91.00216005865673,-23.333388328869006,-6.168609487852295,-0.02938730958976296,-0.014399950660438688
3.5183944272195267,-90.85568170089564,-23.236693113679696,-6.172929686131642,-0.029921365948733764,-0.014214074663113821
3.5003074320259318,-90.71479093110761,-23.1414748325424,-6.177807149208039,-0.030680690808085415,-0.014026145792348909
3.476909360887426,-90.59463037005156,-23.05237002676047,-6.184742429893673,-0.0323655023105279,-0.01383722087821115
3.4402335466224363,-90.50853616219719,-22.969413160798172,-6.197297008335882,-0.03597695918250143,-0.013598720097856823
3.424413337925361,-90.38675578401345,-22.87610248933577,-6.205990430452071,-0.03634543730475101,-0.0134348549008803
3.4071272847661995,-90.25511102738771,-22.7827792263074,-6.212012030817616,-0.03715175435493437,-0.013253686486930092
3.3868302798325987,-90.12312594647899,-22.690551352339643,-6.217267255238527,-0.03852056054893932,-0.013061358845557142
3.3674184798985203,-89.9918447728447,-22.598497379063833,-6.222523985733904,-0.03979390657904852,-0.01287141677594636
3.344772737886787,-89.85968775683159,-22.507718262679635,-6.226784317707512,-0.04170186485580735,-0.01266482103049593
3.327624375929574,-89.7288227170994,-22.41612969578506,-6.231708751344753,-0.04274318205334918,-0.012478707284497206
3.312342361735333,-89.59893585088108,-22.324492314543672,-6.236833314853105,-0.04350390612383148,-0.012300074661503936
3.2977390920304894,-89.46953150939142,-22.233108264630484,-6.2418563850850175,-0.044216941076956645,-0.012127297125741596
3.2836384134103813,-89.3410725993484,-22.141990525410005,-6.24688948539505,-0.04489101647046201,-0.011956098752376963
3.2697601015704194,-89.21307650727763,-22.051139435709487,-6.25183843742929,-0.04556560417189737,-0.011786292518705818
3.256485777807507,-89.08586947475908,-21.960453374828237,-6.2568136173909386,-0.04617791359091625,-0.011618531878183066
3.243198158173648,-88.95918724424261,-21.870073985588977,-6.2616839680583904,-0.04683872690125285,-0.011449855232690504
3.230146119239296,-88.833410350887,-21.780013102336177,-6.266537320142689,-0.047495954889260755,-0.011281881307238131
3.217284299468513,-88.70849273057621,-21.69017007443292,-6.271425212039846,-0.04815060515064423,-0.011114441422653103
3.2049725397682,-88.58390934938772,-21.601065173787866,-6.275919315814139,-0.048818170930792715,-0.010940828103272
3.1959353415103586,-88.4613253204766,-21.511155976839447,-6.281296466179745,-0.048900095677135214,-0.010792438195173937
3.1849334850980764,-88.33820160676967,-21.42214929835438,-6.285978478537562,-0.04939538349386141,-0.010632758975060991
3.1741626781170784,-88.21551177338175,-21.333323838813822,-6.290611203247332,-0.04987529116432879,-0.010475247877520223
3.1639094554385587,-88.09344410207385,-21.24470830771059,-6.295216559471224,-0.05031131333692718,-0.01031978548129585
3.1542508200393815,-87.97178330635462,-21.15630276482262,-6.2997531981388235,-0.050699327231584296,-0.010166258369150253
3.1449137989649394,-87.8506067659882,-21.06804395735588,-6.304256401199497,-0.05106334246534425,-0.010014507147679383
3.135984433845564,-87.7298909097134,-20.979961168800397,-6.308722705674986,-0.05139543951516927,-0.009863716353483652
3.127387194747727,-87.60996550528736,-20.89206167568503,-6.313231332486229,-0.05169507376053287,-0.009716095854806227
3.1177467590339085,-87.48887623740333,-20.804187553026363,-6.317370591865881,-0.05221077089512734,-0.009559952672754151
3.1097985788068674,-87.37011849784359,-20.71680527956813,-6.3217696651775395,-0.052485844997346376,-0.0094167006518588
3.102243908726691,-87.25192146343016,-20.629641842791006,-6.326131969610559,-0.05273445818703881,-0.009275276971469687
3.0949539462096674,-87.13428646532734,-20.542725169211767,-6.33044885459824,-0.05297080671361076,-0.009135677554697363
3.0880377219868915,-87.0171762654063,-20.456005185403257,-6.334734566166786,-0.05318147423772289,-0.008997846484646502
3.0813591383391734,-86.90040205877371,-20.36946842727211,-6.338963431124149,-0.05338340189400444,-0.00886172628093837
3.0750138300620273,-86.78432860297315,-20.28315856454239,-6.343178494796744,-0.05356104766223514,-0.008727282027040373
3.068871175778281,-86.66870344747616,-20.196973734935032,-6.3473828846421805,-0.05372983859566953,-0.008594442418853957
3.0632896737496873,-86.5534139012552,-20.11100852032915,-6.351512159361352,-0.053853903922344085,-0.008463213196433741
3.05774517740317,-86.43876408309065,-20.02524255221881,-6.355637093623152,-0.053986965755715585,-0.008333511242658504
3.052725315068455,-86.32437948304442,-19.939589981980138,-6.359717852585282,-0.0540749751695499,-0.008205331355027826
3.047842281378049,-86.21067890394522,-19.85426584458765,-6.363752258217003,-0.054165959251997284,-0.008078632527327082
3.043323952400413,-86.09737347279369,-19.76903558013753,-6.367778222932665,-0.05422722503705865,-0.007953376252713931
3.039154361268835,-85.98449776943625,-19.68398839779557,-6.371767709595143,-0.054263980594380895,-0.00782953689383561
3.035071347876478,-85.8720378745487,-19.599108400540004,-6.375725283639952,-0.05430345976005552,-0.007707082252844547
3.0314410240856446,-85.76000949902328,-19.51444940091514,-6.379633915684659,-0.0543086552610766,-0.007586006459490215
3.0279855109013405,-85.64853686273511,-19.42994911211581,-6.383541914342107,-0.05430536258627873,-0.007466256389821515
3.0248321128141957,-85.53730414892166,-19.34565137520081,-6.3873741213868565,-0.05428458079974775,-0.007347836336162663
3.0219449564545564,-85.42659031166967,-19.261457255635936,-6.391220496936565,-0.054242419876073075,-0.0072307013282885265
3.019328883664625,-85.31628110683549,-19.17750282897265,-6.395009235105816,-0.054186076504569414,-0.007114850298000682
3.0169598475066914,-85.20650430556225,-19.093732458304427,-6.398786033663885,-0.05411416807481742,-0.007000251739866223
3.0148294010568497,-85.09687563799442,-19.01005007054189,-6.402519396750563,-0.05402717405521812,-0.006886887667805492
3.0129157451106363,-84.98777338257173,-18.926541843363395,-6.406240821234286,-0.05392547619024134,-0.006774746315148647
3.0112293542034676,-84.87902713105566,-18.843253410357075,-6.4099095050079224,-0.0538143401025938,-0.006663819161769855
3.0099803456766305,-84.77078243744856,-18.760132879087028,-6.413565050474911,-0.05366410037599946,-0.006554098122839348
3.0088007304369,-84.66266316870097,-18.677124193165056,-6.417168152522625,-0.05351803531580927,-0.006445558460848275
3.007924937514,-84.5552246477909,-18.594363786684962,-6.4207640292042445,-0.0533498612154428,-0.006338210807668255
3.007331248352016,-84.44785014086796,-18.511616229526204,-6.424329805908929,-0.053156016503654396,-0.006232041423591442
3.006920698983464,-84.3410057994177,-18.42920425055745,-6.427831989947349,-0.052959506882290716,-0.006127064911984568
3.006786671112566,-84.23437608808031,-18.34683962427588,-6.4313213742022075,-0.05273800885695769,-0.006023285884351631
3.006917321321097,-84.12819030664797,-18.264659438919505,-6.434783590562883,-0.052495486401555214,-0.005920692573709634
3.007320842700372,-84.0222330254186,-18.182617445317305,-6.438203964765171,-0.05223277519223288,-0.0058193064559887
3.00784684359026,-83.91653661526766,-18.10075320767223,-6.441568214588887,-0.05196610736886824,-0.005719073861704402
3.008680082380637,-83.81130453209745,-18.01911621623192,-6.444899497494677,-0.05167946677102156,-0.005619876499579648
3.0095174596124292,-83.70632427345139,-17.93750605909686,-6.448240101065267,-0.051405345777501124,-0.005521253891133163
3.0106200274463752,-83.60179115791658,-17.856061127630586,-6.45158854647691,-0.051105893475144715,-0.005424167079015915
3.0117591467245597,-83.49773554275234,-17.774801436814755,-6.454923809130628,-0.05081855277917763,-0.005327544860379029
3.0130040244122087,-83.39411908334853,-17.693716250609626,-6.4582450429983,-0.05053264530749682,-0.005231717269598056
3.0145171500689463,-83.29077569608688,-17.612794282745334,-6.461527285377205,-0.050227995229929545,-0.005136893147745908
3.016053491998331,-83.1876844342855,-17.532025044242605,-6.464773768414405,-0.04993181486704262,-0.005043064880872877
3.017961960215066,-83.0849962813729,-17.451407075848927,-6.468010233674316,-0.04960329449910918,-0.004950244678988887
3.019985182162166,-82.98269256922438,-17.37092941534305,-6.471238037631873,-0.04927001723855415,-0.004858420704990566
3.0221351619475962,-82.88063034604922,-17.29064193863382,-6.474413937359948,-0.04893438605527778,-0.004767598107412676
3.024620386404768,-82.7787762410707,-17.210452783680633,-6.477567612746984,-0.04856948594266204,-0.004677758113102128
3.027080128625086,-82.67731066233232,-17.130440562015583,-6.480703408680453,-0.04821742006250204,-0.0045888901399593505
3.029755245378916,-82.57604391024512,-17.050563193216444,-6.483801763319283,-0.04785031686057778,-0.0045010060569926486
3.032638708547247,-82.47516231539326,-16.970858274034214,-6.486883734040736,-0.04746884578891912,-0.0044141313966214865
3.03558417692383,-82.37462779778973,-16.89127331740427,-6.4899622867309406,-0.047087219408366895,-0.004328214330230956
3.03883764769387,-82.27430187505408,-16.811864991129035,-6.49298854328481,-0.04668084385048768,-0.004243257647806461
3.0422635284204156,-82.17432626112327,-16.73262208481502,-6.495998153738846,-0.04626511442581553,-0.004159246033907594
3.0456148001605907,-82.07451688618005,-16.653494520173982,-6.498976495189291,-0.045865665903222594,-0.004076162694854819
3.0493650295916925,-81.9748824103759,-16.574491051478084,-6.501920564096506,-0.0454295930624843,-0.0039940192612888635
3.0532518247614604,-81.87577890432294,-16.495684240691215,-6.504865563026627,-0.044985656859283366,-0.003912797443050011
3.057167320380725,-81.77685258491775,-16.417037608145044,-6.5077672749000826,-0.04454870321555073,-0.00383248264594015
3.0612460134481214,-81.67808387127484,-16.338509479931524,-6.510634805264074,-0.04409906593810813,-0.0037531951273421064
3.0653699874852407,-81.57978748172505,-16.26013984629881,-6.513516726505362,-0.043654324821175275,-0.0036745175560610565
3.06970648605048,-81.4816796237696,-16.181918695414122,-6.516360625588855,-0.04320317469825081,-0.0035961890745359604
3.07411974997863,-81.38398052230839,-16.103848445608662,-6.519213774933566,-0.04274365620802573,-0.003519259909987949
3.0784760084735474,-81.28659503780008,-16.02595250017304,-6.522043094120237,-0.042300758309141234,-0.0034429656723844733
3.083011915008765,-81.18926723715585,-15.94812275428692,-6.524842511999603,-0.04184604421611601,-0.0033673467310045067
3.087933843721926,-81.09227792035783,-15.870517477484734,-6.527605399454011,-0.04135618646166095,-0.0032927969277455633
3.0927471624806873,-80.99555764413839,-15.79302624325654,-6.530359554199756,-0.040879862713388386,-0.003219427731245511
3.0979064340276046,-80.89890995397421,-15.715637474719614,-6.533075192735527,-0.040370489647750175,-0.0031471281040464736
3.1031740743020064,-80.80243382857084,-15.638437651514419,-6.535740879823627,-0.03985743797163745,-0.003075856959791498
3.108487466372667,-80.70628384491847,-15.561365529875708,-6.538405881315513,-0.039343548999524317,-0.003005444473052637
3.113955271516779,-80.6104489891263,-15.484475878056703,-6.541048423883257,-0.03882177092610763,-0.0029358002523862062
3.1195674217685947,-80.51491916131013,-15.407763934601968,-6.543664881957904,-0.03829115943748299,-0.002866947959894286
3.1252056769842835,-80.41948177924492,-15.331138441585539,-6.546259033963158,-0.037763839612517905,-0.0027989260876055797
3.1309954868246828,-80.32416996883184,-15.254646098939514,-6.548818387383533,-0.03722657007030131,-0.0027317531761570897
3.13694048066025,-80.22916790933007,-15.17831887626485,-6.551361284751411,-0.036676649206367845,-0.0026655147941725597
3.1427884249916906,-80.13446106646428,-15.102155286592621,-6.553888420661934,-0.03614427479190788,-0.0026001128263561596
3.148903960224808,-80.03990126385831,-15.026166451137696,-6.556369185019985,-0.03558933122370483,-0.0025355697790475492
3.1551196291716033,-79.94558323182997,-14.950242469752764,-6.558863619685592,-0.035025362770257376,-0.002471863471345721
3.1614776662226935,-79.85161112470098,-14.874578091751108,-6.5613146217788945,-0.03445486732696178,-0.0024090124502347925
3.1677140166824587,-79.75774719734694,-14.799033000546196,-6.563737924741481,-0.03390428410283038,-0.002346967061944302
3.17416313252514,-79.66397354580661,-14.723559528312226,-6.566145447883173,-0.03333196515695643,-0.0022857360855445797
3.18071253080526,-79.5706635861841,-14.64828189257555,-6.568558128926142,-0.03275500229030017,-0.002225309501337712
3.1873813792629626,-79.477432976714,-14.573201121295625,-6.570904177684852,-0.032172028628712636,-0.002165653783293741
3.19396297814075,-79.38453820681845,-14.498137029245468,-6.573322953480741,-0.03159589989670334,-0.0021066222643738226
3.2004892141535004,-79.29177753973516,-14.423343281038044,-6.575639448691398,-0.031050369799199992,-0.0020475125367303633
3.207361703233704,-79.1992943736706,-14.348724011980897,-6.577935623978254,-0.030462646731358914,-0.001989949402683854
3.214354214871839,-79.10692826620988,-14.274198207770942,-6.580224489605225,-0.029862668612889727,-0.001933419523533401
3.221407452980788,-79.01484046571679,-14.19981934551043,-6.582504643320528,-0.029258763216350403,-0.0018776575545134116
3.228422694307162,-78.92287619217169,-14.125602559388277,-6.584748399640286,-0.028665723942122676,-0.0018226513816285515
3.2354950260798327,-78.8311875893403,-14.05153074083496,-6.586985919261949,-0.028069430433965377,-0.001768392598458014
3.242751954314956,-78.73979204938215,-13.977653102988592,-6.589203896565596,-0.027458377345565853,-0.0017148839528561106
3.2500505666778206,-78.64848781581067,-13.90388179293917,-6.59139894230106,-0.026844567310468685,-0.0016621158925058427
3.2573900183124134,-78.55727655545061,-13.830220378856163,-6.593573181945711,-0.02622936960135893,-0.0016100776109762816
3.264794632896647,-78.46656144443709,-13.756834444068481,-6.5957328116551635,-0.02561474247614635,-0.0015587696142421426
3.272226310626629,-78.37593134232797,-13.683550456677366,-6.597871943501771,-0.024998555471637034,-0.0015081746726764622
3.2796868317794448,-78.28538585919469,-13.610372873241058,-6.599992346940977,-0.024382168853749407,-0.0014582854379589514
3.287299736356455,-78.1951294364831,-13.5373837435095,-6.60209571681413,-0.023752554397737758,-0.0014091124148952394
3.2949583658863486,-78.10518385751313,-13.464630050240519,-6.604170351038803,-0.023124671372761838,-0.0013606432278426644
3.3027193328403883,-78.01529126181471,-13.391925442945823,-6.606240560003592,-0.022483503842859787,-0.0013128611400492496
3.3103848013024817,-77.92568204370306,-13.319408122623882,-6.60829679119197,-0.021858022076322287,-0.0012657567639442415
3.318185120577446,-77.83617839500239,-13.247042022660068,-6.610322514296987,-0.021220865246161385,-0.001219336253331419
3.3258850897135157,-77.74695568396882,-13.174859947130942,-6.61233484634438,-0.020598997928222847,-0.0011735864880868202
3.3338065236042804,-77.65798002483699,-13.10280776339933,-6.614347199547868,-0.019952157401932607,-0.0011285092114778775
3.341743572436356,-77.56913764819875,-13.030953416298074,-6.61631601962709,-0.019307928073699205,-0.001084097537033103
3.3496642686203284,-77.48053716350066,-12.959230882502773,-6.61828796304269,-0.01866783879948433,-0.0010403292953853364
3.3575990552314177,-77.39206707123708,-12.887705506732155,-6.620218111855571,-0.018030723362308536,-0.0009972125190289324
3.3656033290882146,-77.30381257336674,-12.81625803226643,-6.6221646885225764,-0.017383356802726613,-0.0009547310069796217
3.3736172450280266,-77.21568484781285,-12.745010941066116,-6.624070553298367,-0.01674036518245799,-0.000912890014485831
3.381631977147651,-77.12786171467154,-12.673990679712936,-6.625952824959592,-0.01610109601627845,-0.0008716822694900287
3.389833898202295,-77.04027473589075,-12.603092688324903,-6.627839464091659,-0.015439482825131214,-0.0008310990658358861
3.3978966355994866,-76.9527814323971,-12.532342499885624,-6.62970098908669,-0.0147965823764632,-0.0007911229543375125
3.4060477712117394,-76.86538557944247,-12.46173711838171,-6.631537790920089,-0.014144872996409812,-0.0007517622010188133
3.415950230433139,-76.77937490016005,-12.391398067468703,-6.633564362719286,-0.013194267890307991,-0.0007247811527187036
3.4234834466283983,-76.69273435423182,-12.321268197092815,-6.6353735172687065,-0.01264923309714333,-0.000683627807232286
3.431708151880426,-76.60599540382181,-12.251156706911534,-6.637179915789647,-0.01199710713600604,-0.0006446156820638213
3.4397472757161243,-76.51946473754504,-12.181268718905686,-6.638952540075946,-0.011369169880353589,-0.0006061466427405833
3.447971121145016,-76.43313660954179,-12.111495700386186,-6.640726368271146,-0.01071529709273946,-0.0005681520217739814
3.4561773579820847,-76.34692062341496,-12.041916676121113,-6.642463129584467,-0.010066176604729133,-0.0005306106707619061
3.4644463114059283,-76.26096516600005,-11.972507138124543,-6.644193744207398,-0.009408858556748306,-0.0004935196598219615
3.472775359347921,-76.17509761896598,-11.9032397234481,-6.645903895140508,-0.008744984073845738,-0.0004568854646893769
3.480934457606747,-76.08949498875421,-11.834149167420403,-6.647610135087989,-0.008101784928518782,-0.0004206996407022402
3.489276566393959,-76.00418061529813,-11.765274695717908,-6.649297584458035,-0.007437455137575464,-0.0003849947211831001
3.4974428875805357,-75.91895513025736,-11.696545193110259,-6.6509654604284645,-0.0067938864104503125,-0.00034975284884610104
3.505791870435209,-75.83384491390181,-11.628004217415192,-6.652600985110086,-0.006130571837118271,-0.0003149986804284663
3.51404057131802,-75.74897389103928,-11.559583079779769,-6.654247796778777,-0.0054746314387617056,-0.00028071603073620316
3.522328590471654,-75.66436083181296,-11.491334332933624,-6.655893148046907,-0.004814072177249001,-0.00024691795534711265
3.5306921362195465,-75.5798936126198,-11.423327398312829,-6.657492144679557,-0.0041478358455212085,-0.0002136176159838054
3.5388592626302744,-75.49568957296347,-11.355492778474067,-6.659090370102165,-0.003503410888891954,-0.00018079539527883552
3.547274671240665,-75.41157188469906,-11.287790465340061,-6.660671800635623,-0.0028263969174827414,-0.00014847616099041374
3.555489514238104,-75.32771113113161,-11.220265552279603,-6.6622523730270355,-0.002172981931231468,-0.00011663513486546474
3.5637670300384445,-75.24416886776774,-11.153006598007916,-6.663804891261662,-0.0015133983736997582,-8.5302985330788e-05
3.5719297654653253,-75.16067996767428,-11.085838594660107,-6.665355525132986,-0.0008631965406112835,-5.445033137959719e-05
3.5802417185187365,-75.0773072462688,-11.01885935410778,-6.6668765742472935,-0.00019475949791961046,-2.4095843362155264e-05
3.5885586549852144,-74.99419046950344,-10.952049013275962,-6.668398817344652,0.00047654062315552996,5.779255012061381e-06
3.5966572346427186,-74.91133517591051,-10.885413513001911,-6.66992156607076,0.0011246728060182952,3.517780740537619e-05
3.60482094339551,-74.82862334350212,-10.819016326976527,-6.671403175194141,0.0017794807610200208,6.408023304314925e-05
3.6130258532918202,-74.74617679851781,-10.752764433627156,-6.672900484241012,0.002446502856542696,9.22291195042316e-05
3.6213596428664108,-74.66383957185948,-10.686699570449747,-6.6743699772779,0.003130388404622097,0.00011988245800731339
3.629422314585095,-74.58177503002251,-10.620806356654768,-6.6758477531254705,0.0037826738733023097,0.0001472523846174432
3.637487784419966,-74.50002212854176,-10.555128807517422,-6.677317301667191,0.004433113692085703,0.00017473147853883992
3.6452674051552947,-74.41832775516878,-10.489638074319103,-6.678749936743893,0.005044758268518549,0.00020221521801397
3.653199237575542,-74.33674352634328,-10.424335114072036,-6.6801548648256475,0.005678318964022009,0.0002291256344396963
3.6611719419959896,-74.25540516494641,-10.359200813430986,-6.681560330992591,0.006324507248606405,0.00025528521905350413
3.669240587917046,-74.17437369069873,-10.294328084469644,-6.682944203469763,0.006986113579081121,0.0002806042865630501
3.67709166063953,-74.09343134342316,-10.229590134058672,-6.6843236527643555,0.007627961359873009,0.00030533854901558624
3.6850553771724344,-74.01276609426918,-10.165062024302788,-6.685694612311698,0.008287453948629179,0.0003296115293080907
3.692996694580839,-73.93217430892344,-10.100676006868106,-6.687055600657197,0.00894797142692207,0.0003534437704600693
3.7008172252610883,-73.85187194047482,-10.036509439656257,-6.688406681633962,0.009598943233224643,0.00037683552856592617
3.708525356352069,-73.77184833704716,-9.972563391923542,-6.689749192754412,0.0102394455985781,0.000399793311588217
3.716339447697912,-73.69192707664308,-9.908803067144792,-6.691068563676204,0.010896293060311734,0.0004223099571068943
3.724114968583032,-73.61208633599507,-9.845184199011587,-6.6923782571423125,0.011554757587835413,0.0004443988990991575
3.7317606396407887,-73.53269978215786,-9.781810777196563,-6.693695738863972,0.012202679253961752,0.0004660635991014905
3.739504146309942,-73.45324789683725,-9.718601314208069,-6.694974692470032,0.012865886759736026,0.0004872981901450616
3.747112003179012,-73.37424876622644,-9.655637365370586,-6.696262669652544,0.013517687422223925,0.0005081153157874982
3.754591569820387,-73.29535963751563,-9.592869557642565,-6.69752659204733,0.01415879276609458,0.0005285176055075092
3.7620268292604297,-73.21654880469777,-9.530244654840354,-6.698782218796474,0.014801415961288464,0.0005485124234785475
3.7695452738726405,-73.13801547600076,-9.467833390726572,-6.700033151105444,0.015459312045006217,0.0005680915139763041
3.776919340123279,-73.0597678415944,-9.405643850711035,-6.701276574872562,0.01610627190058727,0.0005872684933688894
3.784292027737853,-72.98166170718535,-9.343698425785604,-6.702484964800666,0.016755827624238852,0.0006060381562573672
3.791602979529869,-72.90379908989858,-9.281919095315022,-6.703702843311542,0.017405660562460883,0.0006244163104672971
3.7987688983342838,-72.82605509585912,-9.220339091100309,-6.704898153756371,0.018044395081478152,0.0006424052865285284
3.806006683448274,-72.74858546682789,-9.158971910702933,-6.706090619065032,0.018697802828344157,0.0006599984754276055
3.812959140860633,-72.67120831483092,-9.09776122006921,-6.707273524949359,0.019325568046185522,0.0006772214997373228
3.8201179192196206,-72.59413598367668,-9.036809748351004,-6.7084412201390915,0.019982552793887363,0.0006940437377564772
3.826971256718444,-72.5173722167935,-8.976114675794257,-6.709595176154718,0.020608600489548337,0.0007104959811344721
3.833903566889193,-72.44066088894142,-8.915530654199124,-6.710751779603333,0.021254614752695772,0.0007265739698988689
3.8411766264475418,-72.36388992277132,-8.85496937036913,-6.711938548375821,0.021983437821227633,0.0007421872167599424
3.8478449683986713,-72.28758362359848,-8.794927107238294,-6.713014857469842,0.022601863152425388,0.0007579049857126384
3.8545599472296104,-72.21156248894076,-8.735027995221873,-6.714125479126883,0.023240746777701705,0.0007726949708379287
3.8611105480412915,-72.13581951575544,-8.675351577107893,-6.7152312663608225,0.02386740362555301,0.0007870592608902386
3.867633484877468,-72.0602181484928,-8.615919843255451,-6.716303197261786,0.02449676310449978,0.0008010164858472692
3.874066629231257,-71.9848570064294,-8.556654510334408,-6.71738596343245,0.02512560432695877,0.000814597733100216
3.880401226414975,-71.90962615149057,-8.497615183519105,-6.718441845074568,0.025749320784193574,0.000827814047962148
3.886633515984809,-71.83469402397279,-8.438822008017379,-6.719487719033202,0.02636835542738361,0.0008406815009887849
3.892844249588558,-71.75985273086695,-8.380198523188193,-6.720523159717377,0.026993798604576607,0.0008532169873469286
3.898877503987646,-71.68546194550923,-8.32182198858334,-6.721571021911454,0.027607130746737717,0.0008654385195896009
3.904951153037936,-71.6110136243799,-8.263616163135865,-6.722584740328044,0.028235303854446784,0.0008773467226838057
3.910910843533957,-71.53703199892148,-8.20568095575547,-6.72360572023672,0.028857871008899937,0.0008889610143023916
3.9166941934211787,-71.4631668454313,-8.147952950706985,-6.724607199000566,0.0294676936485773,0.0009002991115179428
3.9223708543770472,-71.38943951295863,-8.09045448738728,-6.725583787108068,0.030072821552427315,0.0009113655342183077
3.9280777647845384,-71.31599143735502,-8.03316931176099,-6.726561159302852,0.030692589151213596,0.0009221640220348688
3.933600267869744,-71.24283101639026,-7.976113704653893,-6.727536300662409,0.03129959712405553,0.0009327147551137344
3.939080375335041,-71.1697710298792,-7.919231332717613,-6.728501373348559,0.03191399381717311,0.0009430210557059943
3.944437591744732,-71.0970714860847,-7.862681207346025,-6.729437772387152,0.03251849094129347,0.0009530873738438794
3.949679333045326,-71.02461926651125,-7.806301166548433,-6.730387769198569,0.033122671302977594,0.0009629326760202014
3.954874288824655,-70.95226709982838,-7.750096684235495,-6.731328472988133,0.03373364226525491,0.0009725578715003107
3.9598726018017727,-70.8802646257667,-7.694204808818671,-6.732246392813681,0.03432787037804323,0.000981970313352781
3.9648890576109768,-70.80853802046136,-7.638527473953847,-6.733166449231057,0.03493641895145712,0.0009911711438497007
3.9697072721669517,-70.73694151975738,-7.583062142424144,-6.734068292250154,0.03553307074688702,0.0010001772384615971
3.974476143479151,-70.66560811618936,-7.527795494786596,-6.7349794105791325,0.03613514919226313,0.001008991086178215
3.979042744055917,-70.59446613789504,-7.472823297021763,-6.735851385690015,0.036721479011893834,0.0010176151018868457
3.9836167156406863,-70.52376883850745,-7.418084973026107,-6.736742572424971,0.037322672373896554,0.0010260495982797305
3.9879920866785508,-70.45303904789526,-7.363543851483855,-6.7376002969100695,0.03791132411123461,0.0010343114636669779
3.9922348025172507,-70.38278509981753,-7.309277783161674,-6.738468641620765,0.03849525486570639,0.001042400270646149
3.9964850386497575,-70.31264796083312,-7.255210993990956,-6.739323681125856,0.039093567980695035,0.0010503126316969095
4.000528494405531,-70.2428088540837,-7.2013819836330635,-6.740178632080088,0.03967898507485793,0.0010580654259600294
4.004500418662239,-70.17313816629884,-7.147811843196517,-6.741004623647563,0.040268286906922655,0.001065649471191656
4.008268834382272,-70.10376637305563,-7.0944809089253855,-6.741832092581946,0.04084419082101185,0.0010730841756869509
4.012031958103155,-70.03468269480503,-7.041368464128426,-6.742662852196918,0.041435371104862305,0.0010803587132745714
4.01558516622408,-69.96595220979073,-6.9885751849698075,-6.743473001596421,0.042009604363457256,0.0010874840541130143
4.019060812751475,-69.89733210363592,-6.935960433193284,-6.744276187956224,0.04259192305798568,0.0010944609170845422
4.022394041863129,-69.82902688850879,-6.88360700183286,-6.745074871110782,0.04316874905723525,0.0011012956728334304
4.025582216081915,-69.76087839361551,-6.831496108828153,-6.7458522160217065,0.04374124231102538,0.0011079895930884464
4.028688903940543,-69.69316639622357,-6.779604024740132,-6.746656671991439,0.04432030216850757,0.0011145464070894894
4.031580724847863,-69.6256514691224,-6.728016326379662,-6.747423749355248,0.0448835636790539,0.001120967726196019
4.034391532126539,-69.55841002726099,-6.676629640274523,-6.748201812955067,0.045453826569381295,0.0011272569387306788
4.037119541372144,-69.49134208396515,-6.6255085125382,-6.748952780560437,0.04602751901137442,0.001133409825234116
4.039624629060881,-69.42458341156085,-6.574630799704912,-6.74970539198735,0.046588790793851066,0.0011394417604770435
4.042044347770462,-69.35816119246556,-6.524035461592541,-6.750447746865664,0.0471539671171617,0.0011453417191850386
4.044311118441687,-69.29205595801425,-6.473703320665413,-6.751186418892335,0.047714174947767724,0.0011511199515629518
4.046424489076784,-69.22610954576948,-6.423617546283678,-6.751904804796906,0.04827016641343809,0.0011567761889784965
4.048438488718936,-69.1606042525885,-6.373750002389699,-6.75265043194452,0.048834047091048174,0.0011623130736423423
4.050299242816676,-69.09525393006383,-6.324134044753182,-6.75337564925052,0.049392256321254595,0.0011677338056278249
4.051936056894904,-69.03011534805182,-6.27482780852527,-6.754064724114873,0.04993577142474613,0.0011730393061086465
4.053541462336228,-68.96543363816633,-6.225759649210439,-6.754776587653788,0.05049496761757259,0.0011782248838810145
4.054919425152319,-68.90089785498127,-6.176924089037228,-6.75547424607538,0.051041091567911104,0.0011833067656640704
4.056202703442769,-68.83670427915237,-6.128374653487257,-6.756162539791637,0.051591398616398165,0.0011882719618182818
4.057319510512334,-68.77283665002058,-6.080091681354058,-6.756847208247024,0.05213774241384852,0.0011931285928801392
4.058332686495367,-68.70924765443273,-6.0320160455131395,-6.757543875202657,0.052690578196196866,0.0011978800067853964
4.059114547934582,-68.64602949316192,-5.984270618074579,-6.758220509585941,0.05322841788416659,0.001202524596001874
4.059731706577063,-68.58297651157937,-5.9367775480095455,-6.758877280368241,0.053762623994498,0.0012070661390233253
4.060243695037568,-68.52020753282382,-5.889493182268918,-6.759546804007195,0.05430365004563307,0.0012115057122026665
4.060595238694693,-68.45782748391856,-5.842560241207831,-6.760191884347623,0.05483742882615329,0.0012158379001722989
4.060831525357699,-68.39573108806772,-5.795833761725574,-6.760849092464699,0.05537888038238499,0.0012200697023448928
4.060832973195288,-68.33400937816253,-5.7494392029111445,-6.761486869588109,0.05590568512127607,0.0012242028085560524
4.0607265983014935,-68.27240937162667,-5.703239312211492,-6.7621216198471625,0.05643896510060783,0.0012282386511454507
4.060383137661638,-68.21119313675821,-5.65737291140627,-6.762737179277398,0.05695829373561201,0.0012321794742343147
4.0599263627639814,-68.1504188779278,-5.61173069780844,-6.76338253458146,0.05748453682727692,0.0012360236779337505
4.059361995840639,-68.08982868093501,-5.566365802369598,-6.764001913893205,0.05801518019035296,0.0012397688746668474
4.058490186137854,-68.0296061570316,-5.52131693580729,-6.764607738349649,0.058523762921198055,0.0012434251299482742
4.057574444603442,-67.96968016562066,-5.476498083263403,-6.765221673317416,0.05904707112130207,0.001246984982358474
4.056475380531945,-67.91008895573368,-5.431953228197585,-6.765831956843735,0.05956711428651326,0.0012504512167571626
4.05513993980095,-67.85072185040792,-5.387731367369151,-6.766406896531345,0.0600730484297992,0.001253828880073355
4.0537527073078525,-67.79181438664207,-5.343753773210397,-6.7670071237166765,0.06059363762354832,0.0012571112592500394
4.052106956661832,-67.73322821943694,-5.300033001137598,-6.767608419343301,0.0611031482891019,0.0012603118257587902
4.0502967339683345,-67.6748783490132,-5.2566557943021115,-6.768169349677217,0.06160639353921543,0.0012634176711163057
4.048355229079643,-67.61697624809022,-5.213504716450019,-6.768759781530933,0.062116964791992364,0.0012664411120951635
4.046174138535925,-67.5592990055852,-5.170679506160313,-6.769314639684871,0.0626136672545721,0.0012693770917064616
4.043866119660823,-67.50191266459379,-5.128069384644436,-6.769883385551006,0.06311707432706659,0.00127223081910609
4.0413103939140615,-67.44507348673888,-5.085813096737281,-6.770448430932627,0.0636075921695062,0.0012750037121704077
4.038698395813651,-67.38837401298898,-5.0437772153100155,-6.771005259129427,0.06411264340716714,0.0012776890698944867
4.035768613322157,-67.33205404139783,-5.002065864271595,-6.771547653475485,0.06459638294842227,0.0012802996310718655
4.032723598486511,-67.2762413336605,-4.960665014656688,-6.772098407169411,0.06508457630654657,0.0012828322080836202
4.029488782706403,-67.22060728282335,-4.919530080244886,-6.772628971502628,0.06556978959590959,0.001285292476081408
4.026062450414208,-67.16531634654375,-4.878675629434722,-6.773156301942684,0.06605195569600328,0.0012876822513970293
4.022516403566066,-67.11038008982936,-4.838121108999755,-6.773675496132406,0.06653822530897358,0.0012900028288340532
4.01870143386199,-67.05593032229585,-4.797843784332674,-6.774211884182016,0.067013041935174,0.001292270829986764
4.014767784983274,-67.00167317718706,-4.757856610509462,-6.774722246896607,0.06749171982490823,0.0012944819776708164
4.010630494354722,-66.94791807744596,-4.7181662560415045,-6.775243256227374,0.06796737949699809,0.0012966489874774068
4.006243978052173,-66.89439428116641,-4.6788154830818405,-6.7757246664486965,0.0684284622146887,0.0012988009883512822
4.00171271670547,-66.84131868725083,-4.639702355756574,-6.776232796223025,0.06889472872759227,0.001300942340115084
3.9969267540352806,-66.78847798000604,-4.600934793234611,-6.776698315908328,0.06934605879785397,0.0013031128783703772
3.9920015450977906,-66.73615051052587,-4.562492342319801,-6.777163681605625,0.0698004192917133,0.0013053483794647838
3.9867970244532844,-66.6841431257088,-4.5243404066493556,-6.777618011079712,0.07023718836670736,0.0013077501724976944
3.981435868196486,-66.63248732554439,-4.486519988675981,-6.778043999250633,0.07067373357777772,0.001310398607233512
3.9758400620313568,-66.58116175591191,-4.449036193100319,-6.778437179977928,0.07109490004580504,0.001313489543876182
3.9699289388919468,-66.53021482794342,-4.411983858993413,-6.778760930099715,0.07148587842469145,0.0013173029820076458
3.9638565278169517,-66.47973989160182,-4.375195598162696,-6.779104330786224,0.07188106419024651,0.0013225060829936456
3.959189220294049,-66.4295976598444,-4.33759043322219,-6.780048663749687,0.07264257389236362,0.0013154982828544725
3.95348718385081,-66.38003937681273,-4.300447551964619,-6.780932820754975,0.07324512486424663,0.0013098405467625686
3.947092100471653,-66.3307449922035,-4.264104927222249,-6.781532764738423,0.0737166817922177,0.0013084442168063968
3.940361167553901,-66.28174494201674,-4.228353470912885,-6.781958126517932,0.07413872517259373,0.001309973424812454
3.933433146359949,-66.23309470155874,-4.192888544553883,-6.782380643187823,0.07455836671646215,0.0013114196116428651
3.9263805898989035,-66.18496547429861,-4.157729465259774,-6.782816190704274,0.07498614227210491,0.0013126880289719787
3.919018508215037,-66.13706914500277,-4.122888167015981,-6.783224634540879,0.07539491985490257,0.0013137966069220281
3.91149642889799,-66.0896904863555,-4.088345311706393,-6.783648132540779,0.07580814508872616,0.0013147406281661632
3.903817445745871,-66.04266739180402,-4.054092784958784,-6.784069810362236,0.07622429053928664,0.0013155262621096096
3.8959070516034733,-65.99599138049764,-4.020116287442876,-6.784493851421784,0.07663505822026428,0.0013161618123368848
3.8877883949178496,-65.94988241070494,-3.9865073946490934,-6.784914628378576,0.07703990488472144,0.0013166456160222486
3.879509957666781,-65.90412612468097,-3.953190143193238,-6.785332408182985,0.07744770925241193,0.0013169816190887478
3.870996327473011,-65.85871529857525,-3.920150050692399,-6.785751287070189,0.07785038616862006,0.0013171771433139762
3.862321227554737,-65.8136640381956,-3.887405642791471,-6.7861666168865105,0.07825573671183239,0.0013172298587615014
3.8533986089534045,-65.76917543301228,-3.855023834928807,-6.786579751688333,0.0786509474536123,0.0013171438094844224
3.8443162744300614,-65.72504001182345,-3.8229373824077086,-6.786989182145156,0.07904838550793158,0.001316920526151122
3.8349966241604494,-65.68125201849622,-3.791131548431559,-6.787398776510157,0.07944043763485291,0.0013165655448103776
3.8255087101104595,-65.63797993611342,-3.7596332512247432,-6.787819738796614,0.07983581072168369,0.001316073915297579
3.8158146094967793,-65.595115844084,-3.728498932274136,-6.788219052016973,0.08022397565750326,0.0013154490529306401
3.8058854324172304,-65.55259729045096,-3.697647211896469,-6.788618462194079,0.0806059645517378,0.0013146983067558835
3.795783038703187,-65.51059625258814,-3.667102714944285,-6.789028449656449,0.08099217326391431,0.0013138128196518825
3.7854405026780413,-65.46899782926928,-3.636916176609544,-6.789418748496837,0.0813668692647169,0.0013128007318253213
3.774900605384664,-65.42775103811863,-3.607021431259094,-6.78980673529378,0.08173942209383732,0.001311662572144044
3.764187811466675,-65.38702186726456,-3.5774349732366275,-6.790205256890838,0.08211590831727819,0.0013103922240374133
3.7532737808079935,-65.34664459576014,-3.548142866745376,-6.790600323865873,0.08249000345298872,0.0013089960432925236
3.742113741063419,-65.30683035626429,-3.5192200158002707,-6.790990961201358,0.08285367421059948,0.0013074733556437167
3.7307534000553395,-65.26736605952853,-3.4905907784741554,-6.791377949522104,0.0832154864237525,0.0013058249012716503
3.7192245799229045,-65.22826348337311,-3.462263542940777,-6.791758782872268,0.08358018628872103,0.001304046794235255
3.707455711615684,-65.18972422396047,-3.434307743959325,-6.792135750868301,0.0839333266312533,0.0013021439591457472
3.695475721910418,-65.15169318362798,-3.4066534668433195,-6.792524209990834,0.08428659992839711,0.0013001122574319952
3.683298028300644,-65.11400991724564,-3.3792960163543557,-6.7929084541104485,0.08463707622146556,0.0012979557621595294
3.670917250479213,-65.07674019390828,-3.3523086959955744,-6.793269313268424,0.08498094383099668,0.0012956709558680842
3.6582925767522507,-65.03997580377603,-3.3256176647650175,-6.793644228563523,0.08531995126642544,0.001293260626486929
3.6455430109411133,-65.00357407843956,-3.299238974086073,-6.794010850862875,0.08566464811245368,0.0012907192334514902
3.632509653521499,-64.96773400841718,-3.2732244503515258,-6.794373820965941,0.08599575633679908,0.0012880511149919558
3.6193119907248588,-64.93240280514964,-3.2475224691679156,-6.794746593354074,0.08632903787840183,0.0012852530683882197
3.605838537120481,-64.89747154279817,-3.222176315306609,-6.795099058155811,0.08664810551750614,0.001282329301817922
3.5922024762359883,-64.86289859660538,-3.1971335889028634,-6.79544513752081,0.08696986180672407,0.0012792741676799458
3.5784017460052673,-64.82884012308192,-3.172404678455139,-6.795801307333198,0.0872936390419652,0.001276086974985356
3.5643596849241366,-64.7952842094574,-3.1479763728263355,-6.79617044220141,0.08761137210026938,0.0012727715143079656
3.5501173122366083,-64.76214205550667,-3.1239213535138664,-6.796514584296977,0.08792315035616481,0.001269322045145807
3.5356715100816176,-64.72950799763136,-3.1001733431327803,-6.796869902250264,0.08823330617917252,0.0012657401193215028
3.5210256118028465,-64.697439184239,-3.0768063238464682,-6.79721672569478,0.08853748944242372,0.0012620230431630004
3.506142661678379,-64.66571431127204,-3.053730648767726,-6.797559970153314,0.088835585176617,0.0012581749676700907
3.491059281683931,-64.63455760307905,-3.031035236005934,-6.7978945821311685,0.08912870314061704,0.001254189320960434
3.475782150144918,-64.60374919606441,-3.00863898614163,-6.798224431826743,0.08941891049216413,0.0012500697659949837
3.460338578005495,-64.57345457217195,-2.9865569997713552,-6.7985631038359084,0.08971193357315559,0.0012458104098413494
3.444623285269108,-64.54371726789124,-2.9648434967323367,-6.798896650945681,0.08999091293542935,0.001241416070069034
3.4287490739914146,-64.51433451700899,-2.9434365907142728,-6.79922260168512,0.09027195360094235,0.001236881133784196
3.412675566569753,-64.48560977686219,-2.922347254446548,-6.799575383842955,0.0905505441634729,0.0012322069790897637
3.3964035567126305,-64.45714459934977,-2.9016240950377874,-6.7998850544074045,0.09082454683143347,0.0012273872784677243
3.379865351177471,-64.4293912100361,-2.881277652030627,-6.800206599293909,0.09108416427075595,0.0012224298177942905
3.3632043103033045,-64.40193107592862,-2.861171483035301,-6.800537840368818,0.09135295266258425,0.0012173279459763936
3.3463140856683027,-64.37509818766853,-2.841515186567488,-6.800841640574705,0.09160941134005811,0.0012120776937195367
3.3292240636358326,-64.34870267366337,-2.8220933315196857,-6.801175401954325,0.09186649520188386,0.0012066861245263315
3.3119433909605007,-64.32287088401716,-2.8030559063455933,-6.80149882281882,0.09211799341600058,0.0012011447844578116
3.2944341891842432,-64.29744487116163,-2.7843862101415024,-6.801797540320761,0.09236048927438882,0.0011954547473813596
3.276735502631668,-64.27251969087028,-2.7660255627186583,-6.802106931594642,0.09259987443223822,0.0011896177572309284
3.258877999799198,-64.24810118680577,-2.747980737856569,-6.802423918692135,0.09284148946117927,0.0011836270106260472
3.2407762092806287,-64.22423927168788,-2.7303103181599404,-6.802733088793006,0.09307147504629205,0.0011774853782480631
3.2224901470754204,-64.20093634817513,-2.7130218274848144,-6.803032160915213,0.09329621263222537,0.0011711881007487037
3.204045391717687,-64.17791762323121,-2.69596775799908,-6.80334225032232,0.09352488014999397,0.0011647380240310135
3.185347417928907,-64.15552070437073,-2.6793593829752194,-6.803625722743422,0.09373734593282412,0.0011581308428511513
3.166505742483523,-64.13356628841517,-2.6629950696974327,-6.803935612682968,0.09395682777860444,0.001151365482828126
3.1474343431784084,-64.11223136435068,-2.647079712402582,-6.804217731314642,0.09416188559779493,0.001144439587894245
3.1282248538793618,-64.09133283620051,-2.6314089029885968,-6.804526451238737,0.0943724749545763,0.0011373547681247233
3.1087960824705743,-64.07099056023326,-2.6161173128578774,-6.804825366750996,0.09457347219148565,0.0011301075055050146
3.089166734582655,-64.05120438653702,-2.601205473591452,-6.805113722808736,0.09476781963970579,0.0011226950679393939
3.0693577508997096,-64.03175724005837,-2.586596632822966,-6.805394995846546,0.0949579703851606,0.0011151209130563792
3.0493479167931916,-64.01302281804735,-2.572374692134786,-6.805682297168817,0.09514195768920446,0.0011073777532081286
3.0291751078631393,-63.9946280118577,-2.5584579998145123,-6.805961043046008,0.09532459321276951,0.001099467375025767
3.0088310732426446,-63.976883804377266,-2.5448616136654234,-6.806263376275481,0.09550698038613037,0.0010913858281398217
2.98827890711839,-63.9595374318414,-2.5316380293389296,-6.806539004772226,0.09567903270447092,0.0010831341628861763
2.967538912125531,-63.94274679878968,-2.5187954248957003,-6.806804552159314,0.09584315872215893,0.0010747100970460515
2.9466324830575763,-63.926601207056436,-2.5062711328622793,-6.807093919287223,0.09600684668503891,0.0010661110167214092
2.9255638395364025,-63.91079240691623,-2.4940534585596223,-6.807373466585881,0.09616914077636973,0.00105733582687368
2.904306102398714,-63.89553968113822,-2.4822180812762937,-6.807641828303296,0.09632390804359008,0.0010483820660826114
2.8828672593012934,-63.88092826520828,-2.4707003333358055,-6.807934266238723,0.0964750882434363,0.0010392501636841962
2.861246482159085,-63.86671229141469,-2.4595583464807245,-6.808198453883342,0.09661806674123102,0.0010299375642292751
2.8394417360968784,-63.85304890375685,-2.4487967888244735,-6.808451673376531,0.09675369848726008,0.001020441856117142
2.8174769448093806,-63.840025683784006,-2.438353323325781,-6.808728329148613,0.09688820843840833,0.0010107620292029583
2.794529036655622,-63.82864783853675,-2.4282586964905812,-6.809175447783874,0.09685881098301725,0.0010089475816686786
2.772188821315871,-63.81648789391465,-2.4187248111284805,-6.809299116409571,0.09695600277838429,0.001004337677232288
2.7497299940966853,-63.80492685251346,-2.4093280865624775,-6.809550440964843,0.09707413545096331,0.0009969461384243133
2.7271222186184776,-63.793851823834245,-2.400244288401694,-6.809807508160425,0.0971916401675688,0.0009891226597980062
2.704349010757509,-63.783261446801944,-2.3914744827555108,-6.8100700323515015,0.09730535479281546,0.0009808865301276762
2.683456812245055,-63.76910985729587,-2.383966671189918,-6.809149066340071,0.09773721724555473,0.0009766345689289644
2.6604481752446483,-63.75950897574804,-2.3752247292787967,-6.809724135556891,0.09790466967269966,0.0009702406154709708
2.6370500341127476,-63.750493167070935,-2.367427832500644,-6.809974977681909,0.09798588888186585,0.0009703903269809222
2.6134903273301884,-63.742031032589644,-2.3600212629376025,-6.810212851653999,0.09805779583054365,0.0009707564272644642
2.589783788860884,-63.734058785166845,-2.3529365133716804,-6.810453439105494,0.09812863150962525,0.0009713384162428463
2.565918858768184,-63.72663647590482,-2.34624357282459,-6.810678972878776,0.09819094021452873,0.0009721278466559905
2.5419187610188567,-63.719853563306145,-2.3398784961470893,-6.810923837673997,0.09825287542162371,0.0009731072775285912
2.517757333379485,-63.713464471002816,-2.333895638353217,-6.811137070945881,0.098307547562866,0.000974261803898855
2.493459671737689,-63.707711736131,-2.3282399969155745,-6.811370545437626,0.09835891420532193,0.0009755932937208129
2.4690053451145832,-63.702503810813475,-2.322971532924547,-6.8115891403025985,0.09840405018751695,0.0009770701994111998
2.444426514468294,-63.69777601542524,-2.3180214947461995,-6.811812165205444,0.09844703889541671,0.0009786834578226543
2.4197104967949077,-63.69353232277596,-2.313389631054801,-6.81203907135217,0.09848881336234629,0.0009804183144553555
2.394828827794097,-63.69004543633218,-2.3092200705602774,-6.812250010181581,0.09851758325164196,0.0009822634948409908
2.3698379579112476,-63.686969039061054,-2.3052964104752474,-6.81248373327748,0.09855013889018083,0.0009842084686979516
2.345242168902416,-63.68115355420323,-2.301154430180319,-6.812505378046832,0.09872304676198322,0.0009762116714839662
2.3201835529391666,-63.679294641603505,-2.2975220296480194,-6.812968626577216,0.09881324189535144,0.0009744016148519561
2.2948503390227724,-63.67791439383452,-2.2945482992359554,-6.813265310680877,0.09885208447404238,0.0009749107948034653
2.269316722144954,-63.67715245057252,-2.2922853036939332,-6.813378773787144,0.09885100523433056,0.0009787072729634044
2.24378129233844,-63.67689970187881,-2.2903190705056264,-6.813511242954505,0.09887180146306855,0.0009825717607200263
2.2179043518335253,-63.677138698168584,-2.288709122744439,-6.8136379946327725,0.09884742686710478,0.0009863059299544874
2.19191617992319,-63.678004154228866,-2.2873870883949854,-6.8138033846382005,0.09882499296536171,0.0009898694266700127
2.165808300720222,-63.679397690087605,-2.2864353619660434,-6.813961841735744,0.09879632182056558,0.0009934221716511311
2.139592114901627,-63.68125750984156,-2.2857847853391275,-6.814131179829635,0.0987671540818809,0.0009969634643566692
2.1132536945342535,-63.68364881167062,-2.2855068284177147,-6.814292073634906,0.09873273359767437,0.001000491486333423
2.0868110855822564,-63.686657451913156,-2.28553888574639,-6.814479026829613,0.09869761755420499,0.0010040055065797374
2.0602493269258724,-63.69019052853405,-2.2859454150754095,-6.814655861868562,0.09865652516528305,0.0010075029854007115
2.033575425020879,-63.69439646221373,-2.286732284316204,-6.814839001381392,0.09860927041970304,0.0010109828730832692
2.006805082775916,-63.699055439545,-2.287823538746424,-6.815029574563948,0.09856132610139179,0.0010144417073175442
1.9799278714247086,-63.70417033992213,-2.289220838939765,-6.81522712053713,0.09851140939294188,0.0010178766345406715
1.9529480550775427,-63.70995704958128,-2.291003096549792,-6.815428484084116,0.09845622221506979,0.0010212823652570341
1.925869649211051,-63.716193651057246,-2.29309287191148,-6.815635652412612,0.09839863674029324,0.0010246569691017247
1.8986819187676862,-63.7230098561054,-2.295630779938663,-6.81581104654112,0.09833091432611582,0.001027994557890152
1.8714085501313316,-63.73036165268096,-2.2984108537559362,-6.816027798375298,0.09826453596646688,0.0010312942667694293
1.8440371360609629,-63.738226961522855,-2.301570970930708,-6.816229667784181,0.09819379100586531,0.0010345460744906711
1.8165710407069808,-63.74675295420988,-2.305115940636111,-6.81643396749249,0.09811645081270647,0.0010377487474770625
1.7890115853342785,-63.755718320537184,-2.308967821418231,-6.816642757737558,0.09803545616536981,0.0010408985220494284
1.7613707910603984,-63.765279124270506,-2.313136306003137,-6.816870909461796,0.09795430622593813,0.0010439863705815127
1.7336502107990943,-63.77534210983886,-2.317686473689015,-6.817083032248538,0.09786658022983263,0.0010470084638471416
1.705830294616217,-63.78590714223906,-2.322614706184191,-6.817280198459334,0.0977704732918537,0.0010499616797078758
1.6779409199746553,-63.79706403065207,-2.327858458281815,-6.8174965168641535,0.09767485611589026,0.0010528366871889214
1.6499684078008,-63.808656461711436,-2.333411913470834,-6.817715299732835,0.09757602385005676,0.001055630763123668
1.6219183284979863,-63.82090127092515,-2.3393534051430533,-6.81793386740107,0.09747048413935816,0.0010583374963903706
1.593791061016957,-63.833790503479534,-2.3456805167737707,-6.818151992499027,0.09735846630167247,0.001060950411784976
1.5655883453953856,-63.847104945915284,-2.352315232455492,-6.818371448139055,0.097244963562345,0.0010634638950777246
1.5373211301929313,-63.860846624916256,-2.3592603672710055,-6.818592528061495,0.0971273229551137,0.001065874710004046
1.5089835227135995,-63.875235815958355,-2.3665932739985447,-6.8188119609471585,0.09700508200374325,0.001068172512886914
1.4805806172944336,-63.890048980137294,-2.3742358445276874,-6.819032576145622,0.09687881593095676,0.001070355470122433
1.45211558271779,-63.90550451486663,-2.3822660386523515,-6.819251532077301,0.09674636542215911,0.0010724146040918866
1.423595961384643,-63.92153310806266,-2.390612508270034,-6.819486666214068,0.09661383895792908,0.0010743435982729494
1.3950116554412444,-63.93804155707985,-2.39933898423164,-6.819703226426434,0.09647257057722168,0.0010761400669286217
1.3663596249916246,-63.95496878342984,-2.4083734971326582,-6.819920235373301,0.09632782123535488,0.0010777968443167552
1.337679462230151,-63.97253346392806,-2.4177966154839927,-6.820134499507615,0.09617950494003351,0.0010793048628541775
1.3089323279696203,-63.99066308656313,-2.427533506011419,-6.820365249562894,0.09602719051244366,0.001080661220095581
1.280140681459,-64.00926837681715,-2.437650250129489,-6.8205764160456255,0.09586868030461076,0.0010818597663713565
1.2513062184711004,-64.02828651031507,-2.4480751169051804,-6.820787457257016,0.09570739117967746,0.0010828949538335831
1.222402733313724,-64.04802199613644,-2.4588210543412305,-6.821030739353278,0.09554250509052203,0.0010837584517233885
1.193480891992294,-64.06807675924199,-2.469942382146015,-6.821236813885973,0.09537248821850816,0.0010844454560298832
1.1645364701436696,-64.08884637475276,-2.4813868804274253,-6.821474614753603,0.09520122629616427,0.0010849505231878167
1.1355256517765755,-64.11008293283835,-2.4932091376556818,-6.821691814931384,0.09502235324379893,0.0010852670452913354
1.1064970234581157,-64.1317228562697,-2.5053400768902154,-6.8219075329152705,0.09484144550542442,0.0010853892196045374
1.0774334963126484,-64.15398442944436,-2.5178565655054213,-6.82211977099195,0.09465261980564695,0.0010853140544887965
1.0483243122503223,-64.17679815564922,-2.530685798738263,-6.8223467321569995,0.09446137679665047,0.00108503357675884
1.019215788762596,-64.2000098631548,-2.5438248306277584,-6.8225708043606375,0.09427026938069472,0.0010845382885357555
0.9900739784070205,-64.22383740785746,-2.557349625122449,-6.822790475355281,0.09407089887026772,0.001083828849848463
0.96088964219947,-64.24806079787132,-2.571180531621704,-6.8230079317247,0.09386816821571986,0.0010828961783134479
0.9317161298551591,-64.27289772925494,-2.5853981834325066,-6.823220440405168,0.09366089611748044,0.0010817341617752024
0.9025032685042079,-64.29827760009528,-2.5999276598970686,-6.8234471493685405,0.09344927610676151,0.0010803401692842983
0.8732962590080632,-64.32411178831873,-2.6148352604048513,-6.823651690368886,0.09323438437729006,0.001078704327665685
0.8440697321487772,-64.35042168904084,-2.6299846408974226,-6.823889030563984,0.0930188275391823,0.001076824455586129
0.814836725113842,-64.37725152617975,-2.6455837696719806,-6.824085111525344,0.09279434624948352,0.0010746940809600134
0.7855817103282217,-64.40455480329416,-2.661423023994087,-6.824314071764974,0.0925695819107181,0.00107230673315866
0.7563396319014913,-64.43246141820316,-2.6776487677181935,-6.824536575221942,0.09233991287546177,0.0010696591218247375
0.727088099266226,-64.46081299385968,-2.6942497183003162,-6.824736761843305,0.0921040516455037,0.0010667426272155114
0.6978360590598177,-64.4896332509442,-2.7110915995401434,-6.824969034951662,0.0918688451620868,0.0010635563350444358
0.6686065815965767,-64.51896412427368,-2.728382179648438,-6.825159343880054,0.09162572301601107,0.001060089617333135
0.6393739452412295,-64.54876129913897,-2.7459118997280587,-6.8253819652856835,0.09138323485618578,0.0010563417396597405
0.6101513621501219,-64.57915377143283,-2.763825732302849,-6.825597549938344,0.09113655521478059,0.0010523028470807805
0.580939900499641,-64.60991762831807,-2.78204360230622,-6.825809006531083,0.09088618254751211,0.0010479712249586636
0.551746039561365,-64.64127371627437,-2.8006441005378884,-6.826013928133986,0.09062999980286397,0.0010433419784351898
0.5225563258321381,-64.67315012107105,-2.8195539187891976,-6.8262309659718285,0.0903716070285782,0.0010384071282783418
0.4933788096104909,-64.70539064007319,-2.838766859230562,-6.826443165293632,0.09010923516813846,0.001033161956486102
0.4642179521352828,-64.73821636596762,-2.8583616021903433,-6.826647945025593,0.08984176462121897,0.0010275997239015944
0.4350993385360203,-64.77133761949787,-2.878188721119794,-6.826866178245831,0.08957659098970955,0.0010217135000237763
0.4060102131986069,-64.80510614061593,-2.8984697879813615,-6.827057106212189,0.08930353285881579,0.0010154949447943042
0.3769579576899459,-64.83931261488257,-2.918988264111988,-6.827277055412831,0.0890337449606154,0.0010089333778172847
0.3479348923294609,-64.87392411606753,-2.939880535562107,-6.827469622542402,0.0887571271835086,0.0010020128034576182
0.32626974358728533,-64.90477247698354,-2.989736585196315,-6.811049154389279,0.08785210408209344,0.0012893789781092183
0.2962285693420953,-64.94199153813108,-3.009089046060661,-6.812686152624618,0.08750177187206216,0.0012393062342985909
0.26667423587084843,-64.97880146140947,-3.028981231367267,-6.813959053856042,0.08722378063528244,0.0012347883819676054
0.23716323758775026,-65.01585661136093,-3.04922678598772,-6.815190376868026,0.08694153715895518,0.0012312118582202634
0.20777816272969332,-65.05345753199526,-3.069903853051077,-6.816390355017202,0.08666334252421024,0.001228997125690954
0.17849020012972963,-65.0916731429608,-3.0910129514881532,-6.817563215870557,0.08638623254467917,0.0012283865017040812
0.14923119326743475,-65.13011445709995,-3.1124604913780862,-6.818695902111214,0.0861037414363542,0.0012290341019836012
0.12010657749401214,-65.16907858520489,-3.1343952785897287,-6.819769435181392,0.08582040021349834,0.001230735952870983
0.09099829596431,-65.2084323511739,-3.156665196657239,-6.820825231479786,0.0855324532952692,0.0012334358450464726
0.0620059795396111,-65.24824330639413,-3.1793410197555954,-6.821844873036615,0.0852450893806002,0.0012370775812002592
0.03308693926814851,-65.28851094533074,-3.2024168011830745,-6.8228306917868276,0.08495374916193416,0.0012416149751040178
0.004204251903648367,-65.3290829635159,-3.225878879718686,-6.823768719247756,0.08465338539208098,0.0012470073249393925
-0.02455430093132457,-65.37020591305847,-3.2496707552653117,-6.824711528466155,0.08436119021156561,0.0012532039929108122
-0.053255384527746814,-65.41169889738686,-3.273914156380145,-6.825590153500414,0.08405605375212569,0.0012601829516276015
-0.08185701139178732,-65.45365385508231,-3.29854009428865,-6.8264421980495325,0.08375253867277252,0.0012679017070189303
-0.11040950760995519,-65.49600334235387,-3.323473473519298,-6.827288281961788,0.08344555383466197,0.0012763364048723543
-0.13885300225632533,-65.53866232554111,-3.3487769542283736,-6.828093448553421,0.08313696597909015,0.001285460506078408
-0.16721810542549725,-65.58185566330334,-3.374525564013492,-6.82885752413728,0.08282275414014402,0.0012952509708286104
-0.1954995609355996,-65.62544612664053,-3.400570972734497,-6.829620128703519,0.08250878323783857,0.0013056863964778073
-0.22368044615643834,-65.66950061864114,-3.4269843590590368,-6.830362477181703,0.08219353480248782,0.001316748950198946
-0.25178154093023564,-65.71408268558068,-3.453832562787552,-6.831067095608184,0.08187131322778897,0.0013284250308099553
-0.2797674070591722,-65.75890326609205,-3.4809591902476886,-6.8317569723737055,0.08155348217789818,0.0013406947014153025
-0.3076915913737433,-65.80418985602464,-3.5084443784598203,-6.832430750120279,0.08122838127082144,0.0013535525056056477
-0.33550335936713205,-65.85000553021843,-3.536356102950898,-6.833070183390438,0.08090135636036104,0.0013669826929391343
-0.36323442591755745,-65.89606007086883,-3.5645372963211264,-6.833698668045978,0.0805716142534226,0.0013809783568439437
-0.3908772940059998,-65.9425818396985,-3.5930695753988817,-6.834313987723609,0.08024093038243063,0.0013955273764174024
-0.41840225946553944,-65.98963219288933,-3.6220206157781667,-6.834898109615528,0.0799062130339331,0.0014106252528978173
-0.4458177605061148,-66.03692098477984,-3.6512337486294606,-6.835473982379906,0.07957371913512305,0.0014262619664280494
-0.4731430654537695,-66.08467592711176,-3.6807908379486816,-6.836039498545812,0.07923813991771486,0.0014424344281911928
-0.5003585567347503,-66.13295920376648,-3.7107602447358676,-6.836576367954827,0.07889923902382162,0.0014591369828039337
-0.5275019958890006,-66.18147981604965,-3.7409850598224317,-6.8371076282412275,0.0785562595257155,0.0014763676302723433
-0.5544994618735964,-66.23053018524156,-3.771618255547734,-6.837611886262416,0.078214696952756,0.0014941170244449026
-0.5813699295641056,-66.27988433915526,-3.802573438220256,-6.838093279844129,0.07787317011045505,0.0015123843800983324
-0.6081801533254956,-66.32963561921707,-3.833788516687844,-6.838588131136036,0.07752816622378368,0.0015311683889618643
-0.6348786977392616,-66.37991452323575,-3.8654068251311946,-6.839057960655067,0.07717822482610695,0.0015504674808073668
-0.6614155408809405,-66.43049358683238,-3.897341416590465,-6.839506587641972,0.07683273165861493,0.0015702744190247344
-0.6878687853160087,-66.48153224380403,-3.9296015695143414,-6.839951498378848,0.07648210180385853,0.0015905929281168302
-0.7142259293232526,-66.53296034993332,-3.9621146368486064,-6.840411565119609,0.07613117694745344,0.0016114188566394491
-0.7404401023454145,-66.58475557436346,-3.995014607659706,-6.84083201747403,0.07578003990798808,0.0016327497214761266
-0.7665320089592,-66.63685268910581,-4.028225182999588,-6.841233890721961,0.07542706445558443,0.001654586988822242
-0.7924831269668405,-66.68947512730628,-4.061826063498323,-6.841615523629063,0.07507350591411305,0.001676927862832626
-0.8183446213255748,-66.74248383218496,-4.095670511835196,-6.842015660655337,0.07471850505369484,0.001699772981934492
-0.8440883837917106,-66.7957901760823,-4.129821808267858,-6.842398155208133,0.0743615340166881,0.0017231214908836696
-0.8697159364091905,-66.84955186862325,-4.16428917637364,-6.842780129760644,0.07400264921455196,0.0017469738052394439
-0.8952002394332137,-66.90367619394642,-4.199131583267977,-6.84312654062966,0.07364178378650414,0.0017713286846723383
-0.9205248997807445,-66.95818403654025,-4.2342115704882435,-6.843493248023175,0.07328782893190107,0.0017961810024134076
-0.945814381684045,-67.01299116827093,-4.269595882877323,-6.843843837417301,0.07292223603223695,0.0018215406795789877
-0.9708862588010657,-67.06831523962136,-4.305360869370719,-6.8441767577968715,0.07256363037210274,0.001847397256990962
-0.9957703404453305,-67.12392836232405,-4.341419783092519,-6.844495591682756,0.07221011808226353,0.0018737522601982395
-1.0206583517620518,-67.17992898129029,-4.377716847465755,-6.844835799179842,0.07184487592810312,0.0019006135425484539
-1.0453265862476786,-67.23628623158832,-4.414380534584602,-6.845142589442371,0.07148492489565363,0.0019279729000759424
-1.0698917333459244,-67.29293796742942,-4.4513380831944485,-6.845436448180132,0.07112192233999882,0.0019558338116443105
-1.0943031978773874,-67.34997318874632,-4.488526534562258,-6.845753246944081,0.07076302543337205,0.001984192836559635
-1.118581699962897,-67.4075241720732,-4.526092809103322,-6.8460537904946746,0.0704009819352987,0.002013053478953787
-1.1427544737032187,-67.46536217664527,-4.563949794764043,-6.846341539804483,0.07003421536297041,0.002042417211619377
-1.1667461182223762,-67.5234873824343,-4.602094327654551,-6.846617463105183,0.06967174471629434,0.0020722784452078275
-1.1905641250992804,-67.58205782278927,-4.640537318494858,-6.846898387093841,0.06931412377536504,0.0021026358125019193
-1.2142850290149505,-67.64091659498263,-4.6792692893015815,-6.847167467327135,0.06895162002457156,0.0021334951704555386
-1.237900345432811,-67.70022122288321,-4.718300588946239,-6.847441443304723,0.0685826775143305,0.002164858648484579
-1.2612703675264765,-67.75980491180776,-4.757613474074301,-6.84770461360863,0.06822778803666125,0.002196711882171082
-1.2845447998633441,-67.8198324250249,-4.797224804903781,-6.847972925624488,0.06786664939014174,0.0022290674903225525
-1.3076882728984263,-67.88020826155633,-4.83719242041323,-6.848211047060786,0.06750025922694365,0.002261924935636918
-1.3306211618293253,-67.94079425560301,-4.877364357697779,-6.848459112089584,0.06714519229660379,0.0022952734831002903
-1.353459462467285,-68.00166943783425,-4.917821231839383,-6.848696736165087,0.066782717634899,0.0023291241096588195
-1.3761356345902749,-68.06298789756379,-4.958571698189752,-6.848941239933321,0.06642410733141009,0.0023634686568902263
-1.398640173485683,-68.12474330615919,-4.999613866437055,-6.849192059069626,0.06606634450306983,0.002398310554863008
-1.421020094416811,-68.18668793980375,-5.040997058880034,-6.849397173818673,0.06570257522792869,0.002433652246014285
-1.4431996292233382,-68.24900229496795,-5.082593481820524,-6.849630196906115,0.06534921681603971,0.002469482663916453
-1.4652931829855744,-68.31175700647617,-5.124484275389357,-6.849869543848357,0.06498811202272038,0.0025058125752688057
-1.487222208465926,-68.37463019121509,-5.166639564189888,-6.850082989945587,0.06462798397790916,0.0025426367342353436
-1.5088770221497771,-68.43816125246887,-5.209163135727982,-6.850302409212222,0.06427906715825926,0.002579949918086391
-1.530494027660847,-68.50174275769044,-5.251879849459864,-6.850515253286073,0.06392103119770999,0.002617761642807197
-1.5519511740592926,-68.56560699455127,-5.294872082103325,-6.850719886516178,0.06356309197279167,0.0026560744690553566
-1.5730394569140067,-68.62992567220283,-5.338191742551846,-6.850912861836311,0.06323745767801615,0.0026948460080061898
-1.592307407233255,-68.6943137503767,-5.384053845181158,-6.8497925891554345,0.06305534949445792,0.002753566608564765
-1.6113369258222296,-68.75874446787957,-5.430125865875155,-6.8486295660066645,0.06289156436219186,0.002814767396564777
-1.6303870449876372,-68.82366619861469,-5.476287386201255,-6.84759654147585,0.0627090048202167,0.002874721411872218
-1.6495169860303383,-68.88893369391396,-5.522426766178225,-6.84671425104254,0.06250714444976403,0.0029335890500674544
-1.6687028854118091,-68.95453965635994,-5.568577778296772,-6.845965151267526,0.062288045786806454,0.0029915220853971624
-1.6878480800062174,-69.0204726482083,-5.614765684941384,-6.8453344941491885,0.06206231041455734,0.003048651489737511
-1.7069641811218303,-69.08679673595208,-5.661091577863746,-6.8447886209111015,0.06182234704299909,0.0031051071517159373
-1.7260413407360296,-69.15350297528083,-5.707575915537911,-6.844316322025442,0.06157108517332828,0.003160998048838737
-1.7450720304727072,-69.2206061651701,-5.7541042246820275,-6.8439619774085685,0.061314773424868754,0.003216419691478756
-1.7640733651094769,-69.28785330168824,-5.800746430929365,-6.84366158036406,0.06104618034439899,0.0032714661178896006
-1.782992365360071,-69.35562877983777,-5.847617827646422,-6.8434210239256075,0.06076902648706084,0.003326216717442285
-1.8017843743451092,-69.4235329688324,-5.894625132095806,-6.8432197936709285,0.060490450051968625,0.0033807401132997295
-1.820564631452294,-69.49182783065864,-5.941746230058344,-6.843101986052877,0.06020114661922374,0.0034351049135135526
-1.8391575249008767,-69.56047221497708,-5.989116369767355,-6.843006786125729,0.059914195582428664,0.0034893637034842545
-1.8576743374033082,-69.62940190080971,-6.036676970614091,-6.8429473007307084,0.05961793994251979,0.0035435765371978492
-1.8760848198313251,-69.69854520998584,-6.084362441956351,-6.842938563808602,0.05932173657254769,0.003597782039775031
-1.894359556700517,-69.76819709343205,-6.132343901855546,-6.842952717112834,0.059019007980274873,0.003652030357562328
-1.9125189778630796,-69.83789341611019,-6.180449932396257,-6.842992395994829,0.058716935382745444,0.003706350940740619
-1.9305086859815468,-69.90802648769797,-6.2287900583097064,-6.843067683117553,0.05841678134299773,0.0037607792780181832
-1.948352579467938,-69.97849874735391,-6.277429665068331,-6.843138627725894,0.05811113433552574,0.0038153518245386243
-1.966071773983737,-70.04917133874588,-6.326224347695727,-6.843242359921911,0.057806249243864294,0.0038700891575718247
-1.983611722762184,-70.12011203853102,-6.3752514050796965,-6.84335671687065,0.05750320533638033,0.0039250168719952155
-2.0010959971921913,-70.19126206251632,-6.424451010168466,-6.84349721424695,0.057191359137555256,0.003980160829675262
-2.018277854069064,-70.26274057990598,-6.473957047873984,-6.8436263552236145,0.05689428447726547,0.004035528487851771
-2.0354021006676994,-70.33458662882836,-6.523656209675066,-6.843794471339246,0.05658758720822182,0.004091150439003755
-2.05229573884853,-70.40659878813767,-6.573656044397334,-6.843930046440596,0.056286089001081646,0.004147035042597421
-2.069056520342631,-70.47897199991696,-6.623846532811288,-6.844103521632684,0.05598435941159692,0.004203197632285436
-2.085711236463497,-70.55161184022583,-6.674293436857036,-6.844275929537801,0.05567660408548859,0.004259654158488534
-2.1021533162120605,-70.62444189858252,-6.724913938897309,-6.84446759924115,0.055377282779296974,0.004316405996816642
-2.118368217127161,-70.69759945054521,-6.7758599070555485,-6.84463851638918,0.0550839708695051,0.0043734650507092545
-2.134521619591435,-70.77096012190204,-6.826994086132842,-6.844824614609738,0.05477960930586785,0.004430849746731605
-2.150423503224884,-70.8445769963997,-6.8783779643546765,-6.845009083311969,0.05448819508352548,0.0044885517146274366
-2.1662165754598597,-70.91846375362528,-6.930024489685291,-6.84518834170509,0.05418889061475553,0.00454659188483676
-2.181807794610609,-70.99254238250768,-6.981850566170329,-6.845383807463872,0.053898545869638506,0.004604962933919158
-2.1971652305874003,-71.0671108404381,-7.034021858880012,-6.845571549914486,0.053612032970264664,0.0046636768164258465
-2.212402307978372,-71.14170841949039,-7.086362188733974,-6.8457565441055,0.05332474029084808,0.004722736233443182
-2.227510940944328,-71.2165079961845,-7.138891489612338,-6.8459544943371,0.05303506741858141,0.004782146453938111
-2.242392711755636,-71.29179932301625,-7.191769533198418,-6.846143703113409,0.052750737640309325,0.00484190744653671
-2.2570828807790058,-71.36711456716039,-7.244810819650392,-6.8463305643374746,0.05247417602246218,0.0049020174972595875
-2.2716000603519837,-71.44285793422354,-7.298129786459188,-6.846527036017375,0.052198105823109034,0.00496248470808996
-2.2859474783030347,-71.51869838256148,-7.351690545520764,-6.846699992567785,0.05192273085290405,0.005023310406486143
-2.300124701423572,-71.59480496669609,-7.405509848023083,-6.846866613567467,0.05164771300313695,0.005084496706212186
-2.3141882439801655,-71.67127417554072,-7.459535288487875,-6.847061758807409,0.051370196392855436,0.0051460439383206585
-2.328011444612356,-71.74783385261675,-7.513795303212196,-6.847234443316007,0.05110270624323944,0.005207945591394186
-2.3415972969789944,-71.82481472260459,-7.5683248560309035,-6.847418053504386,0.050844399887370315,0.0052702031873571075
-2.3551523058676693,-71.9018362435701,-7.623033482086531,-6.847594477211678,0.05057334949431316,0.005332827802300011
-2.3684101090685776,-71.9791829270309,-7.678063384421408,-6.8477464146561875,0.050314014389554504,0.005395808785512369
-2.381497714710592,-72.05672298416741,-7.733272919477213,-6.847912362062447,0.050060822863926116,0.005459143814889958
-2.394484166589533,-72.13446744365133,-7.788672236769903,-6.8480893146555095,0.04980296881684221,0.005522839372392209
-2.407257726210638,-72.212544124252,-7.844401963816145,-6.848239732849834,0.04954829249181329,0.005586892726768792
-2.4198621345992475,-72.29081443200751,-7.900310563256025,-6.848403611013659,0.049298505740731996,0.0056512987805830495
-2.4322382801694467,-72.36934442993874,-7.956468969869241,-6.848561421794837,0.049055887670590256,0.005716057010990395
-2.444525565044259,-72.44807724910733,-8.012816460464148,-6.848730153875108,0.04880847750519897,0.005781170184689123
-2.456534056784541,-72.52697039305326,-8.06946527052431,-6.848857911685326,0.04857281437178977,0.0058466304164777345
-2.4684530647659595,-72.60623588729348,-8.126319202393482,-6.84901384509522,0.048330586607640336,0.0059124450059029904
-2.4802168004621072,-72.68553233941122,-8.183334330104508,-6.8491661801618715,0.04809291741905683,0.005978603087303854
-2.4917738351320238,-72.76516792331411,-8.240677810551915,-6.849292087191111,0.0478563866553523,0.00604511021133049
-2.50317480094732,-72.8450034434057,-8.298198298482758,-6.849431690487005,0.047622690743314974,0.006111959605475125
-2.514367383546176,-72.92510251016964,-8.355967895693052,-6.849566029956331,0.04739683112064913,0.006179146548066583
-2.5254085072138555,-73.00540203567304,-8.41391556287887,-6.849713270776601,0.04717284740473815,0.006246671498660884
-2.5363132588266506,-73.08581111767495,-8.472101659673989,-6.849836059499359,0.04694578404521643,0.006314536794452074
-2.547010513918666,-73.16665446365182,-8.530556080308928,-6.849970147937846,0.04672533755278854,0.006382734515222789
-2.5575051467950747,-73.24759414500792,-8.589236492252432,-6.850082419221141,0.04651115365395239,0.006451261920707174
-2.567857911169264,-73.32873927540018,-8.648093464551977,-6.850208259155222,0.046297951779046734,0.0065201182306704845
-2.578082476684847,-73.4101616627216,-8.707207428552405,-6.85032647363478,0.046081250710426874,0.00658930563431719
-2.5880372362250057,-73.49167724994608,-8.766537533542254,-6.850425572597457,0.04587982852692324,0.006658809097902419
-2.5979304888500696,-73.57341323668943,-8.826053955338779,-6.850536383337126,0.045669488312603104,0.006728640025584917
-2.6076991312786273,-73.65559602739297,-8.88584807794739,-6.850656169625322,0.045455701110296176,0.006798793699662648
-2.617198430369699,-73.73770366446905,-8.945834907674227,-6.850740040558629,0.04525620001641904,0.006869256357401189
-2.626641727755936,-73.82020123238648,-9.006029365017987,-6.850852266846553,0.04504800146214663,0.006940038278501914
-2.635755174278465,-73.90285715327914,-9.066506480037848,-6.850926688232127,0.04485818192300722,0.007011122924287562
-2.644741286818096,-73.98565375869228,-9.127079839509554,-6.851036286555578,0.04467284461754041,0.00708250944143623
-2.6535515247137127,-74.06879918316089,-9.187979319018762,-6.8511196760241795,0.04448694691399849,0.007154204866912734
-2.6623163404192454,-74.15216348730797,-9.249063127602746,-6.851214548241938,0.04429144761647687,0.007226207221832296
-2.6708208717423556,-74.23562596788535,-9.310358543686881,-6.851290182583096,0.04410862224240941,0.007298502877992492
-2.6792874076486477,-74.31931389780125,-9.371840845394118,-6.851377628499547,0.04391693614079441,0.007371098037715602
-2.6874960625209194,-74.40310649663822,-9.433535623639642,-6.851445961997406,0.04373770779715869,0.007443979763501061
-2.695599988077761,-74.48735901998565,-9.495507908338439,-6.851523949062942,0.04355330058720504,0.007517155808373427
-2.703520758791461,-74.57164754133777,-9.557621741097774,-6.851601420296696,0.04337693324447715,0.007590612194273554
-2.711192392912894,-74.65604405502586,-9.619947403881113,-6.851659926637312,0.04321215361994861,0.0076643459002819605
-2.718768530831081,-74.74090460745879,-9.68255134767567,-6.8517281244356525,0.04304167243457681,0.007738363839315709
-2.726313696052307,-74.825823181285,-9.745317264254414,-6.851790913212197,0.04286043434265341,0.007812664054296883
-2.7336128020811175,-74.91085069188225,-9.808293748874751,-6.851835270026929,0.0426917905415168,0.007887231230437507
-2.740735524733182,-74.99626601431517,-9.87145824121612,-6.851912263351425,0.04252934598118602,0.007962064071727584
-2.7475550362078796,-75.08168118737697,-9.93487833658121,-6.8519355301216285,0.042383701224457324,0.0080371563749951
-2.7545696893905482,-75.16746444109167,-9.998461839582689,-6.8520004123924565,0.042203202115741106,0.00811252923019071
-2.761128584624899,-75.25339883479346,-10.062301355877707,-6.8520331417347435,0.04205815342399852,0.008188144008014939
-2.7676701413559535,-75.33957306128285,-10.126326149202523,-6.852077154235394,0.041900304282116344,0.008264022065054066
-2.7740483902413047,-75.4259662293672,-10.190516106894393,-6.8521369307263065,0.04174861181731841,0.008340147881195954
-2.780268982316624,-75.5125524656911,-10.25500558248645,-6.85215385423521,0.04159500666522971,0.00841652824888165
-2.7863316855440896,-75.59919186154109,-10.319633098289156,-6.852171482773731,0.04144728573434836,0.008493149572709278
-2.7922386846166596,-75.68622876387553,-10.384450557282396,-6.852221980288399,0.04130533405251566,0.00857000793620373
-2.7980600464061975,-75.77323227623448,-10.44947455152537,-6.852230996575697,0.04115479623214223,0.008647112776397882
-2.803659592262637,-75.86069747826811,-10.51475694152177,-6.852255239627182,0.04101643206030259,0.008724445641429393
-2.8091083408954542,-75.94821669686873,-10.58017788984958,-6.852278763239688,0.04088249979435048,0.008802006057891606
-2.8144784877349824,-76.03604793284308,-10.64585500161223,-6.852294125029848,0.04074035216051626,0.008879801591723446
-2.8196302587037696,-76.12399646592876,-10.711738338521116,-6.852291156206153,0.04060920558727156,0.008957815456178233
-2.8246365684095167,-76.21217746692737,-10.777785030177323,-6.852304466717977,0.04048200535265596,0.00903604678844351
-2.8296446283045267,-76.30044179699308,-10.843995962918774,-6.852311281848302,0.04034127137337615,0.009114501846168244
-2.834431435021136,-76.38900569055326,-10.910441056546981,-6.852315479917417,0.04021071257152091,0.009193165343523968
-2.8390043292102867,-76.47769557294485,-10.977093248748904,-6.852300888852234,0.04009005948745019,0.009272032790775512
-2.8433646120666474,-76.56668676830851,-11.043976811162292,-6.852284258851891,0.039978040696396544,0.009351104204816876
-2.84781400585621,-76.65587494721542,-11.110982995746529,-6.852295896024549,0.03984667884224129,0.00943038368558034
-2.851970883279062,-76.74525244120721,-11.17826331425658,-6.8522693792308615,0.039729983162292315,0.0095098580172078
-2.8559998446838963,-76.83469973812151,-11.24568239871994,-6.852242785265723,0.039617237794971116,0.009589521969419692
-2.860040669296671,-76.92458713956893,-11.313319779268651,-6.852242141220656,0.03949006345476032,0.009669384581340042
-2.863794650613725,-77.0144913654987,-11.381202848727039,-6.852187261406348,0.039377982657520474,0.009749429447058233
-2.8674972360825457,-77.10458528246426,-11.449183950508626,-6.852166771978409,0.03926292579561051,0.009829655354689973
-2.8709972902279866,-77.19498908684672,-11.517401108650386,-6.852143057003491,0.03915749629090673,0.009910053974431022
-2.8744370233127827,-77.28555083687355,-11.585849222006285,-6.852093453284707,0.03904237507391366,0.009990637097210238
-2.8776071509329166,-77.3763423021827,-11.654437993604258,-6.8520651325006785,0.0389475339065196,0.010071377743473076
-2.88072690599591,-77.46729426633733,-11.723259747806736,-6.852010815657526,0.03884345154142299,0.010152292472680676
-2.8837913229890617,-77.55858198279081,-11.792339465846673,-6.851947678500247,0.038730425882124386,0.010233378767265697
-2.886672555291201,-77.64986587618854,-11.861465627354253,-6.8519076491873285,0.03863239597936467,0.010314609656535164
-2.8894167851536015,-77.74155350112807,-11.930919196816173,-6.8518391307898705,0.03853001403480741,0.010396005146420475
-2.892046986466177,-77.83332207503084,-12.000510550108242,-6.851769371527262,0.03843027819930819,0.010477549789337213
-2.8945633156613595,-77.92535163418236,-12.070270703334286,-6.851714233560184,0.038333033168140365,0.010559238507380402
-2.8968854736025276,-78.01752873421572,-12.140237669750178,-6.851638425618389,0.03824359911517351,0.010641067633405327
-2.8990954940270015,-78.10997172581594,-12.210373624229216,-6.851576524328459,0.038155052932450376,0.01072303655457346
-2.901261836902005,-78.20258633164791,-12.280743879600038,-6.851487598264846,0.03805737156052738,0.010805147837511143
-2.9033159326749804,-78.29529635797005,-12.351254156584027,-6.851396459422751,0.037961237422550365,0.010887388680128406
-2.9051795640082183,-78.38833983725537,-12.42200142644312,-6.851301546243849,0.03787338115706387,0.010969754854237854
-2.9069368663766735,-78.48165382842306,-12.492918586198375,-6.851220221053649,0.037786735331456656,0.01105224299694661
-2.908509436147248,-78.57512183134558,-12.564043054013311,-6.851117638492424,0.03770787823234506,0.01113484798363405
-2.909980886897465,-78.66869091512976,-12.635308746464911,-6.851012024490663,0.03762946555578586,0.011217568157661995
-2.911412226620744,-78.76262260305936,-12.706839576062377,-6.850895270618624,0.03754104537198999,0.011300408176527816
-2.9127410431146625,-78.856829543763,-12.778540753425553,-6.850791750208743,0.03745402008228135,0.011383354727637148
-2.913826914433743,-78.95111388662329,-12.850356903808207,-6.850690675479774,0.037385398886986734,0.011466392282866498
-2.9148740233730166,-79.04559018297435,-12.922409807888165,-6.850560318528533,0.0373053173805387,0.011549539687913153
-2.9157444612963097,-79.14040959959142,-12.99470146276937,-6.850425363169633,0.037233467126124256,0.011632778686557018
-2.9167447664758264,-79.23529202457071,-13.067092745253916,-6.850297669722873,0.03713786871944673,0.011716045837091092
-2.917340542328749,-79.33053175662849,-13.139746589140927,-6.850157306336147,0.03707522026110466,0.011799131538388975
-2.9179193375510746,-79.42582716208261,-13.212479943510022,-6.850027947498122,0.037005452804482364,0.011882328125173381
-2.9184656632047172,-79.52150108298049,-13.285484584076922,-6.849885928017941,0.03692629863930995,0.011965598202247112
-2.9188309215099886,-79.61735033366891,-13.358697099580432,-6.849721378264208,0.03685441950596646,0.012048936095267573
-2.9189656599682787,-79.7132969683324,-13.432025458062611,-6.849559471396368,0.036800358079073114,0.012132331673297695
-2.9191564930060108,-79.80957291511876,-13.50556077907752,-6.8494016072018935,0.03672838368500411,0.012215805595604343
-2.919255314881401,-79.90615076739734,-13.57927496695844,-6.8492538852022395,0.03665662865532919,0.012299345540173775
-2.9191769146432445,-80.00291072756934,-13.65320073169972,-6.849081458761257,0.03659171673617129,0.012382948077856035
-2.9189288580581767,-80.09985555565211,-13.727337542578352,-6.848885526333025,0.036533960603826104,0.01246660932186897
-2.9186853829877215,-80.19705262711773,-13.801588933831681,-6.848717527360083,0.03646845269289803,0.012550328182060097
-2.918269156054915,-80.29444109004427,-13.876053871447795,-6.848524292894778,0.036409293749059046,0.012634099369063706
-2.9176855949311538,-80.39220036336273,-13.950763788804494,-6.848323077971505,0.036356568470382364,0.012717919570041425
-2.917251018048645,-80.49006111799513,-14.025585616413291,-6.848124520917042,0.03627790507807749,0.012801802147931418
-2.916410480094929,-80.58814966391382,-14.100659302350106,-6.847889095243147,0.036232521829187,0.012885738544810213
-2.9155213339448274,-80.68650821902031,-14.175838817993185,-6.847687792535099,0.03618860680807155,0.012969749630785064
-2.914727744576542,-80.78526634265214,-14.251298882796007,-6.847466900522305,0.03611367654856153,0.01305363418902183
-2.913705128025662,-80.8841369568589,-14.326882213474406,-6.847242386991789,0.03605708212829273,0.013137588610380314
-2.9127471483248546,-80.98318107824632,-14.402646679742016,-6.847001558684628,0.03598216226886056,0.013221595475092949
-2.9115625892636317,-81.08253447836836,-14.478567170436882,-6.846775337137897,0.03592322397996334,0.013305644560560425
-2.910355031871798,-81.18229954624637,-14.554768832338173,-6.8465307994880895,0.035854023528547746,0.013389764689273708
-2.908929403279377,-81.28200994775015,-14.631057026873757,-6.8462676528119,0.03580090946037068,0.01347394790407911
-2.907481941702842,-81.38232342181699,-14.707661588782727,-6.846002901050516,0.035737028298674325,0.01355822773327092
-2.905819836855176,-81.4825848834132,-14.784351089064582,-6.845719340555623,0.035688576477772654,0.013642592148902217
-2.904322489665742,-81.58334021914081,-14.861233389993984,-6.845468401735724,0.0356146712565521,0.013727074955627598
-2.902419771419498,-81.68416508183138,-14.938329958502202,-6.845161728036036,0.03557089878446608,0.01381166622626781
-2.90068279092785,-81.78531118974425,-15.015583434756842,-6.844870801430998,0.035500052727034326,0.0138963983667771
-2.898642565888867,-81.88683605228006,-15.093061737918529,-6.844575462230903,0.03545398490100138,0.013981258525642783
-2.8966273732034282,-81.98847522905372,-15.170632970607436,-6.8442848293620955,0.03539731812647899,0.014066274789922416
-2.8944992109562477,-82.09060788505062,-15.248555104637644,-6.8439555739785725,0.03533787703251029,0.014151464545999626
-2.892255768375038,-82.19283035889156,-15.326537736627039,-6.843639265116911,0.03528576740957298,0.01423682164946611
-2.8907924344625475,-82.29589263657591,-15.404431104165361,-6.843628787188928,0.03512832158922302,0.014317143786946962
-2.886956946222068,-82.39852238107177,-15.483469480151875,-6.842837356786918,0.03524743152073048,0.014412130972220123
-2.884769688851918,-82.50155879843064,-15.561877651107288,-6.842570028865124,0.035156560290487276,0.014496973891919502
-2.8822882588027485,-82.60517522516761,-15.640632228980014,-6.842268284046629,0.03508955625963746,0.014582229179818391
-2.8795843528247795,-82.70883940728922,-15.719593583637716,-6.841900387220381,0.03503443815565943,0.014667687785923035
-2.8768791073799203,-82.81282067089,-15.798706356180896,-6.84154162863264,0.03497391590179244,0.01475327350719636
-2.8740837637450665,-82.91717967369553,-15.87803007610249,-6.841176416952437,0.03491416400059097,0.014838930186387985
-2.8711132498167333,-83.02179103065234,-15.957584664439597,-6.840773523536992,0.034861586237906916,0.014924610075997687
-2.868170535394586,-83.12673149170502,-16.037283045706047,-6.840386008342713,0.034800264084610885,0.015010281902811395
-2.864917416075076,-83.23190682298514,-16.1171808708,-6.839969353429934,0.034762396988082575,0.01509592855036362
-2.8617383177197837,-83.33750520672666,-16.19731629839753,-6.839541619238083,0.034704400061884674,0.015181557284900083
-2.8584549093675173,-83.44323174292626,-16.277528134118793,-6.839120727803586,0.03465442638327998,0.015267126446722346
-2.8554485254871684,-83.54949228899594,-16.357918651007665,-6.838760108329366,0.034553749125247044,0.015351332106990797
-2.851839768556531,-83.65606154845787,-16.438648711318635,-6.838287268613098,0.034519529613350586,0.015437370441924123
-2.8482193906839752,-83.76286349477566,-16.5195269960413,-6.837808848122389,0.03447507659589523,0.015523053006139997
-2.8445445172251844,-83.87007942520606,-16.600612866932124,-6.8373282048295465,0.03442695857928374,0.015608617401058254
-2.840815417861051,-83.97752525460285,-16.681868543733486,-6.836827971766375,0.034375660354830764,0.01569406006399596
-2.836886827127622,-84.0853695286814,-16.76330223465682,-6.836331935569547,0.03433702950099356,0.015779366199742496
-2.8330502636927055,-84.19347744256808,-16.84494313894842,-6.83580674138487,0.03427891640600819,0.01586455114078551
-2.8290105826183805,-84.30199364081554,-16.92676411990459,-6.835284579003039,0.034233454736174354,0.01594958578551875
-2.8249184285873166,-84.4109413324164,-17.00880144188893,-6.834756288097129,0.03418495654780164,0.016034474599902267
-2.82076982483186,-84.52013869297618,-17.091014720194806,-6.834204346011834,0.03413256854986829,0.01611921136066783
-2.8164257001790074,-84.62975243506541,-17.173413930562198,-6.833653436119398,0.034093534407026296,0.016203780156636143
-2.812166192194233,-84.73965430083166,-17.256025268735762,-6.833068653415406,0.03403323963090506,0.016288199283827746
-2.8077080479308543,-84.84998281753857,-17.338824739455916,-6.832483950530831,0.033986568575676765,0.016372441078552423
-2.8032978382130094,-84.96071214043656,-17.421788342216892,-6.83190634515679,0.033928189269905956,0.01645650895077714
-2.7987214340878563,-85.07195535518315,-17.50503616912541,-6.831299817106569,0.03387415778166536,0.01654039649108006
-2.794050567160483,-85.1833916049069,-17.588373981338723,-6.830690494771183,0.033824192620326224,0.01662408991041194
-2.7894635524370828,-85.29532448969326,-17.67197557909254,-6.830059931427144,0.03375461190802255,0.01670759761107079
-2.7846697370312694,-85.40751945978464,-17.755730189718594,-6.829407815299764,0.0336975589782878,0.01679089713164397
-2.7796860982078724,-85.52016873333824,-17.83968418166542,-6.828751858535989,0.033654286826240914,0.016873926896425816
-2.774780101009728,-85.63333513431859,-17.923903700614385,-6.82807113818285,0.03358888217066121,0.01695671357792308
-2.7697781491344107,-85.74690755851084,-18.008264346677468,-6.827400380360432,0.03352850204629092,0.017039227649382552
-2.7647128805613637,-85.86097340183623,-18.092861999656122,-6.82671158612337,0.033464310726197904,0.01712147259122277
-2.7594451423879423,-85.97532205751047,-18.177620550288932,-6.825996490399254,0.03341232974244415,0.017203432578624948
-2.754258900519543,-86.0902047154951,-18.262653651442843,-6.825253926270439,0.03334019639952457,0.017285121582027434
-2.7488684009249793,-86.20538358947793,-18.347848859741127,-6.824484716859491,0.03328073155928345,0.017366512676602913
-2.742252258872572,-86.32326837832193,-18.434317034255898,-6.823582162831489,0.03333852043309579,0.017447928082135872
-2.7370024435090055,-86.4393670856894,-18.51977979427512,-6.8228648346905825,0.033244109184531606,0.01752516709037865
-2.7316360483616107,-86.55610963248641,-18.605531881589116,-6.822115650713397,0.03315681489042635,0.01760322362877833
-2.725937640128634,-86.6732215391434,-18.69151913968856,-6.821313819492189,0.03309267027337416,0.01768131798865358
-2.720410098339385,-86.7908524338606,-18.77773718141683,-6.820492842439389,0.033000469581741146,0.01775942042826977
-2.7146284906503864,-86.90873968455509,-18.86404097912648,-6.819662308292793,0.03292966080656089,0.017837461282834265
-2.7087697237155837,-87.0273835205118,-18.95065232438934,-6.818818929304188,0.0328559135834921,0.017915428472283806
-2.7028339476737315,-87.14640183517614,-19.037479145018313,-6.817928673154836,0.03277853543273983,0.017993291620728148
-2.691893087912962,-87.2515467668885,-19.120395606654377,-6.8157120132436155,0.03365753734993915,0.017774509748089556
-2.6757019712586527,-87.35326068078456,-19.2040852926606,-6.812028192057789,0.03523263805607814,0.017574544079903047
-2.66562202934648,-87.458291751199,-19.286466132736074,-6.810076106307809,0.03599798574219741,0.017340668255906598
-2.6540683414712114,-87.56359440763322,-19.36890300370805,-6.80807768035659,0.037025050307588875,0.017137439598968726
-2.644699724574615,-87.67436529666749,-19.452987150968184,-6.806447359356529,0.03765504964610532,0.01692892195638535
-2.662591541996843,-87.8677334374237,-19.564675288035133,-6.808772094044771,0.033044205236395854,0.01682299567546908
-2.6564638576763118,-87.9923270530222,-19.653737704762204,-6.807541378551197,0.032914621892176005,0.016618666685800955
-2.6483770506710655,-88.11384934431146,-19.74222800077225,-6.805824804197133,0.03308120487630491,0.016421956670576884
-2.6402547947546613,-88.23605202333131,-19.830890639095983,-6.804126561143052,0.03324335346114114,0.016226989066468526
-2.632002768482216,-88.3589966704752,-19.919779132166305,-6.802432161269615,0.03340657905437104,0.01603364765403753
-2.62387037300514,-88.48265929145046,-20.008875976421,-6.800745879019294,0.033546253068266904,0.015841950744951674
-2.6158447692888918,-88.60704234615373,-20.098185897410488,-6.799064277011024,0.0336637664556,0.015651907183316063
-2.607524097042866,-88.7321506282164,-20.187697692928168,-6.797385640642172,0.03380003862061963,0.015463505069801096
-2.599197826912744,-88.85784533622744,-20.277439913188896,-6.795672631906374,0.03392369089022572,0.015276767895391417
-2.5909613614609133,-88.98447881768483,-20.367453134190068,-6.793971831514743,0.034024791326152645,0.015091703177357377
-2.5825358442390676,-89.1116051367837,-20.45757524610787,-6.792266226212707,0.034136832470000614,0.014908290924666738
-2.5741935350383227,-89.23968460613237,-20.54798096834826,-6.790566004895235,0.03422731418172996,0.014726551713478015
-2.5656741733593216,-89.36854519673453,-20.638643140521893,-6.788844318684018,0.034321943316632283,0.014546475905959685
-2.5572290266327284,-89.49817071191194,-20.729544296733557,-6.787105728010877,0.034395328513345175,0.014368074292317831
-2.5485751812700306,-89.62851557027375,-20.820617933491036,-6.785366911173316,0.03448025741475051,0.014191319560612203
-2.5399868808341424,-89.7596481185403,-20.9119408629293,-6.78360473627847,0.03454382518076972,0.014016232995093424
-2.5313182288979936,-89.89155031988724,-21.0034813574679,-6.781826632972409,0.034603057316339725,0.01384279719984011
-2.5225659020886124,-90.02442774780327,-21.095293703787032,-6.780046047093872,0.034658417392371285,0.013671007725114573
-2.513611518596704,-90.15794700371102,-21.187335012698796,-6.7782101588777195,0.03471807974805005,0.013500859311783353
-2.504684455700011,-90.2926131318089,-21.279650353226828,-6.776399382567636,0.03476367289092619,0.013332347096782148
-2.49580118349345,-90.42791435081874,-21.372183358521525,-6.774533699456434,0.0347889784557362,0.013165474310862029
-2.486675542193844,-90.56421270418224,-21.46496776683666,-6.772663699246502,0.034826301354330944,0.013000209647738062
-2.477448284194342,-90.70134749642061,-21.557993053825854,-6.770759308529949,0.03485857829722154,0.012836561049116613
-2.4682556695762923,-90.83955456044029,-21.65135036840619,-6.768825101464444,0.034871368920184,0.012674526499870718
-2.458810707991141,-90.97859535420223,-21.74491733610291,-6.766860867123854,0.03489515912532509,0.012514080087139647
-2.4496656655382405,-91.11911187220171,-21.83879810858207,-6.765007612356493,0.03484290779487459,0.012378299967400844
-2.4403752436664137,-91.26048758452954,-21.932941196101634,-6.76309629837124,0.03478691999653541,0.012244759294526052
-2.430959047016485,-91.40296094399666,-22.02739815541103,-6.761151513368936,0.03472578588301578,0.012113250057941213
-2.421528728446974,-91.54649340673376,-22.122119635795325,-6.759185544352153,0.03465035955206984,0.011983765788482448
-2.411955997716253,-91.69095549690232,-22.217110685557955,-6.757161499249007,0.034569561698698015,0.011856279858617216
-2.402222963304479,-91.83668530822364,-22.312392847413584,-6.755136615127148,0.034490849964830414,0.01173075277400731
-2.392346146703548,-91.98317702243817,-22.407901488354025,-6.753030238078489,0.03440633477905916,0.011607172443446383
-2.3824381857256363,-92.13101053158238,-22.503748335353464,-6.750906293781059,0.034307100875564586,0.011485511609389747
-2.3723520306804806,-92.27997440142164,-22.59984683751848,-6.748753021763104,0.03420781592351689,0.01136573477658122
-2.36211350558214,-92.42995640367683,-22.696241034280487,-6.74652538641669,0.034104323297277486,0.011247821514079288
-2.3516909413811824,-92.58131754567513,-22.792951358753008,-6.744278569435702,0.03400029411032614,0.011131740260200671
-2.3412245826178397,-92.7336968337762,-22.889912454607895,-6.741965253522204,0.033880324433564354,0.011017473600098535
-2.330702329201682,-92.88752505282451,-22.98723863052381,-6.739615317462135,0.03374520526335438,0.010904995060000552
-2.3198617310441105,-93.04263746730857,-23.084894205064,-6.737202156988465,0.03362052143234495,0.010794266300947937
-2.30907944443682,-93.19879645208752,-23.182761334018355,-6.734727224725678,0.033468736475898986,0.010685275254167457
-2.297832421191781,-93.35647526254866,-23.28099082176099,-6.732209038104038,0.03334349834483141,0.010577968794254608
-2.286637872002681,-93.51545791453007,-23.379499814956116,-6.72963678845341,0.03319035130509726,0.010472349395690648
-2.27524097428349,-93.67606507185647,-23.47845333352931,-6.726991215268027,0.03303154173772237,0.010368385564273467
-2.263611291479658,-93.83777071541682,-23.577567445526515,-6.724288122955335,0.03287675756570044,0.010266031181201354
-2.251889651223787,-94.00112609626332,-23.677088314090597,-6.721518456188248,0.03270423346429323,0.01016528316840574
-2.239938401236896,-94.16611978597903,-23.77698403031361,-6.718689262644423,0.0325315853282926,0.010066102026758209
-2.2278712994266447,-94.33253842469772,-23.877151629406242,-6.715793850851491,0.03234648027016787,0.009968463591453583
-2.21555341257651,-94.50047186805433,-23.977650432760456,-6.712810989830422,0.03215835575023768,0.009872344597158652
-2.2029867898720314,-94.67015390384978,-24.078544711326646,-6.709753983996881,0.0319687449524035,0.009777714259031609
-2.1902875888084896,-94.84157356587477,-24.179788194031016,-6.7066329479822135,0.03176637591652874,0.009684550205175639
-2.177445711736442,-95.01456535650163,-24.281331577848043,-6.703425422164125,0.03155081736483342,0.009592825531057446
-2.1641911428960943,-95.18939892709844,-24.38325505591626,-6.700137393197223,0.03134790647716072,0.009502504102254556
-2.150782331093136,-95.366095916514,-24.485550809103938,-6.696767927751279,0.031130309066349768,0.009413576378015051
-2.137211369257332,-95.54469404287687,-24.588226832237627,-6.693311490675537,0.030899012346000274,0.00932601177841979
-2.1233269348688135,-95.72521697345361,-24.6912533900707,-6.689771746242043,0.030668033499503908,0.00923977685303268
-2.109410690830029,-95.90762335194646,-24.794739758304427,-6.686079349331419,0.03040252912998885,0.009154876655310892
-2.094880042327972,-96.09213431665262,-24.898491173366562,-6.682358177072113,0.030174237179458885,0.00907122255475948
-2.080425900381875,-96.27879346091662,-25.00272904083137,-6.6785017635854995,0.02989898392568678,0.008988856834402904
-2.06548056684904,-96.46755255263321,-25.10731221831254,-6.674547254243811,0.02963850300751189,0.00890771170117986
-2.0503181851109566,-96.65871841835492,-25.212383823347942,-6.670483086566295,0.02936267317544658,0.008827780173234835
-2.034658760576921,-96.85187955187672,-25.317758874462864,-6.666290629686462,0.029101152138162723,0.008749019244484298
-2.018887584067383,-97.04753470996556,-25.423592047711587,-6.661989022551296,0.028810845674243232,0.008671430488392114
-2.0028201118940343,-97.24638995422382,-25.530039305308378,-6.657663302203265,0.02850062085250253,0.008606516539400906
-1.9864661929719367,-97.44699314011413,-25.636715287283135,-6.653125928448443,0.028181425536308452,0.008545975022645369
-1.969974717669566,-97.65027996459932,-25.743874767509,-6.64845910722804,0.027832077686895454,0.00848656616557082
-1.9526415716043353,-97.85625206827866,-25.85143481135182,-6.643677491394716,0.027527432680287137,0.008428296608028482
-1.9352643607344608,-98.06479742918441,-25.959395297820738,-6.6387410882834486,0.02718102436243673,0.008371185447580693
-1.9176846853901395,-98.27625069258103,-26.06787726136629,-6.633642342192931,0.026805300845961222,0.00831518953366327
-1.8993424097532026,-98.4907966107448,-26.176806573909396,-6.628432312160095,0.026461516570417135,0.008260231699848854
-1.8807807834604078,-98.70819397852922,-26.286217373109846,-6.623022478931372,0.026086528469372317,0.008206322098199418
-1.861700217934586,-98.9289097606374,-26.396170645697485,-6.6174587833253105,0.02571097285125805,0.008153407741318484
-1.842220067369543,-99.15277507157798,-26.506567962001544,-6.6117289390575245,0.02532316913106733,0.00810145510994208
-1.8221905699792988,-99.3799345255519,-26.61747037266321,-6.6058057327881325,0.02493311817939685,0.00805043191859156
-1.8018531006074374,-99.61061804327514,-26.72885958337673,-6.599725145061477,0.02451845059962794,0.008000312516772193
-1.780923859118874,-99.84500768332961,-26.840843442830316,-6.593443086022372,0.02410156215445841,0.007951059967756986
-1.7595161833933282,-100.08295939549453,-26.953322492453395,-6.586946013834826,0.023669821274462946,0.007902648825927892
-1.7376042700919756,-100.32480644558574,-27.066374686595537,-6.580237779715116,0.023223018784421234,0.00785504988353579
-1.7148965875799325,-100.57062151560912,-27.17994155702124,-6.573326620693279,0.022790526507407427,0.007808213395766376
-1.6917805522080487,-100.82053519765935,-27.29406608175713,-6.566190849368187,0.022330128008215225,0.007762132399099321
-1.6678198006855336,-101.07468334547096,-27.40873720064627,-6.558821352071736,0.0218814355378682,0.007716761025394194
-1.643668037972513,-101.33346334929352,-27.524133132882174,-6.551190419014809,0.021373811109350438,0.0076721137551928635
-1.6184742282055387,-101.59666528120621,-27.6399862665464,-6.543332729352135,0.02089726046010483,0.007628098524122824
-1.5927539126284394,-101.86476508277983,-27.75652543145928,-6.535200018124372,0.02038816739026998,0.007584738766597756
-1.5662129071592734,-102.13764758110611,-27.873630471572778,-6.526782588339816,0.019878459054516615,0.007541980538632061
-1.5392091403447166,-102.41593514068921,-27.991475791914617,-6.518085963881307,0.019324536061095923,0.007499825635974892
-1.5109058852087418,-102.69934930368069,-28.109893500866093,-6.509072890294991,0.018808997092633783,0.007458204331580405
-1.4822188655753912,-102.98848887308328,-28.229044826530984,-6.499756679253874,0.018236670750509554,0.007417137128442895
-1.4526858565805585,-103.28333227952122,-28.348853632621392,-6.490105358016828,0.017648003600892193,0.007376580158587511
-1.4218713643424112,-103.58408134190009,-28.46931554378332,-6.480105012446511,0.017083742695165133,0.007336486564678719
-1.3902813103209155,-103.89114572845287,-28.59050211606201,-6.469755925729536,0.016489207663215974,0.007296856748174267
-1.3578559097669756,-104.20476582303448,-28.712433560378035,-6.4590314410507705,0.015862675931950468,0.007257673636274641
-1.3244097946774698,-104.52542902845641,-28.835242292216126,-6.447907891926589,0.01521678809345485,0.007218909445797851
-1.2897659923152751,-104.85286993631564,-28.9586983560205,-6.4363636416089784,0.014568636457877038,0.007180524765259944
-1.253999944585798,-105.18778348607046,-29.08292185383233,-6.424416878314768,0.01390413822417949,0.0071424994762145045
-1.2171881545916143,-105.53053174376257,-29.20805146574198,-6.41199816324746,0.01320446956426051,0.007104835074377171
-1.1787344614660225,-105.88111637398019,-29.333900901996564,-6.39910635152695,0.012527683633153916,0.007067468669418798
-1.13939184398554,-106.24031541985684,-29.460691553432213,-6.385724683125909,0.01179004760864684,0.00703042628587327
-1.0986686903456537,-106.60824907444083,-29.58835042597266,-6.3718083040584,0.011031675417158035,0.006993668720846336
-1.056226727545528,-106.98546155412316,-29.71690557557093,-6.357360327417643,0.010281101365586479,0.0069571554121229924
-1.0124102689805765,-107.37211768401505,-29.84634525755209,-6.342316587264866,0.009495445552838766,0.006920890839446828
-0.9669866583081359,-107.76901610126882,-29.97672794093543,-6.326705741425618,0.008690294091706852,0.006884844326008622
-0.9197442533071714,-108.17639139348776,-30.10805969302683,-6.310451762405262,0.007876915711535828,0.006848992519118382
-1.370615001962672,-108.54845548168029,-30.330891868116417,-6.2411259710070475,-0.04801629066426327,0.006855982432222564
-2.126294627604688,-108.90018457199575,-30.608179263819416,-6.139775739152041,-0.1375287576665154,0.00689100480757543
-2.8844023245464574,-109.25977884761473,-30.884792460402412,-6.0385973135309845,-0.227315927812401,0.0069292407234667975
-3.6442382063870125,-109.62695367867181,-31.16046910735133,-5.93757685138675,-0.31730794539820917,0.00697053900034472
-4.404720282729929,-110.00191285195154,-31.435074420067625,-5.836739262741196,-0.40739801961249655,0.00701473215299956
-5.1652206251880575,-110.38509703776096,-31.708581493507484,-5.736114339555678,-0.4975239619581723,0.0070616786813501664
-5.924592107278815,-110.77656664828766,-31.98083586328594,-5.635686838557772,-0.5875782315673568,0.007111225225089971
-6.682288023642439,-111.17658827938067,-32.251751990009524,-5.535464119969896,-0.6775079932804792,0.007163230378939568
-7.437509833900608,-111.58543701226574,-32.521183000425594,-5.43547219260094,-0.7672362748388527,0.0072175425079496185
-8.189220192774975,-112.00347904111008,-32.789071001827914,-5.335703756411011,-0.8566668284952328,0.007274001987072123
-8.937088361617958,-112.43114375306882,-33.05545608710449,-5.236115056340925,-0.9457775369046478,0.007332510139132012
-9.680276753071821,-112.86851170850082,-33.32002793940725,-5.136745303807201,-1.0344855246922071,0.0073929028611081785
-10.418213324238204,-113.31660251923039,-33.5830673974683,-5.037547287362263,-1.122750762940204,0.0074550797623306134
-11.150118993834523,-113.77511060668704,-33.84412424222777,-4.938519804912811,-1.2104978640449022,0.007518878573087024
-11.875480320534946,-114.24505535104952,-34.103349694991415,-4.8396625274941645,-1.2976876776908777,0.007584182093380903
-12.593663514253171,-114.7268314451753,-34.360706183883956,-4.740906021633482,-1.3842732826712552,0.007650877535877932
-13.304066875230767,-115.22080538528252,-34.61601763300997,-4.642232473118531,-1.4702054037043761,0.0077188366219733
-14.006219684450116,-115.72814277795382,-34.869446034714905,-4.543630171211398,-1.5554531789446004,0.007787949858229804
-14.699550174343315,-116.24907170345583,-35.12074815906368,-4.445055277854064,-1.639971485743207,0.007858092179583925
-15.383467944889198,-116.7844560048265,-35.36998324386623,-4.346438218226649,-1.7237236740148159,0.00792916614351997
-16.057407939667645,-117.33536709628777,-35.61714744784795,-4.247775992507043,-1.8066692510556972,0.008001053388040672
-16.721081652957796,-117.90272915220903,-35.86223078966088,-4.149017706025844,-1.8887985728535117,0.00807366146558228
-17.373745867009298,-118.48717871767792,-36.105187963924614,-4.050024960356396,-1.9700670280148231,0.008146934500671447
-18.015047127226808,-119.09001724439726,-36.345984821721835,-3.9508061559915717,-2.0504579253259747,0.00822059846348217
-18.64450525758423,-119.7124641983934,-36.584665123940766,-3.8512697772590476,-2.1299507017129544,0.008294710498250672
-19.26155134475477,-120.3558137596944,-36.821171643514305,-3.751365050213459,-2.208515034484576,0.008369155075847033
-19.865711061990478,-121.02158331899874,-37.055685912077585,-3.6509393187763566,-2.286142999141806,0.008443880668350773
-20.45641783312359,-121.7110009487429,-37.28794303517089,-3.5499646978463026,-2.362801523292053,0.008518773676894853
-21.03330782790147,-122.42584112743296,-37.51810132050234,-3.448284450262592,-2.438497615804762,0.008593796020052544
-21.595601763637703,-123.1682033890444,-37.74623469293453,-3.345815293718844,-2.5131926125774693,0.008668868008580978
-22.143059604705403,-123.93986189660856,-37.97225503386751,-3.242431264845523,-2.5869043932242923,0.008743939622921007
-22.674699090361294,-124.74331668973429,-38.196284648676,-3.138008586815312,-2.6595846653783863,0.008818944857232619
-23.19034814585945,-125.58077127502797,-38.418340409290934,-3.032356074078362,-2.7312686486512336,0.008893866799779179
-23.68881930543055,-126.4551719521728,-38.638456130040225,-2.9253603519266598,-2.8018950794057886,0.008968635173182889
-24.17026456524015,-127.36922459272331,-38.85668544168424,-2.816786319936682,-2.871542317235196,0.009043272593717974
-24.632985374190202,-128.3264562333752,-39.07304900203346,-2.7064970453054933,-2.9401074085782066,0.009117687644983755
-25.07700998690902,-129.33024208513257,-39.28761204994341,-2.594213129376749,-3.007672713503722,0.009191948084449146
-25.50116885848386,-130.38509273342552,-39.50057626904707,-2.4797313370406524,-3.074206248202805,0.009266042313373869
-25.90451374563219,-131.49496930236702,-39.71187825896658,-2.362729017766698,-3.1397074556666458,0.009339991527395458
-26.285878908487625,-132.66529658541612,-39.921583241476014,-2.2430132266642984,-3.2041559724826807,0.0094137911988917
-26.644626143220943,-133.9016284182352,-40.129930358746435,-2.1201728431742293,-3.267611498014516,0.009487545050050094
-26.979182669189992,-135.21015832842374,-40.33698695218509,-1.9938389922607929,-3.330044929471821,0.009561299797782589
-27.288129554496024,-136.59783098667234,-40.54277119559059,-1.8636250467295294,-3.3914549638555074,0.009635126087966909
-27.570389518961495,-138.07297144328402,-40.7475971848541,-1.729072215275595,-3.4518987911841643,0.009709169301952475
-27.823465838711368,-139.64420060668888,-40.95145979926884,-1.5896468982965208,-3.5113094514503693,0.009783520910327371
-28.045895284081546,-141.32202881272497,-41.15458706974387,-1.444816543175448,-3.5697428165307237,0.009858360554359935
-28.235626619007895,-143.11784327885,-41.3572297011344,-1.2938521526568438,-3.6272322135740835,0.009933916828138583
-28.38977624828131,-145.04470360547083,-41.55943299707124,-1.1360406660063491,-3.6837518570728016,0.010010392197050187
-28.505757704485433,-147.11832506524087,-41.76161024915555,-0.9705710804557146,-3.7393475277361765,0.010088086679263638
-28.580127656834357,-149.3558966009677,-41.964027951754844,-0.7964142558662672,-3.794026894854325,0.010167344665647001
-28.60880605793859,-151.77790587455416,-42.16696822221955,-0.6125210089246478,-3.8477813884745466,0.010248537649474324
-28.6075366932986,-154.44288359306637,-42.372989100549106,-0.43317073269569395,-3.9006857808048405,0.010320771662583453
-28.5811440657169,-157.3873988115538,-42.583656736850685,-0.264366176455753,-3.952734789170344,0.010378765222128104
-28.527921430730007,-160.63639605023903,-42.800174856251836,-0.10631696671402135,-4.004015736511746,0.010421229380791321
-28.438321570550873,-164.19867279828645,-43.01680643863384,0.04212072971361103,-4.053027918994352,0.010646852429208915
-28.32035298044187,-168.13374391523487,-43.245258946466365,0.17877017854154875,-4.101930447401698,0.010850394223888891
-28.16772703560593,-172.47269335737,-43.48545262547229,0.30380439209508037,-4.150353016622241,0.0110423249789081
-27.977200875010507,-177.25465559709463,-43.738388935272496,0.41686883564955934,-4.198350581505074,0.011220815707723408
-27.74421954655507,-182.52577952894944,-44.00563168948557,0.5175421511470955,-4.245935749806681,0.011384973439457385
-27.46367878111005,-188.3407928838551,-44.2897394414993,0.6053552484101923,-4.293165558594526,0.011533990108766047
-27.11676562481972,-194.7382653932023,-44.582108732360325,0.67986681710605,-4.337983242919503,0.011635221869689608
-26.746055786920422,-201.88375457344387,-44.92686387930734,0.7391422297627246,-4.388519304895217,0.01171264711253574
-26.284664960546497,-209.74943465058055,-45.27992248274399,0.7854094836202155,-4.435244172164725,0.011848601392805344
-25.7465774800543,-218.4847993977312,-45.665037924303945,0.8162205826921847,-4.482260049091423,0.011927311029510381
-25.117796955058026,-228.2069676700383,-46.08765935318897,0.8316137841757483,-4.529295908496586,0.012039505181306776
-24.385153314262997,-239.06157392664133,-46.554906621850805,0.8305399378291893,-4.576674622065877,0.012150903029784688
-23.53173922302057,-251.2227722610509,-47.075128104718374,0.8119828588103077,-4.624638899497113,0.01226232298026215
-22.537800402441484,-264.9026791130077,-47.65843403409599,0.7747329733019486,-4.6735979783783455,0.012374796986985162
-21.37861277695034,-280.3619733994604,-48.31752718011255,0.7174473909615839,-4.724029074922545,0.01248938381974266
-20.021890001034947,-297.9250860224872,-49.068123016817566,0.6384633349376303,-4.776385732728169,0.012605563456644094
-18.426486642225626,-317.99992857336406,-49.92992493570446,0.5358415923730435,-4.8312339061300555,0.012723680287517908
-16.540411308631825,-341.1065217700999,-50.9285229543876,0.4073448472611281,-4.889385145618105,0.012844529278476551
-14.294474056813966,-367.9181807552624,-52.09689773030381,0.25023892419148996,-4.951767226786896,0.012969207134978204
-11.595405809553478,-399.3225019165786,-53.4787961352013,0.06117226056451486,-5.019474854675351,0.013099229008655885
-8.316875074259634,-436.5129513264937,-55.13345201798916,-0.16401633336860488,-5.093994264173363,0.013236782286453799
-4.282378489527926,-481.13468243856954,-57.1431468564185,-0.4308253174397221,-5.177551598348118,0.013232269673579097
0.7635761001255988,-500.0,-59.62432769137531,-0.7457966186736655,-5.272234867661699,0.013230928787091081
7.198227369264413,-500.0,-62.74819620127762,-1.1178392000614998,-5.381336339493372,0.013239593699944876
15.60482347822977,-500.0,-66.77695384955484,-1.5592092339001828,-5.509282320789817,0.013266281033762263
26.926433667561987,-500.0,-72.13132851053774,-2.087059424607866,-5.662413293020247,0.013322628179111153
42.78415023104682,-500.0,-79.52908673604216,-2.726648919884904,-5.850103668018696,0.013425920803867003
66.19325314748579,-500.0,-90.29373870665896,-3.516776193549049,-6.086792248968736,0.0136029649611145
103.3882709190288,-500.0,-107.1416908678548,-4.521080575798324,-6.396555041097058,0.013898094254014231
169.40286037140947,-500.0,-136.5737428882191,-5.853067793542517,-6.823221248059324,0.014405163704116552
311.4561513766115,-500.0,-198.44482087236312,-7.730581869613135,-7.403482794638131,0.015175218409537259
500.0,-500.0,-410.32744834255556,-9.67844744531427,-7.99954187872389,0.016063424077949872
-500.0,500.0,500.0,-11.389858261455,-8.602464747654246,0.017127908379155957
-500.0,500.0,267.77312331227847,-9.565756862111012,-8.259860978293213,0.017244084079540933
-478.9454518801758,500.0,121.58145602860807,-7.778634091016834,-7.917918163499586,0.017312567219393542
-356.4340499862198,500.0,64.25681222601386,-6.651723716685511,-7.58662148349175,0.017127702419924385
-291.97157637140447,500.0,32.68381990677763,-6.8269238319753915,-7.3013780079466555,0.01648831781700419
-252.08205779608883,500.0,12.039393011387098,-7.662944234861037,-7.055614247426303,0.01582576393413086
-224.7623685446409,500.0,-2.832157617192614,-8.84078876567598,-6.833440864347215,0.015049654338415208
-204.6940611981407,500.0,-14.230075202400648,-10.173654781000483,-6.630272088905479,0.014247134872130864
-189.154133492898,500.0,-23.314607471194932,-11.54206541851252,-6.44324775406927,0.013448654233630567
-176.60320896778745,500.0,-30.730730161979245,-12.86566236424629,-6.270201565614716,0.012672958645483678
-166.1040320271143,439.2390176875558,-36.86351699275628,-14.088924033111812,-6.1092503151097315,0.011931176777925498
-157.05417383017345,380.14821255307686,-41.95744718005428,-15.173214305215613,-5.958870639994057,0.011228544269942955
-149.04833148594886,330.09353200055165,-46.17622562198366,-16.092310769281774,-5.817568042416486,0.010566018967494177
-141.84996530029585,287.1170853121703,-49.63658513688352,-16.829607731762867,-5.686786272887679,0.00994754621252106
-135.54657926549083,249.81316852060536,-52.42921643555299,-17.377848622051793,-5.582809386579465,0.009404745465246072
-129.95228926531436,217.17664973177082,-54.619977513624306,-17.731893108724456,-5.501956518469808,0.008925284520645197
-124.92962937898919,188.45757296877008,-56.26083130636517,-17.890041971670474,-5.441496481778094,0.008531736554233916
-120.37092735187873,163.108142710163,-57.397935754684696,-17.856033024037032,-5.398264855217861,0.008163423089033284
-116.19800178560239,140.70142859356014,-58.07120921228053,-17.634574889991445,-5.370250551425995,0.007818953780395023
-112.31502596056427,121.2050413404544,-58.31599141275919,-17.226053293443176,-5.350156418139089,0.007468701458844598
-108.64786481807091,104.54012889569024,-58.201231029112115,-16.6553802941403,-5.3305453824078315,0.0070944419704934494
-105.57751801214448,90.70730596638491,-57.81097706107669,-16.02155893556311,-5.35151764283706,0.005622045653512195
-102.94510458971709,79.15523993921907,-57.20894080395468,-15.335525420926336,-5.398365549193884,0.0034308996660176766
-100.41109849194615,69.20939304535665,-56.439907279212875,-14.574182818293417,-5.437617413832958,0.00141205602609387
-97.9809015876607,60.6852886041747,-55.540547095985055,-13.758142304810892,-5.470259491542371,-0.00044978666351053783
-95.6599343066868,53.44793997892468,-54.53940695437232,-12.903710265556223,-5.49711681363612,-0.0021677560194623647
-93.45399882567163,47.40087050818923,-53.45879387766164,-12.023634185707856,-5.518942539131212,-0.003753487392954378
-91.36998226216949,42.48197998200446,-52.31536901317398,-11.127705262059052,-5.536470156347639,-0.005217346663918421
-89.41403444975958,38.66160172571746,-51.12104503806915,-10.223271824850167,-5.5502107631379785,-0.006568671648699491
-87.59468517998323,35.941988392917025,-49.88305642334481,-9.31549813898462,-5.560729357493877,-0.0078160666738877
-85.92113310204942,34.359090754096954,-48.604564353326765,-8.407613657449584,-5.568440083656916,-0.00896753239261432
-84.40582663013299,33.99024439553703,-47.28404042849319,-7.501101910002749,-5.573741848032251,-0.010030705078081013
-83.06533453558016,34.95963275054797,-45.915371896132704,-6.595603024304599,-5.577076613126987,-0.011013952982858984
-81.91861817851395,37.45568112234733,-44.486330645462836,-5.688662841617984,-5.578480090522431,-0.011923350246646848
-80.70499808587289,43.051919438908755,-42.89982099783637,-4.828941468511241,-5.528866514401499,-0.01272998263778633
-79.59594884034556,51.84150440037155,-41.13897699201769,-3.9836659842905036,-5.447589346640805,-0.01345372044734697
-79.4039604087069,64.65087413364824,-39.191220771039525,-3.1757104343798925,-5.418511532410416,-0.015529288285624174
-79.60490486525977,81.6562872708176,-36.97229267582037,-2.301616794509447,-5.380829854805034,-0.017380497692546924
-80.37812038176307,104.51538686628672,-34.36379029450413,-1.3341319781779353,-5.335376961251274,-0.019029972452176323
-82.01245807964699,135.92072866893506,-31.176757199715254,-0.231750598964501,-5.282668308805548,-0.02050129860448082
-85.00962930717691,180.51094391966026,-27.092391285688613,1.0716603858713896,-5.223048473793584,-0.02182065050720906
-90.10661117600668,244.30692480388973,-22.010209393821828,2.445528365099526,-5.1445785354019336,-0.022976553845106662
-98.53664279019713,337.2390479303797,-15.623523551615705,3.7520287245095334,-5.035613579264707,-0.02395736242775282
-112.75917289008231,479.6279517423118,-6.941805100793765,4.944481072554051,-4.887079654667547,-0.024773266122873488
-138.32069629641046,500.0,6.329516491288452,5.951238659867396,-4.683141809948083,-0.025438649826833304
-190.82467222788344,500.0,30.782970438270738,6.645332620262752,-4.391746941834088,-0.025944001107721104
-338.94767693475006,500.0,95.1091785883447,6.729524803312616,-4.057194468193537,-0.02641469278419984
-500.0,500.0,500.0,5.252197278574573,-3.7198164830577674,-0.027031535092836175
500.0,-500.0,-302.4567688137371,2.5808815973166173,-3.389535061391228,-0.027905655799856804
232.94940551482966,-500.0,-167.4905445488231,3.959526222552256,-3.8159571865138746,-0.02749724768941718
146.76278208371843,-500.0,-125.23643471311358,5.25146566837822,-4.2966924458363325,-0.028452097949760967
101.97580377647357,-500.0,-102.57586385573023,6.063502916012713,-4.635680904637814,-0.02635686777659355
74.437748126694,-500.0,-88.45714041406322,6.268122211733255,-4.824269178228385,-0.024163760012903376
55.395209012834634,-500.0,-78.78929192909325,6.052945338880779,-4.949897112748572,-0.023048566535027192
41.24570127544747,-500.0,-71.7511512047634,5.570442540245473,-5.0235660618510325,-0.022032811221262327
30.211703308068188,-500.0,-66.41810298846683,4.896024781448789,-5.059425370048628,-0.021104617093631112
21.30337976243926,-500.0,-62.256896883108524,4.082701902087109,-5.066646417746825,-0.020254878663732188
13.925442607364495,-500.0,-58.93462267461002,3.1697708703376293,-5.05154681013952,-0.01947604326181421
7.696556362158274,-500.0,-56.23118084354257,2.187558423943191,-5.018807504802445,-0.018761574501181984
2.3620387042208195,-500.0,-53.994395323881015,1.1599629919501293,-4.97188306181332,-0.018105670446609042
-2.25601795398935,-500.0,-52.11544131872826,0.10619349811091006,-4.913491917929025,-0.01750313648893193
-6.286086829353418,-500.0,-50.51418636335071,-0.9580998909180689,-4.845815761142084,-0.016949324129538132
-9.823207320726217,-489.9185513008516,-49.13053531685607,-2.020116725393928,-4.770584384185965,-0.016440018941549037
-12.94003584798999,-472.1989068926427,-47.918577008188194,-3.0693810448741754,-4.689244764355757,-0.01597143679865027
-15.692910551469105,-456.35322863875456,-46.84291935710105,-4.097359658414746,-4.602967450258233,-0.01554015967892558
-18.12768500370322,-442.0774844895328,-45.87594759253889,-5.097024740807356,-4.51282070523059,-0.015143105811456734
-20.280193604418123,-429.13049873404617,-44.995842575914565,-6.062726477813021,-4.41957168889627,-0.0147774808746274
-22.180767063765664,-417.3187846113507,-44.18566803523734,-6.990027012563083,-4.323939388622084,-0.01444076677383898
-23.855855445140413,-406.4835514434716,-43.43199329997416,-7.875349843688658,-4.226624092552144,-0.0141306866585202
-25.326319413349914,-396.49439880553285,-42.72396371063245,-8.716048400243391,-4.128060735985731,-0.013845164663252115
-26.611090354590928,-387.24269944587945,-42.0532700036217,-9.510162246438986,-4.028708896137595,-0.013582315428809756
-27.72721720588903,-378.63731091083133,-41.41338794664552,-10.256369801198645,-3.929007951274286,-0.013340434640611923
-28.688912831560916,-370.60073928417387,-40.79896234614972,-10.95387860850669,-3.829250671482421,-0.013117950646609386
-29.508982290575275,-363.06751319605416,-40.20620885346312,-11.602374492545172,-3.729707586967181,-0.012913422985006848
-30.199641156045256,-355.9806614973428,-39.63190933433399,-12.201890489997984,-3.6306677745094214,-0.012725543245259928
-30.77093103801761,-349.29184206350544,-39.07380365762121,-12.752881988558459,-3.53228700056118,-0.012553072394121869
-31.233007017322414,-342.9583706245635,-38.53019725040063,-13.255969937471564,-3.4347972431404616,-0.012394914029707467
-31.59464221873527,-336.94357313924127,-37.99988641418024,-13.712109136995615,-3.338343524206446,-0.01224999759458608
-31.863723564541978,-331.21535234430985,-37.482001986471424,-14.122445264450487,-3.2430357020222345,-0.012117369335504252
-32.048155710345505,-325.74526006361293,-36.97609539724575,-14.488229634519135,-3.1490270871882724,-0.011996112261690894
-32.15473782291718,-320.5082569872636,-36.481753908011775,-14.810891476604866,-3.0563978055159677,-0.011885372166452173
-32.189562217300235,-315.48234861723574,-35.998902494368345,-15.09194723026984,-2.9652005361759617,-0.011784356110362316
-32.15896925696354,-310.64815005651405,-35.52769673182238,-15.33299617958425,-2.87554239148102,-0.01169231598828576
-32.068616935406055,-305.98867140204993,-35.06832713361575,-15.53574551470483,-2.7874907475789312,-0.011608543766503797
-31.92344887871588,-301.48790102078635,-34.620857218532386,-15.701836279704525,-2.701070950834727,-0.011532349561518268
-31.728219084552194,-297.1325332994511,-34.18565437998465,-15.833039383533958,-2.6163213850240448,-0.01146312083829399
-31.487765400982408,-292.9105096295905,-33.763160066167515,-15.931107359786909,-2.5333091134627486,-0.011400248857801764
-31.205631113727186,-288.8108798630653,-33.35359816816226,-15.997786012785607,-2.452003325300901,-0.011343180918743987
-30.886775905861068,-284.82404576137696,-32.95753261582643,-16.034804361409257,-2.3725259650571497,-0.011291349702503953
-30.53348701131179,-280.94103781819837,-32.57490007243138,-16.04361841056854,-2.294515357286009,-0.01131077314863134
-30.149884766867643,-277.1539889726082,-32.2061848168501,-16.02604576787358,-2.2181973228679426,-0.011363604743251769
-29.73887456608258,-273.45682395291647,-31.85206146630307,-15.983982155209402,-2.1436983539391505,-0.011413886519155066
-29.303769690707764,-269.8429002458858,-31.512772635235685,-15.918999672982656,-2.071059984780804,-0.01146148075019096
-28.846949052688835,-266.3067575487259,-31.1886361602726,-15.832679733154608,-2.000257612600119,-0.011506338438787402
-28.370951416271133,-262.843809969791,-30.8800636990982,-15.726611929607381,-1.9312888929656564,-0.011548377298927971
-27.87826988187478,-259.44975713523286,-30.587325263713787,-15.602299438505062,-1.8641673581675702,-0.011587604885640675
-27.370821199129413,-256.1201642719407,-30.310451727253955,-15.461150460892235,-1.798859927041588,-0.011624009338707117
-26.851025261421984,-252.8522002005327,-30.050021029132864,-15.304598847651171,-1.735406333929336,-0.011657578124136718
-26.320110497271394,-249.6426358989108,-29.806023741068827,-15.134005954031098,-1.6737356259820588,-0.011688337530559841
-25.780307250260815,-246.48866903282135,-29.57866785044903,-14.950665563180408,-1.6138823106047155,-0.011716226447656432
-25.23299330995488,-243.38807812846485,-29.368121495504127,-14.755848989279926,-1.5558175167132544,-0.011741263415575093
-24.67954230878471,-240.33860766975107,-29.174543800316087,-14.55072147082348,-1.499523737345634,-0.011763416226786992
-24.121449308795086,-237.3381587697756,-28.997895747893594,-14.33642420653451,-1.444997216571672,-0.011782661137174553
-23.559933690924016,-234.38553875895914,-28.838421315632637,-14.114100514326157,-1.3922223383888306,-0.011798940360211585
-22.99595788722137,-231.4790127252009,-28.69610217082716,-13.884754963915682,-1.3411696145925047,-0.011812237429519814
-22.430631303361118,-228.6174196815953,-28.570900395364546,-13.649415997120016,-1.29182571630001,-0.011822519605759078
-21.86502132260263,-225.79947531932322,-28.46291813745151,-13.40898791182055,-1.2441861309502045,-0.011829685428994562
-21.2998078881419,-223.02426632476391,-28.371996414045427,-13.164398536125942,-1.1982128638435656,-0.011833751932062193
-20.735981462396918,-220.29091792494586,-28.29813868424943,-12.91649316251867,-1.1539046140325775,-0.011834629297268518
-20.17394420648181,-217.59840822835105,-28.24108670098328,-12.666066036827678,-1.1112072245135893,-0.011832281253420592
-19.614648530880306,-214.94656550182134,-28.20109727556258,-12.413884405172842,-1.0701394384540748,-0.011826668683510599
-19.058879596851902,-212.3344094762441,-28.17775062655182,-12.160663944065737,-1.0306860363518273,-0.011817756679138692
-18.506544534674287,-209.76113865852108,-28.170800641431157,-11.90703834075211,-0.9927682308313959,-0.011805504194031261
-17.958445792640365,-207.2266204346638,-28.18017973475979,-11.653681691887176,-0.9563919127533792,-0.011789887528265989
-17.415003418297754,-204.73057035360253,-28.205780374217397,-11.401184741509493,-0.9215349810274404,-0.011770871151632688
-16.876773384459014,-202.27197209930014,-28.2471688818605,-11.150033416636042,-0.8881857734191133,-0.011748446801294816
-16.344007666592113,-199.8507991401987,-28.30417825677744,-10.900779993911163,-0.8563100231870298,-0.011722601033595436
-15.816685560081229,-197.46652866975796,-28.3763628977467,-10.653901016412025,-0.8258459521208456,-0.011693328675306753
-15.29537982585902,-195.1189541596114,-28.463627600124557,-10.409817686407715,-0.7968016407968419,-0.011660631764889183
-14.78060623097414,-192.80731939660808,-28.565407497003918,-10.1689079542699,-0.7691684882319839,-0.011624533374748957
-14.27193220200834,-190.53165591379562,-28.681466024289527,-9.931576044121003,-0.7428617886011359,-0.01158505430768535
-13.770115925777302,-188.29145489353,-28.811379140794767,-9.698144001133993,-0.717902716879449,-0.011542207525851245
-13.275117178068603,-186.08649196843135,-28.95483175411329,-9.468921774418957,-0.6942469487804624,-0.011496036287885682
-12.787063944251827,-183.91605802219007,-29.11128055519644,-9.244145212706586,-0.6718619073649261,-0.011446589378546618
-12.305814266419116,-181.77989080750513,-29.280271547588548,-9.024082136705019,-0.6506918547488508,-0.011393912173236424
-11.831909208626708,-179.67773901526314,-29.461464516959825,-8.808955297164289,-0.6307483078457117,-0.011338042234532645
-11.365431370369105,-177.60912310894514,-29.654374983899594,-8.598941926254371,-0.6120030168929492,-0.011279082351165112
-10.905957123769511,-175.5735135906409,-29.858349569839195,-8.394215761379927,-0.5943725770685145,-0.011217094555704176
-10.4540147932872,-173.57039432105523,-30.07293986298662,-8.194902147304534,-0.5778702732613409,-0.011152137488588718
-10.009508266650432,-171.5995410766102,-30.29777575969914,-8.001126778853825,-0.562458335445853,-0.011084325232923176
-9.572689257117469,-169.66040247424107,-30.532309456099217,-7.81298338094652,-0.5481220240601377,-0.01101370429920276
-9.142944696438757,-167.7524674760955,-30.775908268233508,-7.630552091074321,-0.5347701336754968,-0.010940407113435266
-8.720964286184946,-165.8751870984546,-31.02807132437331,-7.4538816631874685,-0.5224321887421148,-0.01086450290426667
-8.306387348751041,-164.02806057898,-31.288249564970506,-7.283006965440423,-0.5110450902864067,-0.010786139458284105
-7.8993063551692355,-162.21030860125643,-31.55584842967009,-7.117921331549994,-0.5005843482451638,-0.010705371248850864
-7.499705385148801,-160.42185724544876,-31.83042446232868,-6.958686861555446,-0.4910172746561021,-0.010622313676821545
-7.107499972305103,-158.66175001540338,-32.11134070615167,-6.805234188767637,-0.4823096402333732,-0.010537109007427199
-6.7229479090875035,-156.92943409746073,-32.398066034527425,-6.657543683677121,-0.474453742962219,-0.010449857724725889
-6.345607332896163,-155.2246070162606,-32.690038672175646,-6.515617863730601,-0.4673782837682491,-0.010360672517512399
-5.9756684280279675,-153.54657172278593,-32.986815167535454,-6.379368779427104,-0.46108005180948175,-0.010269684647839457
-5.6133016867720915,-151.89427491276751,-33.28758352838251,-6.248706868646691,-0.4555385696831096,-0.010177009461985239
-5.258000357456188,-150.2677302874596,-33.59206536063621,-6.123613673752111,-0.45068648725330085,-0.010082748189985986
-4.9101300289159795,-148.66600073321325,-33.89971439466008,-6.003955442541775,-0.4465362400108912,-0.009987032208672668
-4.5699714809860525,-147.13332501195856,-34.209815554317885,-5.893176982012234,-0.4428345992646101,-0.009890468838795224
-4.238670496829818,-145.6750701514219,-34.521504675879726,-5.791664702479498,-0.43959013858193974,-0.009793229614951679
-3.915782101556233,-144.28745632443452,-34.833476366627075,-5.699128184889716,-0.4366984990687097,-0.009695394863709827
-3.601726095525616,-142.96650379829248,-35.14472576636868,-5.6151944769506805,-0.4341509557954285,-0.009597014466872038
-3.296761053134983,-141.70895935208318,-35.454400652944635,-5.539548715423523,-0.43193082768279867,-0.00949817261920571
-3.0011187032732156,-140.51123770245846,-35.761549893137136,-5.471833955117779,-0.4300177095899168,-0.009398922919440089
-2.714483349466468,-139.37029713736482,-36.06551738133774,-5.41171118766316,-0.42835752751454537,-0.009299328603592533
-2.437037379970306,-138.2832002000564,-36.36559783833907,-5.35886025572206,-0.4269362554689282,-0.009199452978242683
-2.168854189969259,-137.24679353757813,-36.66114245524062,-5.312904135345937,-0.4257413516623836,-0.00909936694896825
-1.9098915459126473,-136.25876552881724,-36.95171045565935,-5.273563846877181,-0.4247493411701788,-0.008999110236107999
-1.6601838650477168,-135.3160588801506,-37.23668377664667,-5.240458273827347,-0.4239494115093917,-0.008898757418967689
-1.419238294728319,-134.4164400629178,-37.51560274045888,-5.2133114759900305,-0.4232784554973964,-0.008798318963521018
